metric,positive_count,p50,p75,p90
post_termination_outlays_total,1638,49380.44,169739.73500000002,445397.0419999998
post_termination_positive_cont_rev_total,228,542940,692450,1038100.0000000014
live_outlay_minus_gw_outlay,279,282621.44000000006,475569.88500000007,746206.9550000001
live_outlay_ratio_to_gw_outlay,276,1.2078875717311157,1.3712057541017617,1.7290081166202382
