proposal,grants_flagged,institutions_affected,excluded_award_remaining,flagged_with_jul_dec_2025_activity,flagged_with_2026_activity,analyzed_grants,analyzed_institutions
A,233,89,198480552.02384615,224,218,1978,458
B,183,79,150473290.71384615,177,170,1978,458
C_low,139,69,134452842.05384615,135,132,1978,458
C_medium,79,51,99753572.42384616,77,74,1978,458
C_high,25,19,39401677.72,25,23,1978,458
D,223,88,169655609.87384614,214,208,1978,458
