metric,positive_count,p50,p75,p90
post_termination_outlays_total,1660,51506.285,176944.71749999997,463685.05399999995
post_termination_positive_cont_rev_total,352,537864,690245.5,1012699.9999999993
live_outlay_minus_gw_outlay,405,282621.44000000006,477191.935,743251.6150000001
live_outlay_ratio_to_gw_outlay,270,1.2078875717311157,1.3681575235762404,1.7175891297871262
