evidence_level,outlay_threshold,cont_rev_threshold,live_delta_threshold,live_ratio_threshold
low,49380.44,542940,282621.44000000006,1.2078875717311157
medium,169739.73500000002,692450,475569.88500000007,1.3712057541017617
high,445397.0419999998,1038100.0000000014,746206.9550000001,1.7290081166202382
