evidence_level,outlay_threshold,cont_rev_threshold,live_delta_threshold,live_ratio_threshold
low,51506.285,537864,282621.44000000006,1.2078875717311157
medium,176944.71749999997,690245.5,477191.935,1.3681575235762404
high,463685.05399999995,1012699.9999999993,743251.6150000001,1.7175891297871262
