unitid,institution_name_raw,institution_state_raw,accreditor,action_type,action_label_raw,action_status,action_date,action_year,action_scope,source_url,source_title,notes,last_seen_at,source_page_url,source_page_modified,dapip_id,opeid,agency_id,program_id,sequential_id,action_id,action_code,justification_code,file_id,label_source,review_required,mapped_action_family,keep_reason,file_cache_path,file_text_path,parsed_reason_source,parsed_reason_snippet
100654,Alabama A & M University,Alabama,"Southern Association of Colleges and Schools, Commission on Colleges",notice,"Based only on those reviewed standards, the institution is requested to submit a Referral Report due April 1, 2021, addressing the standards of the Principles identified below.",active,2020-09-02,2020,,,DAPIP Institutional Accreditation Action,Heightened Monitoring or Focused Review,2026-06-07 21:06:25.067787,https://ope.ed.gov/dapip/#/institution-profile/100025,,100025,00100200,7,1,1,12,HM,6,30482,dapip_file_text,FALSE,monitoring_or_notice,public_action_code,C:/Users/mv3031/Desktop/Financial_Health_Project/Financial Health Tracker - For Github/data_pipelines/accreditation/cache/dapip/pdfs/100025_action-12_file-30482.pdf,C:/Users/mv3031/Desktop/Financial_Health_Project/Financial Health Tracker - For Github/data_pipelines/accreditation/cache/dapip/text/100025_action-12_file-30482.txt,pdf_body,Requested to submit a Referral Report documenting compliance with accreditation standards
100663,University of Alabama at Birmingham,Alabama,"Southern Association of Colleges and Schools, Commission on Colleges",notice,"Watts: The following action regarding your institution was taken by the Board of Trustees of the Southern Association of Colleges and Schools Commission on Colleges (SACSCOC) during its meeting held on December 7, 2025: The SACSCOC Board of Trustees reaffirmed accreditation and requested a Monitoring Report due in six (6) months.",active,2025-12-07,2025,,,DAPIP Institutional Accreditation Action,Heightened Monitoring or Focused Review,2026-06-07 21:06:25.840391,https://ope.ed.gov/dapip/#/institution-profile/100034,,100034,00105200,7,1,1,5,HM,6,28998,dapip_file_text,FALSE,monitoring_or_notice,public_action_code,C:/Users/mv3031/Desktop/Financial_Health_Project/Financial Health Tracker - For Github/data_pipelines/accreditation/cache/dapip/pdfs/100034_action-5_file-28998.pdf,C:/Users/mv3031/Desktop/Financial_Health_Project/Financial Health Tracker - For Github/data_pipelines/accreditation/cache/dapip/text/100034_action-5_file-28998.txt,pdf_body,Requested to Submit a Monitoring Report due in six (6) months.
100663,University of Alabama at Birmingham,Alabama,"Southern Association of Colleges and Schools, Commission on Colleges",notice,"Watts: The following action regarding your institution was taken by the Board of Trustees of the Southern Association of Colleges and Schools Commission on Colleges (SACSCOC) during its meeting held on June 16, 2022: The SACSCOC Board of Trustees reviewed the institution's Referral Report and requested a Monitoring Report due April 1, 2023, addressing the following referenced standard of the Principles of Accreditation: Standard 8.2.",active,2022-06-16,2022,,,DAPIP Institutional Accreditation Action,Heightened Monitoring or Focused Review,2026-06-07 21:06:25.961961,https://ope.ed.gov/dapip/#/institution-profile/100034,,100034,00105200,7,1,1,2,HM,6,27497,dapip_file_text,FALSE,monitoring_or_notice,public_action_code,C:/Users/mv3031/Desktop/Financial_Health_Project/Financial Health Tracker - For Github/data_pipelines/accreditation/cache/dapip/pdfs/100034_action-2_file-27497.pdf,C:/Users/mv3031/Desktop/Financial_Health_Project/Financial Health Tracker - For Github/data_pipelines/accreditation/cache/dapip/text/100034_action-2_file-27497.txt,pdf_body,Requested to Submit a Monitoring Report on Student Outcomes: Educational Programs
100663,University of Alabama at Birmingham,Alabama,"Southern Association of Colleges and Schools, Commission on Colleges",notice,Heightened Monitoring or Focused Review,active,2021-06-15,2021,,,DAPIP Institutional Accreditation Action,Heightened Monitoring or Focused Review,2026-06-07 21:06:26.047614,https://ope.ed.gov/dapip/#/institution-profile/100034,,100034,00105200,7,1,1,4,HM,6,28259,dapip_action_description,FALSE,monitoring_or_notice,public_action_code,C:/Users/mv3031/Desktop/Financial_Health_Project/Financial Health Tracker - For Github/data_pipelines/accreditation/cache/dapip/pdfs/100034_action-4_file-28259.pdf,C:/Users/mv3031/Desktop/Financial_Health_Project/Financial Health Tracker - For Github/data_pipelines/accreditation/cache/dapip/text/100034_action-4_file-28259.txt,raw_title,Heightened monitoring or focused review
100706,University of Alabama in Huntsville,Alabama,"Southern Association of Colleges and Schools, Commission on Colleges",notice,"Karr: The following action regarding your institution was taken by the Board of Trustees of the Southern Association of Colleges and Schools Commission on Colleges (SACSCOC) during its meeting held on June 13, 2024: The SACSCOC Board of Trustees reviewed the institution’s First Monitoring Report following submission of a Referral Report in June 2023.",active,2024-06-13,2024,,,DAPIP Institutional Accreditation Action,Heightened Monitoring or Focused Review,2026-06-07 21:06:26.533521,https://ope.ed.gov/dapip/#/institution-profile/100052,,100052,00105500,7,1,1,9,HM,6,27507,dapip_file_text,FALSE,monitoring_or_notice,public_action_code,C:/Users/mv3031/Desktop/Financial_Health_Project/Financial Health Tracker - For Github/data_pipelines/accreditation/cache/dapip/pdfs/100052_action-9_file-27507.pdf,C:/Users/mv3031/Desktop/Financial_Health_Project/Financial Health Tracker - For Github/data_pipelines/accreditation/cache/dapip/text/100052_action-9_file-27507.txt,pdf_body,Requested to Submit a Monitoring Report on Student Outcomes: Educational Programs
100706,University of Alabama in Huntsville,Alabama,"Southern Association of Colleges and Schools, Commission on Colleges",notice,"Karr: The following action regarding your institution was taken by the Board of Trustees of the Southern Association of Colleges and Schools Commission on Colleges (SACSCOC) during its meeting held on June 15, 2023: The SACSCOC Board of Trustees reviewed the institution's Referral Report and requested a Monitoring Report due April 1, 2024, addressingthe following referenced standard of the Principles of Accreditation: Standard 8.",active,2023-06-15,2023,,,DAPIP Institutional Accreditation Action,Heightened Monitoring or Focused Review,2026-06-07 21:06:26.607661,https://ope.ed.gov/dapip/#/institution-profile/100052,,100052,00105500,7,1,1,8,HM,6,27506,dapip_file_text,FALSE,monitoring_or_notice,public_action_code,C:/Users/mv3031/Desktop/Financial_Health_Project/Financial Health Tracker - For Github/data_pipelines/accreditation/cache/dapip/pdfs/100052_action-8_file-27506.pdf,C:/Users/mv3031/Desktop/Financial_Health_Project/Financial Health Tracker - For Github/data_pipelines/accreditation/cache/dapip/text/100052_action-8_file-27506.txt,pdf_body,Requested to Submit a Monitoring Report on Student Outcomes: Educational Programs
100706,University of Alabama in Huntsville,Alabama,"Southern Association of Colleges and Schools, Commission on Colleges",notice,"Based only on those reviewed standards, the institution should submit a Referral Report due April 3, 2023, addressing the standards of the Principles identified below.",active,2022-06-16,2022,,,DAPIP Institutional Accreditation Action,Heightened Monitoring or Focused Review,2026-06-07 21:06:26.950195,https://ope.ed.gov/dapip/#/institution-profile/100052,,100052,00105500,7,1,1,3,HM,6,27499,dapip_file_text,FALSE,monitoring_or_notice,public_action_code,C:/Users/mv3031/Desktop/Financial_Health_Project/Financial Health Tracker - For Github/data_pipelines/accreditation/cache/dapip/pdfs/100052_action-3_file-27499.pdf,C:/Users/mv3031/Desktop/Financial_Health_Project/Financial Health Tracker - For Github/data_pipelines/accreditation/cache/dapip/text/100052_action-3_file-27499.txt,pdf_body,Requested to submit a Referral Report documenting compliance with accreditation standards
100830,Auburn University at Montgomery,Alabama,"Southern Association of Colleges and Schools, Commission on Colleges",notice,"Based only on those reviewed standards, the institution should submit a Referral Report due April 1, 2025, addressing the standards of the Principles identified below.",active,2024-04-24,2024,,,DAPIP Institutional Accreditation Action,Heightened Monitoring or Focused Review,2026-06-07 21:06:30.12484,https://ope.ed.gov/dapip/#/institution-profile/100113,,100113,00831000,7,1,1,8,HM,8,23503,dapip_file_text,FALSE,monitoring_or_notice,public_action_code,C:/Users/mv3031/Desktop/Financial_Health_Project/Financial Health Tracker - For Github/data_pipelines/accreditation/cache/dapip/pdfs/100113_action-8_file-23503.pdf,C:/Users/mv3031/Desktop/Financial_Health_Project/Financial Health Tracker - For Github/data_pipelines/accreditation/cache/dapip/text/100113_action-8_file-23503.txt,pdf_body,Requested to submit a Referral Report documenting compliance with accreditation standards
101189,Faulkner University,Alabama,"Southern Association of Colleges and Schools, Commission on Colleges",notice,"Based only on those reviewed standards, the institution is requested to submit a Referral Report due September 8, 2025, addressing the following referenced standard(s) of the Principles: Standard 6.2.c (Program coordination) For each of its educational programs, this standard expects an institution to assign appropriate responsibility for program coordination.",active,2025-04-25,2025,,,DAPIP Institutional Accreditation Action,Heightened Monitoring or Focused Review,2026-06-07 21:06:31.304518,https://ope.ed.gov/dapip/#/institution-profile/100238,,100238,00100300,7,1,1,4,HM,6,24374,dapip_file_text,FALSE,monitoring_or_notice,public_action_code,C:/Users/mv3031/Desktop/Financial_Health_Project/Financial Health Tracker - For Github/data_pipelines/accreditation/cache/dapip/pdfs/100238_action-4_file-24374.pdf,C:/Users/mv3031/Desktop/Financial_Health_Project/Financial Health Tracker - For Github/data_pipelines/accreditation/cache/dapip/text/100238_action-4_file-24374.txt,pdf_body,Requested Referral Report on Program coordination
101587,University of West Alabama,Alabama,"Southern Association of Colleges and Schools, Commission on Colleges",notice,Heightened Monitoring or Focused Review,active,2023-12-03,2023,,,DAPIP Institutional Accreditation Action,Heightened Monitoring or Focused Review,2026-06-07 21:06:34.602433,https://ope.ed.gov/dapip/#/institution-profile/100441,,100441,00102400,7,1,1,3,HM,6,0,dapip_action_description,FALSE,monitoring_or_notice,public_action_code,,,raw_title,Heightened monitoring or focused review
101693,University of Mobile,Alabama,"Southern Association of Colleges and Schools, Commission on Colleges",notice,Heightened Monitoring or Focused Review,active,2024-06-13,2024,,,DAPIP Institutional Accreditation Action,Heightened Monitoring or Focused Review,2026-06-07 21:06:36.095025,https://ope.ed.gov/dapip/#/institution-profile/100496,,100496,00102900,7,1,1,11,HM,9,28292,dapip_action_description,FALSE,monitoring_or_notice,public_action_code,C:/Users/mv3031/Desktop/Financial_Health_Project/Financial Health Tracker - For Github/data_pipelines/accreditation/cache/dapip/pdfs/100496_action-11_file-28292.pdf,C:/Users/mv3031/Desktop/Financial_Health_Project/Financial Health Tracker - For Github/data_pipelines/accreditation/cache/dapip/text/100496_action-11_file-28292.txt,raw_title,Heightened monitoring or focused review
101709,University of Montevallo,Alabama,"Southern Association of Colleges and Schools, Commission on Colleges",notice,Heightened Monitoring or Focused Review,active,2025-06-12,2025,,,DAPIP Institutional Accreditation Action,Heightened Monitoring or Focused Review,2026-06-07 21:06:37.039004,https://ope.ed.gov/dapip/#/institution-profile/100502,,100502,00100400,7,1,1,16,HM,10,29397,dapip_action_description,FALSE,monitoring_or_notice,public_action_code,C:/Users/mv3031/Desktop/Financial_Health_Project/Financial Health Tracker - For Github/data_pipelines/accreditation/cache/dapip/pdfs/100502_action-16_file-29397.pdf,C:/Users/mv3031/Desktop/Financial_Health_Project/Financial Health Tracker - For Github/data_pipelines/accreditation/cache/dapip/text/100502_action-16_file-29397.txt,raw_title,Heightened monitoring or focused review
101879,University of North Alabama,Alabama,"Southern Association of Colleges and Schools, Commission on Colleges",notice,"The institution’s policy and procedures for reporting substantive changes must continue to address all types of substantive changes as defined in SACSCOC policy, ‘Substantive Change Policy and Procedures.’ We appreciate your continued support of SACSCOC’s activities and work.",active,2023-12-03,2023,,,DAPIP Institutional Accreditation Action,Heightened Monitoring or Focused Review,2026-06-07 21:06:38.153668,https://ope.ed.gov/dapip/#/institution-profile/100520,,100520,00101600,7,1,1,21,HM,10,27772,dapip_file_text,FALSE,monitoring_or_notice,public_action_code,C:/Users/mv3031/Desktop/Financial_Health_Project/Financial Health Tracker - For Github/data_pipelines/accreditation/cache/dapip/pdfs/100520_action-21_file-27772.pdf,C:/Users/mv3031/Desktop/Financial_Health_Project/Financial Health Tracker - For Github/data_pipelines/accreditation/cache/dapip/text/100520_action-21_file-27772.txt,pdf_body,"SACS ?COCTM SOUTHERN ASSOCIATION OF COLLEGES AND SCHOOLS COMMISSION ON COLLEGES January 11,2024 Dr. Kenneth D. Kitts President University of North Alabama One Harrison P’aza Academic Affairs Box 5041 Florence, AL 35632-0001 Dear Dr. Kitts: The following action regarding your institution was taken by the Board of Trustees of the Southern Association of Colleges and Schools Commission on Colleges (SACSCOC) during its meeting held on December 3, 2023: The SACSCOC Board of Trustees reviewed the institution’s internal policy and procedures addressing the timely reporting of substantive changes. No additional report is requested. This review was conducted following the institution’s failure to seek approval to implement the Bachelor of Science (BS) in Applied Health Science degree program. The institution’s policy and procedures for reporting substantive changes must continue to address all types of substantive changes as defined in SACSCOC policy, ‘Substantive Change Policy and Procedures.’ We appreciate your continued support of SACSCOC’s activities and work. If you have questions, please contact the SACSCOC staff member assigned to your institution. Sincerely, “V Bee S. Wheelan, Ph.D. President BSW:cn"
101879,University of North Alabama,Alabama,"Southern Association of Colleges and Schools, Commission on Colleges",notice,"The institution’s policy and procedures for reporting substantive changes must continue to address all types of substantive changes as defined in SACSCOC policy, ‘Substantive Change Policy and Procedures.’ We appreciate your continued support of SACSCOC’s activities and work.",active,2023-12-03,2023,,,DAPIP Institutional Accreditation Action,Heightened Monitoring or Focused Review,2026-06-07 21:06:38.201936,https://ope.ed.gov/dapip/#/institution-profile/100520,,100520,00101600,7,1,1,25,HM,9,28434,dapip_file_text,FALSE,monitoring_or_notice,public_action_code,C:/Users/mv3031/Desktop/Financial_Health_Project/Financial Health Tracker - For Github/data_pipelines/accreditation/cache/dapip/pdfs/100520_action-25_file-28434.pdf,C:/Users/mv3031/Desktop/Financial_Health_Project/Financial Health Tracker - For Github/data_pipelines/accreditation/cache/dapip/text/100520_action-25_file-28434.txt,pdf_body,"SACS ?COCTM SOUTHERN ASSOCIATION OF COLLEGES AND SCHOOLS COMMISSION ON COLLEGES January 11,2024 Dr. Kenneth D. Kitts President University of North Alabama One Harrison P’aza Academic Affairs Box 5041 Florence, AL 35632-0001 Dear Dr. Kitts: The following action regarding your institution was taken by the Board of Trustees of the Southern Association of Colleges and Schools Commission on Colleges (SACSCOC) during its meeting held on December 3, 2023: The SACSCOC Board of Trustees reviewed the institution’s internal policy and procedures addressing the timely reporting of substantive changes. No additional report is requested. This review was conducted following the institution’s failure to seek approval to implement the Bachelor of Science (BS) in Applied Health Science degree program. The institution’s policy and procedures for reporting substantive changes must continue to address all types of substantive changes as defined in SACSCOC policy, ‘Substantive Change Policy and Procedures.’ We appreciate your continued support of SACSCOC’s activities and work. If you have questions, please contact the SACSCOC staff member assigned to your institution. Sincerely, “V Bee S. Wheelan, Ph.D. President BSW:cn"
101879,University of North Alabama,Alabama,"Southern Association of Colleges and Schools, Commission on Colleges",removed,Removal of Monitoring Status,resolved,2019-06-02,2019,,,DAPIP Institutional Accreditation Action,Removal of Monitoring Status,2026-06-07 21:06:38.974312,https://ope.ed.gov/dapip/#/institution-profile/100520,,100520,00101600,7,1,1,6,RM,10,0,dapip_action_description,FALSE,removed,public_action_code,,,raw_title,Removal of Monitoring Status
101912,Oakwood University,Alabama,"Southern Association of Colleges and Schools, Commission on Colleges",notice,Heightened Monitoring or Focused Review,active,2024-12-08,2024,,,DAPIP Institutional Accreditation Action,Heightened Monitoring or Focused Review,2026-06-07 21:06:39.426544,https://ope.ed.gov/dapip/#/institution-profile/100557,,100557,00103300,7,1,1,9,HM,6,25712,dapip_action_description,FALSE,monitoring_or_notice,public_action_code,C:/Users/mv3031/Desktop/Financial_Health_Project/Financial Health Tracker - For Github/data_pipelines/accreditation/cache/dapip/pdfs/100557_action-9_file-25712.pdf,C:/Users/mv3031/Desktop/Financial_Health_Project/Financial Health Tracker - For Github/data_pipelines/accreditation/cache/dapip/text/100557_action-9_file-25712.txt,raw_title,Heightened monitoring or focused review
102049,Samford University,Alabama,"Southern Association of Colleges and Schools, Commission on Colleges",notice,"Based only on those reviewed standards, the institution is requested to submit a Referral Report due September 8, 2023, addressing the following referenced standards of the Principles: Standard 6.",active,2023-06-14,2023,,,DAPIP Institutional Accreditation Action,Heightened Monitoring or Focused Review,2026-06-07 21:06:40.09175,https://ope.ed.gov/dapip/#/institution-profile/100609,,100609,00103600,7,1,1,6,HM,6,26607,dapip_file_text,FALSE,monitoring_or_notice,public_action_code,C:/Users/mv3031/Desktop/Financial_Health_Project/Financial Health Tracker - For Github/data_pipelines/accreditation/cache/dapip/pdfs/100609_action-6_file-26607.pdf,C:/Users/mv3031/Desktop/Financial_Health_Project/Financial Health Tracker - For Github/data_pipelines/accreditation/cache/dapip/text/100609_action-6_file-26607.txt,pdf_body,"Requested Referral Report on Program coordination, Admissions policies and practices, and Distance and correspondence education"
102058,Selma University,Alabama,"Association for Biblical Higher Education, Commission on Accreditation",removed,"The ABHE Commission on Accreditation reviewed your institution at its February 11-15, 2023, meeting and took the following action: Remove Selma University (AL) from show cause and continue accreditation until 2024 in light of the Commission on Accreditation’s judgment that the institution substantially complies with ABHE’s Institutional Accreditation Standards, including documentation of the appropriateness, rigor, and achievement of its stated student learning outcomes and all other Title IV eligibility requirements; and require that the Self Study, due to coa@abhe.org eight weeks prior to the Fall 2023 Evaluation Team Visit, address the following concerns: • Standard 3: EE 8 (Documented evidence of the outcome of the institution’s request for abatement of delinquent IRS tax liability penalties to ensure that the institution demonstrates integrity in financial matters and in compliance with applicable legal and governmental regulations).",resolved,2023-02-15,2023,,,DAPIP Institutional Accreditation Action,Removal of Show Cause Status,2026-06-07 21:06:40.560635,https://ope.ed.gov/dapip/#/institution-profile/186636,,186636,04067300,13,1,1,8,RS,10,14902,dapip_file_text,FALSE,removed,public_action_code,C:/Users/mv3031/Desktop/Financial_Health_Project/Financial Health Tracker - For Github/data_pipelines/accreditation/cache/dapip/pdfs/186636_action-8_file-14902.pdf,C:/Users/mv3031/Desktop/Financial_Health_Project/Financial Health Tracker - For Github/data_pipelines/accreditation/cache/dapip/text/186636_action-8_file-14902.txt,pdf_body,"Remove Selma University (AL) from show cause and continue accreditation until 2024 in light of the Commission on accreditation’s judgment that the institution substantially complies with ABHE’s Institutional accreditation Standards, including documentation of the appropriateness, rigor, and achievement of its stated student learning outcomes and all other Title IV eligibility requirements; and require that the Self Study, due to coa@abhe.org eight weeks prior to the Fall 2023 Evaluation Team Visit, address the following concerns: • Standard 3: EE 8 (Documented evidence of the outcome of the institution’s request for abatement of delinquent IRS tax liability penalties to ensure that the institution demonstrates integrity in financial matters and in compliance with applicable legal and governmental regulations)."
102058,Selma University,Alabama,"Association for Biblical Higher Education, Commission on Accreditation",show_cause,"Stanford Angion, President Selma University 1501 Boynton Street Selma, AL 36701 c/o Dear President Angion: The ABHE Commission on Accreditation reviewed your institution at its April 25, 2022, meeting and took the following action: Order Selma University (AL) to show cause why its accreditation should be continued in light of the Commission on Accreditation’s judgment that the institution fails to comply with the ABHE Institutional Accreditation Standards listed below, and require a show cause report addressing these concerns, due November 15, 2022, followed by a focused evaluation team visit to review institutional compliance in these areas: • COE 7: Catalog (Evidence of a current and accurate catalog available to students and the public) • COE 8: Assessment and Public Accountability (Documented evidence that information is available to the public concerning student achievement and institutional performance outcomes, including graduation rates and rate of recent graduate employment in program related occupations) • COE 15: Student body (Sustained and viable student enrollment in the institution’s educational programs over the past two years) • COE 18: Institutional stability and capacity (documented evidence that the institution has a pattern of stability in enrollment and finances) • COE 19: Financial Base (Financial base indicating that the institution can achieve its mission and goals within a balanced budget and at a safe level of debt) • COE 21, Standard 6b: EE 1 Annual Audit (An institution must have financial records that receive an annual, independent, opinioned audit) • Standard 3: EE 7 (Documentation that the institution demonstrates integrity in financial matters and in compliance with applicable legal and governmental regulations) • Standard 6b: EE 3 (Documentation of adequate revenue streams sufficient to realize institutional goals, including a detailed accounting of the status, and any actions already taken showing the efforts and results of the financial recovery plan) • Standard 6b: EE5 (Appropriate board oversight of financial management to meet public accountability obligations) • Standard 6b: EE 6 (Documentation of sufficient financial reserves to enable effective response to unforeseen financial circumstances and enrollment fluctuations) • Standard 6b: EE 7 (Documentation of adequate internal controls to safeguard assets and protect personnel from accusations of wrongdoing) • Standard 9b: EE 5 (Documentation that the faculty is involved in academic-related decision- making processes especially related to admissions criteria, curriculum, and student development).",active,2022-05-09,2022,,,DAPIP Institutional Accreditation Action,Probation or Equivalent or a More Severe Status: Show Cause,2026-06-07 21:06:40.596796,https://ope.ed.gov/dapip/#/institution-profile/186636,,186636,04067300,13,1,1,7,SC,3,14641,dapip_file_text,FALSE,show_cause,public_action_code,C:/Users/mv3031/Desktop/Financial_Health_Project/Financial Health Tracker - For Github/data_pipelines/accreditation/cache/dapip/pdfs/186636_action-7_file-14641.pdf,C:/Users/mv3031/Desktop/Financial_Health_Project/Financial Health Tracker - For Github/data_pipelines/accreditation/cache/dapip/text/186636_action-7_file-14641.txt,pdf_body,"Order Selma University (AL) to show cause why its accreditation should be continued in light of the Commission on accreditation’s judgment that the institution fails to comply with the ABHE Institutional accreditation Standards listed below, and require a show cause report addressing these concerns, due November 15, 2022, followed by a focused evaluation team visit to review institutional compliance in these areas: • COE 7: Catalog (Evidence of a current and accurate catalog available to students and the public) • COE 8: Assessment and Public Accountability (Documented evidence that information is available to the public concerning student achievement and institutional performance outcomes, including graduation rates and rate of recent graduate employment in program related occupations) • COE 15: Student body (Sustained and viable student enrollment in the institution’s educational programs over the past two years) • COE 18: Institutional stability and capacity (documented evidence that the institution has a pattern of stability in enrollment and finances) • COE 19: financial Base (financial base indicating that the institution can achieve its mission and goals within a balanced budget and at a safe level of debt) • COE 21, Standard 6b: EE 1 Annual Audit (An institution must have financial records that receive an annual, independent, opinioned audit) • Standard 3: EE 7 (Documentation that the institution demonstrates integrity in financial matters and in compliance with applicable legal and governmental regulations) • Standard 6b: EE 3 (Documentation of adequate revenue streams sufficient to realize institutional goals, including a detailed accounting of the status, and any actions already taken showing the efforts and results of the financial recovery plan) • Standard 6b: EE5 (Appropriate board oversight of financial management to meet public accountability obligations) • Standard 6b: EE 6 (Documentation of sufficient financial reserves to enable effective response to unforeseen financial circumstances and enrollment fluctuations) • Standard 6b: EE 7 (Documentation of adequate internal controls to safeguard assets and protect personnel from accusations of wrongdoing) • Standard 9b: EE 5 (Documentation that the faculty is involved in academic-related decision- making processes especially related to admissions criteria, curriculum, and student development)."
102058,Selma University,Alabama,"Association for Biblical Higher Education, Commission on Accreditation",probation,"Stanford Angion, President Selma University 1501 Boynton Street Selma, AL 36703 c/o Dear President Angion: The ABHE Commission on Accreditation reviewed your institution at its February 13-17, 2021 meeting and took the following action: Continue Selma University (AL) on probation and continue accreditation for a second year in light of the Commission on Accreditation’s judgement that the institution fails to comply with the ABHE Institutional Accreditation Standards listed below, require an updated financial recovery plan to be submitted by May 15, 2021, followed by a focused evaluation team visit, and require a special progress report, due November 15, 2021 addressing these concerns: • COE 15 (Sustained and viable student enrollment in its educational programs over the past two years) • COE 18 (Institutional stability and capacity (document with evidence that the institution has a pattern of stability in enrollment and finances) • COE 19 (Financial base indicating that the institution can achieve its mission and goals within a balanced budget and at a safe level of debt) • Standard 3: EE 7 (documentation that the institution demonstrates integrity in financial matters and in compliance with applicable legal and governmental regulations) • Standard 6b: EE 3 (documentation of adequate revenue streams sufficient to realize institutional goals, including a detailed accounting of the status, and any actions already taken, of the efforts and results of the financial recovery plan) • Standard 6b: EE 6 (documentation of sufficient financial reserves to enable effective response to unforeseen financial circumstances and enrollment fluctuations) • Standard 10: EE 10 (effective library leadership by a credentialed director) Until the institution is removed from probation, the institutional website must disclose that the institution is on probation status (Policy on Communication of Accreditation Decisions).",active,2021-02-17,2021,,,DAPIP Institutional Accreditation Action,Probation or Equivalent or a More Severe Status: Probation,2026-06-07 21:06:40.644244,https://ope.ed.gov/dapip/#/institution-profile/186636,,186636,04067300,13,1,1,6,P,4,14640,dapip_file_text,FALSE,probation,public_action_code,C:/Users/mv3031/Desktop/Financial_Health_Project/Financial Health Tracker - For Github/data_pipelines/accreditation/cache/dapip/pdfs/186636_action-6_file-14640.pdf,C:/Users/mv3031/Desktop/Financial_Health_Project/Financial Health Tracker - For Github/data_pipelines/accreditation/cache/dapip/text/186636_action-6_file-14640.txt,pdf_body,"Continued Selma University (AL) on Probation and continue accreditation for a second year in light of the Commission on accreditation’s judgement that the institution fails to comply with the ABHE Institutional accreditation Standards listed below, require an updated financial recovery plan to be submitted by May 15, 2021, followed by a focused evaluation team visit, and require a special progress report, due November 15, 2021 addressing these concerns: • COE 15 (Sustained and viable student enrollment in its educational programs over the past two years) • COE 18 (Institutional stability and capacity (document with evidence that the institution has a pattern of stability in enrollment and finances) • COE 19 (financial base indicating that the institution can achieve its mission and goals within a balanced budget and at a safe level of debt) • Standard 3: EE 7 (documentation that the institution demonstrates integrity in financial matters and in compliance with applicable legal and governmental regulations) • Standard 6b: EE 3 (documentation of adequate revenue streams sufficient to realize institutional goals, including a detailed accounting of the status, and any actions already taken, of the efforts and results of the financial recovery plan) • Standard 6b: EE 6 (documentation of sufficient financial reserves to enable effective response to unforeseen financial circumstances and enrollment fluctuations) • Standard 10: EE 10 (effective library leadership by a credentialed director) Until the institution is removed from Probation, the institutional website must disclose that the institution is on Probation status (Policy on Communication of accreditation Decisions)."
102058,Selma University,Alabama,"Association for Biblical Higher Education, Commission on Accreditation",probation,"Selma, AL 36701 c/o Dear President Cleveland: The ABHE Commission on Accreditation reviewed your institution at its February 12, 2020 meeting and took the following action: Place Selma University (AL) on probation and continue accreditation in light of the Commission on Accreditation’s judgment that the institution fails to comply with the ABHE Institutional Accreditation Standards as listed below, and require a special progress report addressing these concerns, due May 15, 2020, followed by a focused evaluation team visit to review institutional compliance in the areas enumerated below: • COE 18: Institutional stability and capacity (document with evidence that the institution has a pattern of stability in enrollment and finances) • Standard 3, EE 7 (documentation that the institution demonstrates integrity in financial matters and in compliance with applicable legal and governmental regulations) • Standard 6a, EE 1 (documentation of qualified personnel to provide basic services to students, faculty, and administration) • Standard 6b, EE 3 (documentation of adequate revenue streams sufficient to realize institutional goals, including a detailed accounting of the status, and any actions already taken, of the five methods of fund raising included in the Selma University’s Response Letter, dated September 13, 2019) • Standard 6b, EE 6, 7 (documentation of sufficient financial reserves to enable effective response to unforeseen financial circumstances and enrollment fluctuations; adequate internal controls to safeguard assets and personnel from accusations of wrongdoing) • Standard 7, Core (documentation that the institution has developed and implemented an enrollment management plan that is consistent with its mission and addresses current issues of recruitment, admission, student financial services, and retention) Voice: 407.207.0808 5850 T G Lee Blvd, Suite 130, Orlando, FL 32822 Email: coa@abhe.org Dr.",active,2020-02-12,2020,,,DAPIP Institutional Accreditation Action,Probation or Equivalent or a More Severe Status: Probation,2026-06-07 21:06:40.6835,https://ope.ed.gov/dapip/#/institution-profile/186636,,186636,04067300,13,1,1,5,P,4,14639,dapip_file_text,FALSE,probation,public_action_code,C:/Users/mv3031/Desktop/Financial_Health_Project/Financial Health Tracker - For Github/data_pipelines/accreditation/cache/dapip/pdfs/186636_action-5_file-14639.pdf,C:/Users/mv3031/Desktop/Financial_Health_Project/Financial Health Tracker - For Github/data_pipelines/accreditation/cache/dapip/text/186636_action-5_file-14639.txt,pdf_body,"Place Selma University (AL) on Probation and continue accreditation in light of the Commission on accreditation’s judgment that the institution fails to comply with the ABHE Institutional accreditation Standards as listed below, and require a special progress report addressing these concerns, due May 15, 2020, followed by a focused evaluation team visit to review institutional compliance in the areas enumerated below: • COE 18: Institutional stability and capacity (document with evidence that the institution has a pattern of stability in enrollment and finances) • Standard 3, EE 7 (documentation that the institution demonstrates integrity in financial matters and in compliance with applicable legal and governmental regulations) • Standard 6a, EE 1 (documentation of qualified personnel to provide basic services to students, faculty, and administration) • Standard 6b, EE 3 (documentation of adequate revenue streams sufficient to realize institutional goals, including a detailed accounting of the status, and any actions already taken, of the five methods of fund raising included in the Selma University’s Response Letter, dated September 13, 2019) • Standard 6b, EE 6, 7 (documentation of sufficient financial reserves to enable effective response to unforeseen financial circumstances and enrollment fluctuations; adequate internal controls to safeguard assets and personnel from accusations of wrongdoing) • Standard 7, Core (documentation that the institution has developed and implemented an enrollment management plan that is consistent with its mission and addresses current issues of recruitment, admission, student financial services, and retention) Voice: 407.207.0808 5850 T G Lee Blvd, Suite 130, Orlando, FL 32822 Email: coa@abhe.org Dr."
102058,Selma University,Alabama,"Association for Biblical Higher Education, Commission on Accreditation",warning,"Alvin Cleveland, Sr., President Selma University 1501 Lapsley Street Selma, AL 36701 c/o Dear President Cleveland: The ABHE Commission on Accreditation reviewed your institution at its November 12, 2019 meeting and took the following action: Disapprove the progress reported by Selma University (AL), place the institution on Warning, and require a special progress report due December 15, 2019, including a detailed financial recovery plan, addressing the following with specificity: • Standard 3, EE 7 – Integrity in financial matters and in compliance with applicable legal and governmental regulations.",active,2019-11-12,2019,,,DAPIP Institutional Accreditation Action,Probation or Equivalent or a More Severe Status: Warning,2026-06-07 21:06:40.732638,https://ope.ed.gov/dapip/#/institution-profile/186636,,186636,04067300,13,1,1,4,PW,7,14638,dapip_file_text,FALSE,warning,public_action_code,C:/Users/mv3031/Desktop/Financial_Health_Project/Financial Health Tracker - For Github/data_pipelines/accreditation/cache/dapip/pdfs/186636_action-4_file-14638.pdf,C:/Users/mv3031/Desktop/Financial_Health_Project/Financial Health Tracker - For Github/data_pipelines/accreditation/cache/dapip/text/186636_action-4_file-14638.txt,pdf_body,"Disapprove the progress reported by Selma University (AL), place the institution on Warning, and require a special progress report due December 15, 2019, including a detailed financial recovery plan, addressing the following with specificity: • Standard 3, EE 7 – Integrity in financial matters and in compliance with applicable legal and governmental regulations."
102234,Spring Hill College,Alabama,"Southern Association of Colleges and Schools, Commission on Colleges",notice,"The institution’s policy and procedures for reporting substantive change must continue to address all types of substantive changes as defined in the SACSCOC policy, ‘Substantive Change Policy and Procedures.’ We appreciate your continued support of SACSCOC’s activities and work.",active,2023-12-03,2023,,,DAPIP Institutional Accreditation Action,Heightened Monitoring or Focused Review,2026-06-07 21:06:41.738742,https://ope.ed.gov/dapip/#/institution-profile/100654,,100654,00104100,7,1,1,10,HM,9,27078,dapip_file_text,FALSE,monitoring_or_notice,public_action_code,C:/Users/mv3031/Desktop/Financial_Health_Project/Financial Health Tracker - For Github/data_pipelines/accreditation/cache/dapip/pdfs/100654_action-10_file-27078.pdf,C:/Users/mv3031/Desktop/Financial_Health_Project/Financial Health Tracker - For Github/data_pipelines/accreditation/cache/dapip/text/100654_action-10_file-27078.txt,pdf_body,"SACS COCTM SOUTHERN ASSOCIATION OF COLLEGES AND SCHOOLS COMMISSION ON COLLEGES January 11,2024 Dr. Mary H. Van Brunt President Spring Hill College 4000 Dauphin Street Mobile, AL 36608-1791 Dear Dr. Van Brunt: The following action regarding your institution was taken by the Board of Trustees of the Southern Association of Colleges and Schools Commission on Colleges (SACSCOC) during its meeting held on December 3, 2023: The SACSCOC Board of Trustees reviewed the institution’s internal policy and procedures addressing the timely reporting of substantive changes, No additional report is requested. This review was conducted following the institution’s failure to seek approval to implement the Certificate of Free Enterprise program. The institution’s policy and procedures for reporting substantive change must continue to address all types of substantive changes as defined in the SACSCOC policy, ‘Substantive Change Policy and Procedures.’ We appreciate your continued support of SACSCOC’s activities and work. If you have questions, please contact the SACSCOC staff member assigned to your institution. Sincerely, Belle S. Wheelan, Ph.D. President BSW: ktf"
102234,Spring Hill College,Alabama,"Southern Association of Colleges and Schools, Commission on Colleges",notice,"Van Brunt: The following action regarding your institution was taken by the Board of Trustees of the Southern Association of Colleges and Schools Commission on Colleges (SACSCOC) during its meeting held on June 15, 2023: The SACSCOC Board of Trustees reviewed the institution's Referral Report and requested a Monitoring Report due April 1, 2024, addressing the following referenced standards of the Principles of Accreditation: Standard 5.",active,2023-06-15,2023,,,DAPIP Institutional Accreditation Action,Heightened Monitoring or Focused Review,2026-06-07 21:06:41.849501,https://ope.ed.gov/dapip/#/institution-profile/100654,,100654,00104100,7,1,1,8,HM,6,27076,dapip_file_text,FALSE,monitoring_or_notice,public_action_code,C:/Users/mv3031/Desktop/Financial_Health_Project/Financial Health Tracker - For Github/data_pipelines/accreditation/cache/dapip/pdfs/100654_action-8_file-27076.pdf,C:/Users/mv3031/Desktop/Financial_Health_Project/Financial Health Tracker - For Github/data_pipelines/accreditation/cache/dapip/text/100654_action-8_file-27076.txt,pdf_body,Requested to Submit a Monitoring Report on Qualified Administrative/Academic Officers
102234,Spring Hill College,Alabama,"Southern Association of Colleges and Schools, Commission on Colleges",notice,Heightened Monitoring or Focused Review,active,2023-06-15,2023,,,DAPIP Institutional Accreditation Action,Heightened Monitoring or Focused Review,2026-06-07 21:06:41.88815,https://ope.ed.gov/dapip/#/institution-profile/100654,,100654,00104100,7,1,1,5,HM,6,0,dapip_action_description,FALSE,monitoring_or_notice,public_action_code,,,raw_title,Heightened monitoring or focused review
102298,Talladega College,Alabama,"Southern Association of Colleges and Schools, Commission on Colleges",notice,"Todd: The following action regarding your institution was taken by the Board of Trustees of the Southern Association of Colleges and Schools Commission on Colleges (SACSCOC) during its meeting held on December 7, 2025: The SACSCOC Board of Trustees requested a Monitoring Report in twelve (12) months to provide required oversight and resolution of compliance issues.",active,2025-12-07,2025,,,DAPIP Institutional Accreditation Action,Heightened Monitoring or Focused Review,2026-06-07 21:06:42.788736,https://ope.ed.gov/dapip/#/institution-profile/100681,,100681,00104600,7,1,1,10,HM,6,29042,dapip_file_text,FALSE,monitoring_or_notice,public_action_code,C:/Users/mv3031/Desktop/Financial_Health_Project/Financial Health Tracker - For Github/data_pipelines/accreditation/cache/dapip/pdfs/100681_action-10_file-29042.pdf,C:/Users/mv3031/Desktop/Financial_Health_Project/Financial Health Tracker - For Github/data_pipelines/accreditation/cache/dapip/text/100681_action-10_file-29042.txt,pdf_body,Requested to Submit a Monitoring Report in twelve (12) months to provide required oversight and resolution of compliance issues.
102298,Talladega College,Alabama,"Southern Association of Colleges and Schools, Commission on Colleges",warning,"Kimbrough: The following action regarding your institution was taken by the Board of Trustees of the Southern Association of Colleges and Schools Commission on Colleges (SACSCOC) during its meeting held on June 12, 2025: The SACSCOC Board of Trustees reviewed the institution’s Special Report following receipt of unsolicited information addressing the institution’s ongoing compliance with Core Requirement 13.1 (Financial resources), Core Requirement 13.2 (Financial documents), and Standard 13.3 (Financial responsibility) of the Principles of Accreditation, and placed the institution on Warning for twelve months for failure to comply with Core Requirement 13.1 (Financial resources), Core Requirement 13.2 (Financial documents), Standard 13.3 (Financial responsibility), and Standard 13.5 (Control of sponsored research/external funds). A Special Committee was not authorized to visit the institution.",active,2025-06-12,2025,,,DAPIP Institutional Accreditation Action,Probation or Equivalent or a More Severe Status: Warning,2026-06-07 21:06:42.839659,https://ope.ed.gov/dapip/#/institution-profile/100681,,100681,00104600,7,1,1,6,PW,6,22469,dapip_file_text,FALSE,warning,public_action_code,C:/Users/mv3031/Desktop/Financial_Health_Project/Financial Health Tracker - For Github/data_pipelines/accreditation/cache/dapip/pdfs/100681_action-6_file-22469.pdf,C:/Users/mv3031/Desktop/Financial_Health_Project/Financial Health Tracker - For Github/data_pipelines/accreditation/cache/dapip/text/100681_action-6_file-22469.txt,pdf_body,"Placed on warning for twelve months for failure to comply with standards concerning financial resources, financial documents, financial responsibility, and sponsored research/external funds"
102298,Talladega College,Alabama,"Southern Association of Colleges and Schools, Commission on Colleges",notice,"Based only on those reviewed standards, the institution is requested to submit a Referral Report due April 1, 2026, addressing the standards of the Principles identified below.",active,2025-04-25,2025,,,DAPIP Institutional Accreditation Action,Heightened Monitoring or Focused Review,2026-06-07 21:06:42.912606,https://ope.ed.gov/dapip/#/institution-profile/100681,,100681,00104600,7,1,1,9,HM,6,23232,dapip_file_text,FALSE,monitoring_or_notice,public_action_code,C:/Users/mv3031/Desktop/Financial_Health_Project/Financial Health Tracker - For Github/data_pipelines/accreditation/cache/dapip/pdfs/100681_action-9_file-23232.pdf,C:/Users/mv3031/Desktop/Financial_Health_Project/Financial Health Tracker - For Github/data_pipelines/accreditation/cache/dapip/text/100681_action-9_file-23232.txt,pdf_body,Requested to submit a Referral Report documenting compliance with accreditation standards
102368,Troy University,Alabama,"Southern Association of Colleges and Schools, Commission on Colleges",notice,Heightened Monitoring or Focused Review,active,2022-12-04,2022,,,DAPIP Institutional Accreditation Action,Heightened Monitoring or Focused Review,2026-06-07 21:06:43.559004,https://ope.ed.gov/dapip/#/institution-profile/100733,,100733,00104700,7,1,1,10,HM,9,28854,dapip_action_description,FALSE,monitoring_or_notice,public_action_code,C:/Users/mv3031/Desktop/Financial_Health_Project/Financial Health Tracker - For Github/data_pipelines/accreditation/cache/dapip/pdfs/100733_action-10_file-28854.pdf,C:/Users/mv3031/Desktop/Financial_Health_Project/Financial Health Tracker - For Github/data_pipelines/accreditation/cache/dapip/text/100733_action-10_file-28854.txt,raw_title,Heightened monitoring or focused review
102368,Troy University,Alabama,"Southern Association of Colleges and Schools, Commission on Colleges",removed,Removal of Monitoring Status,resolved,2022-12-04,2022,,,DAPIP Institutional Accreditation Action,Removal of Monitoring Status,2026-06-07 21:06:43.606953,https://ope.ed.gov/dapip/#/institution-profile/100733,,100733,00104700,7,1,1,7,RM,9,27245,dapip_action_description,FALSE,removed,public_action_code,C:/Users/mv3031/Desktop/Financial_Health_Project/Financial Health Tracker - For Github/data_pipelines/accreditation/cache/dapip/pdfs/100733_action-7_file-27245.pdf,C:/Users/mv3031/Desktop/Financial_Health_Project/Financial Health Tracker - For Github/data_pipelines/accreditation/cache/dapip/text/100733_action-7_file-27245.txt,raw_title,Removal of Monitoring Status
102368,Troy University,Alabama,"Southern Association of Colleges and Schools, Commission on Colleges",removed,Removal of Monitoring Status,resolved,2022-12-04,2022,,,DAPIP Institutional Accreditation Action,Removal of Monitoring Status,2026-06-07 21:06:43.645843,https://ope.ed.gov/dapip/#/institution-profile/100733,,100733,00104700,7,1,1,4,RM,10,0,dapip_action_description,FALSE,removed,public_action_code,,,raw_title,Removal of Monitoring Status
102377,Tuskegee University,Alabama,"Southern Association of Colleges and Schools, Commission on Colleges",notice,Heightened Monitoring or Focused Review,active,2025-06-12,2025,,,DAPIP Institutional Accreditation Action,Heightened Monitoring or Focused Review,2026-06-07 21:06:44.262876,https://ope.ed.gov/dapip/#/institution-profile/100742,,100742,00105000,7,1,1,7,HM,6,27496,dapip_action_description,FALSE,monitoring_or_notice,public_action_code,C:/Users/mv3031/Desktop/Financial_Health_Project/Financial Health Tracker - For Github/data_pipelines/accreditation/cache/dapip/pdfs/100742_action-7_file-27496.pdf,C:/Users/mv3031/Desktop/Financial_Health_Project/Financial Health Tracker - For Github/data_pipelines/accreditation/cache/dapip/text/100742_action-7_file-27496.txt,raw_title,Heightened monitoring or focused review
102377,Tuskegee University,Alabama,"Southern Association of Colleges and Schools, Commission on Colleges",notice,"Based only on those reviewed standards, the institution should submit a Referral Report due April 1, 2025, addressing the standards of the Principles identified below.",active,2024-04-24,2024,,,DAPIP Institutional Accreditation Action,Heightened Monitoring or Focused Review,2026-06-07 21:06:44.377547,https://ope.ed.gov/dapip/#/institution-profile/100742,,100742,00105000,7,1,1,9,HM,6,28459,dapip_file_text,FALSE,monitoring_or_notice,public_action_code,C:/Users/mv3031/Desktop/Financial_Health_Project/Financial Health Tracker - For Github/data_pipelines/accreditation/cache/dapip/pdfs/100742_action-9_file-28459.pdf,C:/Users/mv3031/Desktop/Financial_Health_Project/Financial Health Tracker - For Github/data_pipelines/accreditation/cache/dapip/text/100742_action-9_file-28459.txt,pdf_body,Requested to submit a Referral Report documenting compliance with accreditation standards
102395,United States Sports University,Alabama,"Southern Association of Colleges and Schools, Commission on Colleges",notice,Heightened Monitoring or Focused Review,active,2025-06-12,2025,,,DAPIP Institutional Accreditation Action,Heightened Monitoring or Focused Review,2026-06-07 21:06:44.827007,https://ope.ed.gov/dapip/#/institution-profile/100751,,100751,02170600,7,1,1,4,HM,6,27492,dapip_action_description,FALSE,monitoring_or_notice,public_action_code,C:/Users/mv3031/Desktop/Financial_Health_Project/Financial Health Tracker - For Github/data_pipelines/accreditation/cache/dapip/pdfs/100751_action-4_file-27492.pdf,C:/Users/mv3031/Desktop/Financial_Health_Project/Financial Health Tracker - For Github/data_pipelines/accreditation/cache/dapip/text/100751_action-4_file-27492.txt,raw_title,Heightened monitoring or focused review
102395,United States Sports University,Alabama,"Southern Association of Colleges and Schools, Commission on Colleges",notice,"Based only on those reviewed standards, the institution should submit a Referral Report due April 1, 2025, addressing the standards of the Principles identified below.",active,2024-04-24,2024,,,DAPIP Institutional Accreditation Action,Heightened Monitoring or Focused Review,2026-06-07 21:06:44.879092,https://ope.ed.gov/dapip/#/institution-profile/100751,,100751,02170600,7,1,1,3,HM,6,27491,dapip_file_text,FALSE,monitoring_or_notice,public_action_code,C:/Users/mv3031/Desktop/Financial_Health_Project/Financial Health Tracker - For Github/data_pipelines/accreditation/cache/dapip/pdfs/100751_action-3_file-27491.pdf,C:/Users/mv3031/Desktop/Financial_Health_Project/Financial Health Tracker - For Github/data_pipelines/accreditation/cache/dapip/text/100751_action-3_file-27491.txt,pdf_body,Requested to submit a Referral Report documenting compliance with accreditation standards
104179,University of Arizona,Arizona,Higher Learning Commission,adverse_action,"Public Disclosure: University of Arizona Voluntary Resignation of Accreditation Effective: August 1, 2023 University of Arizona in Tucson, Arizona, voluntarily resigned its accreditation with the Higher Learning Commission, effective August 1, 2023.",active,2023-08-01,2023,,,DAPIP Institutional Accreditation Action,Loss of Accreditation or Preaccreditation: Voluntary Withdrawal | University of Arizona voluntarily resigned its accreditation with the Higher Learning Commission.,2026-06-07 21:06:47.406824,https://ope.ed.gov/dapip/#/institution-profile/101037,,101037,00108300,4,1,1,2,R,99,16246,dapip_file_text,FALSE,withdrawal_or_loss,public_action_code,C:/Users/mv3031/Desktop/Financial_Health_Project/Financial Health Tracker - For Github/data_pipelines/accreditation/cache/dapip/pdfs/101037_action-2_file-16246.pdf,C:/Users/mv3031/Desktop/Financial_Health_Project/Financial Health Tracker - For Github/data_pipelines/accreditation/cache/dapip/text/101037_action-2_file-16246.txt,pdf_body,Voluntarily Surrendered Accreditation
106306,Arkansas Baptist College,Arkansas,Higher Learning Commission,removed,"Summary of the Action: The Board determined that the Institution is no longer out of compliance with the Criteria for Accreditation, removed the Institution from Probation, reaffirmed the Institution’s accreditation, and assigned interim monitoring.",resolved,2022-02-25,2022,,,DAPIP Institutional Accreditation Action,Accreditation Reaffirmed: Probation Removed,2026-06-07 21:06:50.469485,https://ope.ed.gov/dapip/#/institution-profile/101657,,101657,00108700,4,1,1,5,PR,9,12283,dapip_file_text,FALSE,removed,public_action_code,C:/Users/mv3031/Desktop/Financial_Health_Project/Financial Health Tracker - For Github/data_pipelines/accreditation/cache/dapip/pdfs/101657_action-5_file-12283.pdf,C:/Users/mv3031/Desktop/Financial_Health_Project/Financial Health Tracker - For Github/data_pipelines/accreditation/cache/dapip/text/101657_action-5_file-12283.txt,pdf_body,Probation removed
106306,Arkansas Baptist College,Arkansas,Higher Learning Commission,probation,Summary of the Action: The Board extended Probation because the Institution remains out of compliance with the Criteria for Accreditation and meets the conditions for the extension of Probation set forth in HLC policy.,active,2021-02-25,2021,,,DAPIP Institutional Accreditation Action,Probation or Equivalent or a More Severe Status: Probation | The Higher Learning Commission has extended the sanction of Probation. HLC took this action because it determined that the institution remains out of compliance with HLC's Criteria for Accreditation and meets the conditions for extension of Probation set forth in HLC policy.,2026-06-07 21:06:50.522652,https://ope.ed.gov/dapip/#/institution-profile/101657,,101657,00108700,4,1,1,4,P,99,9110,dapip_file_text,FALSE,probation,public_action_code,C:/Users/mv3031/Desktop/Financial_Health_Project/Financial Health Tracker - For Github/data_pipelines/accreditation/cache/dapip/pdfs/101657_action-4_file-9110.pdf,C:/Users/mv3031/Desktop/Financial_Health_Project/Financial Health Tracker - For Github/data_pipelines/accreditation/cache/dapip/text/101657_action-4_file-9110.txt,pdf_body,Placed on Probation because the institution remains out of compliance with standards concerning financial resources and planning and meets the conditions for extension of Probation set forth in HLC policy.
106306,Arkansas Baptist College,Arkansas,Higher Learning Commission,probation,Summary of the Action: The Institution has been placed on Probation because it is out of compliance with the Criteria for Accreditation.,active,2019-02-28,2019,,,DAPIP Institutional Accreditation Action,Probation or Equivalent or a More Severe Status: Probation | HLC took this action because it determined that the institution does not meet HLC's Criteria for Accreditation related to resources.,2026-06-07 21:06:50.736695,https://ope.ed.gov/dapip/#/institution-profile/101657,,101657,00108700,4,1,1,3,P,99,4183,dapip_file_text,FALSE,probation,public_action_code,C:/Users/mv3031/Desktop/Financial_Health_Project/Financial Health Tracker - For Github/data_pipelines/accreditation/cache/dapip/pdfs/101657_action-3_file-4183.pdf,C:/Users/mv3031/Desktop/Financial_Health_Project/Financial Health Tracker - For Github/data_pipelines/accreditation/cache/dapip/text/101657_action-3_file-4183.txt,pdf_body,Placed on Probation because the institution does not meet standards concerning financial resources and planning.
108232,Academy of Art University,California,WASC Senior College and University Commission ,notice,At that meeting the Commission removed the Notice of Concern and issued a Warning.,active,2026-02-13,2026,,,DAPIP Institutional Accreditation Action,Warning or Equivalent-Factors Affecting Academic Quality,2026-06-07 21:06:57.770436,https://ope.ed.gov/dapip/#/institution-profile/102368,,102368,00753100,10,1,1,4,WE,8,29838,dapip_file_text,FALSE,monitoring_or_notice,public_action_code,C:/Users/mv3031/Desktop/Financial_Health_Project/Financial Health Tracker - For Github/data_pipelines/accreditation/cache/dapip/pdfs/102368_action-4_file-29838.pdf,C:/Users/mv3031/Desktop/Financial_Health_Project/Financial Health Tracker - For Github/data_pipelines/accreditation/cache/dapip/text/102368_action-4_file-29838.txt,pdf_body,Removed Notice of Concern and issued a Warning because it is out of compliance with standards concerning student completion and resource planning
108232,Academy of Art University,California,WASC Senior College and University Commission ,notice,Heightened Monitoring or Focused Review,active,2024-06-28,2024,,,DAPIP Institutional Accreditation Action,Heightened Monitoring or Focused Review,2026-06-07 21:06:57.9078,https://ope.ed.gov/dapip/#/institution-profile/102368,,102368,00753100,10,1,1,3,HM,6,0,dapip_action_description,FALSE,monitoring_or_notice,public_action_code,,,raw_title,Received heightened monitoring or focused review
109785,Azusa Pacific University,California,WASC Senior College and University Commission ,notice,Heightened Monitoring or Focused Review,active,2024-06-28,2024,,,DAPIP Institutional Accreditation Action,Heightened Monitoring or Focused Review,2026-06-07 21:06:58.87517,https://ope.ed.gov/dapip/#/institution-profile/102605,,102605,00111700,10,1,1,2,HM,6,0,dapip_action_description,FALSE,monitoring_or_notice,public_action_code,,,raw_title,Received heightened monitoring or focused review
109785,Azusa Pacific University,California,WASC Senior College and University Commission ,notice,Warning or Equivalent-Factors Affecting Academic Quality,active,2022-06-24,2022,,,DAPIP Institutional Accreditation Action,Warning or Equivalent-Factors Affecting Academic Quality,2026-06-07 21:06:58.957782,https://ope.ed.gov/dapip/#/institution-profile/102605,,102605,00111700,10,1,1,1,WE,8,0,dapip_action_description,FALSE,monitoring_or_notice,public_action_code,,,raw_title,Warning or equivalent-factors affecting academic quality
110060,Bethesda University,California,"Transnational Association of Christian Colleges and Schools, Accreditation Commission",warning,"TRANSNATIONAL ASSOCIATION OF CHRISTIAN COLLEGES AND SCHOOLS (TRACS) ACCREDITATION COMMISSION ACTION Public Disclosure Statement for Bethesda University Anaheim, CA Continued Under ACCREDITED – WARNING Status Issued by the Accreditation Commission on May 21, 2026 Bethesda University: The following information is provided by the Transnational Association of Christian Colleges and Schools (TRACS) regarding the current status of Bethesda University (BU).",active,2026-04-27,2026,,,DAPIP Institutional Accreditation Action,Probation or Equivalent or a More Severe Status: Warning,2026-06-07 21:06:59.52385,https://ope.ed.gov/dapip/#/institution-profile/102650,,102650,03266300,19,1,1,4,PW,3,30357,dapip_file_text,FALSE,warning,public_action_code,C:/Users/mv3031/Desktop/Financial_Health_Project/Financial Health Tracker - For Github/data_pipelines/accreditation/cache/dapip/pdfs/102650_action-4_file-30357.pdf,C:/Users/mv3031/Desktop/Financial_Health_Project/Financial Health Tracker - For Github/data_pipelines/accreditation/cache/dapip/text/102650_action-4_file-30357.txt,pdf_body,"TRANSNATIONAL ASSOCIATION OF CHRISTIAN COLLEGES AND SCHOOLS (TRACS) accreditation COMMISSION ACTION Public Disclosure Statement for Bethesda University Anaheim, CA Continued Under ACCREDITED – Warning Status Issued by the accreditation Commission on May 21, 2026 Bethesda University: The following information is provided by the Transnational Association of Christian Colleges and Schools (TRACS) regarding the current status of Bethesda University (BU)."
110060,Bethesda University,California,"Transnational Association of Christian Colleges and Schools, Accreditation Commission",warning,"TRANSNATIONAL ASSOCIATION OF CHRISTIAN COLLEGES AND SCHOOLS (TRACS) ACCREDITATION COMMISSION ACTION Public Disclosure Statement for Bethesda University Anaheim, CA Continued Under ACCREDITED – WARNING Status Issued by the Accreditation Commission on November 17, 2025 Bethesda University: The following information is provided by the Transnational Association of Christian Colleges and Schools (TRACS) regarding the current status of Bethesda University (BU).",active,2025-10-20,2025,,,DAPIP Institutional Accreditation Action,Probation or Equivalent or a More Severe Status: Warning,2026-06-07 21:06:59.556806,https://ope.ed.gov/dapip/#/institution-profile/102650,,102650,03266300,19,1,1,3,PW,3,27513,dapip_file_text,FALSE,warning,public_action_code,C:/Users/mv3031/Desktop/Financial_Health_Project/Financial Health Tracker - For Github/data_pipelines/accreditation/cache/dapip/pdfs/102650_action-3_file-27513.pdf,C:/Users/mv3031/Desktop/Financial_Health_Project/Financial Health Tracker - For Github/data_pipelines/accreditation/cache/dapip/text/102650_action-3_file-27513.txt,pdf_body,"TRANSNATIONAL ASSOCIATION OF CHRISTIAN COLLEGES AND SCHOOLS (TRACS) accreditation COMMISSION ACTION Public Disclosure Statement for Bethesda University Anaheim, CA Continued Under ACCREDITED – Warning Status Issued by the accreditation Commission on November 17, 2025 Bethesda University: The following information is provided by the Transnational Association of Christian Colleges and Schools (TRACS) regarding the current status of Bethesda University (BU)."
110060,Bethesda University,California,"Transnational Association of Christian Colleges and Schools, Accreditation Commission",warning,"TRANSNATIONAL ASSOCIATION OF CHRISTIAN COLLEGES AND SCHOOLS (TRACS) ACCREDITATION COMMISSION ACTION Public Disclosure Statement Regarding the Change of Status for Bethesda University Anaheim, CA From ACCREDITED to ACCREDITED – WARNING Issued by the Accreditation Commission on May 23, 2025 Bethesda University: The following information is provided by the Transnational Association of Christian Colleges and Schools (TRACS) regarding the current status of Bethesda University (BU).",active,2025-04-28,2025,,,DAPIP Institutional Accreditation Action,Probation or Equivalent or a More Severe Status: Warning,2026-06-07 21:06:59.586827,https://ope.ed.gov/dapip/#/institution-profile/102650,,102650,03266300,19,1,1,2,PW,3,21771,dapip_file_text,FALSE,warning,public_action_code,C:/Users/mv3031/Desktop/Financial_Health_Project/Financial Health Tracker - For Github/data_pipelines/accreditation/cache/dapip/pdfs/102650_action-2_file-21771.pdf,C:/Users/mv3031/Desktop/Financial_Health_Project/Financial Health Tracker - For Github/data_pipelines/accreditation/cache/dapip/text/102650_action-2_file-21771.txt,pdf_body,"TRANSNATIONAL ASSOCIATION OF CHRISTIAN COLLEGES AND SCHOOLS (TRACS) accreditation COMMISSION ACTION Public Disclosure Statement Regarding the Change of Status for Bethesda University Anaheim, CA From ACCREDITED to ACCREDITED – Warning Issued by the accreditation Commission on May 23, 2025 Bethesda University: The following information is provided by the Transnational Association of Christian Colleges and Schools (TRACS) regarding the current status of Bethesda University (BU)."
110316,California Institute of Integral Studies,California,WASC Senior College and University Commission ,removed,Removal of Monitoring Status,resolved,2020-06-26,2020,,,DAPIP Institutional Accreditation Action,Removal of Monitoring Status,2026-06-07 21:07:00.524758,https://ope.ed.gov/dapip/#/institution-profile/102739,,102739,01215400,10,1,1,5,RM,10,0,dapip_action_description,FALSE,removed,public_action_code,,,raw_title,Monitoring status removed
110413,California Lutheran University,California,WASC Senior College and University Commission ,removed,Removal of Monitoring Status,resolved,2023-02-24,2023,,,DAPIP Institutional Accreditation Action,Removal of Monitoring Status,2026-06-07 21:07:02.608884,https://ope.ed.gov/dapip/#/institution-profile/102809,,102809,00113300,10,1,1,4,RM,10,0,dapip_action_description,FALSE,removed,public_action_code,,,raw_title,Monitoring status removed
110413,California Lutheran University,California,WASC Senior College and University Commission ,notice,Heightened Monitoring or Focused Review,active,2021-02-19,2021,,,DAPIP Institutional Accreditation Action,Heightened Monitoring or Focused Review,2026-06-07 21:07:02.637206,https://ope.ed.gov/dapip/#/institution-profile/102809,,102809,00113300,10,1,1,3,HM,6,0,dapip_action_description,FALSE,monitoring_or_notice,public_action_code,,,raw_title,Received heightened monitoring or focused review
110574,California State University-East Bay,California,WASC Senior College and University Commission ,notice,Schedule the next reaffirmation review with the Offsite Review in fall 2030 and the Accreditation Visit in spring 2031 5.,active,2025-06-27,2025,,,DAPIP Institutional Accreditation Action,Heightened Monitoring or Focused Review,2026-06-07 21:07:07.197306,https://ope.ed.gov/dapip/#/institution-profile/102960,,102960,00113800,10,1,1,3,HM,6,22160,dapip_file_text,FALSE,monitoring_or_notice,public_action_code,C:/Users/mv3031/Desktop/Financial_Health_Project/Financial Health Tracker - For Github/data_pipelines/accreditation/cache/dapip/pdfs/102960_action-3_file-22160.pdf,C:/Users/mv3031/Desktop/Financial_Health_Project/Financial Health Tracker - For Github/data_pipelines/accreditation/cache/dapip/text/102960_action-3_file-22160.txt,pdf_body,"Issued a Notice of Concern over Standard 3, CFRs 3.4 and 3.5 on financial sustainability and resource planning"
110778,Sofia University,California,WASC Senior College and University Commission ,removed,Removal of Monitoring Status,resolved,2020-06-26,2020,,,DAPIP Institutional Accreditation Action,Removal of Monitoring Status,2026-06-07 21:07:12.691853,https://ope.ed.gov/dapip/#/institution-profile/103103,,103103,02267600,10,1,1,5,RM,9,0,dapip_action_description,FALSE,removed,public_action_code,,,raw_title,Monitoring status removed
110778,Sofia University,California,WASC Senior College and University Commission ,other,Grant Substantive Change: Ownership,active,2020-06-26,2020,,,DAPIP Institutional Accreditation Action,Grant Substantive Change: Ownership,2026-06-07 21:07:12.718777,https://ope.ed.gov/dapip/#/institution-profile/103103,,103103,02267600,10,1,1,6,GO,9,0,dapip_action_description,FALSE,ownership_change,public_action_code,,,raw_title,Grant Substantive Change: Ownership
110778,Sofia University,California,WASC Senior College and University Commission ,warning,Probation or Equivalent or a More Severe Status: Warning,active,2020-02-14,2020,,,DAPIP Institutional Accreditation Action,Probation or Equivalent or a More Severe Status: Warning,2026-06-07 21:07:12.749459,https://ope.ed.gov/dapip/#/institution-profile/103103,,103103,02267600,10,1,1,4,PW,3,0,dapip_action_description,FALSE,warning,public_action_code,,,raw_title,Placed on Warning
110778,Sofia University,California,WASC Senior College and University Commission ,removed,Removal of Monitoring Status,resolved,2019-06-28,2019,,,DAPIP Institutional Accreditation Action,Removal of Monitoring Status,2026-06-07 21:07:12.770854,https://ope.ed.gov/dapip/#/institution-profile/103103,,103103,02267600,10,1,1,3,RM,10,0,dapip_action_description,FALSE,removed,public_action_code,,,raw_title,Monitoring status removed
111081,California Institute of the Arts,California,"National Association of Schools of Art and Design, Commission on Accreditation",adverse_action,Voluntary Withdrawal Received,active,2021-06-30,2021,,,DAPIP Institutional Accreditation Action,Voluntary Withdrawal Received,2026-06-07 21:07:13.849574,https://ope.ed.gov/dapip/#/institution-profile/103185,,103185,00113200,32,1,1,2,VR,10,0,dapip_action_description,FALSE,withdrawal_or_loss,public_action_code,,,raw_title,Voluntarily Surrendered Accreditation
111081,California Institute of the Arts,California,WASC Senior College and University Commission ,other,"July 18, 2024 Ravi Rajan President California Institute of the Arts 24700 McBean Parkway Valencia, CA 91355 Dear President Rajan: During its June 26-28, 2024 meeting, the WASC Senior College and University Commission (WSCUC) considered a request submitted by California Institute of the Arts (CalArts) to acquire Vermont College of Fine Arts (VCFA), whereby California Institute of the Arts becomes the sole member of the Vermont College of Fine Arts nonprofit corporation.",active,2024-06-28,2024,,,DAPIP Institutional Accreditation Action,Grant Substantive Change: Ownership,2026-06-07 21:07:14.237738,https://ope.ed.gov/dapip/#/institution-profile/103185,,103185,00113200,10,1,1,2,GO,10,18917,dapip_file_text,FALSE,ownership_change,public_action_code,C:/Users/mv3031/Desktop/Financial_Health_Project/Financial Health Tracker - For Github/data_pipelines/accreditation/cache/dapip/pdfs/103185_action-2_file-18917.pdf,C:/Users/mv3031/Desktop/Financial_Health_Project/Financial Health Tracker - For Github/data_pipelines/accreditation/cache/dapip/text/103185_action-2_file-18917.txt,pdf_body,"July 18, 2024 Ravi Rajan President California Institute of the Arts 24700 McBean Parkway Valencia, CA 91355 Dear President Rajan: During its June 26-28, 2024 meeting, the WASC Senior College and University Commission (WSCUC) considered a request submitted by California Institute of the Arts (CalArts) to acquire Vermont College of Fine Arts (VCFA), whereby California Institute of the Arts becomes the sole member of the Vermont College of Fine Arts nonprofit corporation."
112084,San Diego Christian College,California,WASC Senior College and University Commission ,removed,Accreditation Reaffirmed:  Warning Removed,resolved,2025-05-20,2025,,,DAPIP Institutional Accreditation Action,Accreditation Reaffirmed: Warning Removed,2026-06-07 21:07:16.943729,https://ope.ed.gov/dapip/#/institution-profile/103404,,103404,01203100,10,1,1,10,WR,9,0,dapip_action_description,FALSE,removed,public_action_code,,,raw_title,Warning removed
112084,San Diego Christian College,California,WASC Senior College and University Commission ,notice,Heightened Monitoring or Focused Review,active,2025-05-20,2025,,,DAPIP Institutional Accreditation Action,Heightened Monitoring or Focused Review,2026-06-07 21:07:16.974177,https://ope.ed.gov/dapip/#/institution-profile/103404,,103404,01203100,10,1,1,11,HM,6,0,dapip_action_description,FALSE,monitoring_or_notice,public_action_code,,,raw_title,Received heightened monitoring or focused review
112084,San Diego Christian College,California,WASC Senior College and University Commission ,removed,"At that meeting, the Commission acted to remove a Show Cause Order and impose a Warning.",resolved,2024-06-28,2024,,,DAPIP Institutional Accreditation Action,Removal of Show Cause Status,2026-06-07 21:07:17.010485,https://ope.ed.gov/dapip/#/institution-profile/103404,,103404,01203100,10,1,1,8,RS,9,18915,dapip_file_text,FALSE,removed,public_action_code,C:/Users/mv3031/Desktop/Financial_Health_Project/Financial Health Tracker - For Github/data_pipelines/accreditation/cache/dapip/pdfs/103404_action-8_file-18915.pdf,C:/Users/mv3031/Desktop/Financial_Health_Project/Financial Health Tracker - For Github/data_pipelines/accreditation/cache/dapip/text/103404_action-8_file-18915.txt,pdf_body,"Removed Show Cause and issued a Warning because it has not demonstrated compliance with Standard 3, CFR 3.4 on financial sustainability and resource planning"
112084,San Diego Christian College,California,WASC Senior College and University Commission ,warning,"At that meeting, the Commission acted to remove a Show Cause Order and impose a Warning.",active,2024-06-28,2024,,,DAPIP Institutional Accreditation Action,Probation or Equivalent or a More Severe Status: Warning,2026-06-07 21:07:17.08449,https://ope.ed.gov/dapip/#/institution-profile/103404,,103404,01203100,10,1,1,9,PW,8,18916,dapip_file_text,FALSE,warning,public_action_code,C:/Users/mv3031/Desktop/Financial_Health_Project/Financial Health Tracker - For Github/data_pipelines/accreditation/cache/dapip/pdfs/103404_action-9_file-18916.pdf,C:/Users/mv3031/Desktop/Financial_Health_Project/Financial Health Tracker - For Github/data_pipelines/accreditation/cache/dapip/text/103404_action-9_file-18916.txt,pdf_body,"Removed Show Cause and issued a Warning because it has not demonstrated compliance with Standard 3, CFR 3.4 on financial sustainability and resource planning"
112084,San Diego Christian College,California,WASC Senior College and University Commission ,show_cause,Probation or Equivalent or a More Severe Status: Show Cause,active,2023-11-15,2023,,,DAPIP Institutional Accreditation Action,Probation or Equivalent or a More Severe Status: Show Cause,2026-06-07 21:07:17.141276,https://ope.ed.gov/dapip/#/institution-profile/103404,,103404,01203100,10,1,1,6,SC,3,0,dapip_action_description,FALSE,show_cause,public_action_code,,,raw_title,Asked to Show Cause
112084,San Diego Christian College,California,WASC Senior College and University Commission ,show_cause,"These ac�ons were taken a�er reviewing SDCC’s request for considera�on of new evidence of compliance with WSCUC Standards pursuant to the ins�tu�on’s appeal of the withdrawal of its accredita�on eﬀec�ve July 14, 2023.",active,2023-11-15,2023,,,DAPIP Institutional Accreditation Action,Probation or Equivalent or a More Severe Status: Show Cause,2026-06-07 21:07:17.182884,https://ope.ed.gov/dapip/#/institution-profile/103404,,103404,01203100,10,1,1,7,SC,3,17483,dapip_file_text,FALSE,show_cause,public_action_code,C:/Users/mv3031/Desktop/Financial_Health_Project/Financial Health Tracker - For Github/data_pipelines/accreditation/cache/dapip/pdfs/103404_action-7_file-17483.pdf,C:/Users/mv3031/Desktop/Financial_Health_Project/Financial Health Tracker - For Github/data_pipelines/accreditation/cache/dapip/text/103404_action-7_file-17483.txt,pdf_body,"Continued Show Cause because it has not demonstrated compliance with Standard 3, CFR 3.4 on financial sustainability and resource planning"
112084,San Diego Christian College,California,WASC Senior College and University Commission ,adverse_action,Loss of Accreditation or Preaccreditation: Denial,active,2023-06-30,2023,,,DAPIP Institutional Accreditation Action,Loss of Accreditation or Preaccreditation: Denial,2026-06-07 21:07:17.249183,https://ope.ed.gov/dapip/#/institution-profile/103404,,103404,01203100,10,1,1,5,LD,3,0,dapip_action_description,FALSE,withdrawal_or_loss,public_action_code,,,raw_title,Loss of accreditation or Preaccreditation: Denial
112084,San Diego Christian College,California,WASC Senior College and University Commission ,notice,Warning or Equivalent-Factors Affecting Academic Quality,active,2022-06-24,2022,,,DAPIP Institutional Accreditation Action,Warning or Equivalent-Factors Affecting Academic Quality,2026-06-07 21:07:17.274262,https://ope.ed.gov/dapip/#/institution-profile/103404,,103404,01203100,10,1,1,4,WE,8,0,dapip_action_description,FALSE,monitoring_or_notice,public_action_code,,,raw_title,Warning or equivalent-factors affecting academic quality
112084,San Diego Christian College,California,WASC Senior College and University Commission ,warning,Probation or Equivalent or a More Severe Status: Warning,active,2020-11-06,2020,,,DAPIP Institutional Accreditation Action,Probation or Equivalent or a More Severe Status: Warning,2026-06-07 21:07:17.303558,https://ope.ed.gov/dapip/#/institution-profile/103404,,103404,01203100,10,1,1,3,PW,10,0,dapip_action_description,FALSE,warning,public_action_code,,,raw_title,Placed on Warning
112084,San Diego Christian College,California,WASC Senior College and University Commission ,probation,Probation or Equivalent or a More Severe Status: Probation,active,2019-06-28,2019,,,DAPIP Institutional Accreditation Action,Probation or Equivalent or a More Severe Status: Probation,2026-06-07 21:07:17.327311,https://ope.ed.gov/dapip/#/institution-profile/103404,,103404,01203100,10,1,1,2,P,3,0,dapip_action_description,FALSE,probation,public_action_code,,,raw_title,Placed on Probation
112394,University of Silicon Valley,California,WASC Senior College and University Commission ,removed,Accreditation Reaffirmed:  Warning Removed,resolved,2020-02-14,2020,,,DAPIP Institutional Accreditation Action,Accreditation Reaffirmed: Warning Removed,2026-06-07 21:07:18.333579,https://ope.ed.gov/dapip/#/institution-profile/103538,,103538,00117700,10,1,1,3,WR,10,0,dapip_action_description,FALSE,removed,public_action_code,,,raw_title,Warning removed
112570,California College of ASU,California,WASC Senior College and University Commission ,adverse_action,Loss of Accreditation or Preaccreditation: Voluntary Withdrawal,active,2025-12-31,2025,,,DAPIP Institutional Accreditation Action,Loss of Accreditation or Preaccreditation: Voluntary Withdrawal | CC-ASU has officially closed its campus and is no longer accredited,2026-06-07 21:07:19.216385,https://ope.ed.gov/dapip/#/institution-profile/103592,,103592,02110200,10,1,1,9,R,99,0,dapip_action_description,FALSE,withdrawal_or_loss,public_action_code,,,raw_title,Institution closed and no longer accredited
112570,California College of ASU,California,WASC Senior College and University Commission ,warning,"At that meeting, the Commission acted to continue the sanction of Warning.",active,2025-06-27,2025,,,DAPIP Institutional Accreditation Action,Probation or Equivalent or a More Severe Status: Warning,2026-06-07 21:07:19.321604,https://ope.ed.gov/dapip/#/institution-profile/103592,,103592,02110200,10,1,1,8,PW,3,22138,dapip_file_text,FALSE,warning,public_action_code,C:/Users/mv3031/Desktop/Financial_Health_Project/Financial Health Tracker - For Github/data_pipelines/accreditation/cache/dapip/pdfs/103592_action-8_file-22138.pdf,C:/Users/mv3031/Desktop/Financial_Health_Project/Financial Health Tracker - For Github/data_pipelines/accreditation/cache/dapip/text/103592_action-8_file-22138.txt,pdf_body,"Placed on Warning because it has not demonstrated compliance with Standard 3, CFRs 3.4 and 3.5 on financial sustainability and resource planning"
112570,California College of ASU,California,WASC Senior College and University Commission ,warning,"Continue with the previously scheduled Special Visit in spring 2024 to address the requirements in this letter in addition to the specified requirements retained from the previous Commission Action Letter of July 7, 2021 Warning A Warning reflects the Commission’s finding that an institution fails to meet one or more of the Standards of Accreditation.",active,2023-12-11,2023,,,DAPIP Institutional Accreditation Action,Probation or Equivalent or a More Severe Status: Warning,2026-06-07 21:07:19.424393,https://ope.ed.gov/dapip/#/institution-profile/103592,,103592,02110200,10,1,1,7,PW,3,17510,dapip_file_text,FALSE,warning,public_action_code,C:/Users/mv3031/Desktop/Financial_Health_Project/Financial Health Tracker - For Github/data_pipelines/accreditation/cache/dapip/pdfs/103592_action-7_file-17510.pdf,C:/Users/mv3031/Desktop/Financial_Health_Project/Financial Health Tracker - For Github/data_pipelines/accreditation/cache/dapip/text/103592_action-7_file-17510.txt,pdf_body,Removed Notice of Concern and issued a Warning because it is out of compliance with standards concerning financial sustainability and shared governance
112570,California College of ASU,California,WASC Senior College and University Commission ,other,Grant Substantive Change: Ownership,active,2022-12-16,2022,,,DAPIP Institutional Accreditation Action,Grant Substantive Change: Ownership,2026-06-07 21:07:19.505924,https://ope.ed.gov/dapip/#/institution-profile/103592,,103592,02110200,10,1,1,6,GO,10,0,dapip_action_description,FALSE,ownership_change,public_action_code,,,raw_title,Grant Substantive Change: Ownership
112570,California College of ASU,California,WASC Senior College and University Commission ,notice,Heightened Monitoring or Focused Review,active,2021-06-25,2021,,,DAPIP Institutional Accreditation Action,Heightened Monitoring or Focused Review,2026-06-07 21:07:19.608583,https://ope.ed.gov/dapip/#/institution-profile/103592,,103592,02110200,10,1,1,3,HM,8,0,dapip_action_description,FALSE,monitoring_or_notice,public_action_code,,,raw_title,Received heightened monitoring or focused review
113582,Design Institute of San Diego,California,WASC Senior College and University Commission ,other,"February 27, 2026 Margot Doucette President Design Institute of San Diego 8555 Commerce Avenue San Diego, CA 92121 Dear President Doucette: During its February 11-13, 2026 meeting, the WASC Senior College and University Commission (WSCUC) considered a request submitted by Design Institute of San Diego (DISD) for a Change of Ownership to Torreyana College, LLC, an entity managed by Palm Ventures.",active,2026-02-13,2026,,,DAPIP Institutional Accreditation Action,Grant Substantive Change: Ownership,2026-06-07 21:07:20.416002,https://ope.ed.gov/dapip/#/institution-profile/103787,,103787,02298000,10,1,1,6,GO,10,29871,dapip_file_text,FALSE,ownership_change,public_action_code,C:/Users/mv3031/Desktop/Financial_Health_Project/Financial Health Tracker - For Github/data_pipelines/accreditation/cache/dapip/pdfs/103787_action-6_file-29871.pdf,C:/Users/mv3031/Desktop/Financial_Health_Project/Financial Health Tracker - For Github/data_pipelines/accreditation/cache/dapip/text/103787_action-6_file-29871.txt,pdf_body,"February 27, 2026 Margot Doucette President Design Institute of San Diego 8555 Commerce Avenue San Diego, CA 92121 Dear President Doucette: During its February 11-13, 2026 meeting, the WASC Senior College and University Commission (WSCUC) considered a request submitted by Design Institute of San Diego (DISD) for a Change of Ownership to Torreyana College, LLC, an entity managed by Palm Ventures."
115083,Golden Gate University,California,WASC Senior College and University Commission ,notice,The Commission recognizes the significant improvements made while acknowledging that continued monitoring through a Notice of Concern is appropriate to ensure long-term institutional stability.,active,2025-06-27,2025,,,DAPIP Institutional Accreditation Action,Heightened Monitoring or Focused Review,2026-06-07 21:07:22.805531,https://ope.ed.gov/dapip/#/institution-profile/104230,,104230,00120500,10,1,1,5,HM,6,22162,dapip_file_text,FALSE,monitoring_or_notice,public_action_code,C:/Users/mv3031/Desktop/Financial_Health_Project/Financial Health Tracker - For Github/data_pipelines/accreditation/cache/dapip/pdfs/104230_action-5_file-22162.pdf,C:/Users/mv3031/Desktop/Financial_Health_Project/Financial Health Tracker - For Github/data_pipelines/accreditation/cache/dapip/text/104230_action-5_file-22162.txt,pdf_body,Continued Notice of Concern because it is at risk of non-compliance with standards concerning financial sustainability
115083,Golden Gate University,California,WASC Senior College and University Commission ,notice,Heightened Monitoring or Focused Review,active,2024-03-25,2024,,,DAPIP Institutional Accreditation Action,Heightened Monitoring or Focused Review,2026-06-07 21:07:22.873627,https://ope.ed.gov/dapip/#/institution-profile/104230,,104230,00120500,10,1,1,3,HM,6,0,dapip_action_description,FALSE,monitoring_or_notice,public_action_code,,,raw_title,Received heightened monitoring or focused review
115083,Golden Gate University,California,WASC Senior College and University Commission ,notice,Heightened Monitoring or Focused Review,active,2021-06-25,2021,,,DAPIP Institutional Accreditation Action,Heightened Monitoring or Focused Review,2026-06-07 21:07:22.903503,https://ope.ed.gov/dapip/#/institution-profile/104230,,104230,00120500,10,1,1,2,HM,8,0,dapip_action_description,FALSE,monitoring_or_notice,public_action_code,,,raw_title,Received heightened monitoring or focused review
115773,Humphreys University-Stockton and Modesto Campuses,California,WASC Senior College and University Commission ,removed,Removal of Monitoring Status,resolved,2024-06-28,2024,,,DAPIP Institutional Accreditation Action,Removal of Monitoring Status,2026-06-07 21:07:24.111015,https://ope.ed.gov/dapip/#/institution-profile/104443,,104443,00121200,10,1,1,7,RM,9,0,dapip_action_description,FALSE,removed,public_action_code,,,raw_title,Monitoring status removed
115773,Humphreys University-Stockton and Modesto Campuses,California,WASC Senior College and University Commission ,notice,Warning or Equivalent-Factors Affecting Academic Quality,active,2023-06-30,2023,,,DAPIP Institutional Accreditation Action,Warning or Equivalent-Factors Affecting Academic Quality,2026-06-07 21:07:24.171732,https://ope.ed.gov/dapip/#/institution-profile/104443,,104443,00121200,10,1,1,6,WE,6,0,dapip_action_description,FALSE,monitoring_or_notice,public_action_code,,,raw_title,Warning or equivalent-factors affecting academic quality
115773,Humphreys University-Stockton and Modesto Campuses,California,WASC Senior College and University Commission ,notice,Warning or Equivalent-Factors Affecting Academic Quality,active,2022-02-25,2022,,,DAPIP Institutional Accreditation Action,Warning or Equivalent-Factors Affecting Academic Quality,2026-06-07 21:07:24.205102,https://ope.ed.gov/dapip/#/institution-profile/104443,,104443,00121200,10,1,1,5,WE,8,0,dapip_action_description,FALSE,monitoring_or_notice,public_action_code,,,raw_title,Warning or equivalent-factors affecting academic quality
117557,Lincoln University,California,Accrediting Council for Independent Colleges and Schools,adverse_action,Loss of Accreditation or Preaccreditation: Voluntary Withdrawal,active,2021-03-15,2021,,,DAPIP Institutional Accreditation Action,Loss of Accreditation or Preaccreditation: Voluntary Withdrawal | Voluntary Withdrawal,2026-06-07 21:07:26.651579,https://ope.ed.gov/dapip/#/institution-profile/104717,,104717,00697500,16,1,1,13,R,99,0,dapip_action_description,FALSE,withdrawal_or_loss,public_action_code,,,raw_title,Voluntarily Surrendered Accreditation
117557,Lincoln University,California,Accrediting Council for Independent Colleges and Schools,show_cause,"Mikhail Brodsky President Lincoln University 401 15th Street Oakland, CA 94612 Subject: Renewal of Accreditation – Continue Show Cause Dear Dr.",active,2020-12-16,2020,,,DAPIP Institutional Accreditation Action,Probation or Equivalent or a More Severe Status: Show Cause,2026-06-07 21:07:26.734581,https://ope.ed.gov/dapip/#/institution-profile/104717,,104717,00697500,16,1,1,9,SC,1,8600,dapip_file_text,FALSE,show_cause,public_action_code,C:/Users/mv3031/Desktop/Financial_Health_Project/Financial Health Tracker - For Github/data_pipelines/accreditation/cache/dapip/pdfs/104717_action-9_file-8600.pdf,C:/Users/mv3031/Desktop/Financial_Health_Project/Financial Health Tracker - For Github/data_pipelines/accreditation/cache/dapip/text/104717_action-9_file-8600.txt,pdf_body,"Mikhail Brodsky President Lincoln University 401 15th Street Oakland, CA 94612 Subject: Renewal of accreditation – Continue Show Cause Dear Dr."
117557,Lincoln University,California,Accrediting Council for Independent Colleges and Schools,show_cause,"Mikhail Brodsky President Lincoln University 401 15th Street Oakland, CA 94612 Subject: Renewal of Accreditation – Continue Show Cause Dear Dr.",active,2020-12-16,2020,,,DAPIP Institutional Accreditation Action,Probation or Equivalent or a More Severe Status: Show Cause,2026-06-07 21:07:26.816402,https://ope.ed.gov/dapip/#/institution-profile/104717,,104717,00697500,16,1,1,10,SC,1,8601,dapip_file_text,FALSE,show_cause,public_action_code,C:/Users/mv3031/Desktop/Financial_Health_Project/Financial Health Tracker - For Github/data_pipelines/accreditation/cache/dapip/pdfs/104717_action-10_file-8601.pdf,C:/Users/mv3031/Desktop/Financial_Health_Project/Financial Health Tracker - For Github/data_pipelines/accreditation/cache/dapip/text/104717_action-10_file-8601.txt,pdf_body,"Mikhail Brodsky President Lincoln University 401 15th Street Oakland, CA 94612 Subject: Renewal of accreditation – Continue Show Cause Dear Dr."
117557,Lincoln University,California,Accrediting Council for Independent Colleges and Schools,show_cause,Probation or Equivalent or a More Severe Status: Show Cause,active,2020-12-16,2020,,,DAPIP Institutional Accreditation Action,Probation or Equivalent or a More Severe Status: Show Cause,2026-06-07 21:07:26.843956,https://ope.ed.gov/dapip/#/institution-profile/104717,,104717,00697500,16,1,1,11,SC,1,0,dapip_action_description,FALSE,show_cause,public_action_code,,,raw_title,Asked to Show Cause
117557,Lincoln University,California,Accrediting Council for Independent Colleges and Schools,show_cause,Probation or Equivalent or a More Severe Status: Show Cause,active,2020-12-16,2020,,,DAPIP Institutional Accreditation Action,Probation or Equivalent or a More Severe Status: Show Cause,2026-06-07 21:07:26.866035,https://ope.ed.gov/dapip/#/institution-profile/104717,,104717,00697500,16,1,1,12,SC,1,0,dapip_action_description,FALSE,show_cause,public_action_code,,,raw_title,Asked to Show Cause
117557,Lincoln University,California,Accrediting Council for Independent Colleges and Schools,show_cause,"The institution first appeared before the Council in December 2019 with nine findings, two of which were resolved, and was issued a compliance warning.",active,2020-08-25,2020,,,DAPIP Institutional Accreditation Action,Probation or Equivalent or a More Severe Status: Show Cause,2026-06-07 21:07:26.938612,https://ope.ed.gov/dapip/#/institution-profile/104717,,104717,00697500,16,1,1,8,SC,1,8084,dapip_file_text,FALSE,show_cause,public_action_code,C:/Users/mv3031/Desktop/Financial_Health_Project/Financial Health Tracker - For Github/data_pipelines/accreditation/cache/dapip/pdfs/104717_action-8_file-8084.pdf,C:/Users/mv3031/Desktop/Financial_Health_Project/Financial Health Tracker - For Github/data_pipelines/accreditation/cache/dapip/text/104717_action-8_file-8084.txt,pdf_body,"The institution first appeared before the Council in December 2019 with nine findings, two of which were resolved, and was issued a compliance Warning."
117557,Lincoln University,California,Accrediting Council for Independent Colleges and Schools,warning,"Mikhail Brodsky President Lincoln University 401 15th Street Oakland, CA 94612 Subject: Renewal of Accreditation – Continued Compliance Warning Dear Dr.",active,2020-05-18,2020,,,DAPIP Institutional Accreditation Action,Probation or Equivalent or a More Severe Status: Warning,2026-06-07 21:07:27.010637,https://ope.ed.gov/dapip/#/institution-profile/104717,,104717,00697500,16,1,1,6,PW,6,7440,dapip_file_text,FALSE,warning,public_action_code,C:/Users/mv3031/Desktop/Financial_Health_Project/Financial Health Tracker - For Github/data_pipelines/accreditation/cache/dapip/pdfs/104717_action-6_file-7440.pdf,C:/Users/mv3031/Desktop/Financial_Health_Project/Financial Health Tracker - For Github/data_pipelines/accreditation/cache/dapip/text/104717_action-6_file-7440.txt,pdf_body,"Mikhail Brodsky President Lincoln University 401 15th Street Oakland, CA 94612 Subject: Renewal of accreditation – Continued Compliance Warning Dear Dr."
117557,Lincoln University,California,Accrediting Council for Independent Colleges and Schools,warning,Probation or Equivalent or a More Severe Status: Warning,active,2020-05-18,2020,,,DAPIP Institutional Accreditation Action,Probation or Equivalent or a More Severe Status: Warning,2026-06-07 21:07:27.033799,https://ope.ed.gov/dapip/#/institution-profile/104717,,104717,00697500,16,1,1,7,PW,6,0,dapip_action_description,FALSE,warning,public_action_code,,,raw_title,Placed on Warning
117557,Lincoln University,California,Accrediting Council for Independent Colleges and Schools,notice,Warning or Equivalent-Factors Affecting Academic Quality,active,2020-05-08,2020,,,DAPIP Institutional Accreditation Action,Warning or Equivalent-Factors Affecting Academic Quality,2026-06-07 21:07:27.062978,https://ope.ed.gov/dapip/#/institution-profile/104717,,104717,00697500,16,1,1,5,WE,6,0,dapip_action_description,FALSE,monitoring_or_notice,public_action_code,,,raw_title,Warning or Equivalent-Factors Affecting Academic Quality
117557,Lincoln University,California,Accrediting Council for Independent Colleges and Schools,notice,"Mikhail Brodsky President Lincoln University 401 15th Street Oakland, CA 94612 Subject: Renewal of Accreditation – Compliance Warning Dear Dr.",active,2019-12-12,2019,,,DAPIP Institutional Accreditation Action,Warning or Equivalent-Factors Affecting Academic Quality,2026-06-07 21:07:27.150529,https://ope.ed.gov/dapip/#/institution-profile/104717,,104717,00697500,16,1,1,4,WE,6,6445,dapip_file_text,FALSE,monitoring_or_notice,public_action_code,C:/Users/mv3031/Desktop/Financial_Health_Project/Financial Health Tracker - For Github/data_pipelines/accreditation/cache/dapip/pdfs/104717_action-4_file-6445.pdf,C:/Users/mv3031/Desktop/Financial_Health_Project/Financial Health Tracker - For Github/data_pipelines/accreditation/cache/dapip/text/104717_action-4_file-6445.txt,pdf_body,"Mikhail Brodsky President Lincoln University 401 15th Street Oakland, CA 94612 Subject: Renewal of accreditation – Compliance Warning Dear Dr."
117557,Lincoln University,California,Accrediting Council for Independent Colleges and Schools,removed,Removal of Show Cause Status,resolved,2019-04-04,2019,,,DAPIP Institutional Accreditation Action,Removal of Show Cause Status,2026-06-07 21:07:27.181652,https://ope.ed.gov/dapip/#/institution-profile/104717,,104717,00697500,16,1,1,3,RS,9,0,dapip_action_description,FALSE,removed,public_action_code,,,raw_title,Removal of Show Cause Status
117557,Lincoln University,California,Accrediting Council for Independent Colleges and Schools,show_cause,"To date, the institution’s website, at the pages below, is actively admitting students to and promoting the doctoral program with no disclosure identified of ACICS’ permanent moratorium and LU’s corresponding plans for the program, and the institution’s accreditation: http://www.lincolnuca.edu/admission/index#/admission/dbaadmreqs http://www.lincolnuca.edu/academics/index#%2Facademics%2Findex.",active,2019-01-25,2019,,,DAPIP Institutional Accreditation Action,Probation or Equivalent or a More Severe Status: Show Cause | Concerns with institutional integrity,2026-06-07 21:07:27.222851,https://ope.ed.gov/dapip/#/institution-profile/104717,,104717,00697500,16,1,1,2,SC,99,3466,dapip_file_text,FALSE,show_cause,public_action_code,C:/Users/mv3031/Desktop/Financial_Health_Project/Financial Health Tracker - For Github/data_pipelines/accreditation/cache/dapip/pdfs/104717_action-2_file-3466.pdf,C:/Users/mv3031/Desktop/Financial_Health_Project/Financial Health Tracker - For Github/data_pipelines/accreditation/cache/dapip/text/104717_action-2_file-3466.txt,pdf_body,"To date, the institution’s website, at the pages below, is actively admitting students to and promoting the doctoral program with no disclosure identified of ACICS’ permanent moratorium and LU’s corresponding plans for the program, and the institution’s accreditation: http://www.lincolnuca.edu/admission/index#/admission/dbaadmreqs http://www.lincolnuca.edu/academics/index#%2Facademics%2Findex."
117557,Lincoln University,California,Accrediting Council for Independent Colleges and Schools,warning,"Mikhail Brodsky President and Chief Executive Officer Lincoln University 401 15th Street Oakland, CA 94612 Subject: Quality Assurance Monitoring Visit – Reinstatement - Compliance Warning Dear Dr.",active,2019-01-04,2019,,,DAPIP Institutional Accreditation Action,Probation or Equivalent or a More Severe Status: Warning,2026-06-07 21:07:27.272888,https://ope.ed.gov/dapip/#/institution-profile/104717,,104717,00697500,16,1,1,1,PW,1,3200,dapip_file_text,FALSE,warning,public_action_code,C:/Users/mv3031/Desktop/Financial_Health_Project/Financial Health Tracker - For Github/data_pipelines/accreditation/cache/dapip/pdfs/104717_action-1_file-3200.pdf,C:/Users/mv3031/Desktop/Financial_Health_Project/Financial Health Tracker - For Github/data_pipelines/accreditation/cache/dapip/text/104717_action-1_file-3200.txt,pdf_body,"Mikhail Brodsky President and Chief Executive Officer Lincoln University 401 15th Street Oakland, CA 94612 Subject: Quality Assurance Monitoring Visit – Reinstatement - Compliance Warning Dear Dr."
117751,The Master's University and Seminary,California,WASC Senior College and University Commission ,removed,Accreditation Reaffirmed: Probation Removed,resolved,2020-11-06,2020,,,DAPIP Institutional Accreditation Action,Accreditation Reaffirmed: Probation Removed,2026-06-07 21:07:30.247559,https://ope.ed.gov/dapip/#/institution-profile/104832,,104832,00122000,10,1,1,5,PR,10,0,dapip_action_description,FALSE,removed,public_action_code,,,raw_title,Probation removed
117751,The Master's University and Seminary,California,WASC Senior College and University Commission ,probation,Probation or Equivalent or a More Severe Status: Probation,active,2019-02-22,2019,,,DAPIP Institutional Accreditation Action,Probation or Equivalent or a More Severe Status: Probation,2026-06-07 21:07:30.354023,https://ope.ed.gov/dapip/#/institution-profile/104832,,104832,00122000,10,1,1,4,P,3,0,dapip_action_description,FALSE,probation,public_action_code,,,raw_title,Placed on Probation
118693,Menlo College,California,WASC Senior College and University Commission ,notice,Heightened Monitoring or Focused Review,active,2023-06-30,2023,,,DAPIP Institutional Accreditation Action,Heightened Monitoring or Focused Review,2026-06-07 21:07:31.44881,https://ope.ed.gov/dapip/#/institution-profile/105172,,105172,00123600,10,1,1,4,HM,6,0,dapip_action_description,FALSE,monitoring_or_notice,public_action_code,,,raw_title,Received heightened monitoring or focused review
118693,Menlo College,California,WASC Senior College and University Commission ,removed,Removal of Monitoring Status,resolved,2019-02-22,2019,,,DAPIP Institutional Accreditation Action,Removal of Monitoring Status,2026-06-07 21:07:31.605945,https://ope.ed.gov/dapip/#/institution-profile/105172,,105172,00123600,10,1,1,1,RM,9,0,dapip_action_description,FALSE,removed,public_action_code,,,raw_title,Monitoring status removed
119605,National University,California,WASC Senior College and University Commission ,other,Grant Substantive Change: Ownership,active,2022-06-24,2022,,,DAPIP Institutional Accreditation Action,Grant Substantive Change: Ownership,2026-06-07 21:07:32.777075,https://ope.ed.gov/dapip/#/institution-profile/105516,,105516,01146000,10,1,1,5,GO,10,0,dapip_action_description,FALSE,ownership_change,public_action_code,,,raw_title,Grant Substantive Change: Ownership
119775,Newschool of Architecture and Design,California,WASC Senior College and University Commission ,notice,Heightened Monitoring or Focused Review,active,2024-02-16,2024,,,DAPIP Institutional Accreditation Action,Heightened Monitoring or Focused Review,2026-06-07 21:07:33.487803,https://ope.ed.gov/dapip/#/institution-profile/105543,,105543,03043900,10,1,1,4,HM,10,0,dapip_action_description,FALSE,monitoring_or_notice,public_action_code,,,raw_title,Received heightened monitoring or focused review
119775,Newschool of Architecture and Design,California,WASC Senior College and University Commission ,notice,Warning or Equivalent-Factors Affecting Academic Quality,active,2023-02-24,2023,,,DAPIP Institutional Accreditation Action,Warning or Equivalent-Factors Affecting Academic Quality,2026-06-07 21:07:33.512056,https://ope.ed.gov/dapip/#/institution-profile/105543,,105543,03043900,10,1,1,3,WE,8,0,dapip_action_description,FALSE,monitoring_or_notice,public_action_code,,,raw_title,Warning or equivalent-factors affecting academic quality
119775,Newschool of Architecture and Design,California,WASC Senior College and University Commission ,other,Grant Substantive Change: Ownership,active,2019-02-22,2019,,,DAPIP Institutional Accreditation Action,Grant Substantive Change: Ownership,2026-06-07 21:07:33.570155,https://ope.ed.gov/dapip/#/institution-profile/105543,,105543,03043900,10,1,1,2,GO,10,0,dapip_action_description,FALSE,ownership_change,public_action_code,,,raw_title,Grant Substantive Change: Ownership
120166,San Francisco Bay University,California,Accrediting Council for Independent Colleges and Schools,adverse_action,Loss of Accreditation or Preaccreditation: Voluntary Withdrawal,active,2020-08-18,2020,,,DAPIP Institutional Accreditation Action,Loss of Accreditation or Preaccreditation: Voluntary Withdrawal,2026-06-07 21:07:34.205155,https://ope.ed.gov/dapip/#/institution-profile/105631,,105631,00000002,16,1,1,4,R,10,0,dapip_action_description,FALSE,withdrawal_or_loss,public_action_code,,,raw_title,Voluntarily Surrendered Accreditation
120184,Notre Dame de Namur University,California,WASC Senior College and University Commission ,notice,Heightened Monitoring or Focused Review,active,2024-02-16,2024,,,DAPIP Institutional Accreditation Action,Heightened Monitoring or Focused Review,2026-06-07 21:07:35.126076,https://ope.ed.gov/dapip/#/institution-profile/105640,,105640,00117900,10,1,1,6,HM,10,0,dapip_action_description,FALSE,monitoring_or_notice,public_action_code,,,raw_title,Received heightened monitoring or focused review
120184,Notre Dame de Namur University,California,WASC Senior College and University Commission ,notice,Warning or Equivalent-Factors Affecting Academic Quality,active,2023-06-30,2023,,,DAPIP Institutional Accreditation Action,Warning or Equivalent-Factors Affecting Academic Quality,2026-06-07 21:07:35.152207,https://ope.ed.gov/dapip/#/institution-profile/105640,,105640,00117900,10,1,1,5,WE,6,0,dapip_action_description,FALSE,monitoring_or_notice,public_action_code,,,raw_title,Warning or equivalent-factors affecting academic quality
120184,Notre Dame de Namur University,California,WASC Senior College and University Commission ,notice,Warning or Equivalent-Factors Affecting Academic Quality,active,2022-02-25,2022,,,DAPIP Institutional Accreditation Action,Warning or Equivalent-Factors Affecting Academic Quality,2026-06-07 21:07:35.183013,https://ope.ed.gov/dapip/#/institution-profile/105640,,105640,00117900,10,1,1,4,WE,8,0,dapip_action_description,FALSE,monitoring_or_notice,public_action_code,,,raw_title,Warning or equivalent-factors affecting academic quality
120184,Notre Dame de Namur University,California,WASC Senior College and University Commission ,notice,Probation or Equivalent or a More Severe Status: Other,active,2020-02-26,2020,,,DAPIP Institutional Accreditation Action,Probation or Equivalent or a More Severe Status: Other,2026-06-07 21:07:35.208897,https://ope.ed.gov/dapip/#/institution-profile/105640,,105640,00117900,10,1,1,2,PO,6,0,dapip_action_description,FALSE,monitoring_or_notice,public_action_code,,,raw_title,Probation or equivalent or a more severe status: other
120184,Notre Dame de Namur University,California,WASC Senior College and University Commission ,notice,Heightened Monitoring or Focused Review,active,2020-02-26,2020,,,DAPIP Institutional Accreditation Action,Heightened Monitoring or Focused Review,2026-06-07 21:07:35.236252,https://ope.ed.gov/dapip/#/institution-profile/105640,,105640,00117900,10,1,1,3,HM,6,0,dapip_action_description,FALSE,monitoring_or_notice,public_action_code,,,raw_title,Received heightened monitoring or focused review
120838,Pacific States University,California,Accrediting Council for Independent Colleges and Schools,adverse_action,Loss of Accreditation or Preaccreditation: Voluntary Withdrawal,active,2021-08-11,2021,,,DAPIP Institutional Accreditation Action,Loss of Accreditation or Preaccreditation: Voluntary Withdrawal | Voluntary Withdrawal,2026-06-07 21:07:38.161636,https://ope.ed.gov/dapip/#/institution-profile/105783,,105783,03163300,16,1,1,6,R,99,0,dapip_action_description,FALSE,withdrawal_or_loss,public_action_code,,,raw_title,Voluntarily Surrendered Accreditation
120838,Pacific States University,California,Accrediting Council for Independent Colleges and Schools,warning,"Heidi Crocker Associate Dean of Academic Affairs Pacific States University 3424 Wilshire Boulevard, 12th floor Los Angeles, CA 90010 Subject: Renewal of Accreditation – Continue Compliance Warning Dear Dr.",active,2019-08-22,2019,,,DAPIP Institutional Accreditation Action,Probation or Equivalent or a More Severe Status: Warning,2026-06-07 21:07:38.236639,https://ope.ed.gov/dapip/#/institution-profile/105783,,105783,03163300,16,1,1,3,PW,6,5410,dapip_file_text,FALSE,warning,public_action_code,C:/Users/mv3031/Desktop/Financial_Health_Project/Financial Health Tracker - For Github/data_pipelines/accreditation/cache/dapip/pdfs/105783_action-3_file-5410.pdf,C:/Users/mv3031/Desktop/Financial_Health_Project/Financial Health Tracker - For Github/data_pipelines/accreditation/cache/dapip/text/105783_action-3_file-5410.txt,pdf_body,"Heidi Crocker Associate Dean of Academic Affairs Pacific States University 3424 Wilshire Boulevard, 12th floor Los Angeles, CA 90010 Subject: Renewal of accreditation – Continue Compliance Warning Dear Dr."
120838,Pacific States University,California,Accrediting Council for Independent Colleges and Schools,warning,"Heidi Crocker Associate Dean, Academic Affairs Pacific States University 3424 Wilshire Boulevard Los Angeles, CA 90010 Subject: Renewal of Accreditation – Continued Compliance Warning Dear Dr.",active,2019-04-25,2019,,,DAPIP Institutional Accreditation Action,Probation or Equivalent or a More Severe Status: Warning,2026-06-07 21:07:38.27006,https://ope.ed.gov/dapip/#/institution-profile/105783,,105783,03163300,16,1,1,2,PW,8,4621,dapip_file_text,FALSE,warning,public_action_code,C:/Users/mv3031/Desktop/Financial_Health_Project/Financial Health Tracker - For Github/data_pipelines/accreditation/cache/dapip/pdfs/105783_action-2_file-4621.pdf,C:/Users/mv3031/Desktop/Financial_Health_Project/Financial Health Tracker - For Github/data_pipelines/accreditation/cache/dapip/text/105783_action-2_file-4621.txt,pdf_body,"Heidi Crocker Associate Dean, Academic Affairs Pacific States University 3424 Wilshire Boulevard Los Angeles, CA 90010 Subject: Renewal of accreditation – Continued Compliance Warning Dear Dr."
120865,Pacific Union College,California,WASC Senior College and University Commission ,notice,Heightened Monitoring or Focused Review,active,2021-06-25,2021,,,DAPIP Institutional Accreditation Action,Heightened Monitoring or Focused Review,2026-06-07 21:07:38.654116,https://ope.ed.gov/dapip/#/institution-profile/105792,,105792,00125800,10,1,1,2,HM,8,0,dapip_action_description,FALSE,monitoring_or_notice,public_action_code,,,raw_title,Received heightened monitoring or focused review
120865,Pacific Union College,California,WASC Senior College and University Commission ,notice,Heightened Monitoring or Focused Review,active,2021-06-25,2021,,,DAPIP Institutional Accreditation Action,Heightened Monitoring or Focused Review,2026-06-07 21:07:38.684374,https://ope.ed.gov/dapip/#/institution-profile/105792,,105792,00125800,10,1,1,3,HM,8,0,dapip_action_description,FALSE,monitoring_or_notice,public_action_code,,,raw_title,Received heightened monitoring or focused review
121691,University of Redlands,California,WASC Senior College and University Commission ,other,"June 1, 2026 Krista Newkirk President University of Redlands 1200 East Colton Ave PO Box 3080 Redlands, CA 92373-0999 Jeff Bellantoni President Woodbury University 7500 North Glenoaks Boulevard Burbank, CA 91504 Dear Presidents Newkirk and Bellantoni: During its May 29, 2026 meeting, the WASC Senior College and University Commission (WSCUC) considered a proposal submitted by University of Redlands (Redlands) and Woodbury University (Woodbury) for a merger of the two institutions following a Change of Control of Woodbury to Redlands in 2024, which was the first step of a two-step process in accordance with federal regulations pertaining to mergers of institutions.",active,2026-05-29,2026,,,DAPIP Institutional Accreditation Action,Grant Substantive Change: Ownership,2026-06-07 21:07:41.027271,https://ope.ed.gov/dapip/#/institution-profile/106032,,106032,00132200,10,1,1,5,GO,10,30484,dapip_file_text,FALSE,ownership_change,public_action_code,C:/Users/mv3031/Desktop/Financial_Health_Project/Financial Health Tracker - For Github/data_pipelines/accreditation/cache/dapip/pdfs/106032_action-5_file-30484.pdf,C:/Users/mv3031/Desktop/Financial_Health_Project/Financial Health Tracker - For Github/data_pipelines/accreditation/cache/dapip/text/106032_action-5_file-30484.txt,pdf_body,"June 1, 2026 Krista Newkirk President University of Redlands 1200 East Colton Ave PO Box 3080 Redlands, CA 92373-0999 Jeff Bellantoni President Woodbury University 7500 North Glenoaks Boulevard Burbank, CA 91504 Dear Presidents Newkirk and Bellantoni: During its May 29, 2026 meeting, the WASC Senior College and University Commission (WSCUC) considered a proposal submitted by University of Redlands (Redlands) and Woodbury University (Woodbury) for a merger of the two institutions following a Change of Control of Woodbury to Redlands in 2024, which was the first step of a two-step process in accordance with federal regulations pertaining to mergers of institutions."
121691,University of Redlands,California,WASC Senior College and University Commission ,other,Grant Substantive Change: Ownership,active,2019-06-28,2019,,,DAPIP Institutional Accreditation Action,Grant Substantive Change: Ownership,2026-06-07 21:07:41.12339,https://ope.ed.gov/dapip/#/institution-profile/106032,,106032,00132200,10,1,1,2,GO,10,0,dapip_action_description,FALSE,ownership_change,public_action_code,,,raw_title,Grant Substantive Change: Ownership
123457,Simpson University,California,WASC Senior College and University Commission ,removed,Removal of Monitoring Status,resolved,2021-06-25,2021,,,DAPIP Institutional Accreditation Action,Removal of Monitoring Status,2026-06-07 21:07:46.418288,https://ope.ed.gov/dapip/#/institution-profile/106607,,106607,00129100,10,1,1,7,RM,10,0,dapip_action_description,FALSE,removed,public_action_code,,,raw_title,Monitoring status removed
123457,Simpson University,California,WASC Senior College and University Commission ,removed,Accreditation Reaffirmed: Probation Removed,resolved,2019-02-22,2019,,,DAPIP Institutional Accreditation Action,Accreditation Reaffirmed: Probation Removed,2026-06-07 21:07:46.505731,https://ope.ed.gov/dapip/#/institution-profile/106607,,106607,00129100,10,1,1,3,PR,9,0,dapip_action_description,FALSE,removed,public_action_code,,,raw_title,Probation removed
123457,Simpson University,California,WASC Senior College and University Commission ,notice,Heightened Monitoring or Focused Review,active,2019-02-22,2019,,,DAPIP Institutional Accreditation Action,Heightened Monitoring or Focused Review,2026-06-07 21:07:46.529757,https://ope.ed.gov/dapip/#/institution-profile/106607,,106607,00129100,10,1,1,4,HM,6,0,dapip_action_description,FALSE,monitoring_or_notice,public_action_code,,,raw_title,Received heightened monitoring or focused review
123554,Saint Mary's College of California,California,WASC Senior College and University Commission ,notice,Heightened Monitoring or Focused Review,active,2024-02-16,2024,,,DAPIP Institutional Accreditation Action,Heightened Monitoring or Focused Review,2026-06-07 21:07:47.086106,https://ope.ed.gov/dapip/#/institution-profile/106652,,106652,00130200,10,1,1,5,HM,10,0,dapip_action_description,FALSE,monitoring_or_notice,public_action_code,,,raw_title,Received heightened monitoring or focused review
123572,Sonoma State University,California,WASC Senior College and University Commission ,notice,Defer action on reaffirmation of accreditation 3.,active,2026-02-13,2026,,,DAPIP Institutional Accreditation Action,Deferral of Action,2026-06-07 21:07:47.608545,https://ope.ed.gov/dapip/#/institution-profile/106670,,106670,00115600,10,1,1,3,DR,3,29844,dapip_file_text,FALSE,monitoring_or_notice,public_action_code,C:/Users/mv3031/Desktop/Financial_Health_Project/Financial Health Tracker - For Github/data_pipelines/accreditation/cache/dapip/pdfs/106670_action-3_file-29844.pdf,C:/Users/mv3031/Desktop/Financial_Health_Project/Financial Health Tracker - For Github/data_pipelines/accreditation/cache/dapip/text/106670_action-3_file-29844.txt,pdf_body,Issued a Notice of Concern over standards concerning financial sustainability and shared governance
124487,Epic Bible College & Graduate School,California,"Transnational Association of Christian Colleges and Schools, Accreditation Commission",probation,"TRANSNATIONAL ASSOCIATION OF CHRISTIAN COLLEGES AND SCHOOLS (TRACS) ACCREDITATION COMMISSION ACTION Public Disclosure Statement Regarding the Change of Status for Epic Bible College and Graduate School Sacramento, CA From ACCREDITED to ACCREDITED – PROBATION Issued by the Accreditation Commission on May 19, 2026 Epic Bible College and Graduate School: The following information is provided by the Transnational Association of Christian Colleges and Schools (TRACS) regarding the current status of Epic Bible College and Graduate School (EBCGS).",active,2026-04-28,2026,,,DAPIP Institutional Accreditation Action,Probation or Equivalent or a More Severe Status: Probation,2026-06-07 21:07:50.005704,https://ope.ed.gov/dapip/#/institution-profile/106892,,106892,03403300,19,1,1,2,P,3,30359,dapip_file_text,FALSE,probation,public_action_code,C:/Users/mv3031/Desktop/Financial_Health_Project/Financial Health Tracker - For Github/data_pipelines/accreditation/cache/dapip/pdfs/106892_action-2_file-30359.pdf,C:/Users/mv3031/Desktop/Financial_Health_Project/Financial Health Tracker - For Github/data_pipelines/accreditation/cache/dapip/text/106892_action-2_file-30359.txt,pdf_body,"TRANSNATIONAL ASSOCIATION OF CHRISTIAN COLLEGES AND SCHOOLS (TRACS) accreditation COMMISSION ACTION Public Disclosure Statement Regarding the Change of Status for Epic Bible College and Graduate School Sacramento, CA From ACCREDITED to ACCREDITED – Probation Issued by the accreditation Commission on May 19, 2026 Epic Bible College and Graduate School: The following information is provided by the Transnational Association of Christian Colleges and Schools (TRACS) regarding the current status of Epic Bible College and Graduate School (EBCGS)."
125897,Woodbury University,California,WASC Senior College and University Commission ,other,"June 1, 2026 Krista Newkirk President University of Redlands 1200 East Colton Ave PO Box 3080 Redlands, CA 92373-0999 Jeff Bellantoni President Woodbury University 7500 North Glenoaks Boulevard Burbank, CA 91504 Dear Presidents Newkirk and Bellantoni: During its May 29, 2026 meeting, the WASC Senior College and University Commission (WSCUC) considered a proposal submitted by University of Redlands (Redlands) and Woodbury University (Woodbury) for a merger of the two institutions following a Change of Control of Woodbury to Redlands in 2024, which was the first step of a two-step process in accordance with federal regulations pertaining to mergers of institutions.",active,2026-05-29,2026,,,DAPIP Institutional Accreditation Action,Grant Substantive Change: Ownership,2026-06-07 21:07:51.267542,https://ope.ed.gov/dapip/#/institution-profile/107169,,107169,00134300,10,1,1,7,GO,10,30485,dapip_file_text,FALSE,ownership_change,public_action_code,C:/Users/mv3031/Desktop/Financial_Health_Project/Financial Health Tracker - For Github/data_pipelines/accreditation/cache/dapip/pdfs/107169_action-7_file-30485.pdf,C:/Users/mv3031/Desktop/Financial_Health_Project/Financial Health Tracker - For Github/data_pipelines/accreditation/cache/dapip/text/107169_action-7_file-30485.txt,pdf_body,"June 1, 2026 Krista Newkirk President University of Redlands 1200 East Colton Ave PO Box 3080 Redlands, CA 92373-0999 Jeff Bellantoni President Woodbury University 7500 North Glenoaks Boulevard Burbank, CA 91504 Dear Presidents Newkirk and Bellantoni: During its May 29, 2026 meeting, the WASC Senior College and University Commission (WSCUC) considered a proposal submitted by University of Redlands (Redlands) and Woodbury University (Woodbury) for a merger of the two institutions following a Change of Control of Woodbury to Redlands in 2024, which was the first step of a two-step process in accordance with federal regulations pertaining to mergers of institutions."
125897,Woodbury University,California,WASC Senior College and University Commission ,removed,"Procedural History Following the 2023 reaffirmation of accreditation review of University of Redlands, the 2024 reaffirmation of accreditation review of Woodbury University, and the 2024 change of control approval of Woodbury University to become a subsidiary of the University of Redlands, all areas for development from the WSCUC reviews were combined into a single Special Visit review of University of Redlands together with Woodbury University.",resolved,2025-06-27,2025,,,DAPIP Institutional Accreditation Action,Removal of Monitoring Status,2026-06-07 21:07:51.314067,https://ope.ed.gov/dapip/#/institution-profile/107169,,107169,00134300,10,1,1,6,RM,10,22141,dapip_file_text,FALSE,removed,public_action_code,C:/Users/mv3031/Desktop/Financial_Health_Project/Financial Health Tracker - For Github/data_pipelines/accreditation/cache/dapip/pdfs/107169_action-6_file-22141.pdf,C:/Users/mv3031/Desktop/Financial_Health_Project/Financial Health Tracker - For Github/data_pipelines/accreditation/cache/dapip/text/107169_action-6_file-22141.txt,pdf_body,Removed Notice of Concern
125897,Woodbury University,California,WASC Senior College and University Commission ,notice,"Procedural History Simultaneous with the WSCUC reaffirmation review, Woodbury University was undergoing a Change of Control to the University of Redlands.",active,2024-06-28,2024,,,DAPIP Institutional Accreditation Action,Heightened Monitoring or Focused Review,2026-06-07 21:07:51.383188,https://ope.ed.gov/dapip/#/institution-profile/107169,,107169,00134300,10,1,1,4,HM,6,18914,dapip_file_text,FALSE,monitoring_or_notice,public_action_code,C:/Users/mv3031/Desktop/Financial_Health_Project/Financial Health Tracker - For Github/data_pipelines/accreditation/cache/dapip/pdfs/107169_action-4_file-18914.pdf,C:/Users/mv3031/Desktop/Financial_Health_Project/Financial Health Tracker - For Github/data_pipelines/accreditation/cache/dapip/text/107169_action-4_file-18914.txt,pdf_body,Issued a Notice of Concern over standards concerning financial sustainability and leadership capacity
128498,Albertus Magnus College,Connecticut,New England Commission of Higher Education,notice,Heightened Monitoring or Focused Review,active,2023-03-02,2023,,,DAPIP Institutional Accreditation Action,Heightened Monitoring or Focused Review | Is in danger of not meeting the Commission’s standard on Institutional Resources.,2026-06-07 21:08:00.293748,https://ope.ed.gov/dapip/#/institution-profile/107956,,107956,00137400,2,1,1,3,HM,99,0,dapip_action_description,FALSE,monitoring_or_notice,public_action_code,,,raw_title,Received heightened monitoring or focused review because Is in danger of not meeting the Commission’s standard on Institutional Resources.
130934,Delaware State University,Delaware,Middle States Commission on Higher Education,other,Grant Substantive Change: Ownership,active,2021-06-24,2021,,,DAPIP Institutional Accreditation Action,"Grant Substantive Change: Ownership | Change in Legal Status, Form of Control, or Ownership: Institution meets the requirements for this substantive change",2026-06-07 21:08:08.078354,https://ope.ed.gov/dapip/#/institution-profile/108746,,108746,00142800,1,1,1,4,GO,99,0,dapip_action_description,FALSE,ownership_change,public_action_code,,,raw_title,Grant Substantive Change: Ownership
131803,Strayer University-District of Columbia,District of Columbia,Middle States Commission on Higher Education,other,Grant Substantive Change: Ownership,active,2025-08-28,2025,,,DAPIP Institutional Accreditation Action,"Grant Substantive Change: Ownership | To include the change in legal status, form of control, and ownership within the institution's scope of accreditation, effective September 8, 2025. To note that the complex substantive change request includes Strayer University's acquisition, through stock transfer, of the Media Design School (MDS)",2026-06-07 21:08:13.835384,https://ope.ed.gov/dapip/#/institution-profile/108968,,108968,00145900,1,1,1,36,GO,99,0,dapip_action_description,FALSE,ownership_change,public_action_code,,,raw_title,Grant Substantive Change: Ownership
132408,Baptist University of Florida,Florida,"Southern Association of Colleges and Schools, Commission on Colleges",notice,"Cloer: The following action regarding your institution was taken by the Board of Trustees of the Southern Association of Colleges and Schools Commission on Colleges (SACSCOC) during its meeting held on December 8, 2024: The SACSCOC Board of Trustees reviewed the institution’s Referral Report following submission of its Fifth-Year Interim Report in April 2024, and requested a Monitoring Report due April 1,2025, addressing the following referenced standard of the Principles of Accreditation: Standard 13.7 (Physical resources) This standard expects an institution to ensure adequate physical facilities and resources, both on and off campus, that appropriately serve the needs of the institution’s educational programs, support services, and other mission-related activities.",active,2025-01-14,2025,,,DAPIP Institutional Accreditation Action,Heightened Monitoring or Focused Review,2026-06-07 21:08:16.688986,https://ope.ed.gov/dapip/#/institution-profile/109040,,109040,02159600,7,1,1,11,HM,6,23587,dapip_file_text,FALSE,monitoring_or_notice,public_action_code,C:/Users/mv3031/Desktop/Financial_Health_Project/Financial Health Tracker - For Github/data_pipelines/accreditation/cache/dapip/pdfs/109040_action-11_file-23587.pdf,C:/Users/mv3031/Desktop/Financial_Health_Project/Financial Health Tracker - For Github/data_pipelines/accreditation/cache/dapip/text/109040_action-11_file-23587.txt,pdf_body,Requested to Submit a Monitoring Report on Physical Resources
132408,Baptist University of Florida,Florida,"Southern Association of Colleges and Schools, Commission on Colleges",notice,"Cloer: The following action regarding your institution was taken by the Board of Trustees of the Southern Association of Colleges and Schools Commission on Colleges (SACSCOC) during its meeting held on December 8, 2024: The SACSCOC Board of Trustees reviewed the institution’s Referral Report following submission of its Fifth-Year Interim Report in April 2024, and requested a Monitoring Report due April 1,2025, addressing the following referenced standard of the Principles of Accreditation: Standard 13.7 (Physical resources) This standard expects an institution to ensure adequate physical facilities and resources, both on and off campus, that appropriately serve the needs of the institution’s educational programs, support services, and other mission-related activities.",active,2024-12-08,2024,,,DAPIP Institutional Accreditation Action,Heightened Monitoring or Focused Review,2026-06-07 21:08:16.779767,https://ope.ed.gov/dapip/#/institution-profile/109040,,109040,02159600,7,1,1,27,HM,6,28007,dapip_file_text,FALSE,monitoring_or_notice,public_action_code,C:/Users/mv3031/Desktop/Financial_Health_Project/Financial Health Tracker - For Github/data_pipelines/accreditation/cache/dapip/pdfs/109040_action-27_file-28007.pdf,C:/Users/mv3031/Desktop/Financial_Health_Project/Financial Health Tracker - For Github/data_pipelines/accreditation/cache/dapip/text/109040_action-27_file-28007.txt,pdf_body,Requested to Submit a Monitoring Report on Physical Resources
132408,Baptist University of Florida,Florida,"Southern Association of Colleges and Schools, Commission on Colleges",notice,"Based only on those reviewed standards, the institution should submit a Referral Report due September 8, 2024, addressing the standards of the Principles identified below.",active,2024-05-22,2024,,,DAPIP Institutional Accreditation Action,Heightened Monitoring or Focused Review,2026-06-07 21:08:17.087178,https://ope.ed.gov/dapip/#/institution-profile/109040,,109040,02159600,7,1,1,8,HM,6,23581,dapip_file_text,FALSE,monitoring_or_notice,public_action_code,C:/Users/mv3031/Desktop/Financial_Health_Project/Financial Health Tracker - For Github/data_pipelines/accreditation/cache/dapip/pdfs/109040_action-8_file-23581.pdf,C:/Users/mv3031/Desktop/Financial_Health_Project/Financial Health Tracker - For Github/data_pipelines/accreditation/cache/dapip/text/109040_action-8_file-23581.txt,pdf_body,Requested to submit a Referral Report documenting compliance with accreditation standards
132408,Baptist University of Florida,Florida,"Southern Association of Colleges and Schools, Commission on Colleges",notice,"Based only on those reviewed standards, the institution should submit a Referral Report due September 8, 2024, addressing the standards of the Principles identified below.",active,2024-04-26,2024,,,DAPIP Institutional Accreditation Action,Heightened Monitoring or Focused Review,2026-06-07 21:08:17.140224,https://ope.ed.gov/dapip/#/institution-profile/109040,,109040,02159600,7,1,1,31,HM,6,28347,dapip_file_text,FALSE,monitoring_or_notice,public_action_code,C:/Users/mv3031/Desktop/Financial_Health_Project/Financial Health Tracker - For Github/data_pipelines/accreditation/cache/dapip/pdfs/109040_action-31_file-28347.pdf,C:/Users/mv3031/Desktop/Financial_Health_Project/Financial Health Tracker - For Github/data_pipelines/accreditation/cache/dapip/text/109040_action-31_file-28347.txt,pdf_body,Requested to submit a Referral Report documenting compliance with accreditation standards
132471,Barry University,Florida,"Southern Association of Colleges and Schools, Commission on Colleges",notice,"Allen: The following action regarding your institution was taken by the Board of Trustees of the Southern Association of Colleges and Schools Commission on Colleges (SACSCOC) during its meeting held on December 8, 2024: The SACSCOC Board of Trustees reaffirmed accreditation with a request for a Monitoring Report due September 8, 2025.",active,2024-12-08,2024,,,DAPIP Institutional Accreditation Action,Heightened Monitoring or Focused Review,2026-06-07 21:08:17.848832,https://ope.ed.gov/dapip/#/institution-profile/109059,,109059,00146600,7,1,1,9,HM,6,23621,dapip_file_text,FALSE,monitoring_or_notice,public_action_code,C:/Users/mv3031/Desktop/Financial_Health_Project/Financial Health Tracker - For Github/data_pipelines/accreditation/cache/dapip/pdfs/109059_action-9_file-23621.pdf,C:/Users/mv3031/Desktop/Financial_Health_Project/Financial Health Tracker - For Github/data_pipelines/accreditation/cache/dapip/text/109059_action-9_file-23621.txt,pdf_body,"Reaffirmed accreditation with a request for a Monitoring Report due September 8, 2025.Your institution’s next reaffirmation will occur in 2034 unless otherwise notified."
132471,Barry University,Florida,"Southern Association of Colleges and Schools, Commission on Colleges",notice,Heightened Monitoring or Focused Review,active,2024-06-13,2024,,,DAPIP Institutional Accreditation Action,Heightened Monitoring or Focused Review,2026-06-07 21:08:18.009211,https://ope.ed.gov/dapip/#/institution-profile/109059,,109059,00146600,7,1,1,12,HM,10,25196,dapip_action_description,FALSE,monitoring_or_notice,public_action_code,C:/Users/mv3031/Desktop/Financial_Health_Project/Financial Health Tracker - For Github/data_pipelines/accreditation/cache/dapip/pdfs/109059_action-12_file-25196.pdf,C:/Users/mv3031/Desktop/Financial_Health_Project/Financial Health Tracker - For Github/data_pipelines/accreditation/cache/dapip/text/109059_action-12_file-25196.txt,raw_title,Heightened monitoring or focused review
132471,Barry University,Florida,"Southern Association of Colleges and Schools, Commission on Colleges",notice,"Alien: The following action regarding your institution was taken by the Board of Trustees of the Southern Association of Colleges and Schools Commission on Colleges (SACSCOC) during its meeting held on June 15, 2023: The SACSCOC Board of Trustees reviewed the institution's First Monitoring Report following action on a review of the institution's policy and procedures on substantive change in December 2022.",active,2023-06-15,2023,,,DAPIP Institutional Accreditation Action,Heightened Monitoring or Focused Review,2026-06-07 21:08:18.080876,https://ope.ed.gov/dapip/#/institution-profile/109059,,109059,00146600,7,1,1,11,HM,6,25195,dapip_file_text,FALSE,monitoring_or_notice,public_action_code,C:/Users/mv3031/Desktop/Financial_Health_Project/Financial Health Tracker - For Github/data_pipelines/accreditation/cache/dapip/pdfs/109059_action-11_file-25195.pdf,C:/Users/mv3031/Desktop/Financial_Health_Project/Financial Health Tracker - For Github/data_pipelines/accreditation/cache/dapip/text/109059_action-11_file-25195.txt,pdf_body,Requested to Submit a Monitoring Report
132471,Barry University,Florida,"Southern Association of Colleges and Schools, Commission on Colleges",notice,Heightened Monitoring or Focused Review,active,2023-06-15,2023,,,DAPIP Institutional Accreditation Action,Heightened Monitoring or Focused Review,2026-06-07 21:08:18.178871,https://ope.ed.gov/dapip/#/institution-profile/109059,,109059,00146600,7,1,1,2,HM,6,0,dapip_action_description,FALSE,monitoring_or_notice,public_action_code,,,raw_title,Heightened monitoring or focused review
132471,Barry University,Florida,"Southern Association of Colleges and Schools, Commission on Colleges",notice,Heightened Monitoring or Focused Review,active,2022-12-04,2022,,,DAPIP Institutional Accreditation Action,Heightened Monitoring or Focused Review,2026-06-07 21:08:18.372883,https://ope.ed.gov/dapip/#/institution-profile/109059,,109059,00146600,7,1,1,10,HM,6,25193,dapip_action_description,FALSE,monitoring_or_notice,public_action_code,C:/Users/mv3031/Desktop/Financial_Health_Project/Financial Health Tracker - For Github/data_pipelines/accreditation/cache/dapip/pdfs/109059_action-10_file-25193.pdf,C:/Users/mv3031/Desktop/Financial_Health_Project/Financial Health Tracker - For Github/data_pipelines/accreditation/cache/dapip/text/109059_action-10_file-25193.txt,raw_title,Heightened monitoring or focused review
132602,Bethune-Cookman University,Florida,"Southern Association of Colleges and Schools, Commission on Colleges",notice,"The institution is requested to submit a First Monitoring Report due September 8, 2025, addressing the following referenced standard of the Principles of Accreditation.",active,2025-06-25,2025,,,DAPIP Institutional Accreditation Action,Heightened Monitoring or Focused Review,2026-06-07 21:08:18.865329,https://ope.ed.gov/dapip/#/institution-profile/109077,,109077,00146700,7,1,1,14,HM,6,23795,dapip_file_text,FALSE,monitoring_or_notice,public_action_code,C:/Users/mv3031/Desktop/Financial_Health_Project/Financial Health Tracker - For Github/data_pipelines/accreditation/cache/dapip/pdfs/109077_action-14_file-23795.pdf,C:/Users/mv3031/Desktop/Financial_Health_Project/Financial Health Tracker - For Github/data_pipelines/accreditation/cache/dapip/text/109077_action-14_file-23795.txt,pdf_body,Requested to Submit a Monitoring Report
132602,Bethune-Cookman University,Florida,"Southern Association of Colleges and Schools, Commission on Colleges",removed,"Chrite: The following action regarding your institution was taken by the Board of Trustees of the Southern Association of Colleges and Schools Commission on Colleges (SACSCOC) during its meeting held on September 3, 2020: The SACSCOC Board of Trustees reviewed the institution's Second Monitoring Report following review of a Special Report and a Special Committee Report and recommended removal from Probation.",resolved,2020-09-03,2020,,,DAPIP Institutional Accreditation Action,Accreditation Reaffirmed: Probation Removed,2026-06-07 21:08:19.093472,https://ope.ed.gov/dapip/#/institution-profile/109077,,109077,00146700,7,1,1,15,PR,10,28056,dapip_file_text,FALSE,removed,public_action_code,C:/Users/mv3031/Desktop/Financial_Health_Project/Financial Health Tracker - For Github/data_pipelines/accreditation/cache/dapip/pdfs/109077_action-15_file-28056.pdf,C:/Users/mv3031/Desktop/Financial_Health_Project/Financial Health Tracker - For Github/data_pipelines/accreditation/cache/dapip/text/109077_action-15_file-28056.txt,pdf_body,Removed from probation
132602,Bethune-Cookman University,Florida,"Southern Association of Colleges and Schools, Commission on Colleges",notice,"ofTrustees reviewedthe institution's Monitoring Reportanda Special ^S'^neI a p ww.s reviewofthe institution's Special Report^ resuHing'from"" rece'pl°f.",active,2019-06-13,2019,,,DAPIP Institutional Accreditation Action,Probation or Equivalent or More Severe Status: Monitoring,2026-06-07 21:08:19.137957,https://ope.ed.gov/dapip/#/institution-profile/109077,,109077,00146700,7,1,1,16,PN,1,28057,dapip_file_text,FALSE,monitoring_or_notice,public_action_code,C:/Users/mv3031/Desktop/Financial_Health_Project/Financial Health Tracker - For Github/data_pipelines/accreditation/cache/dapip/pdfs/109077_action-16_file-28057.pdf,C:/Users/mv3031/Desktop/Financial_Health_Project/Financial Health Tracker - For Github/data_pipelines/accreditation/cache/dapip/text/109077_action-16_file-28057.txt,pdf_body,"Since your institution has been continued on probation, the Commission directs your attention to the enclosed policy entitled ""Sanctions, Denial of Reaffirmation, and Removal from Membership."" Please note that with submission of this report, your institution will have submitted monitoring reports for a period of two years, concluding in June 2020.Federal regulations and SACSCOC's policy stipulate that if an institution does not demonstrate compliance with all the standards and requirements of the Principles of accreditation within two years following initial action on the institution, representatives from the institution may be required to appear for a meeting on the record before the SACSCOC Board of Trustees, or one of its standing committees, to answer questions as to why the institution should not be removed from membership."
132602,Bethune-Cookman University,Florida,"Southern Association of Colleges and Schools, Commission on Colleges",probation,Probation or Equivalent or a More Severe Status: Probation,active,2019-06-11,2019,,,DAPIP Institutional Accreditation Action,Probation or Equivalent or a More Severe Status: Probation,2026-06-07 21:08:19.196634,https://ope.ed.gov/dapip/#/institution-profile/109077,,109077,00146700,7,1,1,6,P,6,0,dapip_action_description,FALSE,probation,public_action_code,,,raw_title,Placed on probation
132657,Lynn University,Florida,"Southern Association of Colleges and Schools, Commission on Colleges",notice,Heightened Monitoring or Focused Review,active,2022-12-04,2022,,,DAPIP Institutional Accreditation Action,Heightened Monitoring or Focused Review,2026-06-07 21:08:19.615745,https://ope.ed.gov/dapip/#/institution-profile/109086,,109086,00150500,7,1,1,8,HM,9,28349,dapip_action_description,FALSE,monitoring_or_notice,public_action_code,C:/Users/mv3031/Desktop/Financial_Health_Project/Financial Health Tracker - For Github/data_pipelines/accreditation/cache/dapip/pdfs/109086_action-8_file-28349.pdf,C:/Users/mv3031/Desktop/Financial_Health_Project/Financial Health Tracker - For Github/data_pipelines/accreditation/cache/dapip/text/109086_action-8_file-28349.txt,raw_title,Heightened monitoring or focused review
132903,University of Central Florida,Florida,"Southern Association of Colleges and Schools, Commission on Colleges",adverse_action,Voluntary Withdrawal Received,active,2025-12-31,2025,,,DAPIP Institutional Accreditation Action,Voluntary Withdrawal Received | Changed accreditors,2026-06-07 21:08:20.27428,https://ope.ed.gov/dapip/#/institution-profile/109174,,109174,00395400,7,1,1,7,VR,99,0,dapip_action_description,FALSE,withdrawal_or_loss,public_action_code,,,raw_title,Voluntarily Surrendered Accreditation
132903,University of Central Florida,Florida,"Southern Association of Colleges and Schools, Commission on Colleges",notice,Heightened Monitoring or Focused Review,active,2022-12-04,2022,,,DAPIP Institutional Accreditation Action,Heightened Monitoring or Focused Review,2026-06-07 21:08:20.399031,https://ope.ed.gov/dapip/#/institution-profile/109174,,109174,00395400,7,1,1,6,HM,9,28458,dapip_action_description,FALSE,monitoring_or_notice,public_action_code,C:/Users/mv3031/Desktop/Financial_Health_Project/Financial Health Tracker - For Github/data_pipelines/accreditation/cache/dapip/pdfs/109174_action-6_file-28458.pdf,C:/Users/mv3031/Desktop/Financial_Health_Project/Financial Health Tracker - For Github/data_pipelines/accreditation/cache/dapip/text/109174_action-6_file-28458.txt,raw_title,Heightened monitoring or focused review
132903,University of Central Florida,Florida,"Southern Association of Colleges and Schools, Commission on Colleges",notice,"Based only on those reviewed standards, the institution should submit a Referral Report due April 3, 2023, addressing the standards of the Principles identified below.",active,2022-06-16,2022,,,DAPIP Institutional Accreditation Action,Heightened Monitoring or Focused Review,2026-06-07 21:08:20.526197,https://ope.ed.gov/dapip/#/institution-profile/109174,,109174,00395400,7,1,1,4,HM,6,27489,dapip_file_text,FALSE,monitoring_or_notice,public_action_code,C:/Users/mv3031/Desktop/Financial_Health_Project/Financial Health Tracker - For Github/data_pipelines/accreditation/cache/dapip/pdfs/109174_action-4_file-27489.pdf,C:/Users/mv3031/Desktop/Financial_Health_Project/Financial Health Tracker - For Github/data_pipelines/accreditation/cache/dapip/text/109174_action-4_file-27489.txt,pdf_body,Requested to submit a Referral Report documenting compliance with accreditation standards
133553,Embry-Riddle Aeronautical University-Daytona Beach,Florida,"Southern Association of Colleges and Schools, Commission on Colleges",removed,Accreditation Reaffirmed:  Warning Removed,resolved,2020-12-06,2020,,,DAPIP Institutional Accreditation Action,Accreditation Reaffirmed: Warning Removed,2026-06-07 21:08:23.462205,https://ope.ed.gov/dapip/#/institution-profile/109299,,109299,00147900,7,1,1,6,WR,10,0,dapip_action_description,FALSE,removed,public_action_code,,,raw_title,Warning removed
133553,Embry-Riddle Aeronautical University-Daytona Beach,Florida,"Southern Association of Colleges and Schools, Commission on Colleges",removed,Removal of Monitoring Status,resolved,2019-12-08,2019,,,DAPIP Institutional Accreditation Action,Removal of Monitoring Status,2026-06-07 21:08:23.516042,https://ope.ed.gov/dapip/#/institution-profile/109299,,109299,00147900,7,1,1,4,RM,10,0,dapip_action_description,FALSE,removed,public_action_code,,,raw_title,Removal of Monitoring Status
133553,Embry-Riddle Aeronautical University-Daytona Beach,Florida,"Southern Association of Colleges and Schools, Commission on Colleges",removed,Removal of Monitoring Status,resolved,2019-12-01,2019,,,DAPIP Institutional Accreditation Action,Removal of Monitoring Status,2026-06-07 21:08:23.563971,https://ope.ed.gov/dapip/#/institution-profile/109299,,109299,00147900,7,1,1,7,RM,10,0,dapip_action_description,FALSE,removed,public_action_code,,,raw_title,Removal of Monitoring Status
133553,Embry-Riddle Aeronautical University-Daytona Beach,Florida,"Southern Association of Colleges and Schools, Commission on Colleges",warning,Probation or Equivalent or a More Severe Status: Warning,active,2019-06-13,2019,,,DAPIP Institutional Accreditation Action,Probation or Equivalent or a More Severe Status: Warning,2026-06-07 21:08:23.618723,https://ope.ed.gov/dapip/#/institution-profile/109299,,109299,00147900,7,1,1,2,PW,6,0,dapip_action_description,FALSE,warning,public_action_code,,,raw_title,Placed on warning
133553,Embry-Riddle Aeronautical University-Daytona Beach,Florida,"Southern Association of Colleges and Schools, Commission on Colleges",notice,Warning or Equivalent-Factors Affecting Academic Quality,active,2019-06-11,2019,,,DAPIP Institutional Accreditation Action,Warning or Equivalent-Factors Affecting Academic Quality,2026-06-07 21:08:23.651215,https://ope.ed.gov/dapip/#/institution-profile/109299,,109299,00147900,7,1,1,3,WE,6,0,dapip_action_description,FALSE,monitoring_or_notice,public_action_code,,,raw_title,Warning or Equivalent-Factors Affecting Academic Quality
133650,Florida Agricultural and Mechanical University,Florida,"Southern Association of Colleges and Schools, Commission on Colleges",notice,Heightened Monitoring or Focused Review,active,2025-06-12,2025,,,DAPIP Institutional Accreditation Action,Heightened Monitoring or Focused Review,2026-06-07 21:08:24.072559,https://ope.ed.gov/dapip/#/institution-profile/109305,,109305,00148000,7,1,1,4,HM,10,24150,dapip_action_description,FALSE,monitoring_or_notice,public_action_code,C:/Users/mv3031/Desktop/Financial_Health_Project/Financial Health Tracker - For Github/data_pipelines/accreditation/cache/dapip/pdfs/109305_action-4_file-24150.pdf,C:/Users/mv3031/Desktop/Financial_Health_Project/Financial Health Tracker - For Github/data_pipelines/accreditation/cache/dapip/text/109305_action-4_file-24150.txt,raw_title,Heightened monitoring or focused review
133650,Florida Agricultural and Mechanical University,Florida,"Southern Association of Colleges and Schools, Commission on Colleges",notice,"Based only on those reviewed standards, the institution should submit a Referral Report due April 1,2025, addressing the standards of the Principles identified below.",active,2024-04-24,2024,,,DAPIP Institutional Accreditation Action,Heightened Monitoring or Focused Review,2026-06-07 21:08:24.14474,https://ope.ed.gov/dapip/#/institution-profile/109305,,109305,00148000,7,1,1,3,HM,6,24149,dapip_file_text,FALSE,monitoring_or_notice,public_action_code,C:/Users/mv3031/Desktop/Financial_Health_Project/Financial Health Tracker - For Github/data_pipelines/accreditation/cache/dapip/pdfs/109305_action-3_file-24149.pdf,C:/Users/mv3031/Desktop/Financial_Health_Project/Financial Health Tracker - For Github/data_pipelines/accreditation/cache/dapip/text/109305_action-3_file-24149.txt,pdf_body,Requested to submit a Referral Report documenting compliance with accreditation standards
133711,Flagler College,Florida,"Southern Association of Colleges and Schools, Commission on Colleges",notice,"Based only on those reviewed standards, the institution is requested to submit a Referral Report due April 1, 2026, addressing the standards of the Principles identified below.",active,2025-04-25,2025,,,DAPIP Institutional Accreditation Action,Heightened Monitoring or Focused Review,2026-06-07 21:08:25.055939,https://ope.ed.gov/dapip/#/institution-profile/109332,,109332,00789300,7,1,1,5,HM,6,26935,dapip_file_text,FALSE,monitoring_or_notice,public_action_code,C:/Users/mv3031/Desktop/Financial_Health_Project/Financial Health Tracker - For Github/data_pipelines/accreditation/cache/dapip/pdfs/109332_action-5_file-26935.pdf,C:/Users/mv3031/Desktop/Financial_Health_Project/Financial Health Tracker - For Github/data_pipelines/accreditation/cache/dapip/text/109332_action-5_file-26935.txt,pdf_body,Requested to submit a Referral Report documenting compliance with accreditation standards
133809,Florida College,Florida,"Southern Association of Colleges and Schools, Commission on Colleges",notice,Heightened Monitoring or Focused Review,active,2022-12-03,2022,,,DAPIP Institutional Accreditation Action,Heightened Monitoring or Focused Review,2026-06-07 21:08:25.821554,https://ope.ed.gov/dapip/#/institution-profile/109350,,109350,00148200,7,1,1,5,HM,6,24146,dapip_action_description,FALSE,monitoring_or_notice,public_action_code,C:/Users/mv3031/Desktop/Financial_Health_Project/Financial Health Tracker - For Github/data_pipelines/accreditation/cache/dapip/pdfs/109350_action-5_file-24146.pdf,C:/Users/mv3031/Desktop/Financial_Health_Project/Financial Health Tracker - For Github/data_pipelines/accreditation/cache/dapip/text/109350_action-5_file-24146.txt,raw_title,Heightened monitoring or focused review
133979,Florida Memorial University,Florida,"Southern Association of Colleges and Schools, Commission on Colleges",notice,Probation is the most serious public sanction imposed by the SACSCOC Board of Trustees short of loss of accreditation.,active,2025-12-07,2025,,,DAPIP Institutional Accreditation Action,Heightened Monitoring or Focused Review,2026-06-07 21:08:28.686143,https://ope.ed.gov/dapip/#/institution-profile/109448,,109448,00148600,7,1,1,20,HM,6,28980,dapip_file_text,FALSE,monitoring_or_notice,public_action_code,C:/Users/mv3031/Desktop/Financial_Health_Project/Financial Health Tracker - For Github/data_pipelines/accreditation/cache/dapip/pdfs/109448_action-20_file-28980.pdf,C:/Users/mv3031/Desktop/Financial_Health_Project/Financial Health Tracker - For Github/data_pipelines/accreditation/cache/dapip/text/109448_action-20_file-28980.txt,pdf_body,"Placed on probation for good cause for twelve months for failure to comply with Standard 13.3 (Financial responsibility), Standard 13.4 (Control of finances), and Standard 13.6 (Federal and state responsibilities)"
133979,Florida Memorial University,Florida,"Southern Association of Colleges and Schools, Commission on Colleges",notice,"McCormick: The following action regarding your institution was taken by the Board of Trustees of the Southern Association of Colleges and Schools Commission on Colleges (SACSCOC) during its meeting held on December 8, 2024: The SACSCOC Board of Trustees reviewed the institution’s Monitoring Report following reaffirmation of accreditation in December 2023.",active,2024-12-08,2024,,,DAPIP Institutional Accreditation Action,Heightened Monitoring or Focused Review,2026-06-07 21:08:28.964604,https://ope.ed.gov/dapip/#/institution-profile/109448,,109448,00148600,7,1,1,14,HM,6,24581,dapip_file_text,FALSE,monitoring_or_notice,public_action_code,C:/Users/mv3031/Desktop/Financial_Health_Project/Financial Health Tracker - For Github/data_pipelines/accreditation/cache/dapip/pdfs/109448_action-14_file-24581.pdf,C:/Users/mv3031/Desktop/Financial_Health_Project/Financial Health Tracker - For Github/data_pipelines/accreditation/cache/dapip/text/109448_action-14_file-24581.txt,pdf_body,Requested to Submit a Monitoring Report on Financial Responsibility And Control Of Finances
133979,Florida Memorial University,Florida,"Southern Association of Colleges and Schools, Commission on Colleges",notice,Heightened Monitoring or Focused Review,active,2023-12-03,2023,,,DAPIP Institutional Accreditation Action,Heightened Monitoring or Focused Review,2026-06-07 21:08:29.089341,https://ope.ed.gov/dapip/#/institution-profile/109448,,109448,00148600,7,1,1,10,HM,6,0,dapip_action_description,FALSE,monitoring_or_notice,public_action_code,,,raw_title,Heightened monitoring or focused review
133979,Florida Memorial University,Florida,"Southern Association of Colleges and Schools, Commission on Colleges",removed,Accreditation Reaffirmed: Probation Removed,resolved,2022-06-16,2022,,,DAPIP Institutional Accreditation Action,Accreditation Reaffirmed: Probation Removed,2026-06-07 21:08:29.138136,https://ope.ed.gov/dapip/#/institution-profile/109448,,109448,00148600,7,1,1,6,PR,10,0,dapip_action_description,FALSE,removed,public_action_code,,,raw_title,Probation removed
133979,Florida Memorial University,Florida,"Southern Association of Colleges and Schools, Commission on Colleges",removed,Accreditation Reaffirmed: Probation Removed,resolved,2022-06-05,2022,,,DAPIP Institutional Accreditation Action,Accreditation Reaffirmed: Probation Removed,2026-06-07 21:08:29.300714,https://ope.ed.gov/dapip/#/institution-profile/109448,,109448,00148600,7,1,1,7,PR,10,0,dapip_action_description,FALSE,removed,public_action_code,,,raw_title,Probation removed
133979,Florida Memorial University,Florida,"Southern Association of Colleges and Schools, Commission on Colleges",probation,Probation or Equivalent or a More Severe Status: Probation,active,2021-06-17,2021,,,DAPIP Institutional Accreditation Action,Probation or Equivalent or a More Severe Status: Probation,2026-06-07 21:08:29.426084,https://ope.ed.gov/dapip/#/institution-profile/109448,,109448,00148600,7,1,1,3,P,6,0,dapip_action_description,FALSE,probation,public_action_code,,,raw_title,Placed on probation
133979,Florida Memorial University,Florida,"Southern Association of Colleges and Schools, Commission on Colleges",probation,Probation or Equivalent or a More Severe Status: Probation,active,2021-06-17,2021,,,DAPIP Institutional Accreditation Action,Probation or Equivalent or a More Severe Status: Probation,2026-06-07 21:08:29.482563,https://ope.ed.gov/dapip/#/institution-profile/109448,,109448,00148600,7,1,1,4,P,6,0,dapip_action_description,FALSE,probation,public_action_code,,,raw_title,Placed on probation
133979,Florida Memorial University,Florida,"Southern Association of Colleges and Schools, Commission on Colleges",removed,Removal of Monitoring Status,resolved,2019-06-02,2019,,,DAPIP Institutional Accreditation Action,Removal of Monitoring Status,2026-06-07 21:08:29.680601,https://ope.ed.gov/dapip/#/institution-profile/109448,,109448,00148600,7,1,1,8,RM,10,0,dapip_action_description,FALSE,removed,public_action_code,,,raw_title,Removal of Monitoring Status
134079,Florida Southern College,Florida,"Southern Association of Colleges and Schools, Commission on Colleges",notice,Heightened Monitoring or Focused Review,active,2025-06-12,2025,,,DAPIP Institutional Accreditation Action,Heightened Monitoring or Focused Review,2026-06-07 21:08:30.199247,https://ope.ed.gov/dapip/#/institution-profile/109475,,109475,00148800,7,1,1,14,HM,9,28295,dapip_action_description,FALSE,monitoring_or_notice,public_action_code,C:/Users/mv3031/Desktop/Financial_Health_Project/Financial Health Tracker - For Github/data_pipelines/accreditation/cache/dapip/pdfs/109475_action-14_file-28295.pdf,C:/Users/mv3031/Desktop/Financial_Health_Project/Financial Health Tracker - For Github/data_pipelines/accreditation/cache/dapip/text/109475_action-14_file-28295.txt,raw_title,Heightened monitoring or focused review
134079,Florida Southern College,Florida,"Southern Association of Colleges and Schools, Commission on Colleges",notice,Heightened Monitoring or Focused Review,active,2025-06-12,2025,,,DAPIP Institutional Accreditation Action,Heightened Monitoring or Focused Review,2026-06-07 21:08:30.279377,https://ope.ed.gov/dapip/#/institution-profile/109475,,109475,00148800,7,1,1,12,HM,10,24286,dapip_action_description,FALSE,monitoring_or_notice,public_action_code,C:/Users/mv3031/Desktop/Financial_Health_Project/Financial Health Tracker - For Github/data_pipelines/accreditation/cache/dapip/pdfs/109475_action-12_file-24286.pdf,C:/Users/mv3031/Desktop/Financial_Health_Project/Financial Health Tracker - For Github/data_pipelines/accreditation/cache/dapip/text/109475_action-12_file-24286.txt,raw_title,Heightened monitoring or focused review
134079,Florida Southern College,Florida,"Southern Association of Colleges and Schools, Commission on Colleges",notice,"Martin: The following action regarding your institution was taken by the Board of Trustees of the Southern Association of Colleges and Schools Commission on Colleges (SACSCOC) during its meeting held on December 8, 2024: The SACSCOC Board of Trustees reviewed the institution’s Referral Report following submission of its Fifth-Year Interim Report in April 2024, and requested a Monitoring Report due April 1, 2025, addressing the following referenced standard of the Principles of Accreditation: Standard 13.7 (Physical resources) This standard expects an institution to ensure adequate physical facilities and resources, both on and off campus, that appropriately serve the needs of the institution’s educational programs, support services, and other mission-related activities.",active,2024-12-08,2024,,,DAPIP Institutional Accreditation Action,Heightened Monitoring or Focused Review,2026-06-07 21:08:30.440424,https://ope.ed.gov/dapip/#/institution-profile/109475,,109475,00148800,7,1,1,11,HM,6,24285,dapip_file_text,FALSE,monitoring_or_notice,public_action_code,C:/Users/mv3031/Desktop/Financial_Health_Project/Financial Health Tracker - For Github/data_pipelines/accreditation/cache/dapip/pdfs/109475_action-11_file-24285.pdf,C:/Users/mv3031/Desktop/Financial_Health_Project/Financial Health Tracker - For Github/data_pipelines/accreditation/cache/dapip/text/109475_action-11_file-24285.txt,pdf_body,Requested to Submit a Monitoring Report on Physical Resources
134079,Florida Southern College,Florida,"Southern Association of Colleges and Schools, Commission on Colleges",notice,"Based only on those reviewed standards, the institution should submit a Referral Report due September 8, 2024, addressing the standard of the Principles identified below.",active,2024-04-24,2024,,,DAPIP Institutional Accreditation Action,Heightened Monitoring or Focused Review,2026-06-07 21:08:31.032636,https://ope.ed.gov/dapip/#/institution-profile/109475,,109475,00148800,7,1,1,5,HM,6,24279,dapip_file_text,FALSE,monitoring_or_notice,public_action_code,C:/Users/mv3031/Desktop/Financial_Health_Project/Financial Health Tracker - For Github/data_pipelines/accreditation/cache/dapip/pdfs/109475_action-5_file-24279.pdf,C:/Users/mv3031/Desktop/Financial_Health_Project/Financial Health Tracker - For Github/data_pipelines/accreditation/cache/dapip/text/109475_action-5_file-24279.txt,pdf_body,Requested to submit a Referral Report documenting compliance with accreditation standards
134130,University of Florida,Florida,"Southern Association of Colleges and Schools, Commission on Colleges",notice,Heightened Monitoring or Focused Review,active,2022-06-16,2022,,,DAPIP Institutional Accreditation Action,Heightened Monitoring or Focused Review,2026-06-07 21:08:32.666008,https://ope.ed.gov/dapip/#/institution-profile/109518,,109518,00153500,7,1,1,5,HM,9,27527,dapip_action_description,FALSE,monitoring_or_notice,public_action_code,C:/Users/mv3031/Desktop/Financial_Health_Project/Financial Health Tracker - For Github/data_pipelines/accreditation/cache/dapip/pdfs/109518_action-5_file-27527.pdf,C:/Users/mv3031/Desktop/Financial_Health_Project/Financial Health Tracker - For Github/data_pipelines/accreditation/cache/dapip/text/109518_action-5_file-27527.txt,raw_title,Heightened monitoring or focused review
134510,Hobe Sound Bible College,Florida,"Association for Biblical Higher Education, Commission on Accreditation",notice,"The ABHE Commission on Accreditation reviewed your institution at its February 11, 2026 meeting and took the following action: Continue Hobe Sound Bible College (FL) on warning and continue accreditation for one year in light of the Commission on Accreditation’s judgment that the institution marginally complies with the ABHE Institutional Accreditation Standards listed below, and require a progress report due May 15, 2026, addressing the following concern: • Standard 1: EE 2 (Documented fulfillment of applicable Commission policies and requirements as demonstrated by complete and timely communication with the Commission, including timely submission of documents required for approval of the Teach Out Plan and Agreements) Note: An approved Teach-Out Plan and Agreements are required as soon as practicable but no later than May 15, 2026.",active,2026-02-11,2026,,,DAPIP Institutional Accreditation Action,Warning or Equivalent-Factors Affecting Academic Quality,2026-06-07 21:08:33.712688,https://ope.ed.gov/dapip/#/institution-profile/109606,,109606,02188900,13,1,1,4,WE,6,29770,dapip_file_text,FALSE,monitoring_or_notice,public_action_code,C:/Users/mv3031/Desktop/Financial_Health_Project/Financial Health Tracker - For Github/data_pipelines/accreditation/cache/dapip/pdfs/109606_action-4_file-29770.pdf,C:/Users/mv3031/Desktop/Financial_Health_Project/Financial Health Tracker - For Github/data_pipelines/accreditation/cache/dapip/text/109606_action-4_file-29770.txt,pdf_body,"Continued Hobe Sound Bible College (FL) on Warning and continue accreditation for one year in light of the Commission on accreditation’s judgment that the institution marginally complies with the ABHE Institutional accreditation Standards listed below, and require a progress report due May 15, 2026, addressing the following concern: • Standard 1: EE 2 (Documented fulfillment of applicable Commission policies and requirements as demonstrated by complete and timely communication with the Commission, including timely submission of documents required for approval of the Teach Out Plan and Agreements) Note: An approved Teach-Out Plan and Agreements are required as soon as practicable but no later than May 15, 2026."
134510,Hobe Sound Bible College,Florida,"Association for Biblical Higher Education, Commission on Accreditation",notice,"The ABHE Commission on Accreditation reviewed your institution at its November 11, 2025 meeting and took the following action: Disapprove the progress reported by Hobe Sound Bible College (FL) regarding Standard 1: EE 2 and place the institution on warning in light of repeated failures to provide the required Teach-Out Plan and Agreements by required due dates (Standard 1: EE 2).",active,2025-11-11,2025,,,DAPIP Institutional Accreditation Action,Warning or Equivalent-Factors Affecting Academic Quality,2026-06-07 21:08:33.792669,https://ope.ed.gov/dapip/#/institution-profile/109606,,109606,02188900,13,1,1,3,WE,6,27758,dapip_file_text,FALSE,monitoring_or_notice,public_action_code,C:/Users/mv3031/Desktop/Financial_Health_Project/Financial Health Tracker - For Github/data_pipelines/accreditation/cache/dapip/pdfs/109606_action-3_file-27758.pdf,C:/Users/mv3031/Desktop/Financial_Health_Project/Financial Health Tracker - For Github/data_pipelines/accreditation/cache/dapip/text/109606_action-3_file-27758.txt,pdf_body,Disapprove the progress reported by Hobe Sound Bible College (FL) regarding Standard 1: EE 2 and place the institution on Warning in light of repeated failures to provide the required Teach-Out Plan and Agreements by required due dates (Standard 1: EE 2).
134945,Jacksonville University,Florida,"Southern Association of Colleges and Schools, Commission on Colleges",removed,"Cost: The following action regarding your institution was taken by the Board of Trustees of the Southern Association of Colleges and Schools Commission on Colleges (SACSCOC) during its meeting held on December 7, 2025: The SACSCOC Board of Trustees removed the institution from Warning and requested a Fifth-Year Follow-Up Report to provide oversight and ensure continuing compliance.",resolved,2025-12-07,2025,,,DAPIP Institutional Accreditation Action,Removal of Monitoring Status,2026-06-07 21:08:34.262315,https://ope.ed.gov/dapip/#/institution-profile/109697,,109697,00149500,7,1,1,16,RM,6,28946,dapip_file_text,FALSE,removed,public_action_code,C:/Users/mv3031/Desktop/Financial_Health_Project/Financial Health Tracker - For Github/data_pipelines/accreditation/cache/dapip/pdfs/109697_action-16_file-28946.pdf,C:/Users/mv3031/Desktop/Financial_Health_Project/Financial Health Tracker - For Github/data_pipelines/accreditation/cache/dapip/text/109697_action-16_file-28946.txt,pdf_body,Removed from warning
134945,Jacksonville University,Florida,"Southern Association of Colleges and Schools, Commission on Colleges",removed,"January 6, 2026 Brother Chris Englert Interim President Christian Brothers University 650 East Parkway South Memphis, TN 38104 Dear Brother Englert: The following action regarding your institution was taken by the Board of Trustees of the Southern Association of Colleges and Schools Commission on Colleges (SACSCOC) during its meeting held on December 7, 2025: The SACSCOC Board of Trustees removed the institution from Probation for Good Cause.",resolved,2025-12-07,2025,,,DAPIP Institutional Accreditation Action,Removal of Monitoring Status,2026-06-07 21:08:34.357426,https://ope.ed.gov/dapip/#/institution-profile/109697,,109697,00149500,7,1,1,17,RM,9,28947,dapip_file_text,FALSE,removed,public_action_code,C:/Users/mv3031/Desktop/Financial_Health_Project/Financial Health Tracker - For Github/data_pipelines/accreditation/cache/dapip/pdfs/109697_action-17_file-28947.pdf,C:/Users/mv3031/Desktop/Financial_Health_Project/Financial Health Tracker - For Github/data_pipelines/accreditation/cache/dapip/text/109697_action-17_file-28947.txt,pdf_body,Removed from probation for good cause
134945,Jacksonville University,Florida,"Southern Association of Colleges and Schools, Commission on Colleges",warning,"Tim Cost President Jacksonville University 2800 University Boulevard North Jacksonville, FL 32211-3394 Dear President Cost: The following action regarding your institution was taken by the Board of Trustees of the Southern Association of Colleges and Schools Commission on Colleges (SACSCOC) during its meeting held on December 8, 2024: The SACSCOC Board of Trustees reviewed the institution’s Monitoring Report and placed the institution on Warning for twelve months for failure to comply with Standard 13.3 (Financial responsibility) of the Principles of Accreditation. A Special Committee was not authorized to visit the institution.",active,2024-12-08,2024,,,DAPIP Institutional Accreditation Action,Probation or Equivalent or a More Severe Status: Warning,2026-06-07 21:08:34.804389,https://ope.ed.gov/dapip/#/institution-profile/109697,,109697,00149500,7,1,1,7,PW,6,22476,dapip_file_text,FALSE,warning,public_action_code,C:/Users/mv3031/Desktop/Financial_Health_Project/Financial Health Tracker - For Github/data_pipelines/accreditation/cache/dapip/pdfs/109697_action-7_file-22476.pdf,C:/Users/mv3031/Desktop/Financial_Health_Project/Financial Health Tracker - For Github/data_pipelines/accreditation/cache/dapip/text/109697_action-7_file-22476.txt,pdf_body,Placed on warning for twelve months for failure to comply with Standard 13.3 (Financial responsibility)
134945,Jacksonville University,Florida,"Southern Association of Colleges and Schools, Commission on Colleges",notice,"Tim Cost President Jacksonville University 2800 University Boulevard North Jacksonville, FL 32211-3394 Dear President Cost: The following action regarding your institution was taken by the Board of Trustees of the Southern Association of Colleges and Schools Commission on Colleges (SACSCOC) during its meeting held on December 8, 2024: The SACSCOC Board of Trustees reviewed the institution’s Monitoring Report and placed the institution on Warning for twelve months for failure to comply with Standard 13.3 (Financial responsibility) of the Principles of Accreditation. A Special Committee was not authorized to visit the institution.",active,2024-12-08,2024,,,DAPIP Institutional Accreditation Action,Heightened Monitoring or Focused Review,2026-06-07 21:08:34.89713,https://ope.ed.gov/dapip/#/institution-profile/109697,,109697,00149500,7,1,1,12,HM,3,23188,dapip_file_text,FALSE,monitoring_or_notice,public_action_code,C:/Users/mv3031/Desktop/Financial_Health_Project/Financial Health Tracker - For Github/data_pipelines/accreditation/cache/dapip/pdfs/109697_action-12_file-23188.pdf,C:/Users/mv3031/Desktop/Financial_Health_Project/Financial Health Tracker - For Github/data_pipelines/accreditation/cache/dapip/text/109697_action-12_file-23188.txt,pdf_body,Placed on warning for twelve months for failure to comply with Standard 13.3 (Financial responsibility)
134945,Jacksonville University,Florida,"Southern Association of Colleges and Schools, Commission on Colleges",notice,Heightened Monitoring or Focused Review,active,2023-12-03,2023,,,DAPIP Institutional Accreditation Action,Heightened Monitoring or Focused Review,2026-06-07 21:08:35.15759,https://ope.ed.gov/dapip/#/institution-profile/109697,,109697,00149500,7,1,1,4,HM,6,0,dapip_action_description,FALSE,monitoring_or_notice,public_action_code,,,raw_title,Heightened monitoring or focused review
135726,University of Miami,Florida,"Southern Association of Colleges and Schools, Commission on Colleges",notice,"Based only on those reviewed standards, the institution should submit a Referral Report due September 8, 2024, addressing the standard of the Principles identified below.",active,2024-04-24,2024,,,DAPIP Institutional Accreditation Action,Heightened Monitoring or Focused Review,2026-06-07 21:08:37.750272,https://ope.ed.gov/dapip/#/institution-profile/109925,,109925,00153600,7,1,1,6,HM,6,27619,dapip_file_text,FALSE,monitoring_or_notice,public_action_code,C:/Users/mv3031/Desktop/Financial_Health_Project/Financial Health Tracker - For Github/data_pipelines/accreditation/cache/dapip/pdfs/109925_action-6_file-27619.pdf,C:/Users/mv3031/Desktop/Financial_Health_Project/Financial Health Tracker - For Github/data_pipelines/accreditation/cache/dapip/text/109925_action-6_file-27619.txt,pdf_body,Requested to submit a Referral Report documenting compliance with accreditation standards
136215,Nova Southeastern University,Florida,"Southern Association of Colleges and Schools, Commission on Colleges",notice,Heightened Monitoring or Focused Review,active,2023-12-03,2023,,,DAPIP Institutional Accreditation Action,Heightened Monitoring or Focused Review,2026-06-07 21:08:39.246674,https://ope.ed.gov/dapip/#/institution-profile/110097,,110097,00150900,7,1,1,7,HM,10,26195,dapip_action_description,FALSE,monitoring_or_notice,public_action_code,C:/Users/mv3031/Desktop/Financial_Health_Project/Financial Health Tracker - For Github/data_pipelines/accreditation/cache/dapip/pdfs/110097_action-7_file-26195.pdf,C:/Users/mv3031/Desktop/Financial_Health_Project/Financial Health Tracker - For Github/data_pipelines/accreditation/cache/dapip/text/110097_action-7_file-26195.txt,raw_title,Heightened monitoring or focused review
136215,Nova Southeastern University,Florida,"Southern Association of Colleges and Schools, Commission on Colleges",notice,"Based only on those reviewed standards, the institution should submit a Referral Report due September 8, 2023, addressing the following referenced standard of the Principles: Standard 14.",active,2023-06-14,2023,,,DAPIP Institutional Accreditation Action,Heightened Monitoring or Focused Review,2026-06-07 21:08:39.313267,https://ope.ed.gov/dapip/#/institution-profile/110097,,110097,00150900,7,1,1,6,HM,6,26192,dapip_file_text,FALSE,monitoring_or_notice,public_action_code,C:/Users/mv3031/Desktop/Financial_Health_Project/Financial Health Tracker - For Github/data_pipelines/accreditation/cache/dapip/pdfs/110097_action-6_file-26192.pdf,C:/Users/mv3031/Desktop/Financial_Health_Project/Financial Health Tracker - For Github/data_pipelines/accreditation/cache/dapip/text/110097_action-6_file-26192.txt,pdf_body,Requested Referral Report on Publication of accreditation status
136330,Palm Beach Atlantic University,Florida,"Southern Association of Colleges and Schools, Commission on Colleges",notice,"Based only on those reviewed standards, the institution should submit a Referral Report due April 1, 2025, addressing the standards of the Principles identified below.",active,2024-04-24,2024,,,DAPIP Institutional Accreditation Action,Heightened Monitoring or Focused Review,2026-06-07 21:08:40.22333,https://ope.ed.gov/dapip/#/institution-profile/110130,,110130,00884900,7,1,1,15,HM,6,26269,dapip_file_text,FALSE,monitoring_or_notice,public_action_code,C:/Users/mv3031/Desktop/Financial_Health_Project/Financial Health Tracker - For Github/data_pipelines/accreditation/cache/dapip/pdfs/110130_action-15_file-26269.pdf,C:/Users/mv3031/Desktop/Financial_Health_Project/Financial Health Tracker - For Github/data_pipelines/accreditation/cache/dapip/text/110130_action-15_file-26269.txt,pdf_body,Requested to submit a Referral Report documenting compliance with accreditation standards
136774,Ringling College of Art and Design,Florida,"Southern Association of Colleges and Schools, Commission on Colleges",notice,Heightened Monitoring or Focused Review,active,2021-12-05,2021,,,DAPIP Institutional Accreditation Action,Heightened Monitoring or Focused Review,2026-06-07 21:08:41.191864,https://ope.ed.gov/dapip/#/institution-profile/110255,,110255,01257400,7,1,1,3,HM,6,27792,dapip_action_description,FALSE,monitoring_or_notice,public_action_code,C:/Users/mv3031/Desktop/Financial_Health_Project/Financial Health Tracker - For Github/data_pipelines/accreditation/cache/dapip/pdfs/110255_action-3_file-27792.pdf,C:/Users/mv3031/Desktop/Financial_Health_Project/Financial Health Tracker - For Github/data_pipelines/accreditation/cache/dapip/text/110255_action-3_file-27792.txt,raw_title,Heightened monitoring or focused review
136950,Rollins College,Florida,"Southern Association of Colleges and Schools, Commission on Colleges",notice,Heightened Monitoring or Focused Review,active,2022-06-16,2022,,,DAPIP Institutional Accreditation Action,Heightened Monitoring or Focused Review,2026-06-07 21:08:41.69149,https://ope.ed.gov/dapip/#/institution-profile/110282,,110282,00151500,7,1,1,4,HM,9,28868,dapip_action_description,FALSE,monitoring_or_notice,public_action_code,C:/Users/mv3031/Desktop/Financial_Health_Project/Financial Health Tracker - For Github/data_pipelines/accreditation/cache/dapip/pdfs/110282_action-4_file-28868.pdf,C:/Users/mv3031/Desktop/Financial_Health_Project/Financial Health Tracker - For Github/data_pipelines/accreditation/cache/dapip/text/110282_action-4_file-28868.txt,raw_title,Heightened monitoring or focused review
136950,Rollins College,Florida,"Southern Association of Colleges and Schools, Commission on Colleges",notice,Heightened Monitoring or Focused Review,active,2022-06-16,2022,,,DAPIP Institutional Accreditation Action,Heightened Monitoring or Focused Review,2026-06-07 21:08:41.744593,https://ope.ed.gov/dapip/#/institution-profile/110282,,110282,00151500,7,1,1,2,HM,10,26486,dapip_action_description,FALSE,monitoring_or_notice,public_action_code,C:/Users/mv3031/Desktop/Financial_Health_Project/Financial Health Tracker - For Github/data_pipelines/accreditation/cache/dapip/pdfs/110282_action-2_file-26486.pdf,C:/Users/mv3031/Desktop/Financial_Health_Project/Financial Health Tracker - For Github/data_pipelines/accreditation/cache/dapip/text/110282_action-2_file-26486.txt,raw_title,Heightened monitoring or focused review
137032,Saint Leo University,Florida,"Southern Association of Colleges and Schools, Commission on Colleges",removed,Accreditation Reaffirmed: Probation Removed,resolved,2024-12-08,2024,,,DAPIP Institutional Accreditation Action,Accreditation Reaffirmed: Probation Removed,2026-06-07 21:08:42.122449,https://ope.ed.gov/dapip/#/institution-profile/110316,,110316,00152600,7,1,1,5,PR,10,0,dapip_action_description,FALSE,removed,public_action_code,,,raw_title,Probation removed
137032,Saint Leo University,Florida,"Southern Association of Colleges and Schools, Commission on Colleges",removed,"Dadez: The following action regarding your institution was taken by the Board of Trustees of the Southern Association of Colleges and Schools Commission on Colleges (SACSCOC) during its meeting held on December 8, 2024: The SACSCOC Board of Trustees reviewed the institution’s Third Monitoring Report, a Special Committee Report, and financial statements and removed the institution from Probation for Good Cause.",resolved,2024-12-08,2024,,,DAPIP Institutional Accreditation Action,Accreditation Reaffirmed: Probation Removed,2026-06-07 21:08:42.161827,https://ope.ed.gov/dapip/#/institution-profile/110316,,110316,00152600,7,1,1,13,PR,10,26567,dapip_file_text,FALSE,removed,public_action_code,C:/Users/mv3031/Desktop/Financial_Health_Project/Financial Health Tracker - For Github/data_pipelines/accreditation/cache/dapip/pdfs/110316_action-13_file-26567.pdf,C:/Users/mv3031/Desktop/Financial_Health_Project/Financial Health Tracker - For Github/data_pipelines/accreditation/cache/dapip/text/110316_action-13_file-26567.txt,pdf_body,Removed from probation for good cause
137032,Saint Leo University,Florida,"Southern Association of Colleges and Schools, Commission on Colleges",notice,"Dadez: The following action regarding your institution was taken by the Board of Trustees of the Southern Association of Colleges and Schools Commission on Colleges (SACSCOC) during its meeting held on December 8, 2024: The SACSCOC Board of Trustees reviewed the institution’s Third Monitoring Report, a Special Committee Report, and financial statements and removed the institution from Probation for Good Cause.",active,2024-12-03,2024,,,DAPIP Institutional Accreditation Action,"Heightened Monitoring or Focused Review | Has satisfactorily addressed previous concerns, removed from Probation",2026-06-07 21:08:42.219892,https://ope.ed.gov/dapip/#/institution-profile/110316,,110316,00152600,7,1,1,14,HM,99,28142,dapip_file_text,FALSE,monitoring_or_notice,public_action_code,C:/Users/mv3031/Desktop/Financial_Health_Project/Financial Health Tracker - For Github/data_pipelines/accreditation/cache/dapip/pdfs/110316_action-14_file-28142.pdf,C:/Users/mv3031/Desktop/Financial_Health_Project/Financial Health Tracker - For Github/data_pipelines/accreditation/cache/dapip/text/110316_action-14_file-28142.txt,pdf_body,Removed from probation for good cause
137032,Saint Leo University,Florida,"Southern Association of Colleges and Schools, Commission on Colleges",probation,"Dadez: The following action regarding your institution was taken by the Board of Trustees of the Southern Association of Colleges and Schools Commission on Colleges (SACSCOC) during its meeting held on December 3, 2023: The SACSCOC Board of Trustees reviewed a Second Monitoring Report following action on reaffirmation of accreditation in December 2021.",active,2023-12-03,2023,,,DAPIP Institutional Accreditation Action,Probation or Equivalent or a More Severe Status: Probation,2026-06-07 21:08:42.399121,https://ope.ed.gov/dapip/#/institution-profile/110316,,110316,00152600,7,1,1,11,P,3,26561,dapip_file_text,FALSE,probation,public_action_code,C:/Users/mv3031/Desktop/Financial_Health_Project/Financial Health Tracker - For Github/data_pipelines/accreditation/cache/dapip/pdfs/110316_action-11_file-26561.pdf,C:/Users/mv3031/Desktop/Financial_Health_Project/Financial Health Tracker - For Github/data_pipelines/accreditation/cache/dapip/text/110316_action-11_file-26561.txt,pdf_body,The Board continued the institution’s accreditation for good cause and placed the institution on probation for twelve months for failure to comply with Standard 13.3 (Financial responsibility)
137032,Saint Leo University,Florida,"Southern Association of Colleges and Schools, Commission on Colleges",show_cause,"Dadez: The following action regarding your institution was taken by the Board of Trustees of the Southern Association of Colleges and Schools Commission on Colleges (SACSCOC) during its meeting held on December 3, 2023: The SACSCOC Board of Trustees reviewed a Second Monitoring Report following action on reaffirmation of accreditation in December 2021.",active,2023-12-03,2023,,,DAPIP Institutional Accreditation Action,Probation or Equivalent or a More Severe Status: Show Cause,2026-06-07 21:08:42.523792,https://ope.ed.gov/dapip/#/institution-profile/110316,,110316,00152600,7,1,1,6,SC,6,22593,dapip_file_text,FALSE,show_cause,public_action_code,C:/Users/mv3031/Desktop/Financial_Health_Project/Financial Health Tracker - For Github/data_pipelines/accreditation/cache/dapip/pdfs/110316_action-6_file-22593.pdf,C:/Users/mv3031/Desktop/Financial_Health_Project/Financial Health Tracker - For Github/data_pipelines/accreditation/cache/dapip/text/110316_action-6_file-22593.txt,pdf_body,Placed on probation for failure to comply with Standard 13.3 (Financial responsibility)
137032,Saint Leo University,Florida,"Southern Association of Colleges and Schools, Commission on Colleges",probation,Probation or Equivalent or a More Severe Status: Probation,active,2023-12-03,2023,,,DAPIP Institutional Accreditation Action,Probation or Equivalent or a More Severe Status: Probation,2026-06-07 21:08:42.582962,https://ope.ed.gov/dapip/#/institution-profile/110316,,110316,00152600,7,1,1,4,P,6,0,dapip_action_description,FALSE,probation,public_action_code,,,raw_title,Placed on probation
137032,Saint Leo University,Florida,"Southern Association of Colleges and Schools, Commission on Colleges",notice,"Dadez: The following action regarding your institution was taken by the Board of Trustees of the Southern Association of Colleges and Schools Commission on Colleges (SACSCOC) during its meeting held on December 4, 2022: The SACSCOC Board ofTrustees reviewed the institution's First Monitoring Report following reaffirmation of accreditation in December 2021.",active,2022-12-04,2022,,,DAPIP Institutional Accreditation Action,Heightened Monitoring or Focused Review,2026-06-07 21:08:42.696235,https://ope.ed.gov/dapip/#/institution-profile/110316,,110316,00152600,7,1,1,8,HM,6,26542,dapip_file_text,FALSE,monitoring_or_notice,public_action_code,C:/Users/mv3031/Desktop/Financial_Health_Project/Financial Health Tracker - For Github/data_pipelines/accreditation/cache/dapip/pdfs/110316_action-8_file-26542.pdf,C:/Users/mv3031/Desktop/Financial_Health_Project/Financial Health Tracker - For Github/data_pipelines/accreditation/cache/dapip/text/110316_action-8_file-26542.txt,pdf_body,Requested to Submit a Monitoring Report on Financial Responsibility
137272,St. John Vianney College Seminary,Florida,"Southern Association of Colleges and Schools, Commission on Colleges",notice,"87th Avenue Miami, FL 33165-3244 Dear Monsignor Navarro: The following action regarding your institution was taken by the Board of Trustees of the Southern Association of Colleges and Schools Commission on Colleges (SACSCOC) during its meeting held on June 13, 2024: The SACSCOC Board of Trustees reviewed the institutions Referral Report and requested a Monitoring Report due September 8, 2024, addressing the following referenced standards of the Principles of Accreditation (Principles): Standard 10.7 (Policies for awarding credit) This standard expects an institution to publish and implement policies for determining the amount and level of credit awarded for its courses, regardless of format or mode of delivery.",active,2024-06-13,2024,,,DAPIP Institutional Accreditation Action,Heightened Monitoring or Focused Review,2026-06-07 21:08:43.421556,https://ope.ed.gov/dapip/#/institution-profile/110398,,110398,00807500,7,1,1,6,HM,6,26494,dapip_file_text,FALSE,monitoring_or_notice,public_action_code,C:/Users/mv3031/Desktop/Financial_Health_Project/Financial Health Tracker - For Github/data_pipelines/accreditation/cache/dapip/pdfs/110398_action-6_file-26494.pdf,C:/Users/mv3031/Desktop/Financial_Health_Project/Financial Health Tracker - For Github/data_pipelines/accreditation/cache/dapip/text/110398_action-6_file-26494.txt,pdf_body,Requested to Submit a Monitoring Report on Policies For Awarding Credit
137272,St. John Vianney College Seminary,Florida,"Southern Association of Colleges and Schools, Commission on Colleges",notice,"Based only on those reviewed standards, the institution should submit a Referral Report due April 1, 2024, addressing the standards of the Principles identified below, Please note that one or more of the standards is a Core Requirement (CR).",active,2023-06-14,2023,,,DAPIP Institutional Accreditation Action,Heightened Monitoring or Focused Review,2026-06-07 21:08:43.473755,https://ope.ed.gov/dapip/#/institution-profile/110398,,110398,00807500,7,1,1,5,HM,6,26491,dapip_file_text,FALSE,monitoring_or_notice,public_action_code,C:/Users/mv3031/Desktop/Financial_Health_Project/Financial Health Tracker - For Github/data_pipelines/accreditation/cache/dapip/pdfs/110398_action-5_file-26491.pdf,C:/Users/mv3031/Desktop/Financial_Health_Project/Financial Health Tracker - For Github/data_pipelines/accreditation/cache/dapip/text/110398_action-5_file-26491.txt,pdf_body,Requested to submit a Referral Report documenting compliance with accreditation standards
137272,St. John Vianney College Seminary,Florida,"Southern Association of Colleges and Schools, Commission on Colleges",notice,Heightened Monitoring or Focused Review,active,2021-12-01,2021,,,DAPIP Institutional Accreditation Action,Heightened Monitoring or Focused Review,2026-06-07 21:08:43.528227,https://ope.ed.gov/dapip/#/institution-profile/110398,,110398,00807500,7,1,1,9,HM,10,26513,dapip_action_description,FALSE,monitoring_or_notice,public_action_code,C:/Users/mv3031/Desktop/Financial_Health_Project/Financial Health Tracker - For Github/data_pipelines/accreditation/cache/dapip/pdfs/110398_action-9_file-26513.pdf,C:/Users/mv3031/Desktop/Financial_Health_Project/Financial Health Tracker - For Github/data_pipelines/accreditation/cache/dapip/text/110398_action-9_file-26513.txt,pdf_body,"SOUTHERN ASSOCIATION OF COLLEGES AND SCHOOLS COMMISSION ON COLLEGES September 16, 2021 Rev. Msgr. Pablo Navarro Rector/President SaintJohnVianneyCollege Seminary 2900 S. W. 87th Avenue Miami, PL 33165-3244 Dear Reverend Navarro: Thank you for submitting the following substantive change: Substantive change: Policy & Procedure Review Submission date: 6/4/2021 Intended Implementation date: S/27/2021 Case ID: SC013975 Thank you for your submission ofAugust 27, 2021, submitting the institution's policy and procedure for handling substantive change. Thesedocumentswill beforwardedtotheSACSCOCBoard of Trusteesforreviewatitsmeetingin December2021.You will hearfrom us shortlythereafterwiththe results of the review. Should you need assistance, please contact Dr. Michael T. Hoefer at 404-679-4501 or via email at mhoefer@sacscocorg.PleaseincludetheCaseIDnumberabovein allsubmissionsorcorrespondence about this substantive change. Note: The SACSCOC substantive change policy was revised in 2020 and updated in March and June 2021.The policy has many new requirements and changes to previous requirements. The Substantive ChangePolicyandProceduresandlearningresourcesareavailableonthe substantivechangewebpageat www. sacscoc. org. Sincerely, Kevin W. Sightler, Ph.D. Director of Substantive Change KWS:MTH:rez:dw ec; Dr. Paola Bemardini, Academic Dean, Saint John Vianney College Seminary Dr. Michael T. Hoefer, Vice President, SACSCOC 1866 Southern Lane . Decatur, Georgia 30033-4097 . Telephone404/679-4500 . Fax404/679-4558 www.sacscoc.org"
137272,St. John Vianney College Seminary,Florida,"Southern Association of Colleges and Schools, Commission on Colleges",notice,Heightened Monitoring or Focused Review,active,2021-12-01,2021,,,DAPIP Institutional Accreditation Action,Heightened Monitoring or Focused Review,2026-06-07 21:08:43.574833,https://ope.ed.gov/dapip/#/institution-profile/110398,,110398,00807500,7,1,1,4,HM,6,26487,dapip_action_description,FALSE,monitoring_or_notice,public_action_code,C:/Users/mv3031/Desktop/Financial_Health_Project/Financial Health Tracker - For Github/data_pipelines/accreditation/cache/dapip/pdfs/110398_action-4_file-26487.pdf,C:/Users/mv3031/Desktop/Financial_Health_Project/Financial Health Tracker - For Github/data_pipelines/accreditation/cache/dapip/text/110398_action-4_file-26487.txt,pdf_body,"SOUTHERN ASSOCIATION OF COLLEGES AND SCHOOLS COMMISSION ON COLLEGES September 16, 2021 Rev. Msgr. Pablo Navarro Rector/President SaintJohnVianneyCollege Seminary 2900 S. W. 87th Avenue Miami, PL 33165-3244 Dear Reverend Navarro: Thank you for submitting the following substantive change: Substantive change: Policy & Procedure Review Submission date: 6/4/2021 Intended Implementation date: S/27/2021 Case ID: SC013975 Thank you for your submission ofAugust 27, 2021, submitting the institution's policy and procedure for handling substantive change. Thesedocumentswill beforwardedtotheSACSCOCBoard of Trusteesforreviewatitsmeetingin December2021.You will hearfrom us shortlythereafterwiththe results of the review. Should you need assistance, please contact Dr. Michael T. Hoefer at 404-679-4501 or via email at mhoefer@sacscocorg.PleaseincludetheCaseIDnumberabovein allsubmissionsorcorrespondence about this substantive change. Note: The SACSCOC substantive change policy was revised in 2020 and updated in March and June 2021.The policy has many new requirements and changes to previous requirements. The Substantive ChangePolicyandProceduresandlearningresourcesareavailableonthe substantivechangewebpageat www. sacscoc. org. Sincerely, Kevin W. Sightler, Ph.D. Director of Substantive Change KWS:MTH:rez:dw ec; Dr. Paola Bemardini, Academic Dean, Saint John Vianney College Seminary Dr. Michael T. Hoefer, Vice President, SACSCOC 1866 Southern Lane . Decatur, Georgia 30033-4097 . Telephone404/679-4500 . Fax404/679-4558 www.sacscoc.org"
137476,St. Thomas University,Florida,"Southern Association of Colleges and Schools, Commission on Colleges",warning,Probation or Equivalent or a More Severe Status: Warning,active,2020-09-03,2020,,,DAPIP Institutional Accreditation Action,Probation or Equivalent or a More Severe Status: Warning,2026-06-07 21:08:45.264714,https://ope.ed.gov/dapip/#/institution-profile/110459,,110459,00146800,7,1,1,2,PW,6,0,dapip_action_description,FALSE,warning,public_action_code,,,raw_title,Placed on warning
137546,Stetson University,Florida,"Southern Association of Colleges and Schools, Commission on Colleges",removed,Removal of Monitoring Status,resolved,2019-12-10,2019,,,DAPIP Institutional Accreditation Action,Removal of Monitoring Status,2026-06-07 21:08:45.894586,https://ope.ed.gov/dapip/#/institution-profile/110477,,110477,00153100,7,1,1,2,RM,10,0,dapip_action_description,FALSE,removed,public_action_code,,,raw_title,Removal of Monitoring Status
137546,Stetson University,Florida,"Southern Association of Colleges and Schools, Commission on Colleges",removed,Removal of Monitoring Status,resolved,2019-06-02,2019,,,DAPIP Institutional Accreditation Action,Removal of Monitoring Status,2026-06-07 21:08:45.931675,https://ope.ed.gov/dapip/#/institution-profile/110477,,110477,00153100,7,1,1,3,RM,10,0,dapip_action_description,FALSE,removed,public_action_code,,,raw_title,Removal of Monitoring Status
137847,The University of Tampa,Florida,"Southern Association of Colleges and Schools, Commission on Colleges",notice,"As noted, the principal program space has been the dedicated space for tlie undergraduateprogram in athletictraining, currently undera teachout plan.",active,2022-11-25,2022,,,DAPIP Institutional Accreditation Action,Heightened Monitoring or Focused Review | The Board of Trustees of the Southern Association of Colleges and Schools Commission on Colleges reviewed the materials seeking approval of the Master of Science (MS) in Athletic Training. It was the decision of the Board to approve the program and incl,2026-06-07 21:08:50.429273,https://ope.ed.gov/dapip/#/institution-profile/110565,,110565,00153800,7,1,1,4,HM,99,23443,dapip_file_text,FALSE,monitoring_or_notice,public_action_code,C:/Users/mv3031/Desktop/Financial_Health_Project/Financial Health Tracker - For Github/data_pipelines/accreditation/cache/dapip/pdfs/110565_action-4_file-23443.pdf,C:/Users/mv3031/Desktop/Financial_Health_Project/Financial Health Tracker - For Github/data_pipelines/accreditation/cache/dapip/text/110565_action-4_file-23443.txt,pdf_body,"As noted, the principal program space has been the dedicated space for tlie undergraduateprogram in athletictraining, currently undera teachout plan."
137847,The University of Tampa,Florida,"Southern Association of Colleges and Schools, Commission on Colleges",notice,"Vaughn: The following action regarding your institution was taken by the Board of Trustees of the Southern Association of Colleges and Schools Commission on Colleges (SACSCOC) during its meeting held on June 16, 2022: The SACSCOC Board of Trustees reviewed the institution's Referral Report and requested a Monitoring Report due April 1, 2023, addressing the following referenced standard of the Principles of Accreditation: Standard 13.",active,2022-06-16,2022,,,DAPIP Institutional Accreditation Action,"Heightened Monitoring or Focused Review | The SACSCOC Board of Trustees reviewed the institution's Referral Report and requested a Monitoring Report due April 1, 2023",2026-06-07 21:08:50.5425,https://ope.ed.gov/dapip/#/institution-profile/110565,,110565,00153800,7,1,1,3,HM,99,23441,dapip_file_text,FALSE,monitoring_or_notice,public_action_code,C:/Users/mv3031/Desktop/Financial_Health_Project/Financial Health Tracker - For Github/data_pipelines/accreditation/cache/dapip/pdfs/110565_action-3_file-23441.pdf,C:/Users/mv3031/Desktop/Financial_Health_Project/Financial Health Tracker - For Github/data_pipelines/accreditation/cache/dapip/text/110565_action-3_file-23441.txt,pdf_body,Requested to Submit a Monitoring Report on Federal And State Responsibilities
138275,Warner University,Florida,"Southern Association of Colleges and Schools, Commission on Colleges",notice,Heightened Monitoring or Focused Review,active,2024-12-08,2024,,,DAPIP Institutional Accreditation Action,Heightened Monitoring or Focused Review,2026-06-07 21:08:51.882591,https://ope.ed.gov/dapip/#/institution-profile/110653,,110653,00884800,7,1,1,14,HM,9,24383,dapip_action_description,FALSE,monitoring_or_notice,public_action_code,C:/Users/mv3031/Desktop/Financial_Health_Project/Financial Health Tracker - For Github/data_pipelines/accreditation/cache/dapip/pdfs/110653_action-14_file-24383.pdf,C:/Users/mv3031/Desktop/Financial_Health_Project/Financial Health Tracker - For Github/data_pipelines/accreditation/cache/dapip/text/110653_action-14_file-24383.txt,raw_title,Heightened monitoring or focused review
138275,Warner University,Florida,"Southern Association of Colleges and Schools, Commission on Colleges",notice,Heightened Monitoring or Focused Review,active,2023-12-03,2023,,,DAPIP Institutional Accreditation Action,Heightened Monitoring or Focused Review,2026-06-07 21:08:52.207375,https://ope.ed.gov/dapip/#/institution-profile/110653,,110653,00884800,7,1,1,10,HM,6,0,dapip_action_description,FALSE,monitoring_or_notice,public_action_code,,,raw_title,Heightened monitoring or focused review
138275,Warner University,Florida,"Southern Association of Colleges and Schools, Commission on Colleges",removed,Accreditation Reaffirmed: Probation Removed,resolved,2021-06-17,2021,,,DAPIP Institutional Accreditation Action,Accreditation Reaffirmed: Probation Removed,2026-06-07 21:08:52.573617,https://ope.ed.gov/dapip/#/institution-profile/110653,,110653,00884800,7,1,1,4,PR,10,0,dapip_action_description,FALSE,removed,public_action_code,,,raw_title,Probation removed
138275,Warner University,Florida,"Southern Association of Colleges and Schools, Commission on Colleges",removed,Accreditation Reaffirmed: Probation Removed,resolved,2021-06-06,2021,,,DAPIP Institutional Accreditation Action,Accreditation Reaffirmed: Probation Removed,2026-06-07 21:08:52.691236,https://ope.ed.gov/dapip/#/institution-profile/110653,,110653,00884800,7,1,1,6,PR,10,0,dapip_action_description,FALSE,removed,public_action_code,,,raw_title,Probation removed
138275,Warner University,Florida,"Southern Association of Colleges and Schools, Commission on Colleges",probation,Probation or Equivalent or a More Severe Status: Probation,active,2020-09-03,2020,,,DAPIP Institutional Accreditation Action,Probation or Equivalent or a More Severe Status: Probation,2026-06-07 21:08:52.731275,https://ope.ed.gov/dapip/#/institution-profile/110653,,110653,00884800,7,1,1,3,P,6,0,dapip_action_description,FALSE,probation,public_action_code,,,raw_title,Placed on probation
138275,Warner University,Florida,"Southern Association of Colleges and Schools, Commission on Colleges",removed,Removal of Monitoring Status,resolved,2019-06-02,2019,,,DAPIP Institutional Accreditation Action,Removal of Monitoring Status,2026-06-07 21:08:52.777069,https://ope.ed.gov/dapip/#/institution-profile/110653,,110653,00884800,7,1,1,7,RM,10,0,dapip_action_description,FALSE,removed,public_action_code,,,raw_title,Removal of Monitoring Status
138293,Webber International University,Florida,"Southern Association of Colleges and Schools, Commission on Colleges",removed,Removal of Monitoring Status,resolved,2022-12-04,2022,,,DAPIP Institutional Accreditation Action,Removal of Monitoring Status,2026-06-07 21:08:53.210528,https://ope.ed.gov/dapip/#/institution-profile/110671,,110671,00154000,7,1,1,2,RM,10,0,dapip_action_description,FALSE,removed,public_action_code,,,raw_title,Removal of Monitoring Status
138293,Webber International University,Florida,"Southern Association of Colleges and Schools, Commission on Colleges",notice,Heightened Monitoring or Focused Review,active,2022-12-04,2022,,,DAPIP Institutional Accreditation Action,Heightened Monitoring or Focused Review,2026-06-07 21:08:53.304366,https://ope.ed.gov/dapip/#/institution-profile/110671,,110671,00154000,7,1,1,4,HM,9,24392,dapip_action_description,FALSE,monitoring_or_notice,public_action_code,C:/Users/mv3031/Desktop/Financial_Health_Project/Financial Health Tracker - For Github/data_pipelines/accreditation/cache/dapip/pdfs/110671_action-4_file-24392.pdf,C:/Users/mv3031/Desktop/Financial_Health_Project/Financial Health Tracker - For Github/data_pipelines/accreditation/cache/dapip/text/110671_action-4_file-24392.txt,raw_title,Heightened monitoring or focused review
138293,Webber International University,Florida,"Southern Association of Colleges and Schools, Commission on Colleges",notice,Heightened Monitoring or Focused Review,active,2022-12-04,2022,,,DAPIP Institutional Accreditation Action,Heightened Monitoring or Focused Review,2026-06-07 21:08:53.41575,https://ope.ed.gov/dapip/#/institution-profile/110671,,110671,00154000,7,1,1,5,HM,10,24961,dapip_action_description,FALSE,monitoring_or_notice,public_action_code,C:/Users/mv3031/Desktop/Financial_Health_Project/Financial Health Tracker - For Github/data_pipelines/accreditation/cache/dapip/pdfs/110671_action-5_file-24961.pdf,C:/Users/mv3031/Desktop/Financial_Health_Project/Financial Health Tracker - For Github/data_pipelines/accreditation/cache/dapip/text/110671_action-5_file-24961.txt,raw_title,Heightened monitoring or focused review
138293,Webber International University,Florida,"Southern Association of Colleges and Schools, Commission on Colleges",notice,Heightened Monitoring or Focused Review,active,2022-12-04,2022,,,DAPIP Institutional Accreditation Action,Heightened Monitoring or Focused Review,2026-06-07 21:08:53.514163,https://ope.ed.gov/dapip/#/institution-profile/110671,,110671,00154000,7,1,1,6,HM,9,28864,dapip_action_description,FALSE,monitoring_or_notice,public_action_code,C:/Users/mv3031/Desktop/Financial_Health_Project/Financial Health Tracker - For Github/data_pipelines/accreditation/cache/dapip/pdfs/110671_action-6_file-28864.pdf,C:/Users/mv3031/Desktop/Financial_Health_Project/Financial Health Tracker - For Github/data_pipelines/accreditation/cache/dapip/text/110671_action-6_file-28864.txt,raw_title,Heightened monitoring or focused review
138293,Webber International University,Florida,"Southern Association of Colleges and Schools, Commission on Colleges",notice,"Based only on those reviewed standards, the institution should submit a Referral Report due September 8, 2022, addressing the following referenced standards of the Principles.",active,2022-06-16,2022,,,DAPIP Institutional Accreditation Action,Heightened Monitoring or Focused Review,2026-06-07 21:08:53.640012,https://ope.ed.gov/dapip/#/institution-profile/110671,,110671,00154000,7,1,1,3,HM,6,24391,dapip_file_text,FALSE,monitoring_or_notice,public_action_code,C:/Users/mv3031/Desktop/Financial_Health_Project/Financial Health Tracker - For Github/data_pipelines/accreditation/cache/dapip/pdfs/110671_action-3_file-24391.pdf,C:/Users/mv3031/Desktop/Financial_Health_Project/Financial Health Tracker - For Github/data_pipelines/accreditation/cache/dapip/text/110671_action-3_file-24391.txt,pdf_body,Requested to submit a Referral Report documenting compliance with accreditation standards
138558,Abraham Baldwin Agricultural College,Georgia,"Southern Association of Colleges and Schools, Commission on Colleges",notice,Heightened Monitoring or Focused Review,active,2022-12-03,2022,,,DAPIP Institutional Accreditation Action,Heightened Monitoring or Focused Review,2026-06-07 21:08:54.617641,https://ope.ed.gov/dapip/#/institution-profile/110750,,110750,00154100,7,1,1,8,HM,9,30414,dapip_action_description,FALSE,monitoring_or_notice,public_action_code,C:/Users/mv3031/Desktop/Financial_Health_Project/Financial Health Tracker - For Github/data_pipelines/accreditation/cache/dapip/pdfs/110750_action-8_file-30414.pdf,C:/Users/mv3031/Desktop/Financial_Health_Project/Financial Health Tracker - For Github/data_pipelines/accreditation/cache/dapip/text/110750_action-8_file-30414.txt,raw_title,Heightened monitoring or focused review
138558,Abraham Baldwin Agricultural College,Georgia,"Southern Association of Colleges and Schools, Commission on Colleges",notice,Heightened Monitoring or Focused Review,active,2022-12-03,2022,,,DAPIP Institutional Accreditation Action,Heightened Monitoring or Focused Review,2026-06-07 21:08:54.724846,https://ope.ed.gov/dapip/#/institution-profile/110750,,110750,00154100,7,1,1,6,HM,10,23747,dapip_action_description,FALSE,monitoring_or_notice,public_action_code,C:/Users/mv3031/Desktop/Financial_Health_Project/Financial Health Tracker - For Github/data_pipelines/accreditation/cache/dapip/pdfs/110750_action-6_file-23747.pdf,C:/Users/mv3031/Desktop/Financial_Health_Project/Financial Health Tracker - For Github/data_pipelines/accreditation/cache/dapip/text/110750_action-6_file-23747.txt,raw_title,Heightened monitoring or focused review
138600,Agnes Scott College,Georgia,"Southern Association of Colleges and Schools, Commission on Colleges",notice,Heightened Monitoring or Focused Review,active,2022-06-30,2022,,,DAPIP Institutional Accreditation Action,Heightened Monitoring or Focused Review,2026-06-07 21:08:55.553677,https://ope.ed.gov/dapip/#/institution-profile/110778,,110778,00154200,7,1,1,6,HM,10,23259,dapip_action_description,FALSE,monitoring_or_notice,public_action_code,C:/Users/mv3031/Desktop/Financial_Health_Project/Financial Health Tracker - For Github/data_pipelines/accreditation/cache/dapip/pdfs/110778_action-6_file-23259.pdf,C:/Users/mv3031/Desktop/Financial_Health_Project/Financial Health Tracker - For Github/data_pipelines/accreditation/cache/dapip/text/110778_action-6_file-23259.txt,raw_title,Heightened monitoring or focused review
138600,Agnes Scott College,Georgia,"Southern Association of Colleges and Schools, Commission on Colleges",notice,Heightened Monitoring or Focused Review,active,2019-06-13,2019,,,DAPIP Institutional Accreditation Action,Heightened Monitoring or Focused Review,2026-06-07 21:08:55.85501,https://ope.ed.gov/dapip/#/institution-profile/110778,,110778,00154200,7,1,1,11,HM,6,30477,dapip_action_description,FALSE,monitoring_or_notice,public_action_code,C:/Users/mv3031/Desktop/Financial_Health_Project/Financial Health Tracker - For Github/data_pipelines/accreditation/cache/dapip/pdfs/110778_action-11_file-30477.pdf,C:/Users/mv3031/Desktop/Financial_Health_Project/Financial Health Tracker - For Github/data_pipelines/accreditation/cache/dapip/text/110778_action-11_file-30477.txt,raw_title,Heightened monitoring or focused review
138947,Clark Atlanta University,Georgia,"Southern Association of Colleges and Schools, Commission on Colleges",notice,"Based only on those reviewed standards, the institution should submit a Referral Report due April 3, 2023, addressingthe following referenced standards of the Principles: Standard 6.",active,2022-06-16,2022,,,DAPIP Institutional Accreditation Action,Heightened Monitoring or Focused Review,2026-06-07 21:08:56.9271,https://ope.ed.gov/dapip/#/institution-profile/110936,,110936,00155900,7,1,1,2,HM,6,23830,dapip_file_text,FALSE,monitoring_or_notice,public_action_code,C:/Users/mv3031/Desktop/Financial_Health_Project/Financial Health Tracker - For Github/data_pipelines/accreditation/cache/dapip/pdfs/110936_action-2_file-23830.pdf,C:/Users/mv3031/Desktop/Financial_Health_Project/Financial Health Tracker - For Github/data_pipelines/accreditation/cache/dapip/text/110936_action-2_file-23830.txt,pdf_body,"Requested to submit a Referral Report due April 3, 2023, addressing accreditation standards involving certain accreditation standards."
139144,Berry College,Georgia,"Southern Association of Colleges and Schools, Commission on Colleges",notice,"Based only on those reviewed standards, the institution should submit a Referral Report due April 1, 2025, addressing the standards of the Principles identified below.",active,2023-05-22,2023,,,DAPIP Institutional Accreditation Action,Heightened Monitoring or Focused Review,2026-06-07 21:08:57.523788,https://ope.ed.gov/dapip/#/institution-profile/111018,,111018,00155400,7,1,1,7,HM,6,23279,dapip_file_text,FALSE,monitoring_or_notice,public_action_code,C:/Users/mv3031/Desktop/Financial_Health_Project/Financial Health Tracker - For Github/data_pipelines/accreditation/cache/dapip/pdfs/111018_action-7_file-23279.pdf,C:/Users/mv3031/Desktop/Financial_Health_Project/Financial Health Tracker - For Github/data_pipelines/accreditation/cache/dapip/text/111018_action-7_file-23279.txt,pdf_body,Requested to submit a Referral Report documenting compliance with accreditation standards
139366,Columbus State University,Georgia,"Southern Association of Colleges and Schools, Commission on Colleges",removed,"Rayfield: The following action regarding your institution was taken by the Board of Trustees of the Southern Association of Colleges and Schools Commission on Colleges (SACSCOC) during its meeting held on June 15, 2023: The SACSCOC Board of Trustees reviewed the institution's Referral Report following the submission of its Fifth-Year Interim Report in 2022.",resolved,2023-06-16,2023,,,DAPIP Institutional Accreditation Action,Removal of Monitoring Status,2026-06-07 21:09:01.916891,https://ope.ed.gov/dapip/#/institution-profile/111115,,111115,00156100,7,1,1,8,RM,9,24425,dapip_file_text,FALSE,removed,public_action_code,C:/Users/mv3031/Desktop/Financial_Health_Project/Financial Health Tracker - For Github/data_pipelines/accreditation/cache/dapip/pdfs/111115_action-8_file-24425.pdf,C:/Users/mv3031/Desktop/Financial_Health_Project/Financial Health Tracker - For Github/data_pipelines/accreditation/cache/dapip/text/111115_action-8_file-24425.txt,pdf_body,No additional report requested after review of the Monitoring Report
139366,Columbus State University,Georgia,"Southern Association of Colleges and Schools, Commission on Colleges",removed,Removal of Monitoring Status,resolved,2023-06-15,2023,,,DAPIP Institutional Accreditation Action,Removal of Monitoring Status,2026-06-07 21:09:01.996739,https://ope.ed.gov/dapip/#/institution-profile/111115,,111115,00156100,7,1,1,3,RM,10,0,dapip_action_description,FALSE,removed,public_action_code,,,raw_title,Removal of Monitoring Status
139366,Columbus State University,Georgia,"Southern Association of Colleges and Schools, Commission on Colleges",notice,Heightened Monitoring or Focused Review,active,2022-06-16,2022,,,DAPIP Institutional Accreditation Action,Heightened Monitoring or Focused Review,2026-06-07 21:09:02.106223,https://ope.ed.gov/dapip/#/institution-profile/111115,,111115,00156100,7,1,1,7,HM,6,24418,dapip_action_description,FALSE,monitoring_or_notice,public_action_code,C:/Users/mv3031/Desktop/Financial_Health_Project/Financial Health Tracker - For Github/data_pipelines/accreditation/cache/dapip/pdfs/111115_action-7_file-24418.pdf,C:/Users/mv3031/Desktop/Financial_Health_Project/Financial Health Tracker - For Github/data_pipelines/accreditation/cache/dapip/text/111115_action-7_file-24418.txt,raw_title,Heightened monitoring or focused review
139463,Dalton State College,Georgia,"Southern Association of Colleges and Schools, Commission on Colleges",notice,"Fuchko: The following action regarding your institution was taken by the Board of Trustees of the Southern Association of Colleges and Schools Commission on Colleges (SACSCOC) during its meeting held on June 13, 2024: The SACSCOC Board of Trustees reviewed the institutions First Monitoring Report following action on reaffirmation of accreditation in June 2023.",active,2024-06-13,2024,,,DAPIP Institutional Accreditation Action,Heightened Monitoring or Focused Review,2026-06-07 21:09:03.380811,https://ope.ed.gov/dapip/#/institution-profile/111142,,111142,00395600,7,1,1,8,HM,6,23932,dapip_file_text,FALSE,monitoring_or_notice,public_action_code,C:/Users/mv3031/Desktop/Financial_Health_Project/Financial Health Tracker - For Github/data_pipelines/accreditation/cache/dapip/pdfs/111142_action-8_file-23932.pdf,C:/Users/mv3031/Desktop/Financial_Health_Project/Financial Health Tracker - For Github/data_pipelines/accreditation/cache/dapip/text/111142_action-8_file-23932.txt,pdf_body,Requested to Submit a Monitoring Report on Student Outcomes: Educational Programs
139463,Dalton State College,Georgia,"Southern Association of Colleges and Schools, Commission on Colleges",notice,"Fuchko: The following action regarding your institution was taken by the Board of Trustees of the Southern Association of Colleges and Schools Commission on Colleges (SACSCOC) during its meeting held on June 15, 2023: The SACSCOC Board of Trustees reaffirmed accreditation and requested a Monitoring Report due April 1, 2024.",active,2024-01-26,2024,,,DAPIP Institutional Accreditation Action,Heightened Monitoring or Focused Review,2026-06-07 21:09:03.587669,https://ope.ed.gov/dapip/#/institution-profile/111142,,111142,00395600,7,1,1,7,HM,6,23927,dapip_file_text,FALSE,monitoring_or_notice,public_action_code,C:/Users/mv3031/Desktop/Financial_Health_Project/Financial Health Tracker - For Github/data_pipelines/accreditation/cache/dapip/pdfs/111142_action-7_file-23927.pdf,C:/Users/mv3031/Desktop/Financial_Health_Project/Financial Health Tracker - For Github/data_pipelines/accreditation/cache/dapip/text/111142_action-7_file-23927.txt,pdf_body,"Requested to Submit a Monitoring Report due April 1, 2024."
139579,South University-Savannah,Georgia,"Southern Association of Colleges and Schools, Commission on Colleges",notice,Heightened Monitoring or Focused Review,active,2025-06-12,2025,,,DAPIP Institutional Accreditation Action,Heightened Monitoring or Focused Review,2026-06-07 21:09:04.376761,https://ope.ed.gov/dapip/#/institution-profile/111188,,111188,01303900,7,1,1,20,HM,6,27002,dapip_action_description,FALSE,monitoring_or_notice,public_action_code,C:/Users/mv3031/Desktop/Financial_Health_Project/Financial Health Tracker - For Github/data_pipelines/accreditation/cache/dapip/pdfs/111188_action-20_file-27002.pdf,C:/Users/mv3031/Desktop/Financial_Health_Project/Financial Health Tracker - For Github/data_pipelines/accreditation/cache/dapip/text/111188_action-20_file-27002.txt,raw_title,Heightened monitoring or focused review
139579,South University-Savannah,Georgia,"Southern Association of Colleges and Schools, Commission on Colleges",notice,Heightened Monitoring or Focused Review,active,2025-06-12,2025,,,DAPIP Institutional Accreditation Action,Heightened Monitoring or Focused Review,2026-06-07 21:09:04.444449,https://ope.ed.gov/dapip/#/institution-profile/111188,,111188,01303900,7,1,1,27,HM,6,28853,dapip_action_description,FALSE,monitoring_or_notice,public_action_code,C:/Users/mv3031/Desktop/Financial_Health_Project/Financial Health Tracker - For Github/data_pipelines/accreditation/cache/dapip/pdfs/111188_action-27_file-28853.pdf,C:/Users/mv3031/Desktop/Financial_Health_Project/Financial Health Tracker - For Github/data_pipelines/accreditation/cache/dapip/text/111188_action-27_file-28853.txt,raw_title,Heightened monitoring or focused review
139579,South University-Savannah,Georgia,"Southern Association of Colleges and Schools, Commission on Colleges",removed,"Yoho: The following action regarding your institution was taken by the Board of Trustees of the Southern Association of Colleges and Schools Commission on Colleges (SACSCOC) during its meeting held on December 8, 2024: The SACSCOC Board of Trustees reviewed the institution’s Monitoring Report following action on a change in ownership/control/governance and removed the institution from Warning.",resolved,2024-12-08,2024,,,DAPIP Institutional Accreditation Action,Removal of Monitoring Status,2026-06-07 21:09:04.594059,https://ope.ed.gov/dapip/#/institution-profile/111188,,111188,01303900,7,1,1,17,RM,9,26999,dapip_file_text,FALSE,removed,public_action_code,C:/Users/mv3031/Desktop/Financial_Health_Project/Financial Health Tracker - For Github/data_pipelines/accreditation/cache/dapip/pdfs/111188_action-17_file-26999.pdf,C:/Users/mv3031/Desktop/Financial_Health_Project/Financial Health Tracker - For Github/data_pipelines/accreditation/cache/dapip/text/111188_action-17_file-26999.txt,pdf_body,Removed from warning
139579,South University-Savannah,Georgia,"Southern Association of Colleges and Schools, Commission on Colleges",removed,Accreditation Reaffirmed:  Warning Removed,resolved,2024-12-08,2024,,,DAPIP Institutional Accreditation Action,Accreditation Reaffirmed: Warning Removed,2026-06-07 21:09:04.725035,https://ope.ed.gov/dapip/#/institution-profile/111188,,111188,01303900,7,1,1,7,WR,10,0,dapip_action_description,FALSE,removed,public_action_code,,,raw_title,Warning removed
139579,South University-Savannah,Georgia,"Southern Association of Colleges and Schools, Commission on Colleges",other,"Yoho: The following action regarding your institution was taken by the Board of Trustees of the Southern Association of Colleges and Schools Commission on Colleges (SACSCOC) during its meeting held on December 8, 2024: The SACSCOC Board of Trustees reviewed the institution’s Monitoring Report following action on a change in ownership/control/governance and removed the institution from Warning.",active,2024-12-08,2024,,,DAPIP Institutional Accreditation Action,Grant Substantive Change: Ownership,2026-06-07 21:09:04.771336,https://ope.ed.gov/dapip/#/institution-profile/111188,,111188,01303900,7,1,1,25,GO,9,28851,dapip_file_text,FALSE,ownership_change,public_action_code,C:/Users/mv3031/Desktop/Financial_Health_Project/Financial Health Tracker - For Github/data_pipelines/accreditation/cache/dapip/pdfs/111188_action-25_file-28851.pdf,C:/Users/mv3031/Desktop/Financial_Health_Project/Financial Health Tracker - For Github/data_pipelines/accreditation/cache/dapip/text/111188_action-25_file-28851.txt,pdf_body,Removed from warning
139579,South University-Savannah,Georgia,"Southern Association of Colleges and Schools, Commission on Colleges",other,"Yoho: The following action regarding your institution was taken by the Board of Trustees of the Southern Association of Colleges and Schools Commission on Colleges (SACSCOC) during its meeting held on June 13, 2024: The SACSCOC Board of Trustees continued accreditation following the review of the institution’s change in ownership/control/governance and placed the institution on Warning for six months for failure to comply with Core Requirement 4.1 (Governing board characteristics) and Standard 4.2.",active,2024-06-13,2024,,,DAPIP Institutional Accreditation Action,Grant Substantive Change: Ownership,2026-06-07 21:09:04.830267,https://ope.ed.gov/dapip/#/institution-profile/111188,,111188,01303900,7,1,1,24,GO,6,28850,dapip_file_text,FALSE,ownership_change,public_action_code,C:/Users/mv3031/Desktop/Financial_Health_Project/Financial Health Tracker - For Github/data_pipelines/accreditation/cache/dapip/pdfs/111188_action-24_file-28850.pdf,C:/Users/mv3031/Desktop/Financial_Health_Project/Financial Health Tracker - For Github/data_pipelines/accreditation/cache/dapip/text/111188_action-24_file-28850.txt,pdf_body,Continued accreditation following the review of the institution’s change in ownership/control/governance and placed the institution on warning for six months for failure to comply with Core Requirement 4.1 (Governing board characteristics) and Standard 4.2.b (Board/administrative distinction)
139579,South University-Savannah,Georgia,"Southern Association of Colleges and Schools, Commission on Colleges",warning,"Yoho: The following action regarding your institution was taken by the Board of Trustees of the Southern Association of Colleges and Schools Commission on Colleges (SACSCOC) during its meeting held on June 13, 2024: The SACSCOC Board of Trustees continued accreditation following the review of the institution’s change in ownership/control/governance and placed the institution on Warning for six months for failure to comply with Core Requirement 4.1 (Governing board characteristics) and Standard 4.2.b (Board/administrative distinction). A Special Committee was not authorized to visit the institution.",active,2024-06-13,2024,,,DAPIP Institutional Accreditation Action,Probation or Equivalent or a More Severe Status: Warning,2026-06-07 21:09:04.900802,https://ope.ed.gov/dapip/#/institution-profile/111188,,111188,01303900,7,1,1,10,PW,6,22635,dapip_file_text,FALSE,warning,public_action_code,C:/Users/mv3031/Desktop/Financial_Health_Project/Financial Health Tracker - For Github/data_pipelines/accreditation/cache/dapip/pdfs/111188_action-10_file-22635.pdf,C:/Users/mv3031/Desktop/Financial_Health_Project/Financial Health Tracker - For Github/data_pipelines/accreditation/cache/dapip/text/111188_action-10_file-22635.txt,pdf_body,Placed on warning for six months for failure to comply with Core Requirement 4.1 (Governing board characteristics) and Standard 4.2.b (Board/administrative distinction)
139579,South University-Savannah,Georgia,"Southern Association of Colleges and Schools, Commission on Colleges",other,We appreciate your continued support of SACSCOC's activities and work.,active,2023-06-15,2023,,,DAPIP Institutional Accreditation Action,Grant Substantive Change: Ownership,2026-06-07 21:09:05.219723,https://ope.ed.gov/dapip/#/institution-profile/111188,,111188,01303900,7,1,1,22,GO,6,28848,dapip_file_text,FALSE,ownership_change,public_action_code,C:/Users/mv3031/Desktop/Financial_Health_Project/Financial Health Tracker - For Github/data_pipelines/accreditation/cache/dapip/pdfs/111188_action-22_file-28848.pdf,C:/Users/mv3031/Desktop/Financial_Health_Project/Financial Health Tracker - For Github/data_pipelines/accreditation/cache/dapip/text/111188_action-22_file-28848.txt,pdf_body,"SAGS SOUTHERN ASSOCIATION OF COLLEGES AND SCHOOLS COMMISSION ON COLLEGES June 29, 2023 Dr. Steven Yoho Chancellor &CEO South University 709 Mali Boulevard Savannah, GA 31406 Dear Dr. Yoho: The following action regarding your institution was taken by the Board of Trustees of the Southern Association of Colleges and Schools Commission on Colleges (SACSCOC) during its meeting held on June 15, 2023: The SACSCOC Board of Trustees approved a change in ownership/control/governance (intended implementation: July 2023). A Substantive Change Committee was authorized to visit the institution. We appreciate your continued support of SACSCOC's activities and work. If you have questions, please contact the SACSCOC staff member assigned to your institution. Sincerely, Belle S. Wheelan, Ph. D. President BSW:ktf ec: Dr. Lynne S. Crosby, Vice President, SACSCOC 1866 Southern Lane . Decatur, Georgia 30033-4097 . Telephone 404/679-4500 . Fax404/679-4558 www. sacscoc. org"
139579,South University-Savannah,Georgia,"Southern Association of Colleges and Schools, Commission on Colleges",other,Grant Substantive Change: Ownership,active,2023-06-15,2023,,,DAPIP Institutional Accreditation Action,Grant Substantive Change: Ownership,2026-06-07 21:09:05.316306,https://ope.ed.gov/dapip/#/institution-profile/111188,,111188,01303900,7,1,1,4,GO,10,0,dapip_action_description,FALSE,ownership_change,public_action_code,,,raw_title,Grant Substantive Change: Ownership
139579,South University-Savannah,Georgia,"Southern Association of Colleges and Schools, Commission on Colleges",notice,Heightened Monitoring or Focused Review,active,2022-12-04,2022,,,DAPIP Institutional Accreditation Action,Heightened Monitoring or Focused Review,2026-06-07 21:09:05.473359,https://ope.ed.gov/dapip/#/institution-profile/111188,,111188,01303900,7,1,1,13,HM,9,26994,dapip_action_description,FALSE,monitoring_or_notice,public_action_code,C:/Users/mv3031/Desktop/Financial_Health_Project/Financial Health Tracker - For Github/data_pipelines/accreditation/cache/dapip/pdfs/111188_action-13_file-26994.pdf,C:/Users/mv3031/Desktop/Financial_Health_Project/Financial Health Tracker - For Github/data_pipelines/accreditation/cache/dapip/text/111188_action-13_file-26994.txt,raw_title,Heightened monitoring or focused review
139579,South University-Savannah,Georgia,"Southern Association of Colleges and Schools, Commission on Colleges",removed,Removal of Monitoring Status,resolved,2022-12-04,2022,,,DAPIP Institutional Accreditation Action,Removal of Monitoring Status,2026-06-07 21:09:05.513314,https://ope.ed.gov/dapip/#/institution-profile/111188,,111188,01303900,7,1,1,3,RM,10,0,dapip_action_description,FALSE,removed,public_action_code,,,raw_title,Removal of Monitoring Status
139579,South University-Savannah,Georgia,"Southern Association of Colleges and Schools, Commission on Colleges",notice,"Yoho: The following action regarding your institution was taken by the Board of Trustees of the Southern Association of Colleges and Schools Commission on Colleges (SACSCOC) during its meeting held on June 16, 2022: The SACSCOC Board of Trustees reviewed the institution's Second Monitoring Report following action on a change of ownership, control and/or governance.",active,2022-06-16,2022,,,DAPIP Institutional Accreditation Action,Heightened Monitoring or Focused Review,2026-06-07 21:09:05.557432,https://ope.ed.gov/dapip/#/institution-profile/111188,,111188,01303900,7,1,1,12,HM,6,26993,dapip_file_text,FALSE,monitoring_or_notice,public_action_code,C:/Users/mv3031/Desktop/Financial_Health_Project/Financial Health Tracker - For Github/data_pipelines/accreditation/cache/dapip/pdfs/111188_action-12_file-26993.pdf,C:/Users/mv3031/Desktop/Financial_Health_Project/Financial Health Tracker - For Github/data_pipelines/accreditation/cache/dapip/text/111188_action-12_file-26993.txt,pdf_body,Requested to Submit a Monitoring Report on Financial Responsibility
139630,Emmanuel University,Georgia,"Southern Association of Colleges and Schools, Commission on Colleges",notice,"White: The following action regarding your institution was taken by the Board of Trustees of the Southern Association of Colleges and Schools Commission on Colleges (SACSCOC) during its meeting held on December 4, 2022: The SACSCOC Board of Trustees reviewed the institution's Follow-Up Report requested in June 2018 that focused on finances and placed the institution on Warning for six (6) months for failure to comply with Core Requirement 13.",active,2024-12-08,2024,,,DAPIP Institutional Accreditation Action,Heightened Monitoring or Focused Review,2026-06-07 21:09:06.27756,https://ope.ed.gov/dapip/#/institution-profile/111203,,111203,00156300,7,1,1,21,HM,6,24569,dapip_file_text,FALSE,monitoring_or_notice,public_action_code,C:/Users/mv3031/Desktop/Financial_Health_Project/Financial Health Tracker - For Github/data_pipelines/accreditation/cache/dapip/pdfs/111203_action-21_file-24569.pdf,C:/Users/mv3031/Desktop/Financial_Health_Project/Financial Health Tracker - For Github/data_pipelines/accreditation/cache/dapip/text/111203_action-21_file-24569.txt,pdf_body,"Placed on warning for six (6) months for failure to comply with Core Requirement 13.1 (Financial resources), Core Requirement 13.2 (Financial documents), and Standard 13.3 (Financial responsibility)"
139630,Emmanuel University,Georgia,"Southern Association of Colleges and Schools, Commission on Colleges",removed,"Box 129 Franklin Springs, GA 30639 Dear President Hearn: The following action regarding your institution was taken by the Board of Trustees of the Southern Association of Colleges and Schools Commission on Colleges (SACSCOC) during its meeting held on June 15, 2023: The SACSCOC Board of Trustees reviewed the institution's Monitoring Report following action on a Fifth-Year Follow-Up Report in December 2022 and removed the institution from Warning.",resolved,2024-07-26,2024,,,DAPIP Institutional Accreditation Action,Removal of Monitoring Status,2026-06-07 21:09:06.408622,https://ope.ed.gov/dapip/#/institution-profile/111203,,111203,00156300,7,1,1,19,RM,10,24567,dapip_file_text,FALSE,removed,public_action_code,C:/Users/mv3031/Desktop/Financial_Health_Project/Financial Health Tracker - For Github/data_pipelines/accreditation/cache/dapip/pdfs/111203_action-19_file-24567.pdf,C:/Users/mv3031/Desktop/Financial_Health_Project/Financial Health Tracker - For Github/data_pipelines/accreditation/cache/dapip/text/111203_action-19_file-24567.txt,pdf_body,Removed from warning
139630,Emmanuel University,Georgia,"Southern Association of Colleges and Schools, Commission on Colleges",notice,Heightened Monitoring or Focused Review,active,2024-07-26,2024,,,DAPIP Institutional Accreditation Action,Heightened Monitoring or Focused Review,2026-06-07 21:09:06.462582,https://ope.ed.gov/dapip/#/institution-profile/111203,,111203,00156300,7,1,1,20,HM,6,24568,dapip_action_description,FALSE,monitoring_or_notice,public_action_code,C:/Users/mv3031/Desktop/Financial_Health_Project/Financial Health Tracker - For Github/data_pipelines/accreditation/cache/dapip/pdfs/111203_action-20_file-24568.pdf,C:/Users/mv3031/Desktop/Financial_Health_Project/Financial Health Tracker - For Github/data_pipelines/accreditation/cache/dapip/text/111203_action-20_file-24568.txt,raw_title,Heightened monitoring or focused review
139630,Emmanuel University,Georgia,"Southern Association of Colleges and Schools, Commission on Colleges",removed,"Box 129 Franklin Springs, GA 30639 Dear President Hearn: The following action regarding your institution was taken by the Board of Trustees of the Southern Association of Colleges and Schools Commission on Colleges (SACSCOC) during its meeting held on June 15, 2023: The SACSCOC Board of Trustees reviewed the institution's Monitoring Report following action on a Fifth-Year Follow-Up Report in December 2022 and removed the institution from Warning.",resolved,2023-06-15,2023,,,DAPIP Institutional Accreditation Action,Removal of Monitoring Status,2026-06-07 21:09:07.054638,https://ope.ed.gov/dapip/#/institution-profile/111203,,111203,00156300,7,1,1,13,RM,10,24557,dapip_file_text,FALSE,removed,public_action_code,C:/Users/mv3031/Desktop/Financial_Health_Project/Financial Health Tracker - For Github/data_pipelines/accreditation/cache/dapip/pdfs/111203_action-13_file-24557.pdf,C:/Users/mv3031/Desktop/Financial_Health_Project/Financial Health Tracker - For Github/data_pipelines/accreditation/cache/dapip/text/111203_action-13_file-24557.txt,pdf_body,Removed from warning
139630,Emmanuel University,Georgia,"Southern Association of Colleges and Schools, Commission on Colleges",removed,Accreditation Reaffirmed:  Warning Removed,resolved,2023-06-15,2023,,,DAPIP Institutional Accreditation Action,Accreditation Reaffirmed: Warning Removed,2026-06-07 21:09:07.094347,https://ope.ed.gov/dapip/#/institution-profile/111203,,111203,00156300,7,1,1,5,WR,10,0,dapip_action_description,FALSE,removed,public_action_code,,,raw_title,Warning removed
139630,Emmanuel University,Georgia,"Southern Association of Colleges and Schools, Commission on Colleges",warning,"White : The following action regarding your institution was taken by the Board of Trustees of the Southern Association of Colleges and Schools Commission on Colleges (SACSCOC) during its meeting held on December 4, 2022: The SACSCOC Board of Trustees reviewed the institution's Follow-Up Report requested in June 2018 that focused on finances and placed the institution on Warning for six (6) months for failure to comply with Core Requirement 13.1 (Financial resources}, Core Requirement 13.2 (Financial documents) , and Standard 13.3 (Financial responsibility) of the Principles of Accreditation. A Special Committee was not authorized to visit the institution.",active,2022-12-04,2022,,,DAPIP Institutional Accreditation Action,Probation or Equivalent or a More Severe Status: Warning,2026-06-07 21:09:07.260708,https://ope.ed.gov/dapip/#/institution-profile/111203,,111203,00156300,7,1,1,8,PW,6,22600,dapip_file_text,FALSE,warning,public_action_code,C:/Users/mv3031/Desktop/Financial_Health_Project/Financial Health Tracker - For Github/data_pipelines/accreditation/cache/dapip/pdfs/111203_action-8_file-22600.pdf,C:/Users/mv3031/Desktop/Financial_Health_Project/Financial Health Tracker - For Github/data_pipelines/accreditation/cache/dapip/text/111203_action-8_file-22600.txt,pdf_body,"Placed on warning for failure to comply with Core Requirement 13.1 (Financial resources), Core Requirement 13.2 (Financial documents), and Standard 13.3 (Financial responsibility)"
139630,Emmanuel University,Georgia,"Southern Association of Colleges and Schools, Commission on Colleges",warning,Probation or Equivalent or a More Severe Status: Warning,active,2022-12-04,2022,,,DAPIP Institutional Accreditation Action,Probation or Equivalent or a More Severe Status: Warning,2026-06-07 21:09:07.319028,https://ope.ed.gov/dapip/#/institution-profile/111203,,111203,00156300,7,1,1,4,PW,6,0,dapip_action_description,FALSE,warning,public_action_code,,,raw_title,Placed on warning
139630,Emmanuel University,Georgia,"Southern Association of Colleges and Schools, Commission on Colleges",notice,"White: The following action regarding your institution was taken by the Board of Trustees of the Southern Association of Colleges and Schools Commission on Colleges (SACSCOC) during its meeting held on December 4, 2022: The SACSCOC Board of Trustees reviewed the institution's Follow-Up Report requested in June 2018 that focused on finances and placed the institution on Warning for six (6) months for failure to comply with Core Requirement 13.",active,2022-12-04,2022,,,DAPIP Institutional Accreditation Action,Heightened Monitoring or Focused Review,2026-06-07 21:09:07.376109,https://ope.ed.gov/dapip/#/institution-profile/111203,,111203,00156300,7,1,1,11,HM,6,24555,dapip_file_text,FALSE,monitoring_or_notice,public_action_code,C:/Users/mv3031/Desktop/Financial_Health_Project/Financial Health Tracker - For Github/data_pipelines/accreditation/cache/dapip/pdfs/111203_action-11_file-24555.pdf,C:/Users/mv3031/Desktop/Financial_Health_Project/Financial Health Tracker - For Github/data_pipelines/accreditation/cache/dapip/text/111203_action-11_file-24555.txt,pdf_body,"Placed on warning for six (6) months for failure to comply with Core Requirement 13.1 (Financial resources), Core Requirement 13.2 (Financial documents), and Standard 13.3 (Financial responsibility)"
139630,Emmanuel University,Georgia,"Southern Association of Colleges and Schools, Commission on Colleges",notice,Heightened Monitoring or Focused Review,active,2022-12-03,2022,,,DAPIP Institutional Accreditation Action,Heightened Monitoring or Focused Review,2026-06-07 21:09:07.451791,https://ope.ed.gov/dapip/#/institution-profile/111203,,111203,00156300,7,1,1,10,HM,6,24554,dapip_action_description,FALSE,monitoring_or_notice,public_action_code,C:/Users/mv3031/Desktop/Financial_Health_Project/Financial Health Tracker - For Github/data_pipelines/accreditation/cache/dapip/pdfs/111203_action-10_file-24554.pdf,C:/Users/mv3031/Desktop/Financial_Health_Project/Financial Health Tracker - For Github/data_pipelines/accreditation/cache/dapip/text/111203_action-10_file-24554.txt,raw_title,Heightened monitoring or focused review
139658,Emory University,Georgia,"Southern Association of Colleges and Schools, Commission on Colleges",notice,Heightened Monitoring or Focused Review,active,2025-06-12,2025,,,DAPIP Institutional Accreditation Action,Heightened Monitoring or Focused Review,2026-06-07 21:09:08.09073,https://ope.ed.gov/dapip/#/institution-profile/111212,,111212,00156400,7,1,1,19,HM,10,28341,dapip_action_description,FALSE,monitoring_or_notice,public_action_code,C:/Users/mv3031/Desktop/Financial_Health_Project/Financial Health Tracker - For Github/data_pipelines/accreditation/cache/dapip/pdfs/111212_action-19_file-28341.pdf,C:/Users/mv3031/Desktop/Financial_Health_Project/Financial Health Tracker - For Github/data_pipelines/accreditation/cache/dapip/text/111212_action-19_file-28341.txt,raw_title,Heightened monitoring or focused review
139719,Fort Valley State University,Georgia,"Southern Association of Colleges and Schools, Commission on Colleges",notice,Heightened Monitoring or Focused Review,active,2022-12-04,2022,,,DAPIP Institutional Accreditation Action,Heightened Monitoring or Focused Review,2026-06-07 21:09:10.275848,https://ope.ed.gov/dapip/#/institution-profile/111230,,111230,00156600,7,1,1,8,HM,6,24152,dapip_action_description,FALSE,monitoring_or_notice,public_action_code,C:/Users/mv3031/Desktop/Financial_Health_Project/Financial Health Tracker - For Github/data_pipelines/accreditation/cache/dapip/pdfs/111230_action-8_file-24152.pdf,C:/Users/mv3031/Desktop/Financial_Health_Project/Financial Health Tracker - For Github/data_pipelines/accreditation/cache/dapip/text/111230_action-8_file-24152.txt,raw_title,Heightened monitoring or focused review
139940,Georgia State University,Georgia,"Southern Association of Colleges and Schools, Commission on Colleges",notice,"Based only on those reviewed standards, the institution is requested to submit a Referral Report due April 1, 2026, addressing the standards of the Principles identified below.",active,2025-04-25,2025,,,DAPIP Institutional Accreditation Action,Heightened Monitoring or Focused Review,2026-06-07 21:09:14.866742,https://ope.ed.gov/dapip/#/institution-profile/111337,,111337,00157400,7,1,1,16,HM,6,28585,dapip_file_text,FALSE,monitoring_or_notice,public_action_code,C:/Users/mv3031/Desktop/Financial_Health_Project/Financial Health Tracker - For Github/data_pipelines/accreditation/cache/dapip/pdfs/111337_action-16_file-28585.pdf,C:/Users/mv3031/Desktop/Financial_Health_Project/Financial Health Tracker - For Github/data_pipelines/accreditation/cache/dapip/text/111337_action-16_file-28585.txt,pdf_body,Requested to submit a Referral Report documenting compliance with accreditation standards
139959,University of Georgia,Georgia,"Southern Association of Colleges and Schools, Commission on Colleges",removed,Removal of Monitoring Status,resolved,2019-06-02,2019,,,DAPIP Institutional Accreditation Action,Removal of Monitoring Status,2026-06-07 21:09:15.873977,https://ope.ed.gov/dapip/#/institution-profile/111346,,111346,00159800,7,1,1,4,RM,10,0,dapip_action_description,FALSE,removed,public_action_code,,,raw_title,Removal of Monitoring Status
140234,LaGrange College,Georgia,"Southern Association of Colleges and Schools, Commission on Colleges",notice,Heightened Monitoring or Focused Review,active,2024-06-13,2024,,,DAPIP Institutional Accreditation Action,Heightened Monitoring or Focused Review,2026-06-07 21:09:16.56875,https://ope.ed.gov/dapip/#/institution-profile/111452,,111452,00157800,7,1,1,14,HM,9,28156,dapip_action_description,FALSE,monitoring_or_notice,public_action_code,C:/Users/mv3031/Desktop/Financial_Health_Project/Financial Health Tracker - For Github/data_pipelines/accreditation/cache/dapip/pdfs/111452_action-14_file-28156.pdf,C:/Users/mv3031/Desktop/Financial_Health_Project/Financial Health Tracker - For Github/data_pipelines/accreditation/cache/dapip/text/111452_action-14_file-28156.txt,raw_title,Heightened monitoring or focused review
140553,Morehouse College,Georgia,"Southern Association of Colleges and Schools, Commission on Colleges",notice,"Based only on those reviewed standards, the institution is requested to submit a Referral Report due September 8, 2025, addressing the standards of the Principles identified below.",active,2024-11-08,2024,,,DAPIP Institutional Accreditation Action,Heightened Monitoring or Focused Review,2026-06-07 21:09:18.667771,https://ope.ed.gov/dapip/#/institution-profile/111568,,111568,00158200,7,1,1,3,HM,6,25934,dapip_file_text,FALSE,monitoring_or_notice,public_action_code,C:/Users/mv3031/Desktop/Financial_Health_Project/Financial Health Tracker - For Github/data_pipelines/accreditation/cache/dapip/pdfs/111568_action-3_file-25934.pdf,C:/Users/mv3031/Desktop/Financial_Health_Project/Financial Health Tracker - For Github/data_pipelines/accreditation/cache/dapip/text/111568_action-3_file-25934.txt,pdf_body,Requested to submit a Referral Report documenting compliance with accreditation standards
140696,Oglethorpe University,Georgia,"Southern Association of Colleges and Schools, Commission on Colleges",notice,Heightened Monitoring or Focused Review,active,2022-12-03,2022,,,DAPIP Institutional Accreditation Action,Heightened Monitoring or Focused Review,2026-06-07 21:09:20.115503,https://ope.ed.gov/dapip/#/institution-profile/111610,,111610,00158600,7,1,1,6,HM,10,26226,dapip_action_description,FALSE,monitoring_or_notice,public_action_code,C:/Users/mv3031/Desktop/Financial_Health_Project/Financial Health Tracker - For Github/data_pipelines/accreditation/cache/dapip/pdfs/111610_action-6_file-26226.pdf,C:/Users/mv3031/Desktop/Financial_Health_Project/Financial Health Tracker - For Github/data_pipelines/accreditation/cache/dapip/text/111610_action-6_file-26226.txt,raw_title,Heightened monitoring or focused review
140720,Paine College,Georgia,"Southern Association of Colleges and Schools, Commission on Colleges",adverse_action,Loss of Accreditation or Preaccreditation: Denial,active,2020-05-29,2020,,,DAPIP Institutional Accreditation Action,Loss of Accreditation or Preaccreditation: Denial,2026-06-07 21:09:20.5063,https://ope.ed.gov/dapip/#/institution-profile/111638,,111638,00158700,7,1,1,2,LD,1,0,dapip_action_description,FALSE,withdrawal_or_loss,public_action_code,,,raw_title,Loss of accreditation or Preaccreditation: Denial
140720,Paine College,Georgia,"Transnational Association of Christian Colleges and Schools, Accreditation Commission",removed,Removal of Show Cause Status,resolved,2026-04-28,2026,,,DAPIP Institutional Accreditation Action,Removal of Show Cause Status,2026-06-07 21:09:20.985165,https://ope.ed.gov/dapip/#/institution-profile/111638,,111638,00158700,19,1,2,3,RS,9,0,dapip_action_description,FALSE,removed,public_action_code,,,raw_title,Removal of Show Cause Status
140720,Paine College,Georgia,"Transnational Association of Christian Colleges and Schools, Accreditation Commission",show_cause,"TRANSNATIONAL ASSOCIATION OF CHRISTIAN COLLEGES AND SCHOOLS (TRACS) ACCREDITATION COMMISSION ACTION Public Disclosure Statement Regarding the Change of Status for Paine College Augusta, GA From ACCREDITED to ACCREDITED – SHOW CAUSE Issued by the Accreditation Commission on November 17, 2025 Paine College: The following information is provided by the Transnational Association of Christian Colleges and Schools (TRACS) regarding the current status of Paine College (PC).",active,2025-10-21,2025,,,DAPIP Institutional Accreditation Action,Probation or Equivalent or a More Severe Status: Show Cause,2026-06-07 21:09:21.045326,https://ope.ed.gov/dapip/#/institution-profile/111638,,111638,00158700,19,1,2,2,SC,3,27510,dapip_file_text,FALSE,show_cause,public_action_code,C:/Users/mv3031/Desktop/Financial_Health_Project/Financial Health Tracker - For Github/data_pipelines/accreditation/cache/dapip/pdfs/111638_action-2_file-27510.pdf,C:/Users/mv3031/Desktop/Financial_Health_Project/Financial Health Tracker - For Github/data_pipelines/accreditation/cache/dapip/text/111638_action-2_file-27510.txt,pdf_body,"TRANSNATIONAL ASSOCIATION OF CHRISTIAN COLLEGES AND SCHOOLS (TRACS) accreditation COMMISSION ACTION Public Disclosure Statement Regarding the Change of Status for Paine College Augusta, GA From ACCREDITED to ACCREDITED – SHOW CAUSE Issued by the accreditation Commission on November 17, 2025 Paine College: The following information is provided by the Transnational Association of Christian Colleges and Schools (TRACS) regarding the current status of Paine College (PC)."
140872,Reinhardt University,Georgia,"Southern Association of Colleges and Schools, Commission on Colleges",notice,"Based only on those reviewed standards, the institution should submit a Referral Report due April 1, 2025, addressing the standards of the Principles identified below.",active,2024-04-26,2024,,,DAPIP Institutional Accreditation Action,Heightened Monitoring or Focused Review,2026-06-07 21:09:22.107467,https://ope.ed.gov/dapip/#/institution-profile/111674,,111674,00158900,7,1,1,9,HM,6,26443,dapip_file_text,FALSE,monitoring_or_notice,public_action_code,C:/Users/mv3031/Desktop/Financial_Health_Project/Financial Health Tracker - For Github/data_pipelines/accreditation/cache/dapip/pdfs/111674_action-9_file-26443.pdf,C:/Users/mv3031/Desktop/Financial_Health_Project/Financial Health Tracker - For Github/data_pipelines/accreditation/cache/dapip/text/111674_action-9_file-26443.txt,pdf_body,Requested to submit a Referral Report documenting compliance with accreditation standards
140872,Reinhardt University,Georgia,"Southern Association of Colleges and Schools, Commission on Colleges",removed,Removal of Monitoring Status,resolved,2022-12-04,2022,,,DAPIP Institutional Accreditation Action,Removal of Monitoring Status,2026-06-07 21:09:22.264639,https://ope.ed.gov/dapip/#/institution-profile/111674,,111674,00158900,7,1,1,4,RM,10,0,dapip_action_description,FALSE,removed,public_action_code,,,raw_title,Removal of Monitoring Status
140960,Savannah State University,Georgia,"Southern Association of Colleges and Schools, Commission on Colleges",notice,"Washington: The following action regarding your institution was taken by the Board of Trustees of the Southern Association of Colleges and Schools Commission on Colleges (SACSCOC) during its meeting held on December 4, 2022: The SACSCOCBoard ofTrustees reviewedthe institution's FirstMonitoring Report following action on reaffirmation of accreditation in December 2021.",active,2022-12-04,2022,,,DAPIP Institutional Accreditation Action,Heightened Monitoring or Focused Review,2026-06-07 21:09:23.423772,https://ope.ed.gov/dapip/#/institution-profile/111708,,111708,00159000,7,1,1,5,HM,6,26617,dapip_file_text,FALSE,monitoring_or_notice,public_action_code,C:/Users/mv3031/Desktop/Financial_Health_Project/Financial Health Tracker - For Github/data_pipelines/accreditation/cache/dapip/pdfs/111708_action-5_file-26617.pdf,C:/Users/mv3031/Desktop/Financial_Health_Project/Financial Health Tracker - For Github/data_pipelines/accreditation/cache/dapip/text/111708_action-5_file-26617.txt,pdf_body,Requested to Submit a Monitoring Report on Federal Andstate Responsibilities And Federal And State Responsibilities
140960,Savannah State University,Georgia,"Southern Association of Colleges and Schools, Commission on Colleges",removed,Removal of Monitoring Status,resolved,2019-06-02,2019,,,DAPIP Institutional Accreditation Action,Removal of Monitoring Status,2026-06-07 21:09:23.573894,https://ope.ed.gov/dapip/#/institution-profile/111708,,111708,00159000,7,1,1,3,RM,10,0,dapip_action_description,FALSE,removed,public_action_code,,,raw_title,Removal of Monitoring Status
140988,Shorter University,Georgia,"Southern Association of Colleges and Schools, Commission on Colleges",removed,Accreditation Reaffirmed:  Warning Removed,resolved,2021-06-17,2021,,,DAPIP Institutional Accreditation Action,Accreditation Reaffirmed: Warning Removed,2026-06-07 21:09:24.10216,https://ope.ed.gov/dapip/#/institution-profile/111717,,111717,00159100,7,1,1,6,WR,10,0,dapip_action_description,FALSE,removed,public_action_code,,,raw_title,Warning removed
140988,Shorter University,Georgia,"Southern Association of Colleges and Schools, Commission on Colleges",removed,Accreditation Reaffirmed:  Warning Removed,resolved,2021-06-06,2021,,,DAPIP Institutional Accreditation Action,Accreditation Reaffirmed: Warning Removed,2026-06-07 21:09:24.127097,https://ope.ed.gov/dapip/#/institution-profile/111717,,111717,00159100,7,1,1,8,WR,10,0,dapip_action_description,FALSE,removed,public_action_code,,,raw_title,Warning removed
140988,Shorter University,Georgia,"Southern Association of Colleges and Schools, Commission on Colleges",removed,Removal of Monitoring Status,resolved,2021-06-06,2021,,,DAPIP Institutional Accreditation Action,Removal of Monitoring Status,2026-06-07 21:09:24.153028,https://ope.ed.gov/dapip/#/institution-profile/111717,,111717,00159100,7,1,1,9,RM,10,0,dapip_action_description,FALSE,removed,public_action_code,,,raw_title,Removal of Monitoring Status
140988,Shorter University,Georgia,"Southern Association of Colleges and Schools, Commission on Colleges",warning,Probation or Equivalent or a More Severe Status: Warning,active,2020-09-03,2020,,,DAPIP Institutional Accreditation Action,Probation or Equivalent or a More Severe Status: Warning,2026-06-07 21:09:24.246155,https://ope.ed.gov/dapip/#/institution-profile/111717,,111717,00159100,7,1,1,5,PW,6,0,dapip_action_description,FALSE,warning,public_action_code,,,raw_title,Placed on warning
140988,Shorter University,Georgia,"Southern Association of Colleges and Schools, Commission on Colleges",warning,Probation or Equivalent or a More Severe Status: Warning,active,2019-06-13,2019,,,DAPIP Institutional Accreditation Action,Probation or Equivalent or a More Severe Status: Warning,2026-06-07 21:09:24.303928,https://ope.ed.gov/dapip/#/institution-profile/111717,,111717,00159100,7,1,1,2,PW,6,0,dapip_action_description,FALSE,warning,public_action_code,,,raw_title,Placed on warning
140988,Shorter University,Georgia,"Southern Association of Colleges and Schools, Commission on Colleges",notice,Warning or Equivalent-Factors Affecting Academic Quality,active,2019-06-11,2019,,,DAPIP Institutional Accreditation Action,Warning or Equivalent-Factors Affecting Academic Quality,2026-06-07 21:09:24.328204,https://ope.ed.gov/dapip/#/institution-profile/111717,,111717,00159100,7,1,1,4,WE,6,0,dapip_action_description,FALSE,monitoring_or_notice,public_action_code,,,raw_title,Warning or Equivalent-Factors Affecting Academic Quality
141167,Thomas University,Georgia,"Southern Association of Colleges and Schools, Commission on Colleges",removed,"Sheppard: The following action regarding your institution was taken by the Board of Trustees of the Southern Association of Colleges and Schools Commission on Colleges (SACSCOC) during its meeting he!d on June 15, 2023: The SACSCOC Board of Trustees reviewed the institution's Referral Report following the submission of its Fifth-Year Interim Report in June 2022.",resolved,2023-06-15,2023,,,DAPIP Institutional Accreditation Action,Removal of Monitoring Status,2026-06-07 21:09:24.716779,https://ope.ed.gov/dapip/#/institution-profile/111799,,111799,00155500,7,1,1,10,RM,9,27241,dapip_file_text,FALSE,removed,public_action_code,C:/Users/mv3031/Desktop/Financial_Health_Project/Financial Health Tracker - For Github/data_pipelines/accreditation/cache/dapip/pdfs/111799_action-10_file-27241.pdf,C:/Users/mv3031/Desktop/Financial_Health_Project/Financial Health Tracker - For Github/data_pipelines/accreditation/cache/dapip/text/111799_action-10_file-27241.txt,pdf_body,No additional report requested after review of the Monitoring Report
141167,Thomas University,Georgia,"Southern Association of Colleges and Schools, Commission on Colleges",notice,"Sheppard: The Southern Association of Colleges and Schools Commission on Colleges (SACSCOC) Committee on Fifth-Year Interim Reports reviewed the institution's compliance with select standards of the Principles of Accreditation (Principles) outlined in the SACSCOC Fifth-Year Interim Report, Based only on those reviewed standards, the institution should submit a Referral Report due April 3, 2023, addressing the following referenced standards of the Principles'.",active,2022-06-16,2022,,,DAPIP Institutional Accreditation Action,Heightened Monitoring or Focused Review,2026-06-07 21:09:24.829947,https://ope.ed.gov/dapip/#/institution-profile/111799,,111799,00155500,7,1,1,9,HM,6,27240,dapip_file_text,FALSE,monitoring_or_notice,public_action_code,C:/Users/mv3031/Desktop/Financial_Health_Project/Financial Health Tracker - For Github/data_pipelines/accreditation/cache/dapip/pdfs/111799_action-9_file-27240.pdf,C:/Users/mv3031/Desktop/Financial_Health_Project/Financial Health Tracker - For Github/data_pipelines/accreditation/cache/dapip/text/111799_action-9_file-27240.txt,pdf_body,Requested to submit a Referral Report documenting compliance with accreditation standards
141167,Thomas University,Georgia,"Southern Association of Colleges and Schools, Commission on Colleges",removed,Removal of Monitoring Status,resolved,2019-06-02,2019,,,DAPIP Institutional Accreditation Action,Removal of Monitoring Status,2026-06-07 21:09:24.902506,https://ope.ed.gov/dapip/#/institution-profile/111799,,111799,00155500,7,1,1,8,RM,10,0,dapip_action_description,FALSE,removed,public_action_code,,,raw_title,Removal of Monitoring Status
141185,Toccoa Falls College,Georgia,"Southern Association of Colleges and Schools, Commission on Colleges",notice,"Based only on those reviewed standards, the institution is requested to submit a Referral Report due September 8, 2025, addressing the following referenced standard(s) of the Principles: Standard 6.2.b (Program faculty) For each of its educational programs, this standard expects an institution to employ a sufficient number of full-time faculty members to ensure curriculum and program quality, integrity, and review.",active,2025-04-25,2025,,,DAPIP Institutional Accreditation Action,Heightened Monitoring or Focused Review,2026-06-07 21:09:25.540223,https://ope.ed.gov/dapip/#/institution-profile/111805,,111805,00159600,7,1,1,6,HM,6,27683,dapip_file_text,FALSE,monitoring_or_notice,public_action_code,C:/Users/mv3031/Desktop/Financial_Health_Project/Financial Health Tracker - For Github/data_pipelines/accreditation/cache/dapip/pdfs/111805_action-6_file-27683.pdf,C:/Users/mv3031/Desktop/Financial_Health_Project/Financial Health Tracker - For Github/data_pipelines/accreditation/cache/dapip/text/111805_action-6_file-27683.txt,pdf_body,Requested Referral Report on Program faculty
141325,Wesleyan College,Georgia,"Southern Association of Colleges and Schools, Commission on Colleges",notice,"Meaghan Blight President Wesleyan College 4760 Forsyth Road Macon, GA 31210-4462 Dear President Blight: The following action regarding your institution was taken by the Board of Trustees of the Southern Association of Colleges and Schools Commission on Colleges (SACSCOC) during its meeting held on December 7, 2025: The SACSCOC Board of Trustees reaffirmed accreditation and requested a Monitoring Report due in twelve (12) months.",active,2025-12-07,2025,,,DAPIP Institutional Accreditation Action,Heightened Monitoring or Focused Review,2026-06-07 21:09:27.192291,https://ope.ed.gov/dapip/#/institution-profile/111878,,111878,00160000,7,1,1,5,HM,6,29002,dapip_file_text,FALSE,monitoring_or_notice,public_action_code,C:/Users/mv3031/Desktop/Financial_Health_Project/Financial Health Tracker - For Github/data_pipelines/accreditation/cache/dapip/pdfs/111878_action-5_file-29002.pdf,C:/Users/mv3031/Desktop/Financial_Health_Project/Financial Health Tracker - For Github/data_pipelines/accreditation/cache/dapip/text/111878_action-5_file-29002.txt,pdf_body,Requested to Submit a Monitoring Report due in twelve (12) months.
141325,Wesleyan College,Georgia,"Southern Association of Colleges and Schools, Commission on Colleges",notice,Heightened Monitoring or Focused Review,active,2021-12-01,2021,,,DAPIP Institutional Accreditation Action,Heightened Monitoring or Focused Review,2026-06-07 21:09:27.414083,https://ope.ed.gov/dapip/#/institution-profile/111878,,111878,00160000,7,1,1,2,HM,10,24167,dapip_action_description,FALSE,monitoring_or_notice,public_action_code,C:/Users/mv3031/Desktop/Financial_Health_Project/Financial Health Tracker - For Github/data_pipelines/accreditation/cache/dapip/pdfs/111878_action-2_file-24167.pdf,C:/Users/mv3031/Desktop/Financial_Health_Project/Financial Health Tracker - For Github/data_pipelines/accreditation/cache/dapip/text/111878_action-2_file-24167.txt,raw_title,Heightened monitoring or focused review
141361,Young Harris College,Georgia,"Southern Association of Colleges and Schools, Commission on Colleges",notice,Heightened Monitoring or Focused Review,active,2021-12-04,2021,,,DAPIP Institutional Accreditation Action,Heightened Monitoring or Focused Review,2026-06-07 21:09:28.687151,https://ope.ed.gov/dapip/#/institution-profile/111896,,111896,00160400,7,1,1,4,HM,9,25640,dapip_action_description,FALSE,monitoring_or_notice,public_action_code,C:/Users/mv3031/Desktop/Financial_Health_Project/Financial Health Tracker - For Github/data_pipelines/accreditation/cache/dapip/pdfs/111896_action-4_file-25640.pdf,C:/Users/mv3031/Desktop/Financial_Health_Project/Financial Health Tracker - For Github/data_pipelines/accreditation/cache/dapip/text/111896_action-4_file-25640.txt,raw_title,Heightened monitoring or focused review
141565,University of Hawaii at Hilo,Hawaii,WASC Senior College and University Commission ,removed,"WSCUC is committed to an accreditation process that adds value to institutions while contributing to public accountability, and we thank you for your continued support of this process.",resolved,2025-06-27,2025,,,DAPIP Institutional Accreditation Action,Removal of Monitoring Status,2026-06-07 21:09:29.878041,https://ope.ed.gov/dapip/#/institution-profile/111920,,111920,00161100,10,1,1,3,RM,10,22140,dapip_file_text,FALSE,removed,public_action_code,C:/Users/mv3031/Desktop/Financial_Health_Project/Financial Health Tracker - For Github/data_pipelines/accreditation/cache/dapip/pdfs/111920_action-3_file-22140.pdf,C:/Users/mv3031/Desktop/Financial_Health_Project/Financial Health Tracker - For Github/data_pipelines/accreditation/cache/dapip/text/111920_action-3_file-22140.txt,pdf_body,Removed Notice of Concern
141565,University of Hawaii at Hilo,Hawaii,WASC Senior College and University Commission ,notice,Heightened Monitoring or Focused Review,active,2024-06-28,2024,,,DAPIP Institutional Accreditation Action,Heightened Monitoring or Focused Review,2026-06-07 21:09:29.95262,https://ope.ed.gov/dapip/#/institution-profile/111920,,111920,00161100,10,1,1,2,HM,6,0,dapip_action_description,FALSE,monitoring_or_notice,public_action_code,,,raw_title,Received heightened monitoring or focused review
141644,Hawaii Pacific University,Hawaii,WASC Senior College and University Commission ,notice,Heightened Monitoring or Focused Review,active,2020-02-14,2020,,,DAPIP Institutional Accreditation Action,Heightened Monitoring or Focused Review,2026-06-07 21:09:31.045943,https://ope.ed.gov/dapip/#/institution-profile/111966,,111966,00727900,10,1,1,7,HM,6,0,dapip_action_description,FALSE,monitoring_or_notice,public_action_code,,,raw_title,Received heightened monitoring or focused review
141644,Hawaii Pacific University,Hawaii,WASC Senior College and University Commission ,notice,Probation or Equivalent or a More Severe Status: Other,active,2020-02-14,2020,,,DAPIP Institutional Accreditation Action,Probation or Equivalent or a More Severe Status: Other,2026-06-07 21:09:31.068178,https://ope.ed.gov/dapip/#/institution-profile/111966,,111966,00727900,10,1,1,5,PO,6,0,dapip_action_description,FALSE,monitoring_or_notice,public_action_code,,,raw_title,Probation or equivalent or a more severe status: other
143048,School of the Art Institute of Chicago,Illinois,"National Association of Schools of Art and Design, Commission on Accreditation",adverse_action,Voluntary Withdrawal Received,active,2021-06-30,2021,,,DAPIP Institutional Accreditation Action,Voluntary Withdrawal Received,2026-06-07 21:09:36.162287,https://ope.ed.gov/dapip/#/institution-profile/112349,,112349,00175300,32,1,1,3,VR,10,0,dapip_action_description,FALSE,withdrawal_or_loss,public_action_code,,,raw_title,Voluntarily Surrendered Accreditation
147369,Moody Bible Institute,Illinois,"Association for Biblical Higher Education, Commission on Accreditation",adverse_action,Loss of Accreditation or Preaccreditation: Voluntary Withdrawal,active,2026-02-11,2026,,,DAPIP Institutional Accreditation Action,Loss of Accreditation or Preaccreditation: Voluntary Withdrawal,2026-06-07 21:09:50.830013,https://ope.ed.gov/dapip/#/institution-profile/113704,,113704,00172700,13,1,1,3,R,10,0,dapip_action_description,FALSE,withdrawal_or_loss,public_action_code,,,raw_title,Voluntarily Surrendered Accreditation
151810,Martin University,Indiana,Higher Learning Commission,adverse_action,"Martin University Voluntary Resignation of Accreditation Effective: December 31, 2025 Martin University in Indianapolis, Indiana, voluntarily resigned its accreditation with the Higher Learning Commission effective December 31, 2025.",active,2025-12-31,2025,,,DAPIP Institutional Accreditation Action,"Loss of Accreditation or Preaccreditation: Voluntary Withdrawal | The institution voluntarily resigned status with HLC, effective December 31, 2025.",2026-06-07 21:10:15.04617,https://ope.ed.gov/dapip/#/institution-profile/115320,,115320,02140800,4,1,1,5,R,99,28901,dapip_file_text,FALSE,withdrawal_or_loss,public_action_code,C:/Users/mv3031/Desktop/Financial_Health_Project/Financial Health Tracker - For Github/data_pipelines/accreditation/cache/dapip/pdfs/115320_action-5_file-28901.pdf,C:/Users/mv3031/Desktop/Financial_Health_Project/Financial Health Tracker - For Github/data_pipelines/accreditation/cache/dapip/text/115320_action-5_file-28901.txt,pdf_body,Voluntarily Surrendered Accreditation
152381,Saint Mary-of-the-Woods College,Indiana,Higher Learning Commission,warning,Summary of the Action: The Institution has been placed on Notice because it is at risk of being out of compliance with the Criteria for Accreditation.,active,2025-06-26,2025,,,DAPIP Institutional Accreditation Action,Probation or Equivalent or a More Severe Status: Warning | The Institution has been placed on Notice because it is at risk of being out of compliance with the Criteria for Accreditation.,2026-06-07 21:10:17.053336,https://ope.ed.gov/dapip/#/institution-profile/115560,,115560,00183500,4,1,1,1,PW,99,22107,dapip_file_text,FALSE,warning,public_action_code,C:/Users/mv3031/Desktop/Financial_Health_Project/Financial Health Tracker - For Github/data_pipelines/accreditation/cache/dapip/pdfs/115560_action-1_file-22107.pdf,C:/Users/mv3031/Desktop/Financial_Health_Project/Financial Health Tracker - For Github/data_pipelines/accreditation/cache/dapip/text/115560_action-1_file-22107.txt,pdf_body,"Placed on Warning because it is at risk of being out of compliance with standards concerning integrity, governance, and financial resources and planning."
154493,Upper Iowa University,Iowa,Higher Learning Commission,removed,Comprehensive Evaluation: The Institution has been maintained on the Standard Pathway with its next comprehensive evaluation for reaffirmation of accreditation in 2019-20.,resolved,2019-02-28,2019,,,DAPIP Institutional Accreditation Action,Accreditation Reaffirmed: Warning Removed,2026-06-07 21:10:31.431162,https://ope.ed.gov/dapip/#/institution-profile/116493,,116493,00189300,4,1,1,2,WR,9,4196,dapip_file_text,FALSE,removed,public_action_code,C:/Users/mv3031/Desktop/Financial_Health_Project/Financial Health Tracker - For Github/data_pipelines/accreditation/cache/dapip/pdfs/116493_action-2_file-4196.pdf,C:/Users/mv3031/Desktop/Financial_Health_Project/Financial Health Tracker - For Github/data_pipelines/accreditation/cache/dapip/text/116493_action-2_file-4196.txt,pdf_body,Warning removed
154749,Bethel College-North Newton,Kansas,Higher Learning Commission,removed,"The Institution continues to meet, but with concerns, Criterion Five, Core Component 5.B, “the institution’s resource base supports its educational offerings and its plans for maintaining and strengthening their quality in the future,” for the following reasons: • Many of the key issues focusing on organizational leadership at the board and senior staff level that originally resulted in the Institution being placed on Notice are now resolved.",resolved,2021-11-04,2021,,,DAPIP Institutional Accreditation Action,Accreditation Reaffirmed: Warning Removed,2026-06-07 21:10:34.195168,https://ope.ed.gov/dapip/#/institution-profile/116642,,116642,00190500,4,1,1,2,WR,9,11336,dapip_file_text,FALSE,removed,public_action_code,C:/Users/mv3031/Desktop/Financial_Health_Project/Financial Health Tracker - For Github/data_pipelines/accreditation/cache/dapip/pdfs/116642_action-2_file-11336.pdf,C:/Users/mv3031/Desktop/Financial_Health_Project/Financial Health Tracker - For Github/data_pipelines/accreditation/cache/dapip/text/116642_action-2_file-11336.txt,pdf_body,Warning removed
154749,Bethel College-North Newton,Kansas,Higher Learning Commission,warning,Summary of the Action: The Institution has been placed on Notice because it is at risk of being out of compliance with the Criteria for Accreditation.,active,2019-11-07,2019,,,DAPIP Institutional Accreditation Action,Probation or Equivalent or a More Severe Status: Warning | HLC took this action because it determined that the institution at risk of becoming out of compliance with HLC’s Criteria for Accreditation.,2026-06-07 21:10:34.292308,https://ope.ed.gov/dapip/#/institution-profile/116642,,116642,00190500,4,1,1,1,PW,99,6319,dapip_file_text,FALSE,warning,public_action_code,C:/Users/mv3031/Desktop/Financial_Health_Project/Financial Health Tracker - For Github/data_pipelines/accreditation/cache/dapip/pdfs/116642_action-1_file-6319.pdf,C:/Users/mv3031/Desktop/Financial_Health_Project/Financial Health Tracker - For Github/data_pipelines/accreditation/cache/dapip/text/116642_action-1_file-6319.txt,pdf_body,Placed on Warning because the institution at risk of becoming out of compliance with standards concerning outcomes and financial resources and planning.
155070,Barclay College,Kansas,"Association for Biblical Higher Education, Commission on Accreditation",adverse_action,Loss of Accreditation or Preaccreditation: Voluntary Withdrawal,active,2026-01-21,2026,,,DAPIP Institutional Accreditation Action,Loss of Accreditation or Preaccreditation: Voluntary Withdrawal,2026-06-07 21:10:36.012304,https://ope.ed.gov/dapip/#/institution-profile/116837,,116837,00191700,13,1,1,6,R,10,0,dapip_action_description,FALSE,withdrawal_or_loss,public_action_code,,,raw_title,Voluntarily Surrendered Accreditation
155070,Barclay College,Kansas,"Association for Biblical Higher Education, Commission on Accreditation",notice,Warning or Equivalent-Factors Affecting Academic Quality,active,2025-06-16,2025,,,DAPIP Institutional Accreditation Action,Warning or Equivalent-Factors Affecting Academic Quality,2026-06-07 21:10:36.062138,https://ope.ed.gov/dapip/#/institution-profile/116837,,116837,00191700,13,1,1,5,WE,6,21956,dapip_action_description,FALSE,monitoring_or_notice,public_action_code,C:/Users/mv3031/Desktop/Financial_Health_Project/Financial Health Tracker - For Github/data_pipelines/accreditation/cache/dapip/pdfs/116837_action-5_file-21956.pdf,C:/Users/mv3031/Desktop/Financial_Health_Project/Financial Health Tracker - For Github/data_pipelines/accreditation/cache/dapip/text/116837_action-5_file-21956.txt,raw_title,Warning or Equivalent-Factors Affecting Academic Quality
155070,Barclay College,Kansas,"Association for Biblical Higher Education, Commission on Accreditation",notice,Warning or Equivalent-Factors Affecting Academic Quality,active,2025-02-19,2025,,,DAPIP Institutional Accreditation Action,Warning or Equivalent-Factors Affecting Academic Quality,2026-06-07 21:10:36.132606,https://ope.ed.gov/dapip/#/institution-profile/116837,,116837,00191700,13,1,1,4,WE,6,21111,dapip_action_description,FALSE,monitoring_or_notice,public_action_code,C:/Users/mv3031/Desktop/Financial_Health_Project/Financial Health Tracker - For Github/data_pipelines/accreditation/cache/dapip/pdfs/116837_action-4_file-21111.pdf,C:/Users/mv3031/Desktop/Financial_Health_Project/Financial Health Tracker - For Github/data_pipelines/accreditation/cache/dapip/text/116837_action-4_file-21111.txt,raw_title,Warning or Equivalent-Factors Affecting Academic Quality
155308,Kansas Christian College,Kansas,"Association for Biblical Higher Education, Commission on Accreditation",removed,"The ABHE Commission on Accreditation reviewed your institution at its February 11-15, 2023 meeting and took the following actions: Remove Kansas Christian College (KS) from warning and reaffirm accreditation until 2032 in light of the Commission on Accreditation’s judgment that the institution substantially complies with ABHE’s Institutional Accreditation Standards, including documentation of the appropriateness, rigor, and achievement of its stated student learning outcomes and all other Title IV eligibility requirements; and require a progress report due Nov 15, 2023, addressing the following concerns: • Standard 3: EE 7; Standard 7c: EE 2 (demonstrate with evidence that the institution is in compliance with all requirements related to Federal Financial Aid participation).",resolved,2023-02-15,2023,,,DAPIP Institutional Accreditation Action,Accreditation Reaffirmed: Warning Removed,2026-06-07 21:10:37.53743,https://ope.ed.gov/dapip/#/institution-profile/230454,,230454,02168900,13,1,1,5,WR,9,15197,dapip_file_text,FALSE,removed,public_action_code,C:/Users/mv3031/Desktop/Financial_Health_Project/Financial Health Tracker - For Github/data_pipelines/accreditation/cache/dapip/pdfs/230454_action-5_file-15197.pdf,C:/Users/mv3031/Desktop/Financial_Health_Project/Financial Health Tracker - For Github/data_pipelines/accreditation/cache/dapip/text/230454_action-5_file-15197.txt,pdf_body,"Remove Kansas Christian College (KS) from Warning and reaffirm accreditation until 2032 in light of the Commission on accreditation’s judgment that the institution substantially complies with ABHE’s Institutional accreditation Standards, including documentation of the appropriateness, rigor, and achievement of its stated student learning outcomes and all other Title IV eligibility requirements; and require a progress report due Nov 15, 2023, addressing the following concerns: • Standard 3: EE 7; Standard 7c: EE 2 (demonstrate with evidence that the institution is in compliance with all requirements related to Federal financial Aid participation)."
155308,Kansas Christian College,Kansas,"Association for Biblical Higher Education, Commission on Accreditation",warning,"The ABHE Commission on Accreditation reviewed your institution at its February 12-16, 2022, meeting and took the following action: Place Kansas Christian College (KS) on warning and continue accreditation in light of the Commission on Accreditation’s judgment that the institution marginally complies with the ABHE Institutional Accreditation Standards as listed below and require a progress report due November 15, 2022, addressing the following: • Standard 2: EE 8; Condition of Eligibility 8; Policy on Outcomes (demonstrate with evidence the ongoing provision of outcomes data for the public regarding institutional performance and student achievement, including graduation rates and employment rates in program-related occupations); • Standard 3: EE 5, 6, 7; Standard 7c: EE 2 (demonstrate with evidence the institution can consistently fulfill its obligations to its various regulatory agencies and communicate accurately to them, especially as it relates to Federal Financial Aid participation); • Standard 4: EE 2 (demonstrate with evidence that the institution is authorized to award the credentials that it offers in all of the jurisdictions in which it operates); • Standard 6a: EE 1, 3; Standard 6b: EE3; COE 18 (demonstrate with evidence that the institution has the administrative and financial capacity to achieve its mission and goals in light of its administrative turnover and enrollment growth); • Standard 6b: E 1, 2, 6 (demonstrate with evidence that the institution has financial stability through sufficient financial reserves and the implementation of a budgeting process that serves as an effective instrument for financial planning, including financial projections); • Standard 7c: EE 2 (demonstrate with evidence that financial aid practices meet regulatory and reporting requirements, including resolution of concerns raised in the 2020 audit); • Standard 10: EE 3, 8, 9 (demonstrate with evidence that the collection of learning resources is sufficiently funded, appropriate to the curriculum, and securely maintained); • Standard 11b: EE 2; Standard 11d: EE 1; Condition of Eligibility 14 (demonstrate with evidence that a culture of ministry formation is integral to the overall experience of the student’s education in all degree programs, and that there is a required ministry formation program for online students which is consistent with its on-campus program).",active,2022-02-16,2022,,,DAPIP Institutional Accreditation Action,Probation or Equivalent or a More Severe Status: Warning,2026-06-07 21:10:37.595984,https://ope.ed.gov/dapip/#/institution-profile/230454,,230454,02168900,13,1,1,4,PW,6,14633,dapip_file_text,FALSE,warning,public_action_code,C:/Users/mv3031/Desktop/Financial_Health_Project/Financial Health Tracker - For Github/data_pipelines/accreditation/cache/dapip/pdfs/230454_action-4_file-14633.pdf,C:/Users/mv3031/Desktop/Financial_Health_Project/Financial Health Tracker - For Github/data_pipelines/accreditation/cache/dapip/text/230454_action-4_file-14633.txt,pdf_body,"Place Kansas Christian College (KS) on Warning and continue accreditation in light of the Commission on accreditation’s judgment that the institution marginally complies with the ABHE Institutional accreditation Standards as listed below and require a progress report due November 15, 2022, addressing the following: • Standard 2: EE 8; Condition of Eligibility 8; Policy on Outcomes (demonstrate with evidence the ongoing provision of outcomes data for the public regarding institutional performance and student achievement, including graduation rates and employment rates in program-related occupations); • Standard 3: EE 5, 6, 7; Standard 7c: EE 2 (demonstrate with evidence the institution can consistently fulfill its obligations to its various regulatory agencies and communicate accurately to them, especially as it relates to Federal financial Aid participation); • Standard 4: EE 2 (demonstrate with evidence that the institution is authorized to award the credentials that it offers in all of the jurisdictions in which it operates); • Standard 6a: EE 1, 3; Standard 6b: EE3; COE 18 (demonstrate with evidence that the institution has the administrative and financial capacity to achieve its mission and goals in light of its administrative turnover and enrollment growth); • Standard 6b: E 1, 2, 6 (demonstrate with evidence that the institution has financial stability through sufficient financial reserves and the implementation of a budgeting process that serves as an effective instrument for financial planning, including financial projections); • Standard 7c: EE 2 (demonstrate with evidence that financial aid practices meet regulatory and reporting requirements, including resolution of concerns raised in the 2020 audit); • Standard 10: EE 3, 8, 9 (demonstrate with evidence that the collection of learning resources is sufficiently funded, appropriate to the curriculum, and securely maintained); • Standard 11b: EE 2; Standard 11d: EE 1; Condition of Eligibility 14 (demonstrate with evidence that a culture of ministry formation is integral to the overall experience of the student’s education in all degree programs, and that there is a required ministry formation program for online students which is consistent with its on-campus program)."
156189,Alice Lloyd College,Kentucky,"Southern Association of Colleges and Schools, Commission on Colleges",notice,Heightened Monitoring or Focused Review,active,2024-12-08,2024,,,DAPIP Institutional Accreditation Action,Heightened Monitoring or Focused Review,2026-06-07 21:10:45.072719,https://ope.ed.gov/dapip/#/institution-profile/117326,,117326,00195100,7,1,1,5,HM,6,23874,dapip_action_description,FALSE,monitoring_or_notice,public_action_code,C:/Users/mv3031/Desktop/Financial_Health_Project/Financial Health Tracker - For Github/data_pipelines/accreditation/cache/dapip/pdfs/117326_action-5_file-23874.pdf,C:/Users/mv3031/Desktop/Financial_Health_Project/Financial Health Tracker - For Github/data_pipelines/accreditation/cache/dapip/text/117326_action-5_file-23874.txt,raw_title,Heightened monitoring or focused review
156189,Alice Lloyd College,Kentucky,"Southern Association of Colleges and Schools, Commission on Colleges",notice,"Based only on those reviewed standards, the institution is requested to submit a Referral Report due September 8, 2024, addressing the standards of the Principles identified below.",active,2023-12-03,2023,,,DAPIP Institutional Accreditation Action,Heightened Monitoring or Focused Review,2026-06-07 21:10:45.135368,https://ope.ed.gov/dapip/#/institution-profile/117326,,117326,00195100,7,1,1,6,HM,6,23875,dapip_file_text,FALSE,monitoring_or_notice,public_action_code,C:/Users/mv3031/Desktop/Financial_Health_Project/Financial Health Tracker - For Github/data_pipelines/accreditation/cache/dapip/pdfs/117326_action-6_file-23875.pdf,C:/Users/mv3031/Desktop/Financial_Health_Project/Financial Health Tracker - For Github/data_pipelines/accreditation/cache/dapip/text/117326_action-6_file-23875.txt,pdf_body,Requested to submit a Referral Report documenting compliance with accreditation standards
156286,Bellarmine University,Kentucky,"Southern Association of Colleges and Schools, Commission on Colleges",notice,"Based only on those reviewed standards, the institution should submit a Referral Report due September 8, 2024, addressing the standard of the Principles identified below.",active,2024-05-22,2024,,,DAPIP Institutional Accreditation Action,Heightened Monitoring or Focused Review,2026-06-07 21:10:46.521526,https://ope.ed.gov/dapip/#/institution-profile/117380,,117380,00195400,7,1,1,4,HM,6,23394,dapip_file_text,FALSE,monitoring_or_notice,public_action_code,C:/Users/mv3031/Desktop/Financial_Health_Project/Financial Health Tracker - For Github/data_pipelines/accreditation/cache/dapip/pdfs/117380_action-4_file-23394.pdf,C:/Users/mv3031/Desktop/Financial_Health_Project/Financial Health Tracker - For Github/data_pipelines/accreditation/cache/dapip/text/117380_action-4_file-23394.txt,pdf_body,Requested to submit a Referral Report documenting compliance with accreditation standards
156286,Bellarmine University,Kentucky,"Southern Association of Colleges and Schools, Commission on Colleges",notice,"Based only on those reviewed standards, the institution should submit a Referral Report due September 8, 2024, addressing the standard of the Principles identified below.",active,2024-04-24,2024,,,DAPIP Institutional Accreditation Action,Heightened Monitoring or Focused Review,2026-06-07 21:10:46.572272,https://ope.ed.gov/dapip/#/institution-profile/117380,,117380,00195400,7,1,1,10,HM,6,26353,dapip_file_text,FALSE,monitoring_or_notice,public_action_code,C:/Users/mv3031/Desktop/Financial_Health_Project/Financial Health Tracker - For Github/data_pipelines/accreditation/cache/dapip/pdfs/117380_action-10_file-26353.pdf,C:/Users/mv3031/Desktop/Financial_Health_Project/Financial Health Tracker - For Github/data_pipelines/accreditation/cache/dapip/text/117380_action-10_file-26353.txt,pdf_body,Requested to submit a Referral Report documenting compliance with accreditation standards
156295,Berea College,Kentucky,"Southern Association of Colleges and Schools, Commission on Colleges",notice,Heightened Monitoring or Focused Review,active,2021-12-05,2021,,,DAPIP Institutional Accreditation Action,Heightened Monitoring or Focused Review,2026-06-07 21:10:47.155895,https://ope.ed.gov/dapip/#/institution-profile/117399,,117399,00195500,7,1,1,2,HM,6,23751,dapip_action_description,FALSE,monitoring_or_notice,public_action_code,C:/Users/mv3031/Desktop/Financial_Health_Project/Financial Health Tracker - For Github/data_pipelines/accreditation/cache/dapip/pdfs/117399_action-2_file-23751.pdf,C:/Users/mv3031/Desktop/Financial_Health_Project/Financial Health Tracker - For Github/data_pipelines/accreditation/cache/dapip/text/117399_action-2_file-23751.txt,raw_title,Heightened monitoring or focused review
156356,Brescia University,Kentucky,"Southern Association of Colleges and Schools, Commission on Colleges",notice,"Based only on those reviewed standards, the institution is requested to submit a Referral Report due April 1, 2026, addressing the standards of the Principles identified below.",active,2025-04-25,2025,,,DAPIP Institutional Accreditation Action,Heightened Monitoring or Focused Review,2026-06-07 21:10:47.764307,https://ope.ed.gov/dapip/#/institution-profile/117423,,117423,00195800,7,1,1,6,HM,6,23809,dapip_file_text,FALSE,monitoring_or_notice,public_action_code,C:/Users/mv3031/Desktop/Financial_Health_Project/Financial Health Tracker - For Github/data_pipelines/accreditation/cache/dapip/pdfs/117423_action-6_file-23809.pdf,C:/Users/mv3031/Desktop/Financial_Health_Project/Financial Health Tracker - For Github/data_pipelines/accreditation/cache/dapip/text/117423_action-6_file-23809.txt,pdf_body,Requested to submit a Referral Report documenting compliance with accreditation standards
156408,Centre College,Kentucky,"Southern Association of Colleges and Schools, Commission on Colleges",notice,Heightened Monitoring or Focused Review,active,2022-01-12,2022,,,DAPIP Institutional Accreditation Action,Heightened Monitoring or Focused Review,2026-06-07 21:10:50.289686,https://ope.ed.gov/dapip/#/institution-profile/117450,,117450,00196100,7,1,1,2,HM,6,23544,dapip_action_description,FALSE,monitoring_or_notice,public_action_code,C:/Users/mv3031/Desktop/Financial_Health_Project/Financial Health Tracker - For Github/data_pipelines/accreditation/cache/dapip/pdfs/117450_action-2_file-23544.pdf,C:/Users/mv3031/Desktop/Financial_Health_Project/Financial Health Tracker - For Github/data_pipelines/accreditation/cache/dapip/text/117450_action-2_file-23544.txt,raw_title,Heightened monitoring or focused review
156417,Clear Creek Baptist Bible College,Kentucky,"Southern Association of Colleges and Schools, Commission on Colleges",notice,Heightened Monitoring or Focused Review,active,2022-12-04,2022,,,DAPIP Institutional Accreditation Action,Heightened Monitoring or Focused Review,2026-06-07 21:10:50.939997,https://ope.ed.gov/dapip/#/institution-profile/117469,,117469,02535600,7,1,1,14,HM,9,28001,dapip_action_description,FALSE,monitoring_or_notice,public_action_code,C:/Users/mv3031/Desktop/Financial_Health_Project/Financial Health Tracker - For Github/data_pipelines/accreditation/cache/dapip/pdfs/117469_action-14_file-28001.pdf,C:/Users/mv3031/Desktop/Financial_Health_Project/Financial Health Tracker - For Github/data_pipelines/accreditation/cache/dapip/text/117469_action-14_file-28001.txt,raw_title,Heightened monitoring or focused review
156417,Clear Creek Baptist Bible College,Kentucky,"Southern Association of Colleges and Schools, Commission on Colleges",notice,Heightened Monitoring or Focused Review,active,2022-12-04,2022,,,DAPIP Institutional Accreditation Action,Heightened Monitoring or Focused Review,2026-06-07 21:10:51.059522,https://ope.ed.gov/dapip/#/institution-profile/117469,,117469,02535600,7,1,1,15,HM,9,28002,dapip_action_description,FALSE,monitoring_or_notice,public_action_code,C:/Users/mv3031/Desktop/Financial_Health_Project/Financial Health Tracker - For Github/data_pipelines/accreditation/cache/dapip/pdfs/117469_action-15_file-28002.pdf,C:/Users/mv3031/Desktop/Financial_Health_Project/Financial Health Tracker - For Github/data_pipelines/accreditation/cache/dapip/text/117469_action-15_file-28002.txt,raw_title,Heightened monitoring or focused review
156417,Clear Creek Baptist Bible College,Kentucky,"Southern Association of Colleges and Schools, Commission on Colleges",removed,Removal of Monitoring Status,resolved,2022-12-04,2022,,,DAPIP Institutional Accreditation Action,Removal of Monitoring Status,2026-06-07 21:10:51.238258,https://ope.ed.gov/dapip/#/institution-profile/117469,,117469,02535600,7,1,1,5,RM,10,0,dapip_action_description,FALSE,removed,public_action_code,,,raw_title,Removal of Monitoring Status
156417,Clear Creek Baptist Bible College,Kentucky,"Southern Association of Colleges and Schools, Commission on Colleges",notice,"Fox: The following action regarding your institution wastaken by the Board ofTj-ustees_ofthe Southern Association of Colleges and Schools Commission on Colleges (SACSCOC) during its meeting held on December 2, 2021: The SACSCOC Board of Trustees reviewed the institution's Referral Report and requested a Monitoring Report due September 8, 2022, addressing the following referenced standard of the Principles of Accreditation: Standard 8.",active,2021-12-01,2021,,,DAPIP Institutional Accreditation Action,Heightened Monitoring or Focused Review,2026-06-07 21:10:51.686037,https://ope.ed.gov/dapip/#/institution-profile/117469,,117469,02535600,7,1,1,13,HM,6,28000,dapip_file_text,FALSE,monitoring_or_notice,public_action_code,C:/Users/mv3031/Desktop/Financial_Health_Project/Financial Health Tracker - For Github/data_pipelines/accreditation/cache/dapip/pdfs/117469_action-13_file-28000.pdf,C:/Users/mv3031/Desktop/Financial_Health_Project/Financial Health Tracker - For Github/data_pipelines/accreditation/cache/dapip/text/117469_action-13_file-28000.txt,pdf_body,Requested to Submit a Monitoring Report on Student Outcomes: Educational Programs
156471,Galen College of Nursing-Louisville,Kentucky,"Southern Association of Colleges and Schools, Commission on Colleges",removed,"Vogt: The following action regarding your institution was taken by the Board of Trustees of the Southern Association of Colleges and Schools Commission on Colleges (SACSCOC) during its meeting held on December 7, 2025: The SACSCOC Board of Trustees removed the institution from Warning.",resolved,2025-12-07,2025,,,DAPIP Institutional Accreditation Action,Removal of Monitoring Status,2026-06-07 21:10:52.474809,https://ope.ed.gov/dapip/#/institution-profile/117496,,117496,03083700,7,1,1,99,RM,9,28945,dapip_file_text,FALSE,removed,public_action_code,C:/Users/mv3031/Desktop/Financial_Health_Project/Financial Health Tracker - For Github/data_pipelines/accreditation/cache/dapip/pdfs/117496_action-99_file-28945.pdf,C:/Users/mv3031/Desktop/Financial_Health_Project/Financial Health Tracker - For Github/data_pipelines/accreditation/cache/dapip/text/117496_action-99_file-28945.txt,pdf_body,Removed from warning
156471,Galen College of Nursing-Louisville,Kentucky,"Southern Association of Colleges and Schools, Commission on Colleges",warning,"Vogt: The following action regarding your institution was taken by the Board of Trustees of the Southern Association of Colleges and Schools Commission on Colleges (SACSCOC) during its meeting held on June 12, 2025: The SACSCOC Board of Trustees reviewed the institution’s Referral Report following submission of it’s Fifth-Year Interim Report in April 2024, and recommended that the institution be placed on Warning for six months for failure to comply with Core Requirement 8.1 (Student achievement); Standard 8.2.a (Student outcomes: educational programs); and Standard 10.3 (Archived information). A Special Committee was not authorized to visit the institution.",active,2025-06-12,2025,,,DAPIP Institutional Accreditation Action,Probation or Equivalent or a More Severe Status: Warning,2026-06-07 21:10:53.056496,https://ope.ed.gov/dapip/#/institution-profile/117496,,117496,03083700,7,1,1,11,PW,6,22464,dapip_file_text,FALSE,warning,public_action_code,C:/Users/mv3031/Desktop/Financial_Health_Project/Financial Health Tracker - For Github/data_pipelines/accreditation/cache/dapip/pdfs/117496_action-11_file-22464.pdf,C:/Users/mv3031/Desktop/Financial_Health_Project/Financial Health Tracker - For Github/data_pipelines/accreditation/cache/dapip/text/117496_action-11_file-22464.txt,pdf_body,"Recommended warning for six months for failure to comply with Core Requirement 8.1 (Student achievement), Standard 8.2.a (Student outcomes: educational programs), and Standard 10.3 (Archived information)"
156471,Galen College of Nursing-Louisville,Kentucky,"Southern Association of Colleges and Schools, Commission on Colleges",notice,"Vogt: The following action regarding your institution was taken by the Board of Trustees of the Southern Association of Colleges and Schools Commission on Colleges (SACSCOC) during its meeting held on June 12, 2025: The SACSCOC Board of Trustees reviewed the institution’s Referral Report following submission of it’s Fifth-Year Interim Report in April 2024, and recommended that the institution be placed on Warning for six months for failure to comply with Core Requirement 8.1 (Student achievement); Standard 8.2.a (Student outcomes: educational programs); and Standard 10.3 (Archived information). A Special Committee was not authorized to visit the institution.",active,2025-06-12,2025,,,DAPIP Institutional Accreditation Action,Heightened Monitoring or Focused Review,2026-06-07 21:10:53.121562,https://ope.ed.gov/dapip/#/institution-profile/117496,,117496,03083700,7,1,1,29,HM,12,24785,dapip_file_text,FALSE,monitoring_or_notice,public_action_code,C:/Users/mv3031/Desktop/Financial_Health_Project/Financial Health Tracker - For Github/data_pipelines/accreditation/cache/dapip/pdfs/117496_action-29_file-24785.pdf,C:/Users/mv3031/Desktop/Financial_Health_Project/Financial Health Tracker - For Github/data_pipelines/accreditation/cache/dapip/text/117496_action-29_file-24785.txt,pdf_body,"Recommended warning for six months for failure to comply with Core Requirement 8.1 (Student achievement), Standard 8.2.a (Student outcomes: educational programs), and Standard 10.3 (Archived information)"
156471,Galen College of Nursing-Louisville,Kentucky,"Southern Association of Colleges and Schools, Commission on Colleges",notice,"Vogt: The following action regarding your institution was taken by the Board of Trustees of the Southern Association of Colleges and Schools Commission on Colleges (SACSCOC) during its meeting held on June 12, 2025: The SACSCOC Board of Trustees reviewed the institution’s Referral Report following submission of it’s Fifth-Year Interim Report in April 2024, and recommended that the institution be placed on Warning for six months for failure to comply with Core Requirement 8.1 (Student achievement); Standard 8.2.a (Student outcomes: educational programs); and Standard 10.3 (Archived information). A Special Committee was not authorized to visit the institution.",active,2025-06-12,2025,,,DAPIP Institutional Accreditation Action,Warning or Equivalent-Factors Affecting Academic Quality,2026-06-07 21:10:53.18717,https://ope.ed.gov/dapip/#/institution-profile/117496,,117496,03083700,7,1,1,75,WE,11,24838,dapip_file_text,FALSE,monitoring_or_notice,public_action_code,C:/Users/mv3031/Desktop/Financial_Health_Project/Financial Health Tracker - For Github/data_pipelines/accreditation/cache/dapip/pdfs/117496_action-75_file-24838.pdf,C:/Users/mv3031/Desktop/Financial_Health_Project/Financial Health Tracker - For Github/data_pipelines/accreditation/cache/dapip/text/117496_action-75_file-24838.txt,pdf_body,"Recommended warning for six months for failure to comply with Core Requirement 8.1 (Student achievement), Standard 8.2.a (Student outcomes: educational programs), and Standard 10.3 (Archived information)"
156471,Galen College of Nursing-Louisville,Kentucky,"Southern Association of Colleges and Schools, Commission on Colleges",notice,"Vogt: The following action regarding your institution was taken by the Board of Trustees of the Southern Association of Colleges and Schools Commission on Colleges (SACSCOC) during its meeting held on June 12, 2025: The SACSCOC Board of Trustees reviewed the institution’s Referral Report following submission of it’s Fifth-Year Interim Report in April 2024, and recommended that the institution be placed on Warning for six months for failure to comply with Core Requirement 8.1 (Student achievement); Standard 8.2.a (Student outcomes: educational programs); and Standard 10.3 (Archived information). A Special Committee was not authorized to visit the institution.",active,2025-06-12,2025,,,DAPIP Institutional Accreditation Action,Heightened Monitoring or Focused Review,2026-06-07 21:10:53.258963,https://ope.ed.gov/dapip/#/institution-profile/117496,,117496,03083700,7,1,1,76,HM,6,28536,dapip_file_text,FALSE,monitoring_or_notice,public_action_code,C:/Users/mv3031/Desktop/Financial_Health_Project/Financial Health Tracker - For Github/data_pipelines/accreditation/cache/dapip/pdfs/117496_action-76_file-28536.pdf,C:/Users/mv3031/Desktop/Financial_Health_Project/Financial Health Tracker - For Github/data_pipelines/accreditation/cache/dapip/text/117496_action-76_file-28536.txt,pdf_body,"Recommended warning for six months for failure to comply with Core Requirement 8.1 (Student achievement), Standard 8.2.a (Student outcomes: educational programs), and Standard 10.3 (Archived information)"
156471,Galen College of Nursing-Louisville,Kentucky,"Southern Association of Colleges and Schools, Commission on Colleges",notice,Heightened Monitoring or Focused Review,active,2024-06-13,2024,,,DAPIP Institutional Accreditation Action,Heightened Monitoring or Focused Review,2026-06-07 21:10:54.258552,https://ope.ed.gov/dapip/#/institution-profile/117496,,117496,03083700,7,1,1,38,HM,10,24794,dapip_action_description,FALSE,monitoring_or_notice,public_action_code,C:/Users/mv3031/Desktop/Financial_Health_Project/Financial Health Tracker - For Github/data_pipelines/accreditation/cache/dapip/pdfs/117496_action-38_file-24794.pdf,C:/Users/mv3031/Desktop/Financial_Health_Project/Financial Health Tracker - For Github/data_pipelines/accreditation/cache/dapip/text/117496_action-38_file-24794.txt,raw_title,Heightened monitoring or focused review
156471,Galen College of Nursing-Louisville,Kentucky,"Southern Association of Colleges and Schools, Commission on Colleges",notice,Heightened Monitoring or Focused Review,active,2024-06-13,2024,,,DAPIP Institutional Accreditation Action,Heightened Monitoring or Focused Review,2026-06-07 21:10:54.362749,https://ope.ed.gov/dapip/#/institution-profile/117496,,117496,03083700,7,1,1,77,HM,10,28566,dapip_action_description,FALSE,monitoring_or_notice,public_action_code,C:/Users/mv3031/Desktop/Financial_Health_Project/Financial Health Tracker - For Github/data_pipelines/accreditation/cache/dapip/pdfs/117496_action-77_file-28566.pdf,C:/Users/mv3031/Desktop/Financial_Health_Project/Financial Health Tracker - For Github/data_pipelines/accreditation/cache/dapip/text/117496_action-77_file-28566.txt,raw_title,Heightened monitoring or focused review
156471,Galen College of Nursing-Louisville,Kentucky,"Southern Association of Colleges and Schools, Commission on Colleges",notice,"Based only on those reviewed standards, the institution should submit a Referral Report due April 1, 2025, addressing the standards of the Principles identified below.",active,2024-04-24,2024,,,DAPIP Institutional Accreditation Action,Heightened Monitoring or Focused Review,2026-06-07 21:10:54.416966,https://ope.ed.gov/dapip/#/institution-profile/117496,,117496,03083700,7,1,1,78,HM,6,28567,dapip_file_text,FALSE,monitoring_or_notice,public_action_code,C:/Users/mv3031/Desktop/Financial_Health_Project/Financial Health Tracker - For Github/data_pipelines/accreditation/cache/dapip/pdfs/117496_action-78_file-28567.pdf,C:/Users/mv3031/Desktop/Financial_Health_Project/Financial Health Tracker - For Github/data_pipelines/accreditation/cache/dapip/text/117496_action-78_file-28567.txt,pdf_body,Requested to submit a Referral Report documenting compliance with accreditation standards
156471,Galen College of Nursing-Louisville,Kentucky,"Southern Association of Colleges and Schools, Commission on Colleges",notice,"Based only on those reviewed standards, the institution should submit a Referral Report due April 1, 2025, addressing the standards of the Principles identified below.",active,2024-04-24,2024,,,DAPIP Institutional Accreditation Action,Heightened Monitoring or Focused Review,2026-06-07 21:10:54.475273,https://ope.ed.gov/dapip/#/institution-profile/117496,,117496,03083700,7,1,1,40,HM,12,24796,dapip_file_text,FALSE,monitoring_or_notice,public_action_code,C:/Users/mv3031/Desktop/Financial_Health_Project/Financial Health Tracker - For Github/data_pipelines/accreditation/cache/dapip/pdfs/117496_action-40_file-24796.pdf,C:/Users/mv3031/Desktop/Financial_Health_Project/Financial Health Tracker - For Github/data_pipelines/accreditation/cache/dapip/text/117496_action-40_file-24796.txt,pdf_body,Requested to submit a Referral Report documenting compliance with accreditation standards
156471,Galen College of Nursing-Louisville,Kentucky,"Southern Association of Colleges and Schools, Commission on Colleges",other,Grant Substantive Change: Ownership,active,2019-12-08,2019,,,DAPIP Institutional Accreditation Action,Grant Substantive Change: Ownership,2026-06-07 21:10:58.305444,https://ope.ed.gov/dapip/#/institution-profile/117496,,117496,03083700,7,1,1,4,GO,10,0,dapip_action_description,FALSE,ownership_change,public_action_code,,,raw_title,Grant Substantive Change: Ownership
156541,University of the Cumberlands,Kentucky,"Southern Association of Colleges and Schools, Commission on Colleges",notice,"Based only on those reviewed standards, the institution should submit a Referral Report due September 8, 2022, addressing the standards of the Principles identified below.",active,2022-06-16,2022,,,DAPIP Institutional Accreditation Action,Heightened Monitoring or Focused Review,2026-06-07 21:10:59.32357,https://ope.ed.gov/dapip/#/institution-profile/117502,,117502,00196200,7,1,1,8,HM,6,27515,dapip_file_text,FALSE,monitoring_or_notice,public_action_code,C:/Users/mv3031/Desktop/Financial_Health_Project/Financial Health Tracker - For Github/data_pipelines/accreditation/cache/dapip/pdfs/117502_action-8_file-27515.pdf,C:/Users/mv3031/Desktop/Financial_Health_Project/Financial Health Tracker - For Github/data_pipelines/accreditation/cache/dapip/text/117502_action-8_file-27515.txt,pdf_body,Requested to submit a Referral Report documenting compliance with accreditation standards
156620,Eastern Kentucky University,Kentucky,"Southern Association of Colleges and Schools, Commission on Colleges",removed,We appreciate your continued support of SACSCOC's work and activities.,resolved,2023-06-14,2023,,,DAPIP Institutional Accreditation Action,Removal of Monitoring Status,2026-06-07 21:11:00.24069,https://ope.ed.gov/dapip/#/institution-profile/117520,,117520,00196300,7,1,1,4,RM,10,24516,dapip_file_text,FALSE,removed,public_action_code,C:/Users/mv3031/Desktop/Financial_Health_Project/Financial Health Tracker - For Github/data_pipelines/accreditation/cache/dapip/pdfs/117520_action-4_file-24516.pdf,C:/Users/mv3031/Desktop/Financial_Health_Project/Financial Health Tracker - For Github/data_pipelines/accreditation/cache/dapip/text/117520_action-4_file-24516.txt,pdf_body,We appreciate your continued support of SACSCOC's work and activities.
156745,Georgetown College,Kentucky,"Southern Association of Colleges and Schools, Commission on Colleges",show_cause,Probation is the most serious public sanction imposed by the SACSCOC Board of Trustees short of loss of accreditation.,active,2024-12-08,2024,,,DAPIP Institutional Accreditation Action,Probation or Equivalent or a More Severe Status: Show Cause,2026-06-07 21:11:01.093623,https://ope.ed.gov/dapip/#/institution-profile/117575,,117575,00196400,7,1,1,13,SC,6,22475,dapip_file_text,FALSE,show_cause,public_action_code,C:/Users/mv3031/Desktop/Financial_Health_Project/Financial Health Tracker - For Github/data_pipelines/accreditation/cache/dapip/pdfs/117575_action-13_file-22475.pdf,C:/Users/mv3031/Desktop/Financial_Health_Project/Financial Health Tracker - For Github/data_pipelines/accreditation/cache/dapip/text/117575_action-13_file-22475.txt,pdf_body,"Denied approval of 2 programs because the institution did not provide an acceptable plan and supporting documentation to show compliance with Core Requirement 13.1 (Financial resources), Standard 13.3 (Financial responsibility), and Core Requirement 4.1 (Governing board characteristics)."
156745,Georgetown College,Kentucky,"Southern Association of Colleges and Schools, Commission on Colleges",warning,"Allen: The following action regarding your institution was taken by the Board of Trustees of the Southern Association of Colleges and Schools Commission on Colleges (SACSCOC) during its meeting held on December 3, 2023: The SACSCOC Board of Trustees (Board) reviewed the institution’s First Monitoring Report and recommended denial of reaffirmation, continued accreditation, and that the institution be continued on Warning for twelve months for failure to comply with Core Requirement 13.1 (Financial resources) and Standard 13.3 (Financial responsibility) of the Principles of Accreditation. A Special Committee was not authorized to visit the institution.",active,2023-12-03,2023,,,DAPIP Institutional Accreditation Action,Probation or Equivalent or a More Severe Status: Warning,2026-06-07 21:11:01.240606,https://ope.ed.gov/dapip/#/institution-profile/117575,,117575,00196400,7,1,1,14,PW,6,22590,dapip_file_text,FALSE,warning,public_action_code,C:/Users/mv3031/Desktop/Financial_Health_Project/Financial Health Tracker - For Github/data_pipelines/accreditation/cache/dapip/pdfs/117575_action-14_file-22590.pdf,C:/Users/mv3031/Desktop/Financial_Health_Project/Financial Health Tracker - For Github/data_pipelines/accreditation/cache/dapip/text/117575_action-14_file-22590.txt,pdf_body,Continued the institution on warning for twelve months for failure to comply with Core Requirement 13.1 (Financial resources) and Standard 13.3 (Financial responsibility)
156745,Georgetown College,Kentucky,"Southern Association of Colleges and Schools, Commission on Colleges",warning,"Allen: The following action regarding your institution was taken by the Board of Trustees of the Southern Association of Colleges and Schools Commission on Colleges (SACSCOC) during its meeting held on December 4; 2022: The SACSCOC Board of Trustees continued accreditation , denied reaffirmation, and placed the institution on Warning for twelve months for failure to comply with Core Requirement 13.1 (Financial resources) and Standard 13.3 (Financial responsibility). A Special Committee was not authorized to visit the institution.",active,2022-12-04,2022,,,DAPIP Institutional Accreditation Action,Probation or Equivalent or a More Severe Status: Warning,2026-06-07 21:11:01.601424,https://ope.ed.gov/dapip/#/institution-profile/117575,,117575,00196400,7,1,1,15,PW,6,22602,dapip_file_text,FALSE,warning,public_action_code,C:/Users/mv3031/Desktop/Financial_Health_Project/Financial Health Tracker - For Github/data_pipelines/accreditation/cache/dapip/pdfs/117575_action-15_file-22602.pdf,C:/Users/mv3031/Desktop/Financial_Health_Project/Financial Health Tracker - For Github/data_pipelines/accreditation/cache/dapip/text/117575_action-15_file-22602.txt,pdf_body,Placed on warning for twelve months for failure to comply with Core Requirement 13.1 (Financial resources) and Standard 13.3 (Financial responsibility)
157058,Kentucky State University,Kentucky,"Southern Association of Colleges and Schools, Commission on Colleges",notice,Probation is the most serious public sanction imposed by the SACSCOC Board of Trustees short of loss of accreditation.,active,2025-12-07,2025,,,DAPIP Institutional Accreditation Action,Heightened Monitoring or Focused Review,2026-06-07 21:11:02.07602,https://ope.ed.gov/dapip/#/institution-profile/117706,,117706,00196800,7,1,1,24,HM,6,28983,dapip_file_text,FALSE,monitoring_or_notice,public_action_code,C:/Users/mv3031/Desktop/Financial_Health_Project/Financial Health Tracker - For Github/data_pipelines/accreditation/cache/dapip/pdfs/117706_action-24_file-28983.pdf,C:/Users/mv3031/Desktop/Financial_Health_Project/Financial Health Tracker - For Github/data_pipelines/accreditation/cache/dapip/text/117706_action-24_file-28983.txt,pdf_body,Placed on probation for good cause for twelve months for failure to comply with Standard 13.6 (Federal and state responsibilities)
157058,Kentucky State University,Kentucky,"Southern Association of Colleges and Schools, Commission on Colleges",notice,"Based only on those reviewed standards, the institution is requested to submit a Referral Report due April 1, 2026, addressing the standards of the Principles identified below.",active,2025-04-25,2025,,,DAPIP Institutional Accreditation Action,Heightened Monitoring or Focused Review | Review Fifth-Year Interim With 12 mo Referral,2026-06-07 21:11:02.689991,https://ope.ed.gov/dapip/#/institution-profile/117706,,117706,00196800,7,1,1,17,HM,99,23243,dapip_file_text,FALSE,monitoring_or_notice,public_action_code,C:/Users/mv3031/Desktop/Financial_Health_Project/Financial Health Tracker - For Github/data_pipelines/accreditation/cache/dapip/pdfs/117706_action-17_file-23243.pdf,C:/Users/mv3031/Desktop/Financial_Health_Project/Financial Health Tracker - For Github/data_pipelines/accreditation/cache/dapip/text/117706_action-17_file-23243.txt,pdf_body,Requested to submit a Referral Report documenting compliance with accreditation standards
157058,Kentucky State University,Kentucky,"Southern Association of Colleges and Schools, Commission on Colleges",notice,"Akakpo: The following action regarding your institution was taken by the Board of Trustees of the Southern Association of Colleges and Schools Commission on Colleges (SACSCOC) during its meeting held on December 3, 2023: The SACSCOC Board of Trustees reviewed the institution’s Special Report and recommended that the institution be placed on Warning for 12 months for failure to comply with Core Requirement 4.1 (Governing board characteristics), Core Requirement 13.1 (Financial resources), Core Requirement 13.2 (Financial documents), Standard 4.2.",active,2024-12-08,2024,,,DAPIP Institutional Accreditation Action,"Heightened Monitoring or Focused Review | Review Monitoring Report, continue on Warning, w/report in 12 mo, without Special Cmte",2026-06-07 21:11:02.898256,https://ope.ed.gov/dapip/#/institution-profile/117706,,117706,00196800,7,1,1,16,HM,99,23242,dapip_file_text,FALSE,monitoring_or_notice,public_action_code,C:/Users/mv3031/Desktop/Financial_Health_Project/Financial Health Tracker - For Github/data_pipelines/accreditation/cache/dapip/pdfs/117706_action-16_file-23242.pdf,C:/Users/mv3031/Desktop/Financial_Health_Project/Financial Health Tracker - For Github/data_pipelines/accreditation/cache/dapip/text/117706_action-16_file-23242.txt,pdf_body,"Recommended warning for 12 months for failure to comply with standards concerning governance, financial resources, financial documents, Board/administrative distinction, CEO evaluation/selection, and Board self-evaluation"
157058,Kentucky State University,Kentucky,"Southern Association of Colleges and Schools, Commission on Colleges",warning,"Southern Association of Colleges and Schools Commission on Colleges (SACSCOC) http://www.sacscoc.org Disclosure Statement Regarding the Status of KENTUCKY STATE UNIVERSITY Frankfort, Kentucky Issued December 19, 2024, by SACSCOC The following publicly available information is provided by the Southern Association of Colleges and Schools Commission on Colleges (SACSCOC) concerning the accreditation of Kentucky State University.",active,2024-12-08,2024,,,DAPIP Institutional Accreditation Action,Probation or Equivalent or a More Severe Status: Warning,2026-06-07 21:11:03.017939,https://ope.ed.gov/dapip/#/institution-profile/117706,,117706,00196800,7,1,1,7,PW,6,22478,dapip_file_text,FALSE,warning,public_action_code,C:/Users/mv3031/Desktop/Financial_Health_Project/Financial Health Tracker - For Github/data_pipelines/accreditation/cache/dapip/pdfs/117706_action-7_file-22478.pdf,C:/Users/mv3031/Desktop/Financial_Health_Project/Financial Health Tracker - For Github/data_pipelines/accreditation/cache/dapip/text/117706_action-7_file-22478.txt,pdf_body,Disclosure Statement Regarding Accreditation Status
157058,Kentucky State University,Kentucky,"Southern Association of Colleges and Schools, Commission on Colleges",warning,"Akakpo: The following action regarding your institution was taken by the Board of Trustees of the Southern Association of Colleges and Schools Commission on Colleges (SACSCOC) during its meeting held on December 3, 2023: The SACSCOC Board of Trustees reviewed the institution’s Special Report and recommended that the institution be placed on Warning for 12 months for failure to comply with Core Requirement 4.1 (Governing board characteristics), Core Requirement 13.1 (Financial resources), Core Requirement 13.2 (Financial documents), Standard 4.2.",active,2023-12-03,2023,,,DAPIP Institutional Accreditation Action,Probation or Equivalent or a More Severe Status: Warning,2026-06-07 21:11:03.433378,https://ope.ed.gov/dapip/#/institution-profile/117706,,117706,00196800,7,1,1,8,PW,6,22592,dapip_file_text,FALSE,warning,public_action_code,C:/Users/mv3031/Desktop/Financial_Health_Project/Financial Health Tracker - For Github/data_pipelines/accreditation/cache/dapip/pdfs/117706_action-8_file-22592.pdf,C:/Users/mv3031/Desktop/Financial_Health_Project/Financial Health Tracker - For Github/data_pipelines/accreditation/cache/dapip/text/117706_action-8_file-22592.txt,pdf_body,"Recommended warning for 12 months for failure to comply with standards concerning governance, financial resources, financial documents, Board/administrative distinction, CEO evaluation/selection, and Board self-evaluation"
157058,Kentucky State University,Kentucky,"Southern Association of Colleges and Schools, Commission on Colleges",notice,"Akakpo: The following action regarding your institution was taken by the Board of Trustees of the Southern Association of Colleges and Schools Commission on Colleges (SACSCOC) during its meeting held on December 3, 2023: The SACSCOC Board of Trustees reviewed the institution’s Special Report and recommended that the institution be placed on Warning for 12 months for failure to comply with Core Requirement 4.1 (Governing board characteristics), Core Requirement 13.1 (Financial resources), Core Requirement 13.2 (Financial documents), Standard 4.2.",active,2023-12-03,2023,,,DAPIP Institutional Accreditation Action,Heightened Monitoring or Focused Review | The SACSCOC Board of Trustees reviewed the institution’s Special Report and recommended that the institution be placed on Warning for 12 months for f,2026-06-07 21:11:03.594479,https://ope.ed.gov/dapip/#/institution-profile/117706,,117706,00196800,7,1,1,10,HM,99,23236,dapip_file_text,FALSE,monitoring_or_notice,public_action_code,C:/Users/mv3031/Desktop/Financial_Health_Project/Financial Health Tracker - For Github/data_pipelines/accreditation/cache/dapip/pdfs/117706_action-10_file-23236.pdf,C:/Users/mv3031/Desktop/Financial_Health_Project/Financial Health Tracker - For Github/data_pipelines/accreditation/cache/dapip/text/117706_action-10_file-23236.txt,pdf_body,"Recommended warning for 12 months for failure to comply with standards concerning governance, financial resources, financial documents, Board/administrative distinction, CEO evaluation/selection, and Board self-evaluation"
157076,Kentucky Wesleyan College,Kentucky,"Southern Association of Colleges and Schools, Commission on Colleges",notice,"Based only on those reviewed standards, the institution is requested to submit a Referral Report due April 1, 2024, addressing the following referenced standards of the Principles: Standard 6.2.b (Program faculty) For each of its educational programs, this standard expects an institution to employ a sufficient number of full-time faculty members to ensure curriculum and program quality, integrity, and review.",active,2023-12-03,2023,,,DAPIP Institutional Accreditation Action,Heightened Monitoring or Focused Review,2026-06-07 21:11:04.396885,https://ope.ed.gov/dapip/#/institution-profile/117715,,117715,00196900,7,1,1,15,HM,6,25236,dapip_file_text,FALSE,monitoring_or_notice,public_action_code,C:/Users/mv3031/Desktop/Financial_Health_Project/Financial Health Tracker - For Github/data_pipelines/accreditation/cache/dapip/pdfs/117715_action-15_file-25236.pdf,C:/Users/mv3031/Desktop/Financial_Health_Project/Financial Health Tracker - For Github/data_pipelines/accreditation/cache/dapip/text/117715_action-15_file-25236.txt,pdf_body,Requested Referral Report on Program faculty
157076,Kentucky Wesleyan College,Kentucky,"Southern Association of Colleges and Schools, Commission on Colleges",removed,Accreditation Reaffirmed: Probation Removed,resolved,2021-12-05,2021,,,DAPIP Institutional Accreditation Action,Accreditation Reaffirmed: Probation Removed,2026-06-07 21:11:04.436123,https://ope.ed.gov/dapip/#/institution-profile/117715,,117715,00196900,7,1,1,12,PR,10,0,dapip_action_description,FALSE,removed,public_action_code,,,raw_title,Probation removed
157076,Kentucky Wesleyan College,Kentucky,"Southern Association of Colleges and Schools, Commission on Colleges",removed,Accreditation Reaffirmed:  Warning Removed,resolved,2021-06-17,2021,,,DAPIP Institutional Accreditation Action,Accreditation Reaffirmed: Warning Removed,2026-06-07 21:11:04.462938,https://ope.ed.gov/dapip/#/institution-profile/117715,,117715,00196900,7,1,1,9,WR,10,0,dapip_action_description,FALSE,removed,public_action_code,,,raw_title,Warning removed
157076,Kentucky Wesleyan College,Kentucky,"Southern Association of Colleges and Schools, Commission on Colleges",removed,Accreditation Reaffirmed:  Warning Removed,resolved,2021-06-06,2021,,,DAPIP Institutional Accreditation Action,Accreditation Reaffirmed: Warning Removed,2026-06-07 21:11:04.493248,https://ope.ed.gov/dapip/#/institution-profile/117715,,117715,00196900,7,1,1,11,WR,10,0,dapip_action_description,FALSE,removed,public_action_code,,,raw_title,Warning removed
157076,Kentucky Wesleyan College,Kentucky,"Southern Association of Colleges and Schools, Commission on Colleges",probation,Probation or Equivalent or a More Severe Status: Probation,active,2020-09-03,2020,,,DAPIP Institutional Accreditation Action,Probation or Equivalent or a More Severe Status: Probation,2026-06-07 21:11:04.520107,https://ope.ed.gov/dapip/#/institution-profile/117715,,117715,00196900,7,1,1,8,P,6,0,dapip_action_description,FALSE,probation,public_action_code,,,raw_title,Placed on probation
157076,Kentucky Wesleyan College,Kentucky,"Southern Association of Colleges and Schools, Commission on Colleges",warning,Probation or Equivalent or a More Severe Status: Warning,active,2019-06-13,2019,,,DAPIP Institutional Accreditation Action,Probation or Equivalent or a More Severe Status: Warning,2026-06-07 21:11:04.549645,https://ope.ed.gov/dapip/#/institution-profile/117715,,117715,00196900,7,1,1,6,PW,6,0,dapip_action_description,FALSE,warning,public_action_code,,,raw_title,Placed on warning
157076,Kentucky Wesleyan College,Kentucky,"Southern Association of Colleges and Schools, Commission on Colleges",notice,Warning or Equivalent-Factors Affecting Academic Quality,active,2019-06-11,2019,,,DAPIP Institutional Accreditation Action,Warning or Equivalent-Factors Affecting Academic Quality,2026-06-07 21:11:04.57907,https://ope.ed.gov/dapip/#/institution-profile/117715,,117715,00196900,7,1,1,7,WE,6,0,dapip_action_description,FALSE,monitoring_or_notice,public_action_code,,,raw_title,Warning or Equivalent-Factors Affecting Academic Quality
157100,Kentucky Christian University,Kentucky,"Southern Association of Colleges and Schools, Commission on Colleges",notice,Heightened Monitoring or Focused Review,active,2021-12-01,2021,,,DAPIP Institutional Accreditation Action,Heightened Monitoring or Focused Review,2026-06-07 21:11:06.962199,https://ope.ed.gov/dapip/#/institution-profile/117742,,117742,00196500,7,1,1,4,HM,10,25013,dapip_action_description,FALSE,monitoring_or_notice,public_action_code,C:/Users/mv3031/Desktop/Financial_Health_Project/Financial Health Tracker - For Github/data_pipelines/accreditation/cache/dapip/pdfs/117742_action-4_file-25013.pdf,C:/Users/mv3031/Desktop/Financial_Health_Project/Financial Health Tracker - For Github/data_pipelines/accreditation/cache/dapip/text/117742_action-4_file-25013.txt,raw_title,Heightened monitoring or focused review
157100,Kentucky Christian University,Kentucky,"Southern Association of Colleges and Schools, Commission on Colleges",notice,Heightened Monitoring or Focused Review,active,2021-12-01,2021,,,DAPIP Institutional Accreditation Action,Heightened Monitoring or Focused Review,2026-06-07 21:11:07.007906,https://ope.ed.gov/dapip/#/institution-profile/117742,,117742,00196500,7,1,1,5,HM,9,0,dapip_action_description,FALSE,monitoring_or_notice,public_action_code,,,raw_title,Heightened monitoring or focused review
157100,Kentucky Christian University,Kentucky,"Southern Association of Colleges and Schools, Commission on Colleges",notice,Heightened Monitoring or Focused Review,active,2021-12-01,2021,,,DAPIP Institutional Accreditation Action,Heightened Monitoring or Focused Review,2026-06-07 21:11:07.106195,https://ope.ed.gov/dapip/#/institution-profile/117742,,117742,00196500,7,1,1,6,HM,9,0,dapip_action_description,FALSE,monitoring_or_notice,public_action_code,,,raw_title,Heightened monitoring or focused review
157100,Kentucky Christian University,Kentucky,"Southern Association of Colleges and Schools, Commission on Colleges",notice,Heightened Monitoring or Focused Review,active,2021-12-01,2021,,,DAPIP Institutional Accreditation Action,Heightened Monitoring or Focused Review,2026-06-07 21:11:07.158576,https://ope.ed.gov/dapip/#/institution-profile/117742,,117742,00196500,7,1,1,7,HM,9,28146,dapip_action_description,FALSE,monitoring_or_notice,public_action_code,C:/Users/mv3031/Desktop/Financial_Health_Project/Financial Health Tracker - For Github/data_pipelines/accreditation/cache/dapip/pdfs/117742_action-7_file-28146.pdf,C:/Users/mv3031/Desktop/Financial_Health_Project/Financial Health Tracker - For Github/data_pipelines/accreditation/cache/dapip/text/117742_action-7_file-28146.txt,raw_title,Heightened monitoring or focused review
157289,University of Louisville,Kentucky,"Southern Association of Colleges and Schools, Commission on Colleges",notice,"Based only on those reviewed standards, the institution should submit a Referral Report due September 8, 2023, addressing the following referenced standard of the Principles: Standard 14.",active,2023-06-14,2023,,,DAPIP Institutional Accreditation Action,Heightened Monitoring or Focused Review,2026-06-07 21:11:08.262352,https://ope.ed.gov/dapip/#/institution-profile/117812,,117812,00199900,7,1,1,5,HM,6,27634,dapip_file_text,FALSE,monitoring_or_notice,public_action_code,C:/Users/mv3031/Desktop/Financial_Health_Project/Financial Health Tracker - For Github/data_pipelines/accreditation/cache/dapip/pdfs/117812_action-5_file-27634.pdf,C:/Users/mv3031/Desktop/Financial_Health_Project/Financial Health Tracker - For Github/data_pipelines/accreditation/cache/dapip/text/117812_action-5_file-27634.txt,pdf_body,Requested Referral Report on Publication of accreditation status
157447,Northern Kentucky University,Kentucky,"Southern Association of Colleges and Schools, Commission on Colleges",notice,"Based only on those reviewed standards, the institution is requested to submit a Referral Report due September 8, 2025, addressing the following referenced standard(s) of the Principles: Standard 6.2.b (Program faculty) For each of its educational programs, this standard expects an institution to employ a sufficient number of full-time faculty members to ensure curriculum and program quality, integrity, and review.",active,2025-04-25,2025,,,DAPIP Institutional Accreditation Action,Heightened Monitoring or Focused Review,2026-06-07 21:11:11.445283,https://ope.ed.gov/dapip/#/institution-profile/117928,,117928,00927500,7,1,1,8,HM,6,26081,dapip_file_text,FALSE,monitoring_or_notice,public_action_code,C:/Users/mv3031/Desktop/Financial_Health_Project/Financial Health Tracker - For Github/data_pipelines/accreditation/cache/dapip/pdfs/117928_action-8_file-26081.pdf,C:/Users/mv3031/Desktop/Financial_Health_Project/Financial Health Tracker - For Github/data_pipelines/accreditation/cache/dapip/text/117928_action-8_file-26081.txt,pdf_body,Requested Referral Report on Program faculty
157447,Northern Kentucky University,Kentucky,"Southern Association of Colleges and Schools, Commission on Colleges",removed,Accreditation Reaffirmed:  Warning Removed,resolved,2020-12-06,2020,,,DAPIP Institutional Accreditation Action,Accreditation Reaffirmed: Warning Removed,2026-06-07 21:11:11.704521,https://ope.ed.gov/dapip/#/institution-profile/117928,,117928,00927500,7,1,1,5,WR,10,0,dapip_action_description,FALSE,removed,public_action_code,,,raw_title,Warning removed
157447,Northern Kentucky University,Kentucky,"Southern Association of Colleges and Schools, Commission on Colleges",warning,Probation or Equivalent or a More Severe Status: Warning,active,2019-12-08,2019,,,DAPIP Institutional Accreditation Action,Probation or Equivalent or a More Severe Status: Warning,2026-06-07 21:11:11.734131,https://ope.ed.gov/dapip/#/institution-profile/117928,,117928,00927500,7,1,1,3,PW,8,0,dapip_action_description,FALSE,warning,public_action_code,,,raw_title,Placed on warning
157757,Spalding University,Kentucky,"Southern Association of Colleges and Schools, Commission on Colleges",notice,"Based only on those reviewed standards, the institution should submit a Referral Report due September 8, 2023, addressing the following referenced standards of the Principles'.",active,2023-06-14,2023,,,DAPIP Institutional Accreditation Action,Heightened Monitoring or Focused Review,2026-06-07 21:11:13.729502,https://ope.ed.gov/dapip/#/institution-profile/118125,,118125,00196000,7,1,1,5,HM,6,27073,dapip_file_text,FALSE,monitoring_or_notice,public_action_code,C:/Users/mv3031/Desktop/Financial_Health_Project/Financial Health Tracker - For Github/data_pipelines/accreditation/cache/dapip/pdfs/118125_action-5_file-27073.pdf,C:/Users/mv3031/Desktop/Financial_Health_Project/Financial Health Tracker - For Github/data_pipelines/accreditation/cache/dapip/text/118125_action-5_file-27073.txt,pdf_body,Requested to submit a Referral Report documenting compliance with accreditation standards
157863,Union Commonwealth University,Kentucky,"Southern Association of Colleges and Schools, Commission on Colleges",notice,"Washington: The following action regarding your institution was taken by the Board of Trustees of the Southern Association of Colleges and Schools Commission on Colleges (SACSCOC) during its meeting held on December 7, 2025: The SACSCOC Board of Trustees denied reaffirmation of accreditation, continued accreditation, and placed the institution on Warning. For twelve months for failure to comply with Core Requirement 6.1 (Full-time faculty), Core Requirement 7.1 (Institutional planning), Core Requirement 13.1 (Financial resources), Core Requirement 13.2 (Financial documents), Standard 4.2.a (Mission review), Standard 4.2.c (CEO evaluation/selection), Standard 6.2.b (Program faculty), Standard 8.2.a (Student outcomes: educational programs), Standard 8.2.c (Student outcomes: academic and student services), Standard 10.9 (Cooperative academic arrangements), Standard 13.3 (Financial responsibility), Standard 13.4 (Control of finances), Standard 13.5 (Control of sponsored research/external funds), Standard 13.6 (Federal and state responsibilities).",active,2025-12-07,2025,,,DAPIP Institutional Accreditation Action,Heightened Monitoring or Focused Review,2026-06-07 21:11:15.478115,https://ope.ed.gov/dapip/#/institution-profile/118204,,118204,00198800,7,1,1,12,HM,10,28991,dapip_file_text,FALSE,monitoring_or_notice,public_action_code,C:/Users/mv3031/Desktop/Financial_Health_Project/Financial Health Tracker - For Github/data_pipelines/accreditation/cache/dapip/pdfs/118204_action-12_file-28991.pdf,C:/Users/mv3031/Desktop/Financial_Health_Project/Financial Health Tracker - For Github/data_pipelines/accreditation/cache/dapip/text/118204_action-12_file-28991.txt,pdf_body,"Denied reaffirmation and placed on warning for twelve months for failure to comply with standards concerning faculty, institutional planning, financial resources, financial documents, mission, and CEO evaluation/selection"
157863,Union Commonwealth University,Kentucky,"Southern Association of Colleges and Schools, Commission on Colleges",notice,"Washington: The following action regarding your institution was taken by the Board of Trustees of the Southern Association of Colleges and Schools Commission on Colleges (SACSCOC) during its meeting held on December 7, 2025: The SACSCOC Board of Trustees denied reaffirmation of accreditation, continued accreditation, and placed the institution on Warning. For twelve months for failure to comply with Core Requirement 6.1 (Full-time faculty), Core Requirement 7.1 (Institutional planning), Core Requirement 13.1 (Financial resources), Core Requirement 13.2 (Financial documents), Standard 4.2.a (Mission review), Standard 4.2.c (CEO evaluation/selection), Standard 6.2.b (Program faculty), Standard 8.2.a (Student outcomes: educational programs), Standard 8.2.c (Student outcomes: academic and student services), Standard 10.9 (Cooperative academic arrangements), Standard 13.3 (Financial responsibility), Standard 13.4 (Control of finances), Standard 13.5 (Control of sponsored research/external funds), Standard 13.6 (Federal and state responsibilities).",active,2025-12-07,2025,,,DAPIP Institutional Accreditation Action,Heightened Monitoring or Focused Review,2026-06-07 21:11:15.560077,https://ope.ed.gov/dapip/#/institution-profile/118204,,118204,00198800,7,1,1,13,HM,6,29036,dapip_file_text,FALSE,monitoring_or_notice,public_action_code,C:/Users/mv3031/Desktop/Financial_Health_Project/Financial Health Tracker - For Github/data_pipelines/accreditation/cache/dapip/pdfs/118204_action-13_file-29036.pdf,C:/Users/mv3031/Desktop/Financial_Health_Project/Financial Health Tracker - For Github/data_pipelines/accreditation/cache/dapip/text/118204_action-13_file-29036.txt,pdf_body,"Denied reaffirmation and placed on warning for twelve months for failure to comply with standards concerning faculty, institutional planning, financial resources, financial documents, mission, and CEO evaluation/selection"
157863,Union Commonwealth University,Kentucky,"Southern Association of Colleges and Schools, Commission on Colleges",notice,"hlawkins: The following action regarding your institution was taken by the Board of Trustees of the Southern Association of Colleges and Schools Commission on Colleges (SACSCOC) during its meeting held on June 16, 2022: The SACSCOC Board of Trustees reviewed the institution's Monitoring Report following action on a Fifth-Year Follow-Up Report requested in 2017 and submitted in June 2021.",active,2022-06-16,2022,,,DAPIP Institutional Accreditation Action,Heightened Monitoring or Focused Review,2026-06-07 21:11:15.951239,https://ope.ed.gov/dapip/#/institution-profile/118204,,118204,00198800,7,1,1,3,HM,6,27477,dapip_file_text,FALSE,monitoring_or_notice,public_action_code,C:/Users/mv3031/Desktop/Financial_Health_Project/Financial Health Tracker - For Github/data_pipelines/accreditation/cache/dapip/pdfs/118204_action-3_file-27477.pdf,C:/Users/mv3031/Desktop/Financial_Health_Project/Financial Health Tracker - For Github/data_pipelines/accreditation/cache/dapip/text/118204_action-3_file-27477.txt,pdf_body,Requested to Submit a Monitoring Report on Federal And State Responsibilities
157951,Western Kentucky University,Kentucky,"Southern Association of Colleges and Schools, Commission on Colleges",notice,"The institution's procedures for reporting substantive change must continue to address all types ofsubstantive changes as defined in SACSCOCpolicy, ""Substantive Change Policy and Procedures."" We appreciate your continued support of SACSCOC's activities and work.",active,2021-12-01,2021,,,DAPIP Institutional Accreditation Action,Heightened Monitoring or Focused Review,2026-06-07 21:11:16.53488,https://ope.ed.gov/dapip/#/institution-profile/118222,,118222,00200200,7,1,1,3,HM,10,27566,dapip_file_text,FALSE,monitoring_or_notice,public_action_code,C:/Users/mv3031/Desktop/Financial_Health_Project/Financial Health Tracker - For Github/data_pipelines/accreditation/cache/dapip/pdfs/118222_action-3_file-27566.pdf,C:/Users/mv3031/Desktop/Financial_Health_Project/Financial Health Tracker - For Github/data_pipelines/accreditation/cache/dapip/text/118222_action-3_file-27566.txt,pdf_body,"SACS^COC SOUTHERN ASSOCIATION OF COLLEGES AND SCHOOLS COMMISSION ON COLLEGES January 12, 2022 Dr. Timothy C. Caboni President Western Kentucky University 1906 College Heights Blvd. Bowling Green, KY 42101-1001 Dear Dr. Caboni: The following action regarding your institution was taken by the Board of Trustees^of the Southern Association of Colleges and Schools Commission on Colleges (SACSCOC) during its meeting held on December 2, 2021: The SACSCOC Board of Trustees reviewed the institution's internal procedure addressing the timely reporting of substantive changes. No additional report is requested. This review was conducted following the institution's failure to seek approval to implement the Undergraduate Certificate program in Emergency Management Disaster Science. The institution's procedures for reporting substantive change must continue to address all types ofsubstantive changes as defined in SACSCOCpolicy, ""Substantive Change Policy and Procedures."" We appreciate your continued support of SACSCOC's activities and work. Ifyou have questions, please contact the SACSCOC staff member assigned to your institution. Sincerely, BelleS. Wheelan, Ph. D. President BSW:ktf ec; Dr. Patricia L. Donat, Vice President, SACSCOC 1866 Southern Lane . Decatur, Georgia 30033-4097 . Telephone 404/679-4500 . Fax 404/679-4558 www. sacscoc. org"
158477,Centenary College of Louisiana,Louisiana,"Southern Association of Colleges and Schools, Commission on Colleges",notice,"Holoman: The following action regarding your institution was taken by the Board of Trustees of the Southern Association of Colleges and Schools Commission on Colleges (SACSCOC) during its meeting held on June 12, 2025: The SACSCOC Board of Trustees reviewed the institution’s Referral Report following submission of the institution’s Fifth-Year Interim Report in April 2024, and requested a First Monitoring Report due April 1, 2026, addressing the following referenced standard of the Principles of Accreditation: Standard 5.4 (Qualified administrativelacademic officers) This standard expects an institution to employ administrative and academic officers with appropriate experience and qualifications to lead the institution.",active,2025-06-12,2025,,,DAPIP Institutional Accreditation Action,Heightened Monitoring or Focused Review,2026-06-07 21:11:16.932882,https://ope.ed.gov/dapip/#/institution-profile/118383,,118383,00200300,7,1,1,7,HM,6,23788,dapip_file_text,FALSE,monitoring_or_notice,public_action_code,C:/Users/mv3031/Desktop/Financial_Health_Project/Financial Health Tracker - For Github/data_pipelines/accreditation/cache/dapip/pdfs/118383_action-7_file-23788.pdf,C:/Users/mv3031/Desktop/Financial_Health_Project/Financial Health Tracker - For Github/data_pipelines/accreditation/cache/dapip/text/118383_action-7_file-23788.txt,pdf_body,"At the end of that two-year period, if the institution does not comply with all the standards and requirements of the Principles, representatives from the institution may be required to appear before the SACSCOC Board of Trustees, or one of its standing committees, to answer questions as to why the institution should not be removed from membership."
158477,Centenary College of Louisiana,Louisiana,"Southern Association of Colleges and Schools, Commission on Colleges",notice,"Based only on those reviewed standards, the institution should submit a Referral Report due April 1, 2025, addressing the standards of the Principles identified below.",active,2024-04-26,2024,,,DAPIP Institutional Accreditation Action,Heightened Monitoring or Focused Review,2026-06-07 21:11:17.001139,https://ope.ed.gov/dapip/#/institution-profile/118383,,118383,00200300,7,1,1,6,HM,6,23787,dapip_file_text,FALSE,monitoring_or_notice,public_action_code,C:/Users/mv3031/Desktop/Financial_Health_Project/Financial Health Tracker - For Github/data_pipelines/accreditation/cache/dapip/pdfs/118383_action-6_file-23787.pdf,C:/Users/mv3031/Desktop/Financial_Health_Project/Financial Health Tracker - For Github/data_pipelines/accreditation/cache/dapip/text/118383_action-6_file-23787.txt,pdf_body,Requested to submit a Referral Report documenting compliance with accreditation standards
158802,Dillard University,Louisiana,"Southern Association of Colleges and Schools, Commission on Colleges",removed,Accreditation Reaffirmed:  Warning Removed,resolved,2025-06-12,2025,,,DAPIP Institutional Accreditation Action,Accreditation Reaffirmed: Warning Removed,2026-06-07 21:11:17.571658,https://ope.ed.gov/dapip/#/institution-profile/118480,,118480,00200400,7,1,1,6,WR,10,0,dapip_action_description,FALSE,removed,public_action_code,,,raw_title,Warning removed
158802,Dillard University,Louisiana,"Southern Association of Colleges and Schools, Commission on Colleges",notice,"Guillory: The following action regarding your institution was taken by the Board of Trustees of the Southern Association of Colleges and Schools Commission on Colleges (SACSCOC) during its meeting held on June 13, 2024: The SACSCOC Board of Trustees continued accreditation and placed the institution on Warning for twelve months for failure to comply with Core Requirement 11.1 (Library and learn/n g/information resources) of the Principles of Accreditation (Principles) following review of membership at Level Ill, offering the Master of Science in Nursing. A Special Committee was not authorized to visit the institution.",active,2024-06-13,2024,,,DAPIP Institutional Accreditation Action,Heightened Monitoring or Focused Review,2026-06-07 21:11:17.688531,https://ope.ed.gov/dapip/#/institution-profile/118480,,118480,00200400,7,1,1,12,HM,6,27106,dapip_file_text,FALSE,monitoring_or_notice,public_action_code,C:/Users/mv3031/Desktop/Financial_Health_Project/Financial Health Tracker - For Github/data_pipelines/accreditation/cache/dapip/pdfs/118480_action-12_file-27106.pdf,C:/Users/mv3031/Desktop/Financial_Health_Project/Financial Health Tracker - For Github/data_pipelines/accreditation/cache/dapip/text/118480_action-12_file-27106.txt,pdf_body,Continued accreditation and placed the institution on warning for twelve months for failure to comply with Core Requirement 11.1 (Library and learning/information resources)
158802,Dillard University,Louisiana,"Southern Association of Colleges and Schools, Commission on Colleges",warning,"Guillory: The following action regarding your institution was taken by the Board of Trustees of the Southern Association of Colleges and Schools Commission on Colleges (SACSCOC) during its meeting held on June 13, 2024: The SACSCOC Board of Trustees continued accreditation and placed the institution on Warning for twelve months for failure to comply with Core Requirement 11.1 (Library and learning/information resources) of the Principles of Accreditation (Principles) following review of membership at Level Ill, offering the Master of Science in Nursing. A Special Committee was not authorized to visit the institution.",active,2024-06-13,2024,,,DAPIP Institutional Accreditation Action,Probation or Equivalent or a More Severe Status: Warning,2026-06-07 21:11:17.777322,https://ope.ed.gov/dapip/#/institution-profile/118480,,118480,00200400,7,1,1,7,PW,6,22581,dapip_file_text,FALSE,warning,public_action_code,C:/Users/mv3031/Desktop/Financial_Health_Project/Financial Health Tracker - For Github/data_pipelines/accreditation/cache/dapip/pdfs/118480_action-7_file-22581.pdf,C:/Users/mv3031/Desktop/Financial_Health_Project/Financial Health Tracker - For Github/data_pipelines/accreditation/cache/dapip/text/118480_action-7_file-22581.txt,pdf_body,Continued accreditation and placed the institution on warning for twelve months for failure to comply with Core Requirement 11.1 (Library and learning/information resources)
158802,Dillard University,Louisiana,"Southern Association of Colleges and Schools, Commission on Colleges",warning,"Guillory: The following action regarding your institution was taken by the Board of Trustees of the Southern Association of Colleges and Schools Commission on Colleges (SACSCOC) during its meeting held on June 13, 2024: The SACSCOC Board of Trustees continued accreditation and placed the institution on Warning for twelve months for failure to comply with Core Requirement 11.1 (Library and learn/n g/information resources) of the Principles of Accreditation (Principles) following review of membership at Level Ill, offering the Master of Science in Nursing. A Special Committee was not authorized to visit the institution.",active,2024-06-13,2024,,,DAPIP Institutional Accreditation Action,Probation or Equivalent or a More Severe Status: Warning,2026-06-07 21:11:17.863597,https://ope.ed.gov/dapip/#/institution-profile/118480,,118480,00200400,7,1,1,10,PW,6,23654,dapip_file_text,FALSE,warning,public_action_code,C:/Users/mv3031/Desktop/Financial_Health_Project/Financial Health Tracker - For Github/data_pipelines/accreditation/cache/dapip/pdfs/118480_action-10_file-23654.pdf,C:/Users/mv3031/Desktop/Financial_Health_Project/Financial Health Tracker - For Github/data_pipelines/accreditation/cache/dapip/text/118480_action-10_file-23654.txt,pdf_body,Continued accreditation and placed the institution on warning for twelve months for failure to comply with Core Requirement 11.1 (Library and learning/information resources)
158802,Dillard University,Louisiana,"Southern Association of Colleges and Schools, Commission on Colleges",removed,Removal of Monitoring Status,resolved,2021-12-05,2021,,,DAPIP Institutional Accreditation Action,Removal of Monitoring Status,2026-06-07 21:11:18.113259,https://ope.ed.gov/dapip/#/institution-profile/118480,,118480,00200400,7,1,1,3,RM,10,0,dapip_action_description,FALSE,removed,public_action_code,,,raw_title,Removal of Monitoring Status
158802,Dillard University,Louisiana,"Southern Association of Colleges and Schools, Commission on Colleges",notice,Heightened Monitoring or Focused Review,active,2020-09-03,2020,,,DAPIP Institutional Accreditation Action,Heightened Monitoring or Focused Review,2026-06-07 21:11:18.142752,https://ope.ed.gov/dapip/#/institution-profile/118480,,118480,00200400,7,1,1,2,HM,6,0,dapip_action_description,FALSE,monitoring_or_notice,public_action_code,,,raw_title,Heightened monitoring or focused review
159373,Louisiana State University Health Sciences Center-New Orleans,Louisiana,"Southern Association of Colleges and Schools, Commission on Colleges",removed,Removal of Monitoring Status,resolved,2022-12-04,2022,,,DAPIP Institutional Accreditation Action,Removal of Monitoring Status,2026-06-07 21:11:20.216491,https://ope.ed.gov/dapip/#/institution-profile/254074,,254074,00201400,7,1,1,3,RM,10,0,dapip_action_description,FALSE,removed,public_action_code,,,raw_title,Removal of Monitoring Status
159373,Louisiana State University Health Sciences Center-New Orleans,Louisiana,"Southern Association of Colleges and Schools, Commission on Colleges",notice,"Nelson: The following action regarding your institution was taken by the Board of Trustees of the Southern Association of Colleges and Schools Commission on Colleges (SACSCOC) during its meeting held on June 16, 2022: The SACSCOC Board of Trustees reviewed the institution's Referral Report and requested a Monitoring Report due September 8, 2022, addressing the following referenced standard of the Principles of Accreditation: Standard 5.",active,2022-06-16,2022,,,DAPIP Institutional Accreditation Action,Heightened Monitoring or Focused Review,2026-06-07 21:11:20.579628,https://ope.ed.gov/dapip/#/institution-profile/254074,,254074,00201400,7,1,1,6,HM,6,25522,dapip_file_text,FALSE,monitoring_or_notice,public_action_code,C:/Users/mv3031/Desktop/Financial_Health_Project/Financial Health Tracker - For Github/data_pipelines/accreditation/cache/dapip/pdfs/254074_action-6_file-25522.pdf,C:/Users/mv3031/Desktop/Financial_Health_Project/Financial Health Tracker - For Github/data_pipelines/accreditation/cache/dapip/text/254074_action-6_file-25522.txt,pdf_body,Requested to Submit a Monitoring Report on Qualified Administrative/Academic Officers
159382,Louisiana State University-Alexandria,Louisiana,"Southern Association of Colleges and Schools, Commission on Colleges",notice,"Coreil: The following action regarding your institution was taken by the Board of Trustees of the Southern Association of Colleges and Schools Commission on Colleges (SACSCOC) during its meeting held on December 2, 2021: The SACSCOC Board of Trustees reviewed the institution's Referral Report and requested a Monitoring Report due April 1, 2022, addressingthe following referenced standards of the Principles of Accreditation: Standard 10.",active,2021-12-01,2021,,,DAPIP Institutional Accreditation Action,Heightened Monitoring or Focused Review,2026-06-07 21:11:21.296897,https://ope.ed.gov/dapip/#/institution-profile/118666,,118666,00201100,7,1,1,4,HM,6,25515,dapip_file_text,FALSE,monitoring_or_notice,public_action_code,C:/Users/mv3031/Desktop/Financial_Health_Project/Financial Health Tracker - For Github/data_pipelines/accreditation/cache/dapip/pdfs/118666_action-4_file-25515.pdf,C:/Users/mv3031/Desktop/Financial_Health_Project/Financial Health Tracker - For Github/data_pipelines/accreditation/cache/dapip/text/118666_action-4_file-25515.txt,pdf_body,Requested to Submit a Monitoring Report on Admissions Policies And Practices
159391,Louisiana State University and Agricultural & Mechanical College,Louisiana,"Southern Association of Colleges and Schools, Commission on Colleges",notice,Heightened Monitoring or Focused Review,active,2022-06-16,2022,,,DAPIP Institutional Accreditation Action,Heightened Monitoring or Focused Review,2026-06-07 21:11:21.94952,https://ope.ed.gov/dapip/#/institution-profile/118675,,118675,00201000,7,1,1,3,HM,6,25507,dapip_action_description,FALSE,monitoring_or_notice,public_action_code,C:/Users/mv3031/Desktop/Financial_Health_Project/Financial Health Tracker - For Github/data_pipelines/accreditation/cache/dapip/pdfs/118675_action-3_file-25507.pdf,C:/Users/mv3031/Desktop/Financial_Health_Project/Financial Health Tracker - For Github/data_pipelines/accreditation/cache/dapip/text/118675_action-3_file-25507.txt,raw_title,Heightened monitoring or focused review
159391,Louisiana State University and Agricultural & Mechanical College,Louisiana,"Southern Association of Colleges and Schools, Commission on Colleges",notice,Heightened Monitoring or Focused Review,active,2021-06-17,2021,,,DAPIP Institutional Accreditation Action,Heightened Monitoring or Focused Review,2026-06-07 21:11:22.000696,https://ope.ed.gov/dapip/#/institution-profile/118675,,118675,00201000,7,1,1,7,HM,9,28258,dapip_action_description,FALSE,monitoring_or_notice,public_action_code,C:/Users/mv3031/Desktop/Financial_Health_Project/Financial Health Tracker - For Github/data_pipelines/accreditation/cache/dapip/pdfs/118675_action-7_file-28258.pdf,C:/Users/mv3031/Desktop/Financial_Health_Project/Financial Health Tracker - For Github/data_pipelines/accreditation/cache/dapip/text/118675_action-7_file-28258.txt,raw_title,Heightened monitoring or focused review
159416,Louisiana State University-Shreveport,Louisiana,"Southern Association of Colleges and Schools, Commission on Colleges",notice,Heightened Monitoring or Focused Review,active,2022-06-16,2022,,,DAPIP Institutional Accreditation Action,Heightened Monitoring or Focused Review,2026-06-07 21:11:22.550045,https://ope.ed.gov/dapip/#/institution-profile/118693,,118693,00201300,7,1,1,2,HM,6,25531,dapip_action_description,FALSE,monitoring_or_notice,public_action_code,C:/Users/mv3031/Desktop/Financial_Health_Project/Financial Health Tracker - For Github/data_pipelines/accreditation/cache/dapip/pdfs/118693_action-2_file-25531.pdf,C:/Users/mv3031/Desktop/Financial_Health_Project/Financial Health Tracker - For Github/data_pipelines/accreditation/cache/dapip/text/118693_action-2_file-25531.txt,raw_title,Heightened monitoring or focused review
159656,Loyola University New Orleans,Louisiana,"Southern Association of Colleges and Schools, Commission on Colleges",notice,Heightened Monitoring or Focused Review,active,2022-12-04,2022,,,DAPIP Institutional Accreditation Action,Heightened Monitoring or Focused Review,2026-06-07 21:11:24.473107,https://ope.ed.gov/dapip/#/institution-profile/118806,,118806,00201600,7,1,1,8,HM,6,25535,dapip_action_description,FALSE,monitoring_or_notice,public_action_code,C:/Users/mv3031/Desktop/Financial_Health_Project/Financial Health Tracker - For Github/data_pipelines/accreditation/cache/dapip/pdfs/118806_action-8_file-25535.pdf,C:/Users/mv3031/Desktop/Financial_Health_Project/Financial Health Tracker - For Github/data_pipelines/accreditation/cache/dapip/text/118806_action-8_file-25535.txt,raw_title,Heightened monitoring or focused review
159656,Loyola University New Orleans,Louisiana,"Southern Association of Colleges and Schools, Commission on Colleges",notice,"Basedonly_on those reviewed standards, the institution should submit a Referral Report due September 8, 2022, addressing the following referenced standards of the Principles: Standard 6.",active,2022-06-16,2022,,,DAPIP Institutional Accreditation Action,Heightened Monitoring or Focused Review,2026-06-07 21:11:24.607759,https://ope.ed.gov/dapip/#/institution-profile/118806,,118806,00201600,7,1,1,6,HM,10,25533,dapip_file_text,FALSE,monitoring_or_notice,public_action_code,C:/Users/mv3031/Desktop/Financial_Health_Project/Financial Health Tracker - For Github/data_pipelines/accreditation/cache/dapip/pdfs/118806_action-6_file-25533.pdf,C:/Users/mv3031/Desktop/Financial_Health_Project/Financial Health Tracker - For Github/data_pipelines/accreditation/cache/dapip/text/118806_action-6_file-25533.txt,pdf_body,Requested Referral Report on Program faculty and Program coordination
159656,Loyola University New Orleans,Louisiana,"Southern Association of Colleges and Schools, Commission on Colleges",notice,Heightened Monitoring or Focused Review,active,2022-06-16,2022,,,DAPIP Institutional Accreditation Action,Heightened Monitoring or Focused Review,2026-06-07 21:11:24.700506,https://ope.ed.gov/dapip/#/institution-profile/118806,,118806,00201600,7,1,1,13,HM,6,28137,dapip_action_description,FALSE,monitoring_or_notice,public_action_code,C:/Users/mv3031/Desktop/Financial_Health_Project/Financial Health Tracker - For Github/data_pipelines/accreditation/cache/dapip/pdfs/118806_action-13_file-28137.pdf,C:/Users/mv3031/Desktop/Financial_Health_Project/Financial Health Tracker - For Github/data_pipelines/accreditation/cache/dapip/text/118806_action-13_file-28137.txt,raw_title,Heightened monitoring or focused review
159656,Loyola University New Orleans,Louisiana,"Southern Association of Colleges and Schools, Commission on Colleges",notice,Heightened Monitoring or Focused Review,active,2022-06-16,2022,,,DAPIP Institutional Accreditation Action,Heightened Monitoring or Focused Review,2026-06-07 21:11:24.756167,https://ope.ed.gov/dapip/#/institution-profile/118806,,118806,00201600,7,1,1,14,HM,9,28324,dapip_action_description,FALSE,monitoring_or_notice,public_action_code,C:/Users/mv3031/Desktop/Financial_Health_Project/Financial Health Tracker - For Github/data_pipelines/accreditation/cache/dapip/pdfs/118806_action-14_file-28324.pdf,C:/Users/mv3031/Desktop/Financial_Health_Project/Financial Health Tracker - For Github/data_pipelines/accreditation/cache/dapip/text/118806_action-14_file-28324.txt,raw_title,Heightened monitoring or focused review
159656,Loyola University New Orleans,Louisiana,"Southern Association of Colleges and Schools, Commission on Colleges",notice,"Basedonly_on those reviewed standards, the institution should submit a Referral Report due September 8, 2022, addressing the following referenced standards of the Principles: Standard 6.",active,2022-06-16,2022,,,DAPIP Institutional Accreditation Action,Heightened Monitoring or Focused Review,2026-06-07 21:11:24.826002,https://ope.ed.gov/dapip/#/institution-profile/118806,,118806,00201600,7,1,1,15,HM,6,28325,dapip_file_text,FALSE,monitoring_or_notice,public_action_code,C:/Users/mv3031/Desktop/Financial_Health_Project/Financial Health Tracker - For Github/data_pipelines/accreditation/cache/dapip/pdfs/118806_action-15_file-28325.pdf,C:/Users/mv3031/Desktop/Financial_Health_Project/Financial Health Tracker - For Github/data_pipelines/accreditation/cache/dapip/text/118806_action-15_file-28325.txt,pdf_body,Requested Referral Report on Program faculty and Program coordination
159656,Loyola University New Orleans,Louisiana,"Southern Association of Colleges and Schools, Commission on Colleges",removed,Removal of Monitoring Status,resolved,2019-12-08,2019,,,DAPIP Institutional Accreditation Action,Removal of Monitoring Status,2026-06-07 21:11:24.886055,https://ope.ed.gov/dapip/#/institution-profile/118806,,118806,00201600,7,1,1,3,RM,9,0,dapip_action_description,FALSE,removed,public_action_code,,,raw_title,Removal of Monitoring Status
159656,Loyola University New Orleans,Louisiana,"Southern Association of Colleges and Schools, Commission on Colleges",removed,Accreditation Reaffirmed: Probation Removed,resolved,2019-12-08,2019,,,DAPIP Institutional Accreditation Action,Accreditation Reaffirmed: Probation Removed,2026-06-07 21:11:24.923535,https://ope.ed.gov/dapip/#/institution-profile/118806,,118806,00201600,7,1,1,4,PR,10,0,dapip_action_description,FALSE,removed,public_action_code,,,raw_title,Probation removed
159717,McNeese State University,Louisiana,"Southern Association of Colleges and Schools, Commission on Colleges",notice,Heightened Monitoring or Focused Review,active,2024-06-13,2024,,,DAPIP Institutional Accreditation Action,Heightened Monitoring or Focused Review,2026-06-07 21:11:25.286701,https://ope.ed.gov/dapip/#/institution-profile/118824,,118824,00201700,7,1,1,10,HM,10,25635,dapip_action_description,FALSE,monitoring_or_notice,public_action_code,C:/Users/mv3031/Desktop/Financial_Health_Project/Financial Health Tracker - For Github/data_pipelines/accreditation/cache/dapip/pdfs/118824_action-10_file-25635.pdf,C:/Users/mv3031/Desktop/Financial_Health_Project/Financial Health Tracker - For Github/data_pipelines/accreditation/cache/dapip/text/118824_action-10_file-25635.txt,raw_title,Heightened monitoring or focused review
159717,McNeese State University,Louisiana,"Southern Association of Colleges and Schools, Commission on Colleges",notice,"Based only on those reviewed standards, the institution should submit a Referral Report due April 1, 2024, addressing the following referenced standard of the Principles: Standard 13.",active,2023-06-14,2023,,,DAPIP Institutional Accreditation Action,Heightened Monitoring or Focused Review,2026-06-07 21:11:25.345895,https://ope.ed.gov/dapip/#/institution-profile/118824,,118824,00201700,7,1,1,9,HM,6,25630,dapip_file_text,FALSE,monitoring_or_notice,public_action_code,C:/Users/mv3031/Desktop/Financial_Health_Project/Financial Health Tracker - For Github/data_pipelines/accreditation/cache/dapip/pdfs/118824_action-9_file-25630.pdf,C:/Users/mv3031/Desktop/Financial_Health_Project/Financial Health Tracker - For Github/data_pipelines/accreditation/cache/dapip/text/118824_action-9_file-25630.txt,pdf_body,Requested Referral Report on Federal and state responsibilities
159717,McNeese State University,Louisiana,"Southern Association of Colleges and Schools, Commission on Colleges",notice,Heightened Monitoring or Focused Review,active,2022-12-04,2022,,,DAPIP Institutional Accreditation Action,Heightened Monitoring or Focused Review,2026-06-07 21:11:25.400787,https://ope.ed.gov/dapip/#/institution-profile/118824,,118824,00201700,7,1,1,11,HM,10,25714,dapip_action_description,FALSE,monitoring_or_notice,public_action_code,C:/Users/mv3031/Desktop/Financial_Health_Project/Financial Health Tracker - For Github/data_pipelines/accreditation/cache/dapip/pdfs/118824_action-11_file-25714.pdf,C:/Users/mv3031/Desktop/Financial_Health_Project/Financial Health Tracker - For Github/data_pipelines/accreditation/cache/dapip/text/118824_action-11_file-25714.txt,raw_title,Heightened monitoring or focused review
159939,University of New Orleans,Louisiana,"Southern Association of Colleges and Schools, Commission on Colleges",notice,"Johnson: The following action regarding your institution was taken by the Board of Trustees of the Southern Association of Colleges and Schools Commission on Colleges (SACSCOC) during its meeting held on December 7, 2025: The SACSCOC Board of Trustees reaffirmed accreditation and requested a Monitoring Report due in twelve (12) months.",active,2025-12-07,2025,,,DAPIP Institutional Accreditation Action,Heightened Monitoring or Focused Review,2026-06-07 21:11:26.051458,https://ope.ed.gov/dapip/#/institution-profile/118860,,118860,00201500,7,1,1,5,HM,6,29001,dapip_file_text,FALSE,monitoring_or_notice,public_action_code,C:/Users/mv3031/Desktop/Financial_Health_Project/Financial Health Tracker - For Github/data_pipelines/accreditation/cache/dapip/pdfs/118860_action-5_file-29001.pdf,C:/Users/mv3031/Desktop/Financial_Health_Project/Financial Health Tracker - For Github/data_pipelines/accreditation/cache/dapip/text/118860_action-5_file-29001.txt,pdf_body,Requested to Submit a Monitoring Report due in twelve (12) months.
159939,University of New Orleans,Louisiana,"Southern Association of Colleges and Schools, Commission on Colleges",notice,"Nicklow: The following action regarding your institution was taken by the Board of Trustees of the Southern Association of Colleges and Schools Commission on Colleges (SACSCOC) during its meeting held on June 16, 2022: The SACSCOC Board of Trustees reviewed the institution's Referral Report and requested a Monitoring Report due April 1, 2023, addressing the following referenced standards of the Principles of Accreditation: Standard 10.",active,2022-06-16,2022,,,DAPIP Institutional Accreditation Action,Heightened Monitoring or Focused Review,2026-06-07 21:11:26.301825,https://ope.ed.gov/dapip/#/institution-profile/118860,,118860,00201500,7,1,1,2,HM,6,27739,dapip_file_text,FALSE,monitoring_or_notice,public_action_code,C:/Users/mv3031/Desktop/Financial_Health_Project/Financial Health Tracker - For Github/data_pipelines/accreditation/cache/dapip/pdfs/118860_action-2_file-27739.pdf,C:/Users/mv3031/Desktop/Financial_Health_Project/Financial Health Tracker - For Github/data_pipelines/accreditation/cache/dapip/text/118860_action-2_file-27739.txt,pdf_body,Requested to Submit a Monitoring Report on Policies For Awarding Credit
159948,New Orleans Baptist Theological Seminary,Louisiana,"Southern Association of Colleges and Schools, Commission on Colleges",notice,Heightened Monitoring or Focused Review,active,2024-06-13,2024,,,DAPIP Institutional Accreditation Action,Heightened Monitoring or Focused Review,2026-06-07 21:11:26.872439,https://ope.ed.gov/dapip/#/institution-profile/118879,,118879,00201900,7,1,1,6,HM,10,26022,dapip_action_description,FALSE,monitoring_or_notice,public_action_code,C:/Users/mv3031/Desktop/Financial_Health_Project/Financial Health Tracker - For Github/data_pipelines/accreditation/cache/dapip/pdfs/118879_action-6_file-26022.pdf,C:/Users/mv3031/Desktop/Financial_Health_Project/Financial Health Tracker - For Github/data_pipelines/accreditation/cache/dapip/text/118879_action-6_file-26022.txt,raw_title,Heightened monitoring or focused review
159948,New Orleans Baptist Theological Seminary,Louisiana,"Southern Association of Colleges and Schools, Commission on Colleges",notice,Heightened Monitoring or Focused Review,active,2024-06-13,2024,,,DAPIP Institutional Accreditation Action,Heightened Monitoring or Focused Review,2026-06-07 21:11:26.930736,https://ope.ed.gov/dapip/#/institution-profile/118879,,118879,00201900,7,1,1,7,HM,9,28389,dapip_action_description,FALSE,monitoring_or_notice,public_action_code,C:/Users/mv3031/Desktop/Financial_Health_Project/Financial Health Tracker - For Github/data_pipelines/accreditation/cache/dapip/pdfs/118879_action-7_file-28389.pdf,C:/Users/mv3031/Desktop/Financial_Health_Project/Financial Health Tracker - For Github/data_pipelines/accreditation/cache/dapip/text/118879_action-7_file-28389.txt,raw_title,Heightened monitoring or focused review
159948,New Orleans Baptist Theological Seminary,Louisiana,"Southern Association of Colleges and Schools, Commission on Colleges",removed,Removal of Monitoring Status,resolved,2024-06-09,2024,,,DAPIP Institutional Accreditation Action,Removal of Monitoring Status,2026-06-07 21:11:26.967615,https://ope.ed.gov/dapip/#/institution-profile/118879,,118879,00201900,7,1,1,3,RM,10,0,dapip_action_description,FALSE,removed,public_action_code,,,raw_title,Removal of Monitoring Status
159948,New Orleans Baptist Theological Seminary,Louisiana,"Southern Association of Colleges and Schools, Commission on Colleges",notice,Heightened Monitoring or Focused Review,active,2023-06-15,2023,,,DAPIP Institutional Accreditation Action,Heightened Monitoring or Focused Review,2026-06-07 21:11:26.999453,https://ope.ed.gov/dapip/#/institution-profile/118879,,118879,00201900,7,1,1,2,HM,6,0,dapip_action_description,FALSE,monitoring_or_notice,public_action_code,,,raw_title,Heightened monitoring or focused review
159948,New Orleans Baptist Theological Seminary,Louisiana,"Southern Association of Colleges and Schools, Commission on Colleges",notice,"Dew: The following action regarding your institution was taken by the Board of Trustees of the Southern Association of Colleges and Schools Commission on Colleges (SACSCOC)during its meeting held on June 15, 2023: The SACSCOC Board of Trustees reviewed the institution's Referral Report following submission of its Fifth-Year Interim Report in December 2022 and requested a Monitoring Report due April 1, 2024, addressing the following referenced standard of the Principles of Accreditation: Standard 8.",active,2023-06-15,2023,,,DAPIP Institutional Accreditation Action,Heightened Monitoring or Focused Review,2026-06-07 21:11:27.065984,https://ope.ed.gov/dapip/#/institution-profile/118879,,118879,00201900,7,1,1,5,HM,6,26021,dapip_file_text,FALSE,monitoring_or_notice,public_action_code,C:/Users/mv3031/Desktop/Financial_Health_Project/Financial Health Tracker - For Github/data_pipelines/accreditation/cache/dapip/pdfs/118879_action-5_file-26021.pdf,C:/Users/mv3031/Desktop/Financial_Health_Project/Financial Health Tracker - For Github/data_pipelines/accreditation/cache/dapip/text/118879_action-5_file-26021.txt,pdf_body,Requested to Submit a Monitoring Report on Student Outcomes: Educational Programs
159948,New Orleans Baptist Theological Seminary,Louisiana,"Southern Association of Colleges and Schools, Commission on Colleges",notice,"Based only on those reviewed standards, the'institution should submit a Referral Report due April 3, 2023, addressing the standards of the Principtes identified below.",active,2022-06-16,2022,,,DAPIP Institutional Accreditation Action,Heightened Monitoring or Focused Review,2026-06-07 21:11:27.128131,https://ope.ed.gov/dapip/#/institution-profile/118879,,118879,00201900,7,1,1,4,HM,6,26020,dapip_file_text,FALSE,monitoring_or_notice,public_action_code,C:/Users/mv3031/Desktop/Financial_Health_Project/Financial Health Tracker - For Github/data_pipelines/accreditation/cache/dapip/pdfs/118879_action-4_file-26020.pdf,C:/Users/mv3031/Desktop/Financial_Health_Project/Financial Health Tracker - For Github/data_pipelines/accreditation/cache/dapip/text/118879_action-4_file-26020.txt,pdf_body,Requested to submit a Referral Report documenting compliance with accreditation standards
159966,Nicholls State University,Louisiana,"Southern Association of Colleges and Schools, Commission on Colleges",notice,"Based only on those reviewed standards, the institution should submit a Referral Report due April 3, 2023, addressing the following referenced standards of the Principles: Standard 6.",active,2022-06-16,2022,,,DAPIP Institutional Accreditation Action,Heightened Monitoring or Focused Review,2026-06-07 21:11:27.63347,https://ope.ed.gov/dapip/#/institution-profile/118888,,118888,00200500,7,1,1,2,HM,6,26023,dapip_file_text,FALSE,monitoring_or_notice,public_action_code,C:/Users/mv3031/Desktop/Financial_Health_Project/Financial Health Tracker - For Github/data_pipelines/accreditation/cache/dapip/pdfs/118888_action-2_file-26023.pdf,C:/Users/mv3031/Desktop/Financial_Health_Project/Financial Health Tracker - For Github/data_pipelines/accreditation/cache/dapip/text/118888_action-2_file-26023.txt,pdf_body,"Requested to submit a Referral Report due April 3, 2023, addressing accreditation standards involving certain accreditation standards."
160038,Northwestern State University of Louisiana,Louisiana,"Southern Association of Colleges and Schools, Commission on Colleges",notice,"Based only on those reviewed standards, the institution should submit a Referral Report due September 8, 2023, addressing the following referenced standard of the Principles: Standard 6.",active,2023-06-14,2023,,,DAPIP Institutional Accreditation Action,Heightened Monitoring or Focused Review,2026-06-07 21:11:28.928454,https://ope.ed.gov/dapip/#/institution-profile/118949,,118949,00202100,7,1,1,7,HM,6,26181,dapip_file_text,FALSE,monitoring_or_notice,public_action_code,C:/Users/mv3031/Desktop/Financial_Health_Project/Financial Health Tracker - For Github/data_pipelines/accreditation/cache/dapip/pdfs/118949_action-7_file-26181.pdf,C:/Users/mv3031/Desktop/Financial_Health_Project/Financial Health Tracker - For Github/data_pipelines/accreditation/cache/dapip/text/118949_action-7_file-26181.txt,pdf_body,Requested Referral Report on Program faculty
160065,University of Holy Cross,Louisiana,"Southern Association of Colleges and Schools, Commission on Colleges",notice,"McNeely: The following action regarding your institution was taken by the Board of Trustees of the Southern Association of Colleges and Schools Commission on Colleges (SACSCOC) during its meeting held on June 12, 2025: The SACSCOC Board of Trustees reviewed the institution’s First Monitoring Report following review of the institution’s Referral Report in June 2024.",active,2025-06-12,2025,,,DAPIP Institutional Accreditation Action,Heightened Monitoring or Focused Review,2026-06-07 21:11:29.39907,https://ope.ed.gov/dapip/#/institution-profile/118967,,118967,00202300,7,1,1,5,HM,6,27549,dapip_file_text,FALSE,monitoring_or_notice,public_action_code,C:/Users/mv3031/Desktop/Financial_Health_Project/Financial Health Tracker - For Github/data_pipelines/accreditation/cache/dapip/pdfs/118967_action-5_file-27549.pdf,C:/Users/mv3031/Desktop/Financial_Health_Project/Financial Health Tracker - For Github/data_pipelines/accreditation/cache/dapip/text/118967_action-5_file-27549.txt,pdf_body,Requested to Submit a Monitoring Report on Financial Responsibility
160065,University of Holy Cross,Louisiana,"Southern Association of Colleges and Schools, Commission on Colleges",notice,Heightened Monitoring or Focused Review,active,2024-06-13,2024,,,DAPIP Institutional Accreditation Action,Heightened Monitoring or Focused Review,2026-06-07 21:11:29.475849,https://ope.ed.gov/dapip/#/institution-profile/118967,,118967,00202300,7,1,1,6,HM,6,27550,dapip_action_description,FALSE,monitoring_or_notice,public_action_code,C:/Users/mv3031/Desktop/Financial_Health_Project/Financial Health Tracker - For Github/data_pipelines/accreditation/cache/dapip/pdfs/118967_action-6_file-27550.pdf,C:/Users/mv3031/Desktop/Financial_Health_Project/Financial Health Tracker - For Github/data_pipelines/accreditation/cache/dapip/text/118967_action-6_file-27550.txt,raw_title,Heightened monitoring or focused review
160065,University of Holy Cross,Louisiana,"Southern Association of Colleges and Schools, Commission on Colleges",notice,"Based only on those reviewed standards, the institution is requested to submit a Referral Report due April 1, 2024, addressing the following referenced standards of the Principles'.",active,2023-06-14,2023,,,DAPIP Institutional Accreditation Action,Heightened Monitoring or Focused Review,2026-06-07 21:11:29.542693,https://ope.ed.gov/dapip/#/institution-profile/118967,,118967,00202300,7,1,1,7,HM,6,27551,dapip_file_text,FALSE,monitoring_or_notice,public_action_code,C:/Users/mv3031/Desktop/Financial_Health_Project/Financial Health Tracker - For Github/data_pipelines/accreditation/cache/dapip/pdfs/118967_action-7_file-27551.pdf,C:/Users/mv3031/Desktop/Financial_Health_Project/Financial Health Tracker - For Github/data_pipelines/accreditation/cache/dapip/text/118967_action-7_file-27551.txt,pdf_body,Requested to submit a Referral Report documenting compliance with accreditation standards
160074,Franciscan Missionaries of Our Lady University,Louisiana,"Southern Association of Colleges and Schools, Commission on Colleges",notice,Heightened Monitoring or Focused Review,active,2025-06-12,2025,,,DAPIP Institutional Accreditation Action,Heightened Monitoring or Focused Review,2026-06-07 21:11:30.025068,https://ope.ed.gov/dapip/#/institution-profile/118976,,118976,03106200,7,1,1,5,HM,6,24712,dapip_action_description,FALSE,monitoring_or_notice,public_action_code,C:/Users/mv3031/Desktop/Financial_Health_Project/Financial Health Tracker - For Github/data_pipelines/accreditation/cache/dapip/pdfs/118976_action-5_file-24712.pdf,C:/Users/mv3031/Desktop/Financial_Health_Project/Financial Health Tracker - For Github/data_pipelines/accreditation/cache/dapip/text/118976_action-5_file-24712.txt,raw_title,Heightened monitoring or focused review
160074,Franciscan Missionaries of Our Lady University,Louisiana,"Southern Association of Colleges and Schools, Commission on Colleges",notice,Heightened Monitoring or Focused Review,active,2025-06-12,2025,,,DAPIP Institutional Accreditation Action,Heightened Monitoring or Focused Review,2026-06-07 21:11:30.092347,https://ope.ed.gov/dapip/#/institution-profile/118976,,118976,03106200,7,1,1,7,HM,9,28096,dapip_action_description,FALSE,monitoring_or_notice,public_action_code,C:/Users/mv3031/Desktop/Financial_Health_Project/Financial Health Tracker - For Github/data_pipelines/accreditation/cache/dapip/pdfs/118976_action-7_file-28096.pdf,C:/Users/mv3031/Desktop/Financial_Health_Project/Financial Health Tracker - For Github/data_pipelines/accreditation/cache/dapip/text/118976_action-7_file-28096.txt,raw_title,Heightened monitoring or focused review
160621,Southern University and A & M College,Louisiana,"Southern Association of Colleges and Schools, Commission on Colleges",removed,Accreditation Reaffirmed:  Warning Removed,resolved,2020-06-08,2020,,,DAPIP Institutional Accreditation Action,Accreditation Reaffirmed: Warning Removed,2026-06-07 21:11:31.852631,https://ope.ed.gov/dapip/#/institution-profile/119243,,119243,00202500,7,1,1,5,WR,10,0,dapip_action_description,FALSE,removed,public_action_code,,,raw_title,Warning removed
160621,Southern University and A & M College,Louisiana,"Southern Association of Colleges and Schools, Commission on Colleges",removed,Accreditation Reaffirmed: Probation Removed,resolved,2020-06-08,2020,,,DAPIP Institutional Accreditation Action,Accreditation Reaffirmed: Probation Removed,2026-06-07 21:11:31.889075,https://ope.ed.gov/dapip/#/institution-profile/119243,,119243,00202500,7,1,1,6,PR,10,0,dapip_action_description,FALSE,removed,public_action_code,,,raw_title,Probation removed
160630,Southern University at New Orleans,Louisiana,"Southern Association of Colleges and Schools, Commission on Colleges",removed,Accreditation Reaffirmed: Probation Removed,resolved,2020-09-03,2020,,,DAPIP Institutional Accreditation Action,Accreditation Reaffirmed: Probation Removed,2026-06-07 21:11:32.513843,https://ope.ed.gov/dapip/#/institution-profile/119252,,119252,00202600,7,1,1,6,PR,10,0,dapip_action_description,FALSE,removed,public_action_code,,,raw_title,Probation removed
160630,Southern University at New Orleans,Louisiana,"Southern Association of Colleges and Schools, Commission on Colleges",probation,Probation or Equivalent or a More Severe Status: Probation,active,2019-06-13,2019,,,DAPIP Institutional Accreditation Action,Probation or Equivalent or a More Severe Status: Probation,2026-06-07 21:11:32.541916,https://ope.ed.gov/dapip/#/institution-profile/119252,,119252,00202600,7,1,1,4,P,6,0,dapip_action_description,FALSE,probation,public_action_code,,,raw_title,Placed on probation
160630,Southern University at New Orleans,Louisiana,"Southern Association of Colleges and Schools, Commission on Colleges",probation,Probation or Equivalent or a More Severe Status: Probation,active,2019-06-11,2019,,,DAPIP Institutional Accreditation Action,Probation or Equivalent or a More Severe Status: Probation,2026-06-07 21:11:32.570755,https://ope.ed.gov/dapip/#/institution-profile/119252,,119252,00202600,7,1,1,5,P,6,0,dapip_action_description,FALSE,probation,public_action_code,,,raw_title,Placed on probation
160755,Tulane University of Louisiana,Louisiana,"Southern Association of Colleges and Schools, Commission on Colleges",removed,Removal of Monitoring Status,resolved,2019-12-11,2019,,,DAPIP Institutional Accreditation Action,Removal of Monitoring Status,2026-06-07 21:11:34.361894,https://ope.ed.gov/dapip/#/institution-profile/119331,,119331,00202900,7,1,1,2,RM,10,0,dapip_action_description,FALSE,removed,public_action_code,,,raw_title,Removal of Monitoring Status
160755,Tulane University of Louisiana,Louisiana,"Southern Association of Colleges and Schools, Commission on Colleges",removed,Removal of Monitoring Status,resolved,2019-06-02,2019,,,DAPIP Institutional Accreditation Action,Removal of Monitoring Status,2026-06-07 21:11:34.394276,https://ope.ed.gov/dapip/#/institution-profile/119331,,119331,00202900,7,1,1,3,RM,10,0,dapip_action_description,FALSE,removed,public_action_code,,,raw_title,Removal of Monitoring Status
162283,Coppin State University,Maryland,Middle States Commission on Higher Education,notice,Heightened Monitoring or Focused Review,active,2019-10-07,2019,,,DAPIP Institutional Accreditation Action,Heightened Monitoring or Focused Review | Supplemental Information Report requested,2026-06-07 21:11:43.214881,https://ope.ed.gov/dapip/#/institution-profile/119942,,119942,00206800,1,1,1,2,HM,99,0,dapip_action_description,FALSE,monitoring_or_notice,public_action_code,,,raw_title,Heightened Monitoring or Focused Review
162928,Johns Hopkins University,Maryland,Middle States Commission on Higher Education,notice,Heightened Monitoring or Focused Review,active,2019-10-07,2019,,,DAPIP Institutional Accreditation Action,Heightened Monitoring or Focused Review | Supplemental Information Report requested,2026-06-07 21:11:45.081983,https://ope.ed.gov/dapip/#/institution-profile/120120,,120120,00207700,1,1,1,2,HM,99,0,dapip_action_description,FALSE,monitoring_or_notice,public_action_code,,,raw_title,Heightened Monitoring or Focused Review
163286,University of Maryland-College Park,Maryland,Middle States Commission on Higher Education,notice,Heightened Monitoring or Focused Review,active,2019-10-11,2019,,,DAPIP Institutional Accreditation Action,Heightened Monitoring or Focused Review | Supplemental Information Report requested,2026-06-07 21:11:47.707932,https://ope.ed.gov/dapip/#/institution-profile/120218,,120218,00210300,1,1,1,4,HM,99,0,dapip_action_description,FALSE,monitoring_or_notice,public_action_code,,,raw_title,Heightened Monitoring or Focused Review
163286,University of Maryland-College Park,Maryland,Middle States Commission on Higher Education,warning,To note that the institution remains accredited while on warning.,active,2019-06-27,2019,,,DAPIP Institutional Accreditation Action,Probation or Equivalent or a More Severe Status: Warning,2026-06-07 21:11:47.769743,https://ope.ed.gov/dapip/#/institution-profile/120218,,120218,00210300,1,1,1,3,PW,1,4935,dapip_file_text,FALSE,warning,public_action_code,C:/Users/mv3031/Desktop/Financial_Health_Project/Financial Health Tracker - For Github/data_pipelines/accreditation/cache/dapip/pdfs/120218_action-3_file-4935.pdf,C:/Users/mv3031/Desktop/Financial_Health_Project/Financial Health Tracker - For Github/data_pipelines/accreditation/cache/dapip/text/120218_action-3_file-4935.txt,pdf_body,"Placed on Warning because of insufficient evidence of compliance with Standard VII (Governance, Leadership, and Administration)"
163295,Maryland Institute College of Art,Maryland,"National Association of Schools of Art and Design, Commission on Accreditation",adverse_action,Voluntary Withdrawal Received,active,2023-06-06,2023,,,DAPIP Institutional Accreditation Action,Voluntary Withdrawal Received,2026-06-07 21:11:48.374185,https://ope.ed.gov/dapip/#/institution-profile/120227,,120227,00208000,32,1,1,2,VR,10,0,dapip_action_description,FALSE,withdrawal_or_loss,public_action_code,,,raw_title,Voluntarily Surrendered Accreditation
163578,Notre Dame of Maryland University,Maryland,Middle States Commission on Higher Education,other,Grant Substantive Change: Ownership,active,2024-01-25,2024,,,DAPIP Institutional Accreditation Action,Grant Substantive Change: Ownership | Merger of Maryland University of Integrative Health with Notre Dame of Maryland University: institution meets the requirements for this substantive change,2026-06-07 21:11:50.629317,https://ope.ed.gov/dapip/#/institution-profile/120315,,120315,00206500,1,1,1,3,GO,99,0,dapip_action_description,FALSE,ownership_change,public_action_code,,,raw_title,Grant Substantive Change: Ownership
164492,Anna Maria College,Massachusetts,New England Commission of Higher Education,adverse_action,Voluntary Withdrawal Received,active,2026-04-24,2026,,,DAPIP Institutional Accreditation Action,"Voluntary Withdrawal Received | Anticipated closure date and accreditation withdrawal effective date of December 31, 2026",2026-06-07 21:11:55.519627,https://ope.ed.gov/dapip/#/institution-profile/120607,,120607,00211700,2,1,1,3,VR,99,0,dapip_action_description,FALSE,withdrawal_or_loss,public_action_code,,,raw_title,Voluntarily Surrendered Accreditation
164614,Boston Baptist College,Massachusetts,"Transnational Association of Christian Colleges and Schools, Accreditation Commission",probation,"TRANSNATIONAL ASSOCIATION OF CHRISTIAN COLLEGES AND SCHOOLS (TRACS) ACCREDITATION COMMISSION ACTION Public Disclosure Statement Regarding the Change of Status for Boston Baptist College Boston, MA From ACCREDITED to ACCREDITED – PROBATION Issued by the Accreditation Commission on May 19, 2026 Boston Baptist College: The following information is provided by the Transnational Association of Christian Colleges and Schools (TRACS) regarding the current status of Boston Baptist College (BBC).",active,2026-04-28,2026,,,DAPIP Institutional Accreditation Action,Probation or Equivalent or a More Severe Status: Probation,2026-06-07 21:11:56.624124,https://ope.ed.gov/dapip/#/institution-profile/120670,,120670,03248300,19,1,1,4,P,3,30358,dapip_file_text,FALSE,probation,public_action_code,C:/Users/mv3031/Desktop/Financial_Health_Project/Financial Health Tracker - For Github/data_pipelines/accreditation/cache/dapip/pdfs/120670_action-4_file-30358.pdf,C:/Users/mv3031/Desktop/Financial_Health_Project/Financial Health Tracker - For Github/data_pipelines/accreditation/cache/dapip/text/120670_action-4_file-30358.txt,pdf_body,"TRANSNATIONAL ASSOCIATION OF CHRISTIAN COLLEGES AND SCHOOLS (TRACS) accreditation COMMISSION ACTION Public Disclosure Statement Regarding the Change of Status for Boston Baptist College Boston, MA From ACCREDITED to ACCREDITED – Probation Issued by the accreditation Commission on May 19, 2026 Boston Baptist College: The following information is provided by the Transnational Association of Christian Colleges and Schools (TRACS) regarding the current status of Boston Baptist College (BBC)."
165644,Eastern Nazarene College,Massachusetts,New England Commission of Higher Education,adverse_action,Voluntary Withdrawal Received,active,2024-07-05,2024,,,DAPIP Institutional Accreditation Action,"Voluntary Withdrawal Received | Anticipated closure date and accreditation withdrawal effective date of May 30, 2025",2026-06-07 21:12:01.581755,https://ope.ed.gov/dapip/#/institution-profile/120999,,120999,00214500,2,1,1,4,VR,99,0,dapip_action_description,FALSE,withdrawal_or_loss,public_action_code,,,raw_title,Voluntarily Surrendered Accreditation
165644,Eastern Nazarene College,Massachusetts,New England Commission of Higher Education,notice,Heightened Monitoring or Focused Review,active,2021-03-05,2021,,,DAPIP Institutional Accreditation Action,Heightened Monitoring or Focused Review,2026-06-07 21:12:01.632067,https://ope.ed.gov/dapip/#/institution-profile/120999,,120999,00214500,2,1,1,3,HM,6,0,dapip_action_description,FALSE,monitoring_or_notice,public_action_code,,,raw_title,Heightened Monitoring or Focused Review
166018,Hampshire College,Massachusetts,New England Commission of Higher Education,adverse_action,Voluntary Withdrawal Received,active,2026-04-15,2026,,,DAPIP Institutional Accreditation Action,"Voluntary Withdrawal Received | Anticipated closure date and accreditation withdrawal effective date of April 15, 2027",2026-06-07 21:12:04.580224,https://ope.ed.gov/dapip/#/institution-profile/121141,,121141,00466100,2,1,1,4,VR,99,0,dapip_action_description,FALSE,withdrawal_or_loss,public_action_code,,,raw_title,Voluntarily Surrendered Accreditation
166018,Hampshire College,Massachusetts,New England Commission of Higher Education,show_cause,"Jennifer Chrisler President Hampshire College 893 West Street Amherst, MA 01002-3359 Dear President Chrisler: I write to inform you that at its meeting on March 5, 2026, the New England Commission of Higher Education considered the Financial Screening Response report submitted by Hampshire College and took the following action: that the Financial Screening Response report submitted by Hampshire College be accepted; that, because the Commission has reason to believe that Hampshire College may no longer meet the standard on Institutional Resources, the College be given an opportunity to show cause at the Commission’s June 2026 meeting why the institution should not be placed on probation or why its accreditation should not be withdrawn; that the Fall 2026 progress report be considered the College’s show-cause report and that it instead be submitted by May 25, 2026 for review by the Commission at its June 2026 meeting; that the show-cause report demonstrate how the institution meets the standard on Institutional Resources and includes the following: 1.",active,2026-03-05,2026,,,DAPIP Institutional Accreditation Action,Probation or Equivalent or a More Severe Status: Show Cause,2026-06-07 21:12:04.619672,https://ope.ed.gov/dapip/#/institution-profile/121141,,121141,00466100,2,1,1,3,SC,3,29935,dapip_file_text,FALSE,show_cause,public_action_code,C:/Users/mv3031/Desktop/Financial_Health_Project/Financial Health Tracker - For Github/data_pipelines/accreditation/cache/dapip/pdfs/121141_action-3_file-29935.pdf,C:/Users/mv3031/Desktop/Financial_Health_Project/Financial Health Tracker - For Github/data_pipelines/accreditation/cache/dapip/text/121141_action-3_file-29935.txt,pdf_body,Asked to Show Cause for possible Probation or Withdrawal over Standard 7 (Institutional Resources) concerns
166018,Hampshire College,Massachusetts,New England Commission of Higher Education,notice,"JOINT PRESS RELEASE New England Commission of Higher Education and Hampshire College At its meeting on May 30, 2019, the New England Commission of Higher Education (NECHE) met with representatives of Hampshire College to consider the College’s show-cause response regarding why it should not be placed on probation or have its accreditation withdrawn because the Commission had reason to believe that Hampshire College is not meeting the Commission’s Standards on Organization and Governance and Institutional Resources.",active,2019-05-31,2019,,,DAPIP Institutional Accreditation Action,Heightened Monitoring or Focused Review | In danger of being found not to meet the Commission's standards on Organization and Governance and Institutional Resources,2026-06-07 21:12:04.674062,https://ope.ed.gov/dapip/#/institution-profile/121141,,121141,00466100,2,1,1,2,HM,99,5709,dapip_file_text,FALSE,monitoring_or_notice,public_action_code,C:/Users/mv3031/Desktop/Financial_Health_Project/Financial Health Tracker - For Github/data_pipelines/accreditation/cache/dapip/pdfs/121141_action-2_file-5709.pdf,C:/Users/mv3031/Desktop/Financial_Health_Project/Financial Health Tracker - For Github/data_pipelines/accreditation/cache/dapip/text/121141_action-2_file-5709.txt,pdf_body,Received heightened monitoring or focused review because the institution is in danger of being found not to meet the Commission's standards on Organization and Governance and Institutional Resources.
166054,Hellenic College-Holy Cross Greek Orthodox School of Theology,Massachusetts,New England Commission of Higher Education,removed,"from probation for failure to meet the standards on Institutional Resources and Planning and Evaluation, and to remove the Notations with respect to the standards on Organization and Governance and The Academic Program.",resolved,2021-03-05,2021,,,DAPIP Institutional Accreditation Action,Accreditation Reaffirmed: Probation Removed,2026-06-07 21:12:05.417674,https://ope.ed.gov/dapip/#/institution-profile/121178,,121178,00215400,2,1,1,6,PR,9,9164,dapip_file_text,FALSE,removed,public_action_code,C:/Users/mv3031/Desktop/Financial_Health_Project/Financial Health Tracker - For Github/data_pipelines/accreditation/cache/dapip/pdfs/121178_action-6_file-9164.pdf,C:/Users/mv3031/Desktop/Financial_Health_Project/Financial Health Tracker - For Github/data_pipelines/accreditation/cache/dapip/text/121178_action-6_file-9164.txt,pdf_body,Probation removed
166054,Hellenic College-Holy Cross Greek Orthodox School of Theology,Massachusetts,New England Commission of Higher Education,probation,"on probation for a period not to exceed two years because the Commission found that Hellenic College, Inc.",active,2019-11-21,2019,,,DAPIP Institutional Accreditation Action,Probation or Equivalent or a More Severe Status: Probation |,2026-06-07 21:12:05.45116,https://ope.ed.gov/dapip/#/institution-profile/121178,,121178,00215400,2,1,1,5,P,3,7050,dapip_file_text,FALSE,probation,public_action_code,C:/Users/mv3031/Desktop/Financial_Health_Project/Financial Health Tracker - For Github/data_pipelines/accreditation/cache/dapip/pdfs/121178_action-5_file-7050.pdf,C:/Users/mv3031/Desktop/Financial_Health_Project/Financial Health Tracker - For Github/data_pipelines/accreditation/cache/dapip/text/121178_action-5_file-7050.txt,pdf_body,Placed on Probation
166054,Hellenic College-Holy Cross Greek Orthodox School of Theology,Massachusetts,New England Commission of Higher Education,notice,"to show cause why it should not be placed on probation or have its accreditation withdrawn because the Commission had reason to believe that Hellenic College, Inc.",active,2019-05-31,2019,,,DAPIP Institutional Accreditation Action,Heightened Monitoring or Focused Review | Concerns Hellenic College may no longer meet the standards on Planning and Evaluation and Institutional Resources,2026-06-07 21:12:05.492826,https://ope.ed.gov/dapip/#/institution-profile/121178,,121178,00215400,2,1,1,4,HM,99,5938,dapip_file_text,FALSE,monitoring_or_notice,public_action_code,C:/Users/mv3031/Desktop/Financial_Health_Project/Financial Health Tracker - For Github/data_pipelines/accreditation/cache/dapip/pdfs/121178_action-4_file-5938.pdf,C:/Users/mv3031/Desktop/Financial_Health_Project/Financial Health Tracker - For Github/data_pipelines/accreditation/cache/dapip/text/121178_action-4_file-5938.txt,pdf_body,Received heightened monitoring or focused review because Concerns Hellenic College may no longer meet the standards on Planning and Evaluation and Institutional Resources.
166054,Hellenic College-Holy Cross Greek Orthodox School of Theology,Massachusetts,New England Commission of Higher Education,notice,"If the Commission finds the institution has successfully addressed the concerns, it will remove the Notation and specify further monitoring.",active,2019-04-12,2019,,,DAPIP Institutional Accreditation Action,Heightened Monitoring or Focused Review | The institution is in danger of not meeting the Commission's standards on Planning and Evaluation and Institutional Resources.,2026-06-07 21:12:05.534225,https://ope.ed.gov/dapip/#/institution-profile/121178,,121178,00215400,2,1,1,2,HM,99,5885,dapip_file_text,FALSE,monitoring_or_notice,public_action_code,C:/Users/mv3031/Desktop/Financial_Health_Project/Financial Health Tracker - For Github/data_pipelines/accreditation/cache/dapip/pdfs/121178_action-2_file-5885.pdf,C:/Users/mv3031/Desktop/Financial_Health_Project/Financial Health Tracker - For Github/data_pipelines/accreditation/cache/dapip/text/121178_action-2_file-5885.txt,pdf_body,Received a notation over Institutional Resources concerns
166674,Massachusetts College of Art and Design,Massachusetts,"National Association of Schools of Art and Design, Commission on Accreditation",adverse_action,Voluntary Withdrawal Received,active,2021-06-30,2021,,,DAPIP Institutional Accreditation Action,Voluntary Withdrawal Received,2026-06-07 21:12:08.371045,https://ope.ed.gov/dapip/#/institution-profile/121406,,121406,00218000,32,1,1,2,VR,10,0,dapip_action_description,FALSE,withdrawal_or_loss,public_action_code,,,raw_title,Voluntarily Surrendered Accreditation
170091,Great Lakes Christian College,Michigan,Higher Learning Commission,removed,Summary of the Action: The Board determined that the Institution is no longer out of compliance with the Criteria for Accreditation and removed the Institution from Probation and assigned interim monitoring.,resolved,2024-10-31,2024,,,DAPIP Institutional Accreditation Action,Accreditation Reaffirmed: Probation Removed,2026-06-07 21:12:29.140934,https://ope.ed.gov/dapip/#/institution-profile/122579,,122579,00226900,4,1,1,3,PR,9,19937,dapip_file_text,FALSE,removed,public_action_code,C:/Users/mv3031/Desktop/Financial_Health_Project/Financial Health Tracker - For Github/data_pipelines/accreditation/cache/dapip/pdfs/122579_action-3_file-19937.pdf,C:/Users/mv3031/Desktop/Financial_Health_Project/Financial Health Tracker - For Github/data_pipelines/accreditation/cache/dapip/text/122579_action-3_file-19937.txt,pdf_body,Probation removed
170091,Great Lakes Christian College,Michigan,Higher Learning Commission,probation,Summary of the Action: The Institution has been placed on Probation because it is out of compliance with the Criteria for Accreditation.,active,2022-11-03,2022,,,DAPIP Institutional Accreditation Action,Probation or Equivalent or a More Severe Status: Probation | The Institution has been placed on Probation because it is out of compliance with the Criteria for Accreditation. The Institution meets Core Components 4.C and 5.A with concerns. The Institution does not meet Core Components 5.B and 5.C.,2026-06-07 21:12:29.210544,https://ope.ed.gov/dapip/#/institution-profile/122579,,122579,00226900,4,1,1,2,P,99,14398,dapip_file_text,FALSE,probation,public_action_code,C:/Users/mv3031/Desktop/Financial_Health_Project/Financial Health Tracker - For Github/data_pipelines/accreditation/cache/dapip/pdfs/122579_action-2_file-14398.pdf,C:/Users/mv3031/Desktop/Financial_Health_Project/Financial Health Tracker - For Github/data_pipelines/accreditation/cache/dapip/text/122579_action-2_file-14398.txt,pdf_body,Placed on Probation because it is out of compliance with standards concerning outcomes and financial resources and planning.
171881,Kuyper College,Michigan,Higher Learning Commission,removed,Comprehensive Evaluation: The Board maintained the Institution on the Standard Pathway with its next comprehensive evaluation for reaffirmation of accreditation in 2022-23.,resolved,2019-06-27,2019,,,DAPIP Institutional Accreditation Action,Accreditation Reaffirmed: Warning Removed,2026-06-07 21:12:36.613985,https://ope.ed.gov/dapip/#/institution-profile/123059,,123059,00231100,4,1,1,2,WR,9,5001,dapip_file_text,FALSE,removed,public_action_code,C:/Users/mv3031/Desktop/Financial_Health_Project/Financial Health Tracker - For Github/data_pipelines/accreditation/cache/dapip/pdfs/123059_action-2_file-5001.pdf,C:/Users/mv3031/Desktop/Financial_Health_Project/Financial Health Tracker - For Github/data_pipelines/accreditation/cache/dapip/text/123059_action-2_file-5001.txt,pdf_body,Warning removed
172866,Academy College,Minnesota,Accrediting Council for Independent Colleges and Schools,adverse_action,Loss of Accreditation or Preaccreditation: Voluntary Withdrawal,active,2019-01-29,2019,,,DAPIP Institutional Accreditation Action,Loss of Accreditation or Preaccreditation: Voluntary Withdrawal | Voluntarily withdrew,2026-06-07 21:12:40.205332,https://ope.ed.gov/dapip/#/institution-profile/123396,,123396,02050300,16,1,1,4,R,99,0,dapip_action_description,FALSE,withdrawal_or_loss,public_action_code,,,raw_title,Voluntarily Surrendered Accreditation
174127,Minneapolis College of Art and Design,Minnesota,"National Association of Schools of Art and Design, Commission on Accreditation",adverse_action,Voluntary Withdrawal Received,active,2021-12-21,2021,,,DAPIP Institutional Accreditation Action,Voluntary Withdrawal Received,2026-06-07 21:12:47.829077,https://ope.ed.gov/dapip/#/institution-profile/123882,,123882,00236500,32,1,1,3,VR,10,0,dapip_action_description,FALSE,withdrawal_or_loss,public_action_code,,,raw_title,Voluntarily Surrendered Accreditation
175421,Belhaven University,Mississippi,"Southern Association of Colleges and Schools, Commission on Colleges",removed,"Parrott: The following action regarding your institution was taken by the Board of Trustees of the Southern Association of Colleges and Schools Commission on Colleges (SACSCOC) during its meeting held on June 13, 2024: The SACSCQC Board of Trustees reviewed the institution’s Referral Report resulting from the submission of its Fifth-Year Interim Report in June 2023.",resolved,2024-06-13,2024,,,DAPIP Institutional Accreditation Action,Removal of Monitoring Status,2026-06-07 21:12:56.497283,https://ope.ed.gov/dapip/#/institution-profile/124511,,124511,00239700,7,1,1,9,RM,9,25430,dapip_file_text,FALSE,removed,public_action_code,C:/Users/mv3031/Desktop/Financial_Health_Project/Financial Health Tracker - For Github/data_pipelines/accreditation/cache/dapip/pdfs/124511_action-9_file-25430.pdf,C:/Users/mv3031/Desktop/Financial_Health_Project/Financial Health Tracker - For Github/data_pipelines/accreditation/cache/dapip/text/124511_action-9_file-25430.txt,pdf_body,No additional report requested after review of the Monitoring Report
175421,Belhaven University,Mississippi,"Southern Association of Colleges and Schools, Commission on Colleges",notice,"Based only on those reviewed standards, the institution should submit a Referral Report due April 1, 2024, addressing the standards of the Principles identified below.",active,2023-06-14,2023,,,DAPIP Institutional Accreditation Action,Heightened Monitoring or Focused Review,2026-06-07 21:12:56.762564,https://ope.ed.gov/dapip/#/institution-profile/124511,,124511,00239700,7,1,1,5,HM,6,25426,dapip_file_text,FALSE,monitoring_or_notice,public_action_code,C:/Users/mv3031/Desktop/Financial_Health_Project/Financial Health Tracker - For Github/data_pipelines/accreditation/cache/dapip/pdfs/124511_action-5_file-25426.pdf,C:/Users/mv3031/Desktop/Financial_Health_Project/Financial Health Tracker - For Github/data_pipelines/accreditation/cache/dapip/text/124511_action-5_file-25426.txt,pdf_body,Requested to submit a Referral Report documenting compliance with accreditation standards
175430,Blue Mountain Christian University,Mississippi,"Southern Association of Colleges and Schools, Commission on Colleges",notice,"McMillin: The following action regarding your institution was taken by the Board of Trustees of the Southern Association of Colleges and Schools Commission on Colleges (SACSCOC) during its meeting held on December 7, 2025: The SACSCOC Board of Trustees denied reaffirmation of accreditation, continued accreditation, and placed the institution on Warning: For twelve (12) months for failure to comply with Core Requirement 13.1 (Financial resources) and Standard 13.3 (Financial responsibility) of the Principles of Accreditation. A Special Committee was not authorized to visit the institution.",active,2025-12-07,2025,,,DAPIP Institutional Accreditation Action,Heightened Monitoring or Focused Review,2026-06-07 21:12:57.336379,https://ope.ed.gov/dapip/#/institution-profile/124520,,124520,00239800,7,1,1,6,HM,6,28936,dapip_file_text,FALSE,monitoring_or_notice,public_action_code,C:/Users/mv3031/Desktop/Financial_Health_Project/Financial Health Tracker - For Github/data_pipelines/accreditation/cache/dapip/pdfs/124520_action-6_file-28936.pdf,C:/Users/mv3031/Desktop/Financial_Health_Project/Financial Health Tracker - For Github/data_pipelines/accreditation/cache/dapip/text/124520_action-6_file-28936.txt,pdf_body,Denied reaffirmation and placed on warning for twelve (12) months for failure to comply with Core Requirement 13.1 (Financial resources) and Standard 13.3 (Financial responsibility)
175616,Delta State University,Mississippi,"Southern Association of Colleges and Schools, Commission on Colleges",notice,"LaForge President Delta State University 1003 West Sunflower Road Cleveland, MS 38733 Dear President LaForge: The following action regarding your institution was taken by the Board of Trustees of the Southern Association of Colleges and Schools Commission on Colleges (SACSCOC) during its meeting held on June 16, 2022: The SACSCOC Board of Trustees reviewed the institution's Monitoring Report following submission of a Referral Report in June 2021.",active,2022-06-16,2022,,,DAPIP Institutional Accreditation Action,Heightened Monitoring or Focused Review,2026-06-07 21:12:58.220424,https://ope.ed.gov/dapip/#/institution-profile/124618,,124618,00240300,7,1,1,3,HM,6,24468,dapip_file_text,FALSE,monitoring_or_notice,public_action_code,C:/Users/mv3031/Desktop/Financial_Health_Project/Financial Health Tracker - For Github/data_pipelines/accreditation/cache/dapip/pdfs/124618_action-3_file-24468.pdf,C:/Users/mv3031/Desktop/Financial_Health_Project/Financial Health Tracker - For Github/data_pipelines/accreditation/cache/dapip/text/124618_action-3_file-24468.txt,pdf_body,Requested to Submit a Monitoring Report on Federal And State Responsibilities
176017,University of Mississippi,Mississippi,"Southern Association of Colleges and Schools, Commission on Colleges",notice,"Based only on those reviewed standards, the institution is requested to submit a Referral Report due September 8, 2025, addressing the following referenced standard(s) of the Principles: Standard 5.4 (Qualified administrative/academic officers) This standard expects an institution to employ administrative and academic officers with appropriate experience and qualifications to lead the institution.",active,2025-04-05,2025,,,DAPIP Institutional Accreditation Action,Heightened Monitoring or Focused Review,2026-06-07 21:12:59.599937,https://ope.ed.gov/dapip/#/institution-profile/124779,,124779,00244000,7,1,1,9,HM,6,27681,dapip_file_text,FALSE,monitoring_or_notice,public_action_code,C:/Users/mv3031/Desktop/Financial_Health_Project/Financial Health Tracker - For Github/data_pipelines/accreditation/cache/dapip/pdfs/124779_action-9_file-27681.pdf,C:/Users/mv3031/Desktop/Financial_Health_Project/Financial Health Tracker - For Github/data_pipelines/accreditation/cache/dapip/text/124779_action-9_file-27681.txt,pdf_body,Requested Referral Report on Qualified administrative/academic officers
176053,Mississippi College,Mississippi,"Southern Association of Colleges and Schools, Commission on Colleges",notice,Heightened Monitoring or Focused Review,active,2022-06-16,2022,,,DAPIP Institutional Accreditation Action,Heightened Monitoring or Focused Review,2026-06-07 21:13:01.685064,https://ope.ed.gov/dapip/#/institution-profile/124812,,124812,00241500,7,1,1,8,HM,9,28244,dapip_action_description,FALSE,monitoring_or_notice,public_action_code,C:/Users/mv3031/Desktop/Financial_Health_Project/Financial Health Tracker - For Github/data_pipelines/accreditation/cache/dapip/pdfs/124812_action-8_file-28244.pdf,C:/Users/mv3031/Desktop/Financial_Health_Project/Financial Health Tracker - For Github/data_pipelines/accreditation/cache/dapip/text/124812_action-8_file-28244.txt,raw_title,Heightened monitoring or focused review
176318,Rust College,Mississippi,"Southern Association of Colleges and Schools, Commission on Colleges",notice,"Dixon: The following action regarding your institution was taken by the Board of Trustees of the Southern Association of Colleges and Schools Commission on Colleges (SACSCOC) during its meeting held on June 12, 2025: The SACSCOC Board of Trustees reviewed the institution’s First Monitoring Report following reaffirmation of accreditation in June 2023.",active,2025-06-12,2025,,,DAPIP Institutional Accreditation Action,Heightened Monitoring or Focused Review,2026-06-07 21:13:02.848396,https://ope.ed.gov/dapip/#/institution-profile/124885,,124885,00243300,7,1,1,3,HM,6,26493,dapip_file_text,FALSE,monitoring_or_notice,public_action_code,C:/Users/mv3031/Desktop/Financial_Health_Project/Financial Health Tracker - For Github/data_pipelines/accreditation/cache/dapip/pdfs/124885_action-3_file-26493.pdf,C:/Users/mv3031/Desktop/Financial_Health_Project/Financial Health Tracker - For Github/data_pipelines/accreditation/cache/dapip/text/124885_action-3_file-26493.txt,pdf_body,Requested to Submit a Monitoring Report on Student Outcomes: General Education
176318,Rust College,Mississippi,"Southern Association of Colleges and Schools, Commission on Colleges",notice,"Dixon: The following action regarding your institution was taken by the Board of Trustees of the Southern Association of Colleges and Schools Commission on Colleges (SACSCOC) during its meeting held on June 12, 2025: The SACSCOC Board of Trustees reviewed the institution’s First Monitoring Report following reaffirmation of accreditation in June 2023.",active,2025-06-12,2025,,,DAPIP Institutional Accreditation Action,Heightened Monitoring or Focused Review,2026-06-07 21:13:02.929291,https://ope.ed.gov/dapip/#/institution-profile/124885,,124885,00243300,7,1,1,5,HM,6,26496,dapip_file_text,FALSE,monitoring_or_notice,public_action_code,C:/Users/mv3031/Desktop/Financial_Health_Project/Financial Health Tracker - For Github/data_pipelines/accreditation/cache/dapip/pdfs/124885_action-5_file-26496.pdf,C:/Users/mv3031/Desktop/Financial_Health_Project/Financial Health Tracker - For Github/data_pipelines/accreditation/cache/dapip/text/124885_action-5_file-26496.txt,pdf_body,Requested to Submit a Monitoring Report on Student Outcomes: General Education
176318,Rust College,Mississippi,"Southern Association of Colleges and Schools, Commission on Colleges",notice,"Dixon: The following action regarding your institution was taken by the Board of Trustees of the Southern Association of Colleges and Schools Commission on Colleges (SACSCOC) during its meeting held on June 13, 2024: The SACSCOC Board of Trustees reaffirmed accreditation and requested a Monitoring Report due April 1, 2025.",active,2024-06-13,2024,,,DAPIP Institutional Accreditation Action,Heightened Monitoring or Focused Review,2026-06-07 21:13:03.100305,https://ope.ed.gov/dapip/#/institution-profile/124885,,124885,00243300,7,1,1,4,HM,6,26495,dapip_file_text,FALSE,monitoring_or_notice,public_action_code,C:/Users/mv3031/Desktop/Financial_Health_Project/Financial Health Tracker - For Github/data_pipelines/accreditation/cache/dapip/pdfs/124885_action-4_file-26495.pdf,C:/Users/mv3031/Desktop/Financial_Health_Project/Financial Health Tracker - For Github/data_pipelines/accreditation/cache/dapip/text/124885_action-4_file-26495.txt,pdf_body,"Requested to Submit a Monitoring Report due April 1, 2025."
176372,University of Southern Mississippi,Mississippi,"Southern Association of Colleges and Schools, Commission on Colleges",notice,"Based only on those reviewed standards, the institution should submit a Referral Report due April 3, 2023, addressing the following referenced standards of the Principles: Standard 6.",active,2022-06-16,2022,,,DAPIP Institutional Accreditation Action,Heightened Monitoring or Focused Review,2026-06-07 21:13:03.899055,https://ope.ed.gov/dapip/#/institution-profile/124919,,124919,00244100,7,1,1,6,HM,6,27895,dapip_file_text,FALSE,monitoring_or_notice,public_action_code,C:/Users/mv3031/Desktop/Financial_Health_Project/Financial Health Tracker - For Github/data_pipelines/accreditation/cache/dapip/pdfs/124919_action-6_file-27895.pdf,C:/Users/mv3031/Desktop/Financial_Health_Project/Financial Health Tracker - For Github/data_pipelines/accreditation/cache/dapip/text/124919_action-6_file-27895.txt,pdf_body,Requested Referral Report on Program faculty and Representation to other agencies
176406,Tougaloo College,Mississippi,"Southern Association of Colleges and Schools, Commission on Colleges",notice,"Based only on those reviewed standards, the institution is requested to submit a Referral Report due April 1, 2026, addressing the standards of the Principles identified below.",active,2025-04-25,2025,,,DAPIP Institutional Accreditation Action,Heightened Monitoring or Focused Review,2026-06-07 21:13:04.470316,https://ope.ed.gov/dapip/#/institution-profile/124937,,124937,00243900,7,1,1,7,HM,6,27410,dapip_file_text,FALSE,monitoring_or_notice,public_action_code,C:/Users/mv3031/Desktop/Financial_Health_Project/Financial Health Tracker - For Github/data_pipelines/accreditation/cache/dapip/pdfs/124937_action-7_file-27410.pdf,C:/Users/mv3031/Desktop/Financial_Health_Project/Financial Health Tracker - For Github/data_pipelines/accreditation/cache/dapip/text/124937_action-7_file-27410.txt,pdf_body,Requested to submit a Referral Report documenting compliance with accreditation standards
176406,Tougaloo College,Mississippi,"Southern Association of Colleges and Schools, Commission on Colleges",notice,"Based only on those reviewed standards, the institution is requested to submit a Referral Report due April 1, 2026, addressing the standards of the Principles identified below.",active,2025-04-25,2025,,,DAPIP Institutional Accreditation Action,Heightened Monitoring or Focused Review,2026-06-07 21:13:04.528861,https://ope.ed.gov/dapip/#/institution-profile/124937,,124937,00243900,7,1,1,9,HM,6,28884,dapip_file_text,FALSE,monitoring_or_notice,public_action_code,C:/Users/mv3031/Desktop/Financial_Health_Project/Financial Health Tracker - For Github/data_pipelines/accreditation/cache/dapip/pdfs/124937_action-9_file-28884.pdf,C:/Users/mv3031/Desktop/Financial_Health_Project/Financial Health Tracker - For Github/data_pipelines/accreditation/cache/dapip/text/124937_action-9_file-28884.txt,pdf_body,Requested to submit a Referral Report documenting compliance with accreditation standards
176406,Tougaloo College,Mississippi,"Southern Association of Colleges and Schools, Commission on Colleges",notice,Heightened Monitoring or Focused Review,active,2024-12-08,2024,,,DAPIP Institutional Accreditation Action,Heightened Monitoring or Focused Review,2026-06-07 21:13:04.583844,https://ope.ed.gov/dapip/#/institution-profile/124937,,124937,00243900,7,1,1,8,HM,6,27413,dapip_action_description,FALSE,monitoring_or_notice,public_action_code,C:/Users/mv3031/Desktop/Financial_Health_Project/Financial Health Tracker - For Github/data_pipelines/accreditation/cache/dapip/pdfs/124937_action-8_file-27413.pdf,C:/Users/mv3031/Desktop/Financial_Health_Project/Financial Health Tracker - For Github/data_pipelines/accreditation/cache/dapip/text/124937_action-8_file-27413.txt,raw_title,Heightened monitoring or focused review
176406,Tougaloo College,Mississippi,"Southern Association of Colleges and Schools, Commission on Colleges",removed,Removal of Monitoring Status,resolved,2020-12-07,2020,,,DAPIP Institutional Accreditation Action,Removal of Monitoring Status,2026-06-07 21:13:04.624451,https://ope.ed.gov/dapip/#/institution-profile/124937,,124937,00243900,7,1,1,5,RM,10,0,dapip_action_description,FALSE,removed,public_action_code,,,raw_title,Removal of Monitoring Status
176479,William Carey University,Mississippi,"Southern Association of Colleges and Schools, Commission on Colleges",notice,"Based only on those reviewed standards, the institution is requested to submit a Referral Report due September 8,2025, addressing the standards of the Principles identified below.",active,2025-04-25,2025,,,DAPIP Institutional Accreditation Action,Heightened Monitoring or Focused Review,2026-06-07 21:13:06.054192,https://ope.ed.gov/dapip/#/institution-profile/124973,,124973,00244700,7,1,1,9,HM,6,27557,dapip_file_text,FALSE,monitoring_or_notice,public_action_code,C:/Users/mv3031/Desktop/Financial_Health_Project/Financial Health Tracker - For Github/data_pipelines/accreditation/cache/dapip/pdfs/124973_action-9_file-27557.pdf,C:/Users/mv3031/Desktop/Financial_Health_Project/Financial Health Tracker - For Github/data_pipelines/accreditation/cache/dapip/text/124973_action-9_file-27557.txt,pdf_body,Requested to submit a Referral Report documenting compliance with accreditation standards
176664,Mission University,Missouri,Higher Learning Commission,removed,Summary of the Action: The Board determined that the Institution is no longer out of compliance with the Criteria for Accreditation and removed the Institution from Probation and assigned interim monitoring.,resolved,2019-02-28,2019,,,DAPIP Institutional Accreditation Action,Accreditation Reaffirmed: Probation Removed,2026-06-07 21:13:07.396118,https://ope.ed.gov/dapip/#/institution-profile/125046,,125046,01320800,4,1,1,2,PR,9,4190,dapip_file_text,FALSE,removed,public_action_code,C:/Users/mv3031/Desktop/Financial_Health_Project/Financial Health Tracker - For Github/data_pipelines/accreditation/cache/dapip/pdfs/125046_action-2_file-4190.pdf,C:/Users/mv3031/Desktop/Financial_Health_Project/Financial Health Tracker - For Github/data_pipelines/accreditation/cache/dapip/text/125046_action-2_file-4190.txt,pdf_body,Probation removed
177418,Fontbonne University,Missouri,Higher Learning Commission,adverse_action,"Louis, Missouri, voluntarily resigned its accreditation with the Higher Learning Commission effective September 15, 2025.",active,2025-09-15,2025,,,DAPIP Institutional Accreditation Action,"Loss of Accreditation or Preaccreditation: Voluntary Withdrawal | The institution voluntarily resigned status with HLC, effective September 15, 2025.",2026-06-07 21:13:13.688313,https://ope.ed.gov/dapip/#/institution-profile/125356,,125356,00246400,4,1,1,3,R,99,23009,dapip_file_text,FALSE,withdrawal_or_loss,public_action_code,C:/Users/mv3031/Desktop/Financial_Health_Project/Financial Health Tracker - For Github/data_pipelines/accreditation/cache/dapip/pdfs/125356_action-3_file-23009.pdf,C:/Users/mv3031/Desktop/Financial_Health_Project/Financial Health Tracker - For Github/data_pipelines/accreditation/cache/dapip/text/125356_action-3_file-23009.txt,pdf_body,Voluntarily Surrendered Accreditation
177542,Hannibal-LaGrange University,Missouri,Higher Learning Commission,removed,Summary of the Action: The Board determined that the Institution is no longer out of compliance with the Criteria for Accreditation and removed the Institution from Probation and assigned interim monitoring.,resolved,2024-10-31,2024,,,DAPIP Institutional Accreditation Action,Accreditation Reaffirmed: Probation Removed,2026-06-07 21:13:14.14728,https://ope.ed.gov/dapip/#/institution-profile/125408,,125408,00908900,4,1,1,3,PR,9,20001,dapip_file_text,FALSE,removed,public_action_code,C:/Users/mv3031/Desktop/Financial_Health_Project/Financial Health Tracker - For Github/data_pipelines/accreditation/cache/dapip/pdfs/125408_action-3_file-20001.pdf,C:/Users/mv3031/Desktop/Financial_Health_Project/Financial Health Tracker - For Github/data_pipelines/accreditation/cache/dapip/text/125408_action-3_file-20001.txt,pdf_body,Probation removed
177542,Hannibal-LaGrange University,Missouri,Higher Learning Commission,probation,Probation or Equivalent or a More Severe Status: Probation,active,2022-11-03,2022,,,DAPIP Institutional Accreditation Action,Probation or Equivalent or a More Severe Status: Probation | The Institution has been placed on Probation because it is out of compliance with the Criteria for Accreditation. The Institution meets Core Component 3.C with concerns. The Institution does not meet Core Components 2.C and 5.B and Assumed Practice D.3.,2026-06-07 21:13:14.196889,https://ope.ed.gov/dapip/#/institution-profile/125408,,125408,00908900,4,1,1,1,P,99,0,dapip_action_description,FALSE,probation,public_action_code,,,raw_title,Placed on Probation
177542,Hannibal-LaGrange University,Missouri,Higher Learning Commission,probation,Summary of the Action: The Institution has been placed on Probation because it is out of compliance with the Criteria for Accreditation.,active,2022-11-03,2022,,,DAPIP Institutional Accreditation Action,Probation or Equivalent or a More Severe Status: Probation | The Institution has been placed on Probation because it is out of compliance with the Criteria for Accreditation. The Institution meets Core Component 3.C with concerns. The Institution does not meet Core Components 2.C and 5.B and Assumed Practice D.3.,2026-06-07 21:13:14.247891,https://ope.ed.gov/dapip/#/institution-profile/125408,,125408,00908900,4,1,1,2,P,99,19943,dapip_file_text,FALSE,probation,public_action_code,C:/Users/mv3031/Desktop/Financial_Health_Project/Financial Health Tracker - For Github/data_pipelines/accreditation/cache/dapip/pdfs/125408_action-2_file-19943.pdf,C:/Users/mv3031/Desktop/Financial_Health_Project/Financial Health Tracker - For Github/data_pipelines/accreditation/cache/dapip/text/125408_action-2_file-19943.txt,pdf_body,"Placed on Probation because it is out of compliance with standards concerning educational offerings, governance, and financial resources and planning."
177551,Harris-Stowe State University,Missouri,Higher Learning Commission,removed,HLC Disclosure Obligations The Board action resulted in changes that will be reflected in the Institution’s Statement of Accreditation Status as well as the Institutional Status and Requirements Report.,resolved,2024-10-31,2024,,,DAPIP Institutional Accreditation Action,Accreditation Reaffirmed: Warning Removed,2026-06-07 21:13:14.702683,https://ope.ed.gov/dapip/#/institution-profile/125417,,125417,00246600,4,1,1,3,WR,9,19946,dapip_file_text,FALSE,removed,public_action_code,C:/Users/mv3031/Desktop/Financial_Health_Project/Financial Health Tracker - For Github/data_pipelines/accreditation/cache/dapip/pdfs/125417_action-3_file-19946.pdf,C:/Users/mv3031/Desktop/Financial_Health_Project/Financial Health Tracker - For Github/data_pipelines/accreditation/cache/dapip/text/125417_action-3_file-19946.txt,dapip_note,Warning removed
177551,Harris-Stowe State University,Missouri,Higher Learning Commission,warning,"In taking this action, the Board considered materials from the most recent comprehensive evaluation for Reaffirmation, including, but not limited to: the Assurance Filing the Institution submitted, the report from the comprehensive evaluation team, the report of the Institutional Actions Council (IAC) Hearing Committee, and the institutional responses to these reports.",active,2022-11-15,2022,,,DAPIP Institutional Accreditation Action,Probation or Equivalent or a More Severe Status: Warning | HLC took this action because it determined that the institution was at risk of being out of compliance with HLC requirements.,2026-06-07 21:13:14.758437,https://ope.ed.gov/dapip/#/institution-profile/125417,,125417,00246600,4,1,1,2,PW,99,15427,dapip_file_text,FALSE,warning,public_action_code,C:/Users/mv3031/Desktop/Financial_Health_Project/Financial Health Tracker - For Github/data_pipelines/accreditation/cache/dapip/pdfs/125417_action-2_file-15427.pdf,C:/Users/mv3031/Desktop/Financial_Health_Project/Financial Health Tracker - For Github/data_pipelines/accreditation/cache/dapip/text/125417_action-2_file-15427.txt,pdf_body,"Placed on Warning because the institution was at risk of being out of compliance with standards concerning integrity, outcomes, and financial resources and planning."
178208,Midwestern Baptist Theological Seminary,Missouri,Higher Learning Commission,removed,"The Institution now meets without concerns Criterion Two, Core Component 2.E, “the institution’s policies and procedures call for responsible acquisition, discovery and application of knowledge by its faculty, students and staff,” for the following reasons: • The Institutional Review Board (IRB) now has established written policies, processes and procedures that are consistent with federal, institutional, and ethical guidelines to review and approve all research conducted on human subjects.",resolved,2019-06-27,2019,,,DAPIP Institutional Accreditation Action,Accreditation Reaffirmed: Warning Removed,2026-06-07 21:13:18.3216,https://ope.ed.gov/dapip/#/institution-profile/125709,,125709,00248500,4,1,1,2,WR,9,5049,dapip_file_text,FALSE,removed,public_action_code,C:/Users/mv3031/Desktop/Financial_Health_Project/Financial Health Tracker - For Github/data_pipelines/accreditation/cache/dapip/pdfs/125709_action-2_file-5049.pdf,C:/Users/mv3031/Desktop/Financial_Health_Project/Financial Health Tracker - For Github/data_pipelines/accreditation/cache/dapip/text/125709_action-2_file-5049.txt,pdf_body,Warning removed
178679,Ozark Christian College,Missouri,"Association for Biblical Higher Education, Commission on Accreditation",other,Grant Substantive Change: Ownership,active,2024-02-14,2024,,,DAPIP Institutional Accreditation Action,Grant Substantive Change: Ownership,2026-06-07 21:13:22.602285,https://ope.ed.gov/dapip/#/institution-profile/125985,,125985,02202700,13,1,1,3,GO,10,0,dapip_action_description,FALSE,ownership_change,public_action_code,,,raw_title,Grant Substantive Change: Ownership
179326,Southwest Baptist University,Missouri,Higher Learning Commission,removed,Summary of the Action: The Board determined that the Institution is no longer out of compliance with the Criteria for Accreditation and removed the Institution from Probation.,resolved,2023-11-02,2023,,,DAPIP Institutional Accreditation Action,Accreditation Reaffirmed: Probation Removed,2026-06-07 21:13:26.173117,https://ope.ed.gov/dapip/#/institution-profile/126234,,126234,00250200,4,1,1,3,PR,9,17152,dapip_file_text,FALSE,removed,public_action_code,C:/Users/mv3031/Desktop/Financial_Health_Project/Financial Health Tracker - For Github/data_pipelines/accreditation/cache/dapip/pdfs/126234_action-3_file-17152.pdf,C:/Users/mv3031/Desktop/Financial_Health_Project/Financial Health Tracker - For Github/data_pipelines/accreditation/cache/dapip/text/126234_action-3_file-17152.txt,pdf_body,Probation removed
179326,Southwest Baptist University,Missouri,Higher Learning Commission,probation,Summary of the Action: The Institution has been placed on Probation because it is out of compliance with the Criteria for Accreditation.,active,2021-11-04,2021,,,DAPIP Institutional Accreditation Action,"Probation or Equivalent or a More Severe Status: Probation | HLC took this action because it determined that the institution does not meet HLC’s Criteria for Accreditation related to integrity: ethical and responsible conduct and institutional effectiveness, resources and planning.",2026-06-07 21:13:26.275848,https://ope.ed.gov/dapip/#/institution-profile/126234,,126234,00250200,4,1,1,2,P,99,11344,dapip_file_text,FALSE,probation,public_action_code,C:/Users/mv3031/Desktop/Financial_Health_Project/Financial Health Tracker - For Github/data_pipelines/accreditation/cache/dapip/pdfs/126234_action-2_file-11344.pdf,C:/Users/mv3031/Desktop/Financial_Health_Project/Financial Health Tracker - For Github/data_pipelines/accreditation/cache/dapip/text/126234_action-2_file-11344.txt,pdf_body,Placed on Probation because the institution does not meet standards concerning governance and financial resources and planning.
179946,Westminster College,Missouri,Higher Learning Commission,removed,"Resources appear to be sufficient to support operations and deliver educational programs, but continued progress and improvement is needed.",resolved,2019-11-07,2019,,,DAPIP Institutional Accreditation Action,Accreditation Reaffirmed: Warning Removed,2026-06-07 21:13:28.790161,https://ope.ed.gov/dapip/#/institution-profile/126401,,126401,00252300,4,1,1,3,WR,9,6301,dapip_file_text,FALSE,removed,public_action_code,C:/Users/mv3031/Desktop/Financial_Health_Project/Financial Health Tracker - For Github/data_pipelines/accreditation/cache/dapip/pdfs/126401_action-3_file-6301.pdf,C:/Users/mv3031/Desktop/Financial_Health_Project/Financial Health Tracker - For Github/data_pipelines/accreditation/cache/dapip/text/126401_action-3_file-6301.txt,pdf_body,Warning removed
179955,William Jewell College,Missouri,Higher Learning Commission,removed,Summary of the Action: The Board determined that the Institution is no longer out of compliance with the Criteria for Accreditation and removed the Institution from Probation and assigned interim monitoring.,resolved,2019-06-27,2019,,,DAPIP Institutional Accreditation Action,Accreditation Reaffirmed: Probation Removed,2026-06-07 21:13:29.418299,https://ope.ed.gov/dapip/#/institution-profile/126410,,126410,00252400,4,1,1,2,PR,9,5048,dapip_file_text,FALSE,removed,public_action_code,C:/Users/mv3031/Desktop/Financial_Health_Project/Financial Health Tracker - For Github/data_pipelines/accreditation/cache/dapip/pdfs/126410_action-2_file-5048.pdf,C:/Users/mv3031/Desktop/Financial_Health_Project/Financial Health Tracker - For Github/data_pipelines/accreditation/cache/dapip/text/126410_action-2_file-5048.txt,pdf_body,Probation removed
183822,Bloomfield College of Montclair State University,New Jersey,Middle States Commission on Higher Education,adverse_action,Loss of Accreditation or Preaccreditation: Other,active,2024-08-22,2024,,,DAPIP Institutional Accreditation Action,"Loss of Accreditation or Preaccreditation: Other | Accreditation ceased effective June 30, 2024. As of July 1, 2024, the institution is no longer accredited by the Middle States Commission on Higher Education.",2026-06-07 21:13:48.964559,https://ope.ed.gov/dapip/#/institution-profile/127839,,127839,00261704,1,1,1,6,LO,99,0,dapip_action_description,FALSE,withdrawal_or_loss,public_action_code,,,raw_title,Loss of accreditation or Preaccreditation: Other
183822,Bloomfield College of Montclair State University,New Jersey,Middle States Commission on Higher Education,other,Grant Substantive Change: Ownership,active,2023-06-21,2023,,,DAPIP Institutional Accreditation Action,Grant Substantive Change: Ownership | Merger with Montclair State University effective 6/30/2023,2026-06-07 21:13:49.011248,https://ope.ed.gov/dapip/#/institution-profile/127839,,127839,00261704,1,1,1,5,GO,99,0,dapip_action_description,FALSE,ownership_change,public_action_code,,,raw_title,Grant Substantive Change: Ownership
183822,Bloomfield College of Montclair State University,New Jersey,Middle States Commission on Higher Education,probation,"To place the institution on probation and note that the institution’s accreditation is in jeopardy because of insufficient evidence that the institution is currently in compliance with Standard V (Educational Effectiveness Assessment); Standard VI (Planning, Resources, and Institutional Improvement); and Requirements of Affiliation 8, 9, 10, and 11.",active,2022-06-23,2022,,,DAPIP Institutional Accreditation Action,Probation or Equivalent or a More Severe Status: Probation,2026-06-07 21:13:49.108883,https://ope.ed.gov/dapip/#/institution-profile/127839,,127839,00261704,1,1,1,4,P,1,13386,dapip_file_text,FALSE,probation,public_action_code,C:/Users/mv3031/Desktop/Financial_Health_Project/Financial Health Tracker - For Github/data_pipelines/accreditation/cache/dapip/pdfs/127839_action-4_file-13386.pdf,C:/Users/mv3031/Desktop/Financial_Health_Project/Financial Health Tracker - For Github/data_pipelines/accreditation/cache/dapip/text/127839_action-4_file-13386.txt,pdf_body,"Placed on Probation for insufficient evidence of compliance with Standard V (Educational Effectiveness Assessment) and Standard VI (Planning, Resources, and Institutional Improvement) and Requirements of Affiliation 8, 9, 10, and 11"
183974,Centenary University,New Jersey,Middle States Commission on Higher Education,warning,To note the institution remains accredited while on warning.,active,2024-03-14,2024,,,DAPIP Institutional Accreditation Action,Probation or Equivalent or a More Severe Status: Warning,2026-06-07 21:13:50.672172,https://ope.ed.gov/dapip/#/institution-profile/127909,,127909,00259900,1,1,1,4,PW,1,18109,dapip_file_text,FALSE,warning,public_action_code,C:/Users/mv3031/Desktop/Financial_Health_Project/Financial Health Tracker - For Github/data_pipelines/accreditation/cache/dapip/pdfs/127909_action-4_file-18109.pdf,C:/Users/mv3031/Desktop/Financial_Health_Project/Financial Health Tracker - For Github/data_pipelines/accreditation/cache/dapip/text/127909_action-4_file-18109.txt,pdf_body,"Placed on Warning because of insufficient evidence of compliance with Standard VI (Planning, Resources, and Institutional Improvement)"
185129,New Jersey City University,New Jersey,Middle States Commission on Higher Education,other,Grant Substantive Change: Ownership,active,2026-04-23,2026,,,DAPIP Institutional Accreditation Action,"Grant Substantive Change: Ownership | merger of New Jersey City University with Kean University, effective July 1, 2026. Institution meets the requirements for this substantive change",2026-06-07 21:13:53.96234,https://ope.ed.gov/dapip/#/institution-profile/128258,,128258,00261300,1,1,1,5,GO,99,0,dapip_action_description,FALSE,ownership_change,public_action_code,,,raw_title,Grant Substantive Change: Ownership
185262,Kean University,New Jersey,Middle States Commission on Higher Education,other,Grant Substantive Change: Ownership,active,2026-04-23,2026,,,DAPIP Institutional Accreditation Action,"Grant Substantive Change: Ownership | merger of New Jersey City University with Kean University, effective July 1, 2026. Institution meets the requirements for this substantive change",2026-06-07 21:13:54.478362,https://ope.ed.gov/dapip/#/institution-profile/128294,,128294,00262200,1,1,1,8,GO,99,0,dapip_action_description,FALSE,ownership_change,public_action_code,,,raw_title,Grant Substantive Change: Ownership
185590,Montclair State University,New Jersey,Middle States Commission on Higher Education,other,Grant Substantive Change: Ownership,active,2023-06-21,2023,,,DAPIP Institutional Accreditation Action,Grant Substantive Change: Ownership | Merger with Bloomfield College effective 6/30/2023,2026-06-07 21:13:55.26827,https://ope.ed.gov/dapip/#/institution-profile/128364,,128364,00261700,1,1,1,2,GO,99,0,dapip_action_description,FALSE,ownership_change,public_action_code,,,raw_title,Grant Substantive Change: Ownership
186283,Rider University,New Jersey,Middle States Commission on Higher Education,probation,"Loyack President Rider University 2083 Lawrenceville Road Lawrenceville, NJ 08648-3099 NOTIFICATION OF NON-COMPLIANCE PROBATION ACTION Dear Mr.",active,2026-03-12,2026,,,DAPIP Institutional Accreditation Action,Probation or Equivalent or a More Severe Status: Probation,2026-06-07 21:13:57.558766,https://ope.ed.gov/dapip/#/institution-profile/128586,,128586,00262800,1,1,1,4,P,1,29937,dapip_file_text,FALSE,probation,public_action_code,C:/Users/mv3031/Desktop/Financial_Health_Project/Financial Health Tracker - For Github/data_pipelines/accreditation/cache/dapip/pdfs/128586_action-4_file-29937.pdf,C:/Users/mv3031/Desktop/Financial_Health_Project/Financial Health Tracker - For Github/data_pipelines/accreditation/cache/dapip/text/128586_action-4_file-29937.txt,pdf_body,"Continued on Probation because of insufficient evidence of compliance with Standard VI (Planning, Resources, and Institutional Improvement)"
186283,Rider University,New Jersey,Middle States Commission on Higher Education,probation,"John R Loyack President Rider University 2083 Lawrenceville Road Lawrenceville, NJ 08648-3099 NOTIFICATION OF NON-COMPLIANCE PROBATION ACTION Dear President Loyack: On behalf of the Middle States Commission on Higher Education, I am writing to inform you that on October 30, 2025, the Commission acted as follows: To acknowledge receipt of the supplemental information report requested by the Commission action of October 7, 2025.",active,2025-10-30,2025,,,DAPIP Institutional Accreditation Action,Probation or Equivalent or a More Severe Status: Probation,2026-06-07 21:13:57.651108,https://ope.ed.gov/dapip/#/institution-profile/128586,,128586,00262800,1,1,1,3,P,1,26925,dapip_file_text,FALSE,probation,public_action_code,C:/Users/mv3031/Desktop/Financial_Health_Project/Financial Health Tracker - For Github/data_pipelines/accreditation/cache/dapip/pdfs/128586_action-3_file-26925.pdf,C:/Users/mv3031/Desktop/Financial_Health_Project/Financial Health Tracker - For Github/data_pipelines/accreditation/cache/dapip/text/128586_action-3_file-26925.txt,pdf_body,"Placed on Probation for insufficient evidence of compliance with Standard VI (Planning, Resources, and Institutional Improvement)"
187745,Institute of American Indian and Alaska Native Culture and Arts Development,New Mexico,"National Association of Schools of Art and Design, Commission on Accreditation",adverse_action,Loss of Accreditation or Preaccreditation: Voluntary Withdrawal,active,2020-08-21,2020,,,DAPIP Institutional Accreditation Action,Loss of Accreditation or Preaccreditation: Voluntary Withdrawal | Institution voluntarily withdrew.,2026-06-07 21:14:05.236031,https://ope.ed.gov/dapip/#/institution-profile/128993,,128993,02146400,32,1,1,2,R,99,0,dapip_action_description,FALSE,withdrawal_or_loss,public_action_code,,,raw_title,Voluntarily Surrendered Accreditation
188526,Albany College of Pharmacy and Health Sciences,New York,Middle States Commission on Higher Education,other,Grant Substantive Change: Ownership,active,2026-02-26,2026,,,DAPIP Institutional Accreditation Action,"Grant Substantive Change: Ownership | To include the change in legal status, form of control, and ownership within the institution's scope of accreditation, effective June 1, 2026. To note the complex substantive change request includes the merger of Albany College of Pharmacy and Health Sciences with Russell Sage College, effective June 1, 2026",2026-06-07 21:14:09.67167,https://ope.ed.gov/dapip/#/institution-profile/129297,,129297,00288500,1,1,1,6,GO,99,0,dapip_action_description,FALSE,ownership_change,public_action_code,,,raw_title,Grant Substantive Change: Ownership
189088,Bard College,New York,Middle States Commission on Higher Education,adverse_action,Voluntary Withdrawal Received,active,2025-05-22,2025,,,DAPIP Institutional Accreditation Action,Voluntary Withdrawal Received | institution submitted a notice of intent to surrender accreditation,2026-06-07 21:14:10.648258,https://ope.ed.gov/dapip/#/institution-profile/129464,,129464,00267100,1,1,1,16,VR,99,0,dapip_action_description,FALSE,withdrawal_or_loss,public_action_code,,,raw_title,Voluntarily Surrendered Accreditation
189413,Boricua College,New York,Middle States Commission on Higher Education,removed,Accreditation Reaffirmed:  Warning Removed,resolved,2023-06-22,2023,,,DAPIP Institutional Accreditation Action,Accreditation Reaffirmed: Warning Removed,2026-06-07 21:14:14.29223,https://ope.ed.gov/dapip/#/institution-profile/129570,,129570,01302900,1,1,1,5,WR,10,0,dapip_action_description,FALSE,removed,public_action_code,,,raw_title,Warning removed
189413,Boricua College,New York,Middle States Commission on Higher Education,warning,To note that the institution remains accredited while on warning.,active,2022-06-23,2022,,,DAPIP Institutional Accreditation Action,Probation or Equivalent or a More Severe Status: Warning,2026-06-07 21:14:14.35955,https://ope.ed.gov/dapip/#/institution-profile/129570,,129570,01302900,1,1,1,4,PW,1,13385,dapip_file_text,FALSE,warning,public_action_code,C:/Users/mv3031/Desktop/Financial_Health_Project/Financial Health Tracker - For Github/data_pipelines/accreditation/cache/dapip/pdfs/129570_action-4_file-13385.pdf,C:/Users/mv3031/Desktop/Financial_Health_Project/Financial Health Tracker - For Github/data_pipelines/accreditation/cache/dapip/text/129570_action-4_file-13385.txt,pdf_body,"Placed on Warning because of insufficient evidence of compliance with Standard VI (Planning, Resources, and Institutional Improvement)"
189857,Central Yeshiva Tomchei Tmimim Lubavitz,New York,"Association of Advanced Rabbinical and Talmudic Schools, Accreditation Commission",adverse_action,Loss of Accreditation or Preaccreditation: Voluntary Withdrawal,active,2020-01-19,2020,,,DAPIP Institutional Accreditation Action,Loss of Accreditation or Preaccreditation: Voluntary Withdrawal | Voluntarily Withdrew,2026-06-07 21:14:15.813204,https://ope.ed.gov/dapip/#/institution-profile/129783,,129783,00477600,14,1,1,2,R,99,0,dapip_action_description,FALSE,withdrawal_or_loss,public_action_code,,,raw_title,Voluntarily Surrendered Accreditation
190099,Colgate University,New York,Middle States Commission on Higher Education,adverse_action,Loss of Accreditation or Preaccreditation: Voluntary Withdrawal,active,2025-06-30,2025,,,DAPIP Institutional Accreditation Action,"Loss of Accreditation or Preaccreditation: Voluntary Withdrawal | Accreditation ceased effective June 30, 2025. As of July 1, 2025 the institution will no longer be accredited by the Middle States Commission on Higher Education.",2026-06-07 21:14:16.682742,https://ope.ed.gov/dapip/#/institution-profile/129880,,129880,00270100,1,1,1,3,R,99,0,dapip_action_description,FALSE,withdrawal_or_loss,public_action_code,,,raw_title,Voluntarily Surrendered Accreditation
190099,Colgate University,New York,Middle States Commission on Higher Education,adverse_action,Voluntary Withdrawal Received,active,2023-07-27,2023,,,DAPIP Institutional Accreditation Action,"Voluntary Withdrawal Received | institution submitted a notice of its intent to surrender accreditation, effective date to be determined.",2026-06-07 21:14:16.733446,https://ope.ed.gov/dapip/#/institution-profile/129880,,129880,00270100,1,1,1,2,VR,99,0,dapip_action_description,FALSE,withdrawal_or_loss,public_action_code,,,raw_title,Voluntarily Surrendered Accreditation
190114,Metropolitan College of New York,New York,Middle States Commission on Higher Education,show_cause,"Gibbs President Metropolitan College of New York 60 West Street New York, NY 10006 NOTIFICATION OF NON-COMPLIANCE SHOW CAUSE ACTION Dear Dr.",active,2025-11-20,2025,,,DAPIP Institutional Accreditation Action,Probation or Equivalent or a More Severe Status: Show Cause,2026-06-07 21:14:17.285436,https://ope.ed.gov/dapip/#/institution-profile/129899,,129899,00976900,1,1,1,8,SC,1,28052,dapip_file_text,FALSE,show_cause,public_action_code,C:/Users/mv3031/Desktop/Financial_Health_Project/Financial Health Tracker - For Github/data_pipelines/accreditation/cache/dapip/pdfs/129899_action-8_file-28052.pdf,C:/Users/mv3031/Desktop/Financial_Health_Project/Financial Health Tracker - For Github/data_pipelines/accreditation/cache/dapip/text/129899_action-8_file-28052.txt,pdf_body,"Continued Show Cause because of insufficient evidence of compliance with Standard VI (Planning, Resources, and Institutional Improvement)"
190114,Metropolitan College of New York,New York,Middle States Commission on Higher Education,show_cause,"To require the institution to show cause, by September 2, 2025, to demonstrate why its accreditation should not be withdrawn because of insufficient evidence that the institution is in compliance with Standard VI (Planning, Resources, and Institutional Improvement).",active,2025-06-26,2025,,,DAPIP Institutional Accreditation Action,Probation or Equivalent or a More Severe Status: Show Cause,2026-06-07 21:14:17.396119,https://ope.ed.gov/dapip/#/institution-profile/129899,,129899,00976900,1,1,1,5,SC,1,22057,dapip_file_text,FALSE,show_cause,public_action_code,C:/Users/mv3031/Desktop/Financial_Health_Project/Financial Health Tracker - For Github/data_pipelines/accreditation/cache/dapip/pdfs/129899_action-5_file-22057.pdf,C:/Users/mv3031/Desktop/Financial_Health_Project/Financial Health Tracker - For Github/data_pipelines/accreditation/cache/dapip/text/129899_action-5_file-22057.txt,pdf_body,"Required to Show Cause because of insufficient evidence of compliance with Standard VI (Planning, Resources, and Institutional Improvement)"
190150,Columbia University in the City of New York,New York,Middle States Commission on Higher Education,removed,Accreditation Reaffirmed:  Warning Removed,resolved,2026-03-12,2026,,,DAPIP Institutional Accreditation Action,Accreditation Reaffirmed: Warning Removed,2026-06-07 21:14:17.864564,https://ope.ed.gov/dapip/#/institution-profile/129905,,129905,00270700,1,1,1,3,WR,10,0,dapip_action_description,FALSE,removed,public_action_code,,,raw_title,Warning removed
190150,Columbia University in the City of New York,New York,Middle States Commission on Higher Education,warning,To note that the institution remains accredited while on warning.,active,2025-06-26,2025,,,DAPIP Institutional Accreditation Action,Probation or Equivalent or a More Severe Status: Warning,2026-06-07 21:14:17.916559,https://ope.ed.gov/dapip/#/institution-profile/129905,,129905,00270700,1,1,1,2,PW,1,22058,dapip_file_text,FALSE,warning,public_action_code,C:/Users/mv3031/Desktop/Financial_Health_Project/Financial Health Tracker - For Github/data_pipelines/accreditation/cache/dapip/pdfs/129905_action-2_file-22058.pdf,C:/Users/mv3031/Desktop/Financial_Health_Project/Financial Health Tracker - For Github/data_pipelines/accreditation/cache/dapip/text/129905_action-2_file-22058.txt,pdf_body,Placed on Warning because of insufficient evidence of compliance with Standard II (Ethics and Integrity)
190372,The Cooper Union for the Advancement of Science and Art,New York,"National Association of Schools of Art and Design, Commission on Accreditation",adverse_action,Voluntary Withdrawal Received,active,2022-07-19,2022,,,DAPIP Institutional Accreditation Action,Voluntary Withdrawal Received |,2026-06-07 21:14:18.457137,https://ope.ed.gov/dapip/#/institution-profile/129987,,129987,00271000,32,1,1,3,VR,10,0,dapip_action_description,FALSE,withdrawal_or_loss,public_action_code,,,raw_title,Voluntarily Surrendered Accreditation
191515,Hamilton College,New York,Middle States Commission on Higher Education,adverse_action,Loss of Accreditation or Preaccreditation: Voluntary Withdrawal,active,2025-09-26,2025,,,DAPIP Institutional Accreditation Action,"Loss of Accreditation or Preaccreditation: Voluntary Withdrawal | Accreditation ceased effective September 30, 2025. As of October 1, 2025 the institution will no longer be accredited by the Middle States Commission on Higher Education",2026-06-07 21:14:28.284441,https://ope.ed.gov/dapip/#/institution-profile/130527,,130527,00272800,1,1,1,4,R,99,0,dapip_action_description,FALSE,withdrawal_or_loss,public_action_code,,,raw_title,Voluntarily Surrendered Accreditation
191515,Hamilton College,New York,Middle States Commission on Higher Education,adverse_action,Voluntary Withdrawal Received,active,2023-09-25,2023,,,DAPIP Institutional Accreditation Action,Voluntary Withdrawal Received | Institution submitted a notice of its intent to surrender accreditation.,2026-06-07 21:14:28.323272,https://ope.ed.gov/dapip/#/institution-profile/130527,,130527,00272800,1,1,1,3,VR,99,0,dapip_action_description,FALSE,withdrawal_or_loss,public_action_code,,,raw_title,Voluntarily Surrendered Accreditation
191621,Hilbert College,New York,Middle States Commission on Higher Education,other,Grant Substantive Change: Ownership,active,2024-06-27,2024,,,DAPIP Institutional Accreditation Action,"Grant Substantive Change: Ownership | Acquisition of Valley Training Centers, Inc. (dba Valley College) by Hilbert College through the creation of Franciscan Services, Inc., effective June 27, 2024. The institution meets the requirements for this substantive change.",2026-06-07 21:14:29.395326,https://ope.ed.gov/dapip/#/institution-profile/130563,,130563,00273500,1,1,1,3,GO,99,0,dapip_action_description,FALSE,ownership_change,public_action_code,,,raw_title,Grant Substantive Change: Ownership
191621,Hilbert College,New York,Middle States Commission on Higher Education,removed,Accreditation Reaffirmed:  Warning Removed,resolved,2024-02-15,2024,,,DAPIP Institutional Accreditation Action,Accreditation Reaffirmed: Warning Removed,2026-06-07 21:14:29.438451,https://ope.ed.gov/dapip/#/institution-profile/130563,,130563,00273500,1,1,1,2,WR,10,0,dapip_action_description,FALSE,removed,public_action_code,,,raw_title,Warning removed
191621,Hilbert College,New York,Middle States Commission on Higher Education,warning,"To rescind the action of May 18, 2023, because the institution completed the acquisition of another institution without Commission review and approval.",active,2023-09-25,2023,,,DAPIP Institutional Accreditation Action,Probation or Equivalent or a More Severe Status: Warning,2026-06-07 21:14:29.490192,https://ope.ed.gov/dapip/#/institution-profile/130563,,130563,00273500,1,1,1,1,PW,1,17117,dapip_file_text,FALSE,warning,public_action_code,C:/Users/mv3031/Desktop/Financial_Health_Project/Financial Health Tracker - For Github/data_pipelines/accreditation/cache/dapip/pdfs/130563_action-1_file-17117.pdf,C:/Users/mv3031/Desktop/Financial_Health_Project/Financial Health Tracker - For Github/data_pipelines/accreditation/cache/dapip/text/130563_action-1_file-17117.txt,pdf_body,Acquisition of another institution without Commission review and approval
191630,Hobart William Smith Colleges,New York,Middle States Commission on Higher Education,adverse_action,Loss of Accreditation or Preaccreditation: Voluntary Withdrawal,active,2023-02-16,2023,,,DAPIP Institutional Accreditation Action,Loss of Accreditation or Preaccreditation: Voluntary Withdrawal | Change in accreditor to New England Commission of Higher Education (NECHE) effective 2/17/23,2026-06-07 21:14:29.880565,https://ope.ed.gov/dapip/#/institution-profile/130572,,130572,00273100,1,1,1,4,R,99,0,dapip_action_description,FALSE,withdrawal_or_loss,public_action_code,,,raw_title,Voluntarily Surrendered Accreditation
191630,Hobart William Smith Colleges,New York,Middle States Commission on Higher Education,adverse_action,Voluntary Withdrawal Received,active,2022-09-30,2022,,,DAPIP Institutional Accreditation Action,Voluntary Withdrawal Received | Institution submitted a notice of intent to surrender accreditation.,2026-06-07 21:14:29.931275,https://ope.ed.gov/dapip/#/institution-profile/130572,,130572,00273100,1,1,1,3,VR,99,0,dapip_action_description,FALSE,withdrawal_or_loss,public_action_code,,,raw_title,Voluntarily Surrendered Accreditation
191676,Houghton University,New York,Middle States Commission on Higher Education,removed,Accreditation Reaffirmed:  Warning Removed,resolved,2025-06-26,2025,,,DAPIP Institutional Accreditation Action,Accreditation Reaffirmed: Warning Removed,2026-06-07 21:14:30.94545,https://ope.ed.gov/dapip/#/institution-profile/130590,,130590,00273400,1,1,1,3,WR,10,0,dapip_action_description,FALSE,removed,public_action_code,,,raw_title,Warning removed
191676,Houghton University,New York,Middle States Commission on Higher Education,warning,To note that the institution remains accredited while on warning.,active,2024-06-27,2024,,,DAPIP Institutional Accreditation Action,Probation or Equivalent or a More Severe Status: Warning,2026-06-07 21:14:30.996307,https://ope.ed.gov/dapip/#/institution-profile/130590,,130590,00273400,1,1,1,2,PW,1,18829,dapip_file_text,FALSE,warning,public_action_code,C:/Users/mv3031/Desktop/Financial_Health_Project/Financial Health Tracker - For Github/data_pipelines/accreditation/cache/dapip/pdfs/130590_action-2_file-18829.pdf,C:/Users/mv3031/Desktop/Financial_Health_Project/Financial Health Tracker - For Github/data_pipelines/accreditation/cache/dapip/text/130590_action-2_file-18829.txt,pdf_body,Placed on Warning because of insufficient evidence of compliance with Standard V (Educational Effectiveness Assessment)
192271,LIM College,New York,Middle States Commission on Higher Education,other,Grant Substantive Change: Ownership,active,2025-10-30,2025,,,DAPIP Institutional Accreditation Action,"Grant Substantive Change: Ownership | To include the change in legal status, form of control, and ownership within the institution's scope of accreditation, effective December 1, 2025. To note the complex substantive change includes the sale of the institution to JEF New York, Inc. (JEFNY), a subsidiary of Japan Educational Foundation (JEF)",2026-06-07 21:14:34.43563,https://ope.ed.gov/dapip/#/institution-profile/130800,,130800,00746600,1,1,1,2,GO,99,0,dapip_action_description,FALSE,ownership_change,public_action_code,,,raw_title,Grant Substantive Change: Ownership
192864,Marymount Manhattan College,New York,Middle States Commission on Higher Education,other,Grant Substantive Change: Ownership,active,2025-04-24,2025,,,DAPIP Institutional Accreditation Action,"Grant Substantive Change: Ownership | Merger with Northeastern University becoming the sole member of Marymount Manhattan College (MMC) and the surviving institution, effective June 30, 2025",2026-06-07 21:14:38.494943,https://ope.ed.gov/dapip/#/institution-profile/131025,,131025,00276900,1,1,1,6,GO,99,0,dapip_action_description,FALSE,ownership_change,public_action_code,,,raw_title,Grant Substantive Change: Ownership
192864,Marymount Manhattan College,New York,Middle States Commission on Higher Education,removed,Accreditation Reaffirmed:  Warning Removed,resolved,2023-06-22,2023,,,DAPIP Institutional Accreditation Action,Accreditation Reaffirmed: Warning Removed,2026-06-07 21:14:38.539992,https://ope.ed.gov/dapip/#/institution-profile/131025,,131025,00276900,1,1,1,5,WR,10,0,dapip_action_description,FALSE,removed,public_action_code,,,raw_title,Warning removed
192864,Marymount Manhattan College,New York,Middle States Commission on Higher Education,warning,To note that the institution remains accredited while on warning.,active,2022-06-23,2022,,,DAPIP Institutional Accreditation Action,Probation or Equivalent or a More Severe Status: Warning,2026-06-07 21:14:38.598804,https://ope.ed.gov/dapip/#/institution-profile/131025,,131025,00276900,1,1,1,3,PW,1,13381,dapip_file_text,FALSE,warning,public_action_code,C:/Users/mv3031/Desktop/Financial_Health_Project/Financial Health Tracker - For Github/data_pipelines/accreditation/cache/dapip/pdfs/131025_action-3_file-13381.pdf,C:/Users/mv3031/Desktop/Financial_Health_Project/Financial Health Tracker - For Github/data_pipelines/accreditation/cache/dapip/text/131025_action-3_file-13381.txt,pdf_body,Placed on Warning because of insufficient evidence of compliance with Standard V (Educational Effectiveness Assessment)
192864,Marymount Manhattan College,New York,Middle States Commission on Higher Education,warning,To note that the institution remains accredited while on warning.,active,2022-06-23,2022,,,DAPIP Institutional Accreditation Action,Probation or Equivalent or a More Severe Status: Warning,2026-06-07 21:14:38.653813,https://ope.ed.gov/dapip/#/institution-profile/131025,,131025,00276900,1,1,1,4,PW,1,13383,dapip_file_text,FALSE,warning,public_action_code,C:/Users/mv3031/Desktop/Financial_Health_Project/Financial Health Tracker - For Github/data_pipelines/accreditation/cache/dapip/pdfs/131025_action-4_file-13383.pdf,C:/Users/mv3031/Desktop/Financial_Health_Project/Financial Health Tracker - For Github/data_pipelines/accreditation/cache/dapip/text/131025_action-4_file-13383.txt,pdf_body,Placed on Warning because of insufficient evidence of compliance with Standard V (Educational Effectiveness Assessment)
193052,Mesivta Torah Vodaath Rabbinical Seminary,New York,Association of Institutions of Jewish Studies,adverse_action,Voluntary Withdrawal Received,active,2021-08-18,2021,,,DAPIP Institutional Accreditation Action,Voluntary Withdrawal Received,2026-06-07 21:14:39.916639,https://ope.ed.gov/dapip/#/institution-profile/131098,,131098,00726400,75,1,1,1,VR,10,0,dapip_action_description,FALSE,withdrawal_or_loss,public_action_code,,,raw_title,Voluntarily Surrendered Accreditation
193052,Mesivta Torah Vodaath Rabbinical Seminary,New York,Association of Institutions of Jewish Studies,adverse_action,Voluntary Withdrawal Received,active,2021-08-18,2021,,,DAPIP Institutional Accreditation Action,Voluntary Withdrawal Received | Voluntary Withdrawal Received,2026-06-07 21:14:39.945425,https://ope.ed.gov/dapip/#/institution-profile/131098,,131098,00726400,75,1,1,2,VR,99,0,dapip_action_description,FALSE,withdrawal_or_loss,public_action_code,,,raw_title,Voluntarily Surrendered Accreditation
193052,Mesivta Torah Vodaath Rabbinical Seminary,New York,Association of Institutions of Jewish Studies,adverse_action,Loss of Accreditation or Preaccreditation: Voluntary Withdrawal,active,2021-08-18,2021,,,DAPIP Institutional Accreditation Action,Loss of Accreditation or Preaccreditation: Voluntary Withdrawal | AIJS received notice of the institution's voluntary withdrawal.,2026-06-07 21:14:39.964876,https://ope.ed.gov/dapip/#/institution-profile/131098,,131098,00726400,75,1,1,3,R,99,0,dapip_action_description,FALSE,withdrawal_or_loss,public_action_code,,,raw_title,Voluntarily Surrendered Accreditation
193399,University of Mount Saint Vincent,New York,Middle States Commission on Higher Education,removed,Accreditation Reaffirmed:  Warning Removed,resolved,2025-06-26,2025,,,DAPIP Institutional Accreditation Action,Accreditation Reaffirmed: Warning Removed,2026-06-07 21:14:41.886024,https://ope.ed.gov/dapip/#/institution-profile/131256,,131256,00270300,1,1,1,7,WR,10,0,dapip_action_description,FALSE,removed,public_action_code,,,raw_title,Warning removed
193399,University of Mount Saint Vincent,New York,Middle States Commission on Higher Education,warning,"Burns: On behalf of the Middle States Commission on Higher Education, I am writing to inform you that on June 27, 2024, the Commission acted as follows: To acknowledge receipt of the monitoring report.",active,2024-06-27,2024,,,DAPIP Institutional Accreditation Action,Probation or Equivalent or a More Severe Status: Warning,2026-06-07 21:14:41.945987,https://ope.ed.gov/dapip/#/institution-profile/131256,,131256,00270300,1,1,1,6,PW,1,18824,dapip_file_text,FALSE,warning,public_action_code,C:/Users/mv3031/Desktop/Financial_Health_Project/Financial Health Tracker - For Github/data_pipelines/accreditation/cache/dapip/pdfs/131256_action-6_file-18824.pdf,C:/Users/mv3031/Desktop/Financial_Health_Project/Financial Health Tracker - For Github/data_pipelines/accreditation/cache/dapip/text/131256_action-6_file-18824.txt,pdf_body,Placed on Warning because of insufficient evidence of compliance with Standard V (Educational Effectiveness Assessment)
193399,University of Mount Saint Vincent,New York,Middle States Commission on Higher Education,warning,To note that the institution remains accredited while on warning.,active,2023-06-22,2023,,,DAPIP Institutional Accreditation Action,Probation or Equivalent or a More Severe Status: Warning,2026-06-07 21:14:42.013864,https://ope.ed.gov/dapip/#/institution-profile/131256,,131256,00270300,1,1,1,5,PW,1,16110,dapip_file_text,FALSE,warning,public_action_code,C:/Users/mv3031/Desktop/Financial_Health_Project/Financial Health Tracker - For Github/data_pipelines/accreditation/cache/dapip/pdfs/131256_action-5_file-16110.pdf,C:/Users/mv3031/Desktop/Financial_Health_Project/Financial Health Tracker - For Github/data_pipelines/accreditation/cache/dapip/text/131256_action-5_file-16110.txt,pdf_body,Placed on Warning because of insufficient evidence of compliance with Standard V (Educational Effectiveness Assessment)
193654,The New School,New York,Middle States Commission on Higher Education,removed,Accreditation Reaffirmed:  Warning Removed,resolved,2025-11-20,2025,,,DAPIP Institutional Accreditation Action,Accreditation Reaffirmed: Warning Removed,2026-06-07 21:14:42.942348,https://ope.ed.gov/dapip/#/institution-profile/131335,,131335,02066200,1,1,1,2,WR,10,0,dapip_action_description,FALSE,removed,public_action_code,,,raw_title,Warning removed
193654,The New School,New York,Middle States Commission on Higher Education,warning,To note that the institution remains accredited while on warning.,active,2024-11-21,2024,,,DAPIP Institutional Accreditation Action,Probation or Equivalent or a More Severe Status: Warning,2026-06-07 21:14:42.996801,https://ope.ed.gov/dapip/#/institution-profile/131335,,131335,02066200,1,1,1,1,PW,1,20019,dapip_file_text,FALSE,warning,public_action_code,C:/Users/mv3031/Desktop/Financial_Health_Project/Financial Health Tracker - For Github/data_pipelines/accreditation/cache/dapip/pdfs/131335_action-1_file-20019.pdf,C:/Users/mv3031/Desktop/Financial_Health_Project/Financial Health Tracker - For Github/data_pipelines/accreditation/cache/dapip/text/131335_action-1_file-20019.txt,pdf_body,Placed on Warning because of insufficient evidence of compliance with Standard V (Educational Effectiveness Assessment)
194569,Davis College,New York,Middle States Commission on Higher Education,warning,"Blanc: On behalf of the Middle States Commission on Higher Education, I am writing to inform you that on December 2, 2021, the Commission acted as follows: To acknowledge receipt of the show cause report.",active,2021-12-02,2021,,,DAPIP Institutional Accreditation Action,Probation or Equivalent or a More Severe Status: Warning | Extension for Good Cause,2026-06-07 21:14:46.677184,https://ope.ed.gov/dapip/#/institution-profile/131654,,131654,02169100,1,1,1,13,PW,99,11577,dapip_file_text,FALSE,warning,public_action_code,C:/Users/mv3031/Desktop/Financial_Health_Project/Financial Health Tracker - For Github/data_pipelines/accreditation/cache/dapip/pdfs/131654_action-13_file-11577.pdf,C:/Users/mv3031/Desktop/Financial_Health_Project/Financial Health Tracker - For Github/data_pipelines/accreditation/cache/dapip/text/131654_action-13_file-11577.txt,pdf_body,Placed on Warning because of insufficient evidence of compliance with Standard V (Educational Effectiveness Assessment)
194569,Davis College,New York,Middle States Commission on Higher Education,warning,"Blanc: On behalf of the Middle States Commission on Higher Education, I am writing to inform you that on December 2, 2021, the Commission acted as follows: To acknowledge receipt of the show cause report.",active,2021-12-02,2021,,,DAPIP Institutional Accreditation Action,Probation or Equivalent or a More Severe Status: Warning | Extension for Good Cause,2026-06-07 21:14:46.74748,https://ope.ed.gov/dapip/#/institution-profile/131654,,131654,02169100,1,1,1,14,PW,99,11578,dapip_file_text,FALSE,warning,public_action_code,C:/Users/mv3031/Desktop/Financial_Health_Project/Financial Health Tracker - For Github/data_pipelines/accreditation/cache/dapip/pdfs/131654_action-14_file-11578.pdf,C:/Users/mv3031/Desktop/Financial_Health_Project/Financial Health Tracker - For Github/data_pipelines/accreditation/cache/dapip/text/131654_action-14_file-11578.txt,pdf_body,Placed on Warning because of insufficient evidence of compliance with Standard V (Educational Effectiveness Assessment)
194569,Davis College,New York,Middle States Commission on Higher Education,warning,"Blanc: On behalf of the Middle States Commission on Higher Education, I am writing to inform you that on December 2, 2021, the Commission acted as follows: To acknowledge receipt of the show cause report.",active,2021-12-02,2021,,,DAPIP Institutional Accreditation Action,Probation or Equivalent or a More Severe Status: Warning,2026-06-07 21:14:46.824227,https://ope.ed.gov/dapip/#/institution-profile/131654,,131654,02169100,1,1,1,15,PW,1,11655,dapip_file_text,FALSE,warning,public_action_code,C:/Users/mv3031/Desktop/Financial_Health_Project/Financial Health Tracker - For Github/data_pipelines/accreditation/cache/dapip/pdfs/131654_action-15_file-11655.pdf,C:/Users/mv3031/Desktop/Financial_Health_Project/Financial Health Tracker - For Github/data_pipelines/accreditation/cache/dapip/text/131654_action-15_file-11655.txt,pdf_body,Placed on Warning because of insufficient evidence of compliance with Standard V (Educational Effectiveness Assessment)
194569,Davis College,New York,Middle States Commission on Higher Education,show_cause,"Blanc: Notification of Non-Compliance Action On behalf of the Middle States Commission on Higher Education, I am writing to inform you that on June 24, 2021, the Commission acted as follows: To acknowledge receipt of the monitoring report.",active,2021-06-24,2021,,,DAPIP Institutional Accreditation Action,Probation or Equivalent or a More Severe Status: Show Cause |,2026-06-07 21:14:46.892191,https://ope.ed.gov/dapip/#/institution-profile/131654,,131654,02169100,1,1,1,11,SC,1,10022,dapip_file_text,FALSE,show_cause,public_action_code,C:/Users/mv3031/Desktop/Financial_Health_Project/Financial Health Tracker - For Github/data_pipelines/accreditation/cache/dapip/pdfs/131654_action-11_file-10022.pdf,C:/Users/mv3031/Desktop/Financial_Health_Project/Financial Health Tracker - For Github/data_pipelines/accreditation/cache/dapip/text/131654_action-11_file-10022.txt,pdf_body,Required to Show Cause because of insufficient evidence of compliance with Standard V (Educational Effectiveness Assessment)
194569,Davis College,New York,Middle States Commission on Higher Education,show_cause,"Blanc: Notification of Non-Compliance Action On behalf of the Middle States Commission on Higher Education, I am writing to inform you that on June 24, 2021, the Commission acted as follows: To acknowledge receipt of the monitoring report.",active,2021-06-24,2021,,,DAPIP Institutional Accreditation Action,Probation or Equivalent or a More Severe Status: Show Cause,2026-06-07 21:14:46.966719,https://ope.ed.gov/dapip/#/institution-profile/131654,,131654,02169100,1,1,1,12,SC,1,10023,dapip_file_text,FALSE,show_cause,public_action_code,C:/Users/mv3031/Desktop/Financial_Health_Project/Financial Health Tracker - For Github/data_pipelines/accreditation/cache/dapip/pdfs/131654_action-12_file-10023.pdf,C:/Users/mv3031/Desktop/Financial_Health_Project/Financial Health Tracker - For Github/data_pipelines/accreditation/cache/dapip/text/131654_action-12_file-10023.txt,pdf_body,Required to Show Cause because of insufficient evidence of compliance with Standard V (Educational Effectiveness Assessment)
194958,Roberts Wesleyan University,New York,Middle States Commission on Higher Education,other,Grant Substantive Change: Ownership,active,2024-06-27,2024,,,DAPIP Institutional Accreditation Action,"Grant Substantive Change: Ownership | Merger of Northeastern Seminary at Roberts Wesleyan College with Roberts Wesleyan University, effective, June 30, 2024. Institution meets the requirements for this substantive change.",2026-06-07 21:14:50.155425,https://ope.ed.gov/dapip/#/institution-profile/131797,,131797,00280500,1,1,1,7,GO,99,0,dapip_action_description,FALSE,ownership_change,public_action_code,,,raw_title,Grant Substantive Change: Ownership
195128,Russell Sage College,New York,Middle States Commission on Higher Education,other,Grant Substantive Change: Ownership,active,2026-02-26,2026,,,DAPIP Institutional Accreditation Action,"Grant Substantive Change: Ownership | To include the change in legal status, form of control, and ownership within the institution's scope of accreditation, effective June 1, 2026. To note the complex substantive change request includes the merger of Albany College of Pharmacy and Health Sciences with Russell Sage College, effective June 1, 2026",2026-06-07 21:14:51.556887,https://ope.ed.gov/dapip/#/institution-profile/131876,,131876,00281000,1,1,1,3,GO,99,0,dapip_action_description,FALSE,ownership_change,public_action_code,,,raw_title,Grant Substantive Change: Ownership
195173,St. Francis College,New York,Middle States Commission on Higher Education,warning,To note that the institution remains accredited while on warning.,active,2020-03-05,2020,,,DAPIP Institutional Accreditation Action,Probation or Equivalent or a More Severe Status: Warning,2026-06-07 21:14:52.756014,https://ope.ed.gov/dapip/#/institution-profile/131919,,131919,00282000,1,1,1,1,PW,1,6914,dapip_file_text,FALSE,warning,public_action_code,C:/Users/mv3031/Desktop/Financial_Health_Project/Financial Health Tracker - For Github/data_pipelines/accreditation/cache/dapip/pdfs/131919_action-1_file-6914.pdf,C:/Users/mv3031/Desktop/Financial_Health_Project/Financial Health Tracker - For Github/data_pipelines/accreditation/cache/dapip/text/131919_action-1_file-6914.txt,pdf_body,Placed on Warning because of insufficient evidence of compliance with Standard V (Educational Effectiveness Assessment)
195216,St Lawrence University,New York,Middle States Commission on Higher Education,adverse_action,Voluntary Withdrawal Received,active,2025-12-19,2025,,,DAPIP Institutional Accreditation Action,Voluntary Withdrawal Received | Institution submitted a notice of intent to surrender accreditation,2026-06-07 21:14:53.132678,https://ope.ed.gov/dapip/#/institution-profile/131937,,131937,00282900,1,1,1,4,VR,99,0,dapip_action_description,FALSE,withdrawal_or_loss,public_action_code,,,raw_title,Voluntarily Surrendered Accreditation
195234,The College of Saint Rose,New York,Middle States Commission on Higher Education,adverse_action,Loss of Accreditation or Preaccreditation: Other,active,2024-06-20,2024,,,DAPIP Institutional Accreditation Action,"Loss of Accreditation or Preaccreditation: Other | Accreditation to cease effective December 31, 2024. As of January 1, 2025 the institution will no longer be accredited by the Middle States Commission on Higher Education.",2026-06-07 21:14:53.547227,https://ope.ed.gov/dapip/#/institution-profile/131946,,131946,00270500,1,1,1,4,LO,99,0,dapip_action_description,FALSE,withdrawal_or_loss,public_action_code,,,raw_title,Loss of accreditation or Preaccreditation: Other
195234,The College of Saint Rose,New York,Middle States Commission on Higher Education,warning,To note that the institution remains accredited while on warning.,active,2023-06-22,2023,,,DAPIP Institutional Accreditation Action,Probation or Equivalent or a More Severe Status: Warning,2026-06-07 21:14:53.690903,https://ope.ed.gov/dapip/#/institution-profile/131946,,131946,00270500,1,1,1,2,PW,1,16111,dapip_file_text,FALSE,warning,public_action_code,C:/Users/mv3031/Desktop/Financial_Health_Project/Financial Health Tracker - For Github/data_pipelines/accreditation/cache/dapip/pdfs/131946_action-2_file-16111.pdf,C:/Users/mv3031/Desktop/Financial_Health_Project/Financial Health Tracker - For Github/data_pipelines/accreditation/cache/dapip/text/131946_action-2_file-16111.txt,pdf_body,"Placed on Warning because of insufficient evidence of compliance with Standard VI (resources, Planning, and Institutional Improvement)"
195304,Sarah Lawrence College,New York,Middle States Commission on Higher Education,adverse_action,Loss of Accreditation or Preaccreditation: Voluntary Withdrawal,active,2025-06-30,2025,,,DAPIP Institutional Accreditation Action,"Loss of Accreditation or Preaccreditation: Voluntary Withdrawal | Accreditation ceased effective June 30, 2025. As of July 1, 2025 the institution will no longer be accredited by the Middle States Commission on Higher Education.",2026-06-07 21:14:55.283817,https://ope.ed.gov/dapip/#/institution-profile/131973,,131973,00281300,1,1,1,4,R,99,0,dapip_action_description,FALSE,withdrawal_or_loss,public_action_code,,,raw_title,Voluntarily Surrendered Accreditation
195304,Sarah Lawrence College,New York,Middle States Commission on Higher Education,adverse_action,Voluntary Withdrawal Received,active,2024-03-05,2024,,,DAPIP Institutional Accreditation Action,Voluntary Withdrawal Received | Institution submitted a notice of intent to surrender accreditation.,2026-06-07 21:14:55.323476,https://ope.ed.gov/dapip/#/institution-profile/131973,,131973,00281300,1,1,1,3,VR,99,0,dapip_action_description,FALSE,withdrawal_or_loss,public_action_code,,,raw_title,Voluntarily Surrendered Accreditation
196024,SUNY College of Technology at Delhi,New York,Middle States Commission on Higher Education,removed,Accreditation Reaffirmed:  Warning Removed,resolved,2024-06-27,2024,,,DAPIP Institutional Accreditation Action,Accreditation Reaffirmed: Warning Removed,2026-06-07 21:14:58.94622,https://ope.ed.gov/dapip/#/institution-profile/132295,,132295,00285700,1,1,1,4,WR,10,0,dapip_action_description,FALSE,removed,public_action_code,,,raw_title,Warning removed
196024,SUNY College of Technology at Delhi,New York,Middle States Commission on Higher Education,warning,To note that the institution remains accredited while on warning.,active,2023-06-22,2023,,,DAPIP Institutional Accreditation Action,Probation or Equivalent or a More Severe Status: Warning,2026-06-07 21:14:58.999457,https://ope.ed.gov/dapip/#/institution-profile/132295,,132295,00285700,1,1,1,3,PW,1,16117,dapip_file_text,FALSE,warning,public_action_code,C:/Users/mv3031/Desktop/Financial_Health_Project/Financial Health Tracker - For Github/data_pipelines/accreditation/cache/dapip/pdfs/132295_action-3_file-16117.pdf,C:/Users/mv3031/Desktop/Financial_Health_Project/Financial Health Tracker - For Github/data_pipelines/accreditation/cache/dapip/text/132295_action-3_file-16117.txt,pdf_body,"Placed on Warning because of insufficient evidence of compliance with Standard VI (Planning, Resources, and Institutional Improvement)"
196103,SUNY College of Environmental Science and Forestry,New York,Middle States Commission on Higher Education,removed,Accreditation Reaffirmed:  Warning Removed,resolved,2024-06-27,2024,,,DAPIP Institutional Accreditation Action,Accreditation Reaffirmed: Warning Removed,2026-06-07 21:15:02.455193,https://ope.ed.gov/dapip/#/institution-profile/132374,,132374,00285100,1,1,1,4,WR,10,0,dapip_action_description,FALSE,removed,public_action_code,,,raw_title,Warning removed
196103,SUNY College of Environmental Science and Forestry,New York,Middle States Commission on Higher Education,warning,To note that the institution remains accredited while on warning.,active,2023-06-22,2023,,,DAPIP Institutional Accreditation Action,Probation or Equivalent or a More Severe Status: Warning,2026-06-07 21:15:02.509447,https://ope.ed.gov/dapip/#/institution-profile/132374,,132374,00285100,1,1,1,3,PW,1,16116,dapip_file_text,FALSE,warning,public_action_code,C:/Users/mv3031/Desktop/Financial_Health_Project/Financial Health Tracker - For Github/data_pipelines/accreditation/cache/dapip/pdfs/132374_action-3_file-16116.pdf,C:/Users/mv3031/Desktop/Financial_Health_Project/Financial Health Tracker - For Github/data_pipelines/accreditation/cache/dapip/text/132374_action-3_file-16116.txt,pdf_body,Placed on Warning because of insufficient evidence of compliance with Standard V (Educational Effectiveness Assessment)
196200,SUNY College at Potsdam,New York,Middle States Commission on Higher Education,removed,Accreditation Reaffirmed:  Warning Removed,resolved,2023-06-22,2023,,,DAPIP Institutional Accreditation Action,Accreditation Reaffirmed: Warning Removed,2026-06-07 21:15:06.834168,https://ope.ed.gov/dapip/#/institution-profile/132471,,132471,00285000,1,1,1,5,WR,10,0,dapip_action_description,FALSE,removed,public_action_code,,,raw_title,Warning removed
196200,SUNY College at Potsdam,New York,Middle States Commission on Higher Education,warning,Probation or Equivalent or a More Severe Status: Warning,active,2022-06-23,2022,,,DAPIP Institutional Accreditation Action,Probation or Equivalent or a More Severe Status: Warning,2026-06-07 21:15:06.873787,https://ope.ed.gov/dapip/#/institution-profile/132471,,132471,00285000,1,1,1,4,PW,1,0,dapip_action_description,FALSE,warning,public_action_code,,,raw_title,Placed on Warning
196583,Torah Temimah Talmudical Seminary,New York,"Association of Advanced Rabbinical and Talmudic Schools, Accreditation Commission",adverse_action,Loss of Accreditation or Preaccreditation: Voluntary Withdrawal,active,2025-03-06,2025,,,DAPIP Institutional Accreditation Action,Loss of Accreditation or Preaccreditation: Voluntary Withdrawal | Voluntary withdrawal received.,2026-06-07 21:15:11.643842,https://ope.ed.gov/dapip/#/institution-profile/132648,,132648,02191600,14,1,1,7,R,99,0,dapip_action_description,FALSE,withdrawal_or_loss,public_action_code,,,raw_title,Voluntarily Surrendered Accreditation
196592,Touro University,New York,Middle States Commission on Higher Education,other,Grant Substantive Change: Ownership,active,2024-06-27,2024,,,DAPIP Institutional Accreditation Action,"Grant Substantive Change: Ownership | Merger of Touro University with New York College of Podiatric Medicine effective December 31, 2024. Institution meets the requirements for this substantive change.",2026-06-07 21:15:12.311533,https://ope.ed.gov/dapip/#/institution-profile/132657,,132657,01014200,1,1,1,14,GO,99,0,dapip_action_description,FALSE,ownership_change,public_action_code,,,raw_title,Grant Substantive Change: Ownership
196866,Union College,New York,Middle States Commission on Higher Education,adverse_action,Voluntary Withdrawal Received,active,2026-03-02,2026,,,DAPIP Institutional Accreditation Action,Voluntary Withdrawal Received | Institution submitted a notice of intent to surrender accreditation,2026-06-07 21:15:13.157408,https://ope.ed.gov/dapip/#/institution-profile/189389,,189389,00288900,1,1,1,4,VR,99,0,dapip_action_description,FALSE,withdrawal_or_loss,public_action_code,,,raw_title,Voluntarily Surrendered Accreditation
197151,School of Visual Arts,New York,Middle States Commission on Higher Education,other,Grant Substantive Change: Ownership,active,2025-08-28,2025,,,DAPIP Institutional Accreditation Action,"Grant Substantive Change: Ownership | To include the change in legal status, form of control, and ownership within the institution's scope of accreditation, effective September 1, 2025. To note that the complex substantive change request includes the sale of the School of Visual Arts (SVA) to the SVA Alumni Society (SVAAS).",2026-06-07 21:15:16.263256,https://ope.ed.gov/dapip/#/institution-profile/132833,,132833,00746800,1,1,1,2,GO,99,0,dapip_action_description,FALSE,ownership_change,public_action_code,,,raw_title,Grant Substantive Change: Ownership
197151,School of Visual Arts,New York,"National Association of Schools of Art and Design, Commission on Accreditation",adverse_action,Voluntary Withdrawal Received,active,2021-06-30,2021,,,DAPIP Institutional Accreditation Action,Voluntary Withdrawal Received,2026-06-07 21:15:16.483771,https://ope.ed.gov/dapip/#/institution-profile/132833,,132833,00746800,32,1,1,3,VR,10,0,dapip_action_description,FALSE,withdrawal_or_loss,public_action_code,,,raw_title,Voluntarily Surrendered Accreditation
197708,Yeshiva University,New York,Middle States Commission on Higher Education,removed,Accreditation Reaffirmed:  Warning Removed,resolved,2025-11-20,2025,,,DAPIP Institutional Accreditation Action,Accreditation Reaffirmed: Warning Removed,2026-06-07 21:15:19.160604,https://ope.ed.gov/dapip/#/institution-profile/132985,,132985,00290300,1,1,1,4,WR,10,0,dapip_action_description,FALSE,removed,public_action_code,,,raw_title,Warning removed
197708,Yeshiva University,New York,Middle States Commission on Higher Education,warning,To note that the institution remains accredited while on warning.,active,2024-11-21,2024,,,DAPIP Institutional Accreditation Action,Probation or Equivalent or a More Severe Status: Warning,2026-06-07 21:15:19.212574,https://ope.ed.gov/dapip/#/institution-profile/132985,,132985,00290300,1,1,1,3,PW,1,20021,dapip_file_text,FALSE,warning,public_action_code,C:/Users/mv3031/Desktop/Financial_Health_Project/Financial Health Tracker - For Github/data_pipelines/accreditation/cache/dapip/pdfs/132985_action-3_file-20021.pdf,C:/Users/mv3031/Desktop/Financial_Health_Project/Financial Health Tracker - For Github/data_pipelines/accreditation/cache/dapip/text/132985_action-3_file-20021.txt,pdf_body,Placed on Warning because of insufficient evidence of compliance with Standard V (Educational Effectiveness Assessment)
197869,Appalachian State University,North Carolina,"Southern Association of Colleges and Schools, Commission on Colleges",notice,"Based only on those reviewed standards, the institution is requested to submit a Referral Report due April 1, 2020, addressing the following referenced standards of the Principles: Standard 10.7 (Policies for awarding credit) This standard expects an institution to publish and implement policies for determining the amount and level of credit awardedfor its courses, regardless offormat or mode of delivery.",active,2019-06-13,2019,,,DAPIP Institutional Accreditation Action,Heightened Monitoring or Focused Review,2026-06-07 21:15:20.648043,https://ope.ed.gov/dapip/#/institution-profile/133049,,133049,00290600,7,1,1,16,HM,6,30612,dapip_file_text,FALSE,monitoring_or_notice,public_action_code,C:/Users/mv3031/Desktop/Financial_Health_Project/Financial Health Tracker - For Github/data_pipelines/accreditation/cache/dapip/pdfs/133049_action-16_file-30612.pdf,C:/Users/mv3031/Desktop/Financial_Health_Project/Financial Health Tracker - For Github/data_pipelines/accreditation/cache/dapip/text/133049_action-16_file-30612.txt,pdf_body,Requested Referral Report on Policies for awarding credit
197911,Barton College,North Carolina,"Southern Association of Colleges and Schools, Commission on Colleges",notice,"Searcy: The following action regarding your institution was taken by the Board of Trustees of the Southern Association of Colleges and Schools Commission on Colleges (SACSCOC) during its meeting held on December 7, 2025: The SACSCOC Board of Trustees requested a Monitoring Report in six (6) months to provide required oversight and resolution of compliance issues.",active,2025-12-07,2025,,,DAPIP Institutional Accreditation Action,Heightened Monitoring or Focused Review,2026-06-07 21:15:21.042423,https://ope.ed.gov/dapip/#/institution-profile/133076,,133076,00290800,7,1,1,4,HM,6,29008,dapip_file_text,FALSE,monitoring_or_notice,public_action_code,C:/Users/mv3031/Desktop/Financial_Health_Project/Financial Health Tracker - For Github/data_pipelines/accreditation/cache/dapip/pdfs/133076_action-4_file-29008.pdf,C:/Users/mv3031/Desktop/Financial_Health_Project/Financial Health Tracker - For Github/data_pipelines/accreditation/cache/dapip/text/133076_action-4_file-29008.txt,pdf_body,Requested to Submit a Monitoring Report in six (6) months to provide required oversight and resolution of compliance issues.
197911,Barton College,North Carolina,"Southern Association of Colleges and Schools, Commission on Colleges",notice,"Based only on those reviewed standards, the institution is requested to submit a Referral Report due September 8, 2025, addressing the following referenced standard(s) of the Principles: Standard 5.4 (Qualified administrative/academic officers) This standard expects an institution to employ administrative and academic officers with appropriate experience and qualifications to lead the institution.",active,2025-06-02,2025,,,DAPIP Institutional Accreditation Action,Heightened Monitoring or Focused Review,2026-06-07 21:15:21.104025,https://ope.ed.gov/dapip/#/institution-profile/133076,,133076,00290800,7,1,1,3,HM,6,23285,dapip_file_text,FALSE,monitoring_or_notice,public_action_code,C:/Users/mv3031/Desktop/Financial_Health_Project/Financial Health Tracker - For Github/data_pipelines/accreditation/cache/dapip/pdfs/133076_action-3_file-23285.pdf,C:/Users/mv3031/Desktop/Financial_Health_Project/Financial Health Tracker - For Github/data_pipelines/accreditation/cache/dapip/text/133076_action-3_file-23285.txt,pdf_body,Requested Referral Report on Qualified administrative/academic officers
197993,Bennett College,North Carolina,"Southern Association of Colleges and Schools, Commission on Colleges",adverse_action,Loss of Accreditation or Preaccreditation: Voluntary Withdrawal,active,2021-03-20,2021,,,DAPIP Institutional Accreditation Action,Loss of Accreditation or Preaccreditation: Voluntary Withdrawal | Voluntary Withdrawal,2026-06-07 21:15:22.412365,https://ope.ed.gov/dapip/#/institution-profile/133137,,133137,00291100,7,1,1,6,R,99,0,dapip_action_description,FALSE,withdrawal_or_loss,public_action_code,,,raw_title,Voluntarily Surrendered Accreditation
197993,Bennett College,North Carolina,"Southern Association of Colleges and Schools, Commission on Colleges",probation,Probation or Equivalent or a More Severe Status: Probation,active,2021-03-04,2021,,,DAPIP Institutional Accreditation Action,Probation or Equivalent or a More Severe Status: Probation,2026-06-07 21:15:22.437526,https://ope.ed.gov/dapip/#/institution-profile/133137,,133137,00291100,7,1,1,5,P,6,0,dapip_action_description,FALSE,probation,public_action_code,,,raw_title,Placed on probation
198066,Brevard College,North Carolina,"Southern Association of Colleges and Schools, Commission on Colleges",notice,Heightened Monitoring or Focused Review,active,2022-06-16,2022,,,DAPIP Institutional Accreditation Action,Heightened Monitoring or Focused Review,2026-06-07 21:15:23.215655,https://ope.ed.gov/dapip/#/institution-profile/133164,,133164,00291200,7,1,1,9,HM,9,25584,dapip_action_description,FALSE,monitoring_or_notice,public_action_code,C:/Users/mv3031/Desktop/Financial_Health_Project/Financial Health Tracker - For Github/data_pipelines/accreditation/cache/dapip/pdfs/133164_action-9_file-25584.pdf,C:/Users/mv3031/Desktop/Financial_Health_Project/Financial Health Tracker - For Github/data_pipelines/accreditation/cache/dapip/text/133164_action-9_file-25584.txt,raw_title,Heightened monitoring or focused review
198136,Campbell University,North Carolina,"Southern Association of Colleges and Schools, Commission on Colleges",removed,Removal of Monitoring Status,resolved,2019-12-01,2019,,,DAPIP Institutional Accreditation Action,Removal of Monitoring Status,2026-06-07 21:15:24.100127,https://ope.ed.gov/dapip/#/institution-profile/133216,,133216,00291300,7,1,1,5,RM,10,0,dapip_action_description,FALSE,removed,public_action_code,,,raw_title,Removal of Monitoring Status
198215,Catawba College,North Carolina,"Southern Association of Colleges and Schools, Commission on Colleges",notice,"Nelson: The following action regarding your institution was taken by the Board of Trustees of the Southern Association of Colleges and Schools Commission on Colleges (SACSCOC) during its meeting held on December 7, 2025: The SACSCOC Board of Trustees reaffirmed accreditation and requested a Monitoring Report due in twelve (12) months.",active,2025-12-07,2025,,,DAPIP Institutional Accreditation Action,Heightened Monitoring or Focused Review,2026-06-07 21:15:24.501755,https://ope.ed.gov/dapip/#/institution-profile/133243,,133243,00291400,7,1,1,5,HM,6,28999,dapip_file_text,FALSE,monitoring_or_notice,public_action_code,C:/Users/mv3031/Desktop/Financial_Health_Project/Financial Health Tracker - For Github/data_pipelines/accreditation/cache/dapip/pdfs/133243_action-5_file-28999.pdf,C:/Users/mv3031/Desktop/Financial_Health_Project/Financial Health Tracker - For Github/data_pipelines/accreditation/cache/dapip/text/133243_action-5_file-28999.txt,pdf_body,Requested to Submit a Monitoring Report due in twelve (12) months.
198303,Chowan University,North Carolina,"Southern Association of Colleges and Schools, Commission on Colleges",notice,"Thomas: The following action regarding your institution was taken by the Board of Trustees of the Southern Association of Colleges and Schools Commission on Colleges (SACSCOC) during its meeting held on December 7, 2025: The SACSCOC Board of Trustees requested a Monitoring Report in six (6) months to provide required oversight and resolution of compliance issues.",active,2025-12-07,2025,,,DAPIP Institutional Accreditation Action,Heightened Monitoring or Focused Review,2026-06-07 21:15:25.097373,https://ope.ed.gov/dapip/#/institution-profile/133298,,133298,00291600,7,1,1,4,HM,6,29012,dapip_file_text,FALSE,monitoring_or_notice,public_action_code,C:/Users/mv3031/Desktop/Financial_Health_Project/Financial Health Tracker - For Github/data_pipelines/accreditation/cache/dapip/pdfs/133298_action-4_file-29012.pdf,C:/Users/mv3031/Desktop/Financial_Health_Project/Financial Health Tracker - For Github/data_pipelines/accreditation/cache/dapip/text/133298_action-4_file-29012.txt,pdf_body,Requested to Submit a Monitoring Report in six (6) months to provide required oversight and resolution of compliance issues.
198303,Chowan University,North Carolina,"Southern Association of Colleges and Schools, Commission on Colleges",notice,"Based only on those reviewed standards, the institution is requested to submit a Referral Report due September 8, 2025, addressing the standards of the Principles identified below.",active,2025-04-25,2025,,,DAPIP Institutional Accreditation Action,Heightened Monitoring or Focused Review,2026-06-07 21:15:25.150275,https://ope.ed.gov/dapip/#/institution-profile/133298,,133298,00291600,7,1,1,3,HM,6,23808,dapip_file_text,FALSE,monitoring_or_notice,public_action_code,C:/Users/mv3031/Desktop/Financial_Health_Project/Financial Health Tracker - For Github/data_pipelines/accreditation/cache/dapip/pdfs/133298_action-3_file-23808.pdf,C:/Users/mv3031/Desktop/Financial_Health_Project/Financial Health Tracker - For Github/data_pipelines/accreditation/cache/dapip/text/133298_action-3_file-23808.txt,pdf_body,Requested to submit a Referral Report documenting compliance with accreditation standards
198385,Davidson College,North Carolina,"Southern Association of Colleges and Schools, Commission on Colleges",notice,Heightened Monitoring or Focused Review,active,2023-12-03,2023,,,DAPIP Institutional Accreditation Action,Heightened Monitoring or Focused Review,2026-06-07 21:15:25.559818,https://ope.ed.gov/dapip/#/institution-profile/133359,,133359,00291800,7,1,1,4,HM,10,24145,dapip_action_description,FALSE,monitoring_or_notice,public_action_code,C:/Users/mv3031/Desktop/Financial_Health_Project/Financial Health Tracker - For Github/data_pipelines/accreditation/cache/dapip/pdfs/133359_action-4_file-24145.pdf,C:/Users/mv3031/Desktop/Financial_Health_Project/Financial Health Tracker - For Github/data_pipelines/accreditation/cache/dapip/text/133359_action-4_file-24145.txt,raw_title,Heightened monitoring or focused review
198385,Davidson College,North Carolina,"Southern Association of Colleges and Schools, Commission on Colleges",notice,Heightened Monitoring or Focused Review,active,2022-12-03,2022,,,DAPIP Institutional Accreditation Action,Heightened Monitoring or Focused Review,2026-06-07 21:15:25.611892,https://ope.ed.gov/dapip/#/institution-profile/133359,,133359,00291800,7,1,1,3,HM,6,24144,dapip_action_description,FALSE,monitoring_or_notice,public_action_code,C:/Users/mv3031/Desktop/Financial_Health_Project/Financial Health Tracker - For Github/data_pipelines/accreditation/cache/dapip/pdfs/133359_action-3_file-24144.pdf,C:/Users/mv3031/Desktop/Financial_Health_Project/Financial Health Tracker - For Github/data_pipelines/accreditation/cache/dapip/text/133359_action-3_file-24144.txt,raw_title,Heightened monitoring or focused review
198419,Duke University,North Carolina,"Southern Association of Colleges and Schools, Commission on Colleges",notice,"Based only on those reviewed standards, the institution is requested to submit a Referral Report due April 1, 2026, addressing the following referenced standard(s) of the Principles: Standard 5.4 (Qualified administrative/academic officers) This standard expects an institution to employ administrative and academic officers with appropriate experience and qualifications to lead the institution.",active,2025-04-25,2025,,,DAPIP Institutional Accreditation Action,Heightened Monitoring or Focused Review,2026-06-07 21:15:26.022346,https://ope.ed.gov/dapip/#/institution-profile/133368,,133368,00292000,7,1,1,5,HM,9,24172,dapip_file_text,FALSE,monitoring_or_notice,public_action_code,C:/Users/mv3031/Desktop/Financial_Health_Project/Financial Health Tracker - For Github/data_pipelines/accreditation/cache/dapip/pdfs/133368_action-5_file-24172.pdf,C:/Users/mv3031/Desktop/Financial_Health_Project/Financial Health Tracker - For Github/data_pipelines/accreditation/cache/dapip/text/133368_action-5_file-24172.txt,pdf_body,Requested Referral Report on Qualified administrative/academic officers
198419,Duke University,North Carolina,"Southern Association of Colleges and Schools, Commission on Colleges",notice,"Based only on those reviewed standards, the institution is requested to submit a Referral Report due April 1, 2026, addressing the following referenced standard(s) of the Principles: Standard 5.4 (Qualified administrative/academic officers) This standard expects an institution to employ administrative and academic officers with appropriate experience and qualifications to lead the institution.",active,2025-04-25,2025,,,DAPIP Institutional Accreditation Action,Heightened Monitoring or Focused Review,2026-06-07 21:15:26.076862,https://ope.ed.gov/dapip/#/institution-profile/133368,,133368,00292000,7,1,1,6,HM,6,27565,dapip_file_text,FALSE,monitoring_or_notice,public_action_code,C:/Users/mv3031/Desktop/Financial_Health_Project/Financial Health Tracker - For Github/data_pipelines/accreditation/cache/dapip/pdfs/133368_action-6_file-27565.pdf,C:/Users/mv3031/Desktop/Financial_Health_Project/Financial Health Tracker - For Github/data_pipelines/accreditation/cache/dapip/text/133368_action-6_file-27565.txt,pdf_body,Requested Referral Report on Qualified administrative/academic officers
198419,Duke University,North Carolina,"Southern Association of Colleges and Schools, Commission on Colleges",removed,Removal of Monitoring Status,resolved,2019-06-02,2019,,,DAPIP Institutional Accreditation Action,Removal of Monitoring Status,2026-06-07 21:15:26.153741,https://ope.ed.gov/dapip/#/institution-profile/133368,,133368,00292000,7,1,1,4,RM,10,0,dapip_action_description,FALSE,removed,public_action_code,,,raw_title,Removal of Monitoring Status
198561,Gardner-Webb University,North Carolina,"Southern Association of Colleges and Schools, Commission on Colleges",notice,Heightened Monitoring or Focused Review,active,2024-06-13,2024,,,DAPIP Institutional Accreditation Action,Heightened Monitoring or Focused Review,2026-06-07 21:15:29.004029,https://ope.ed.gov/dapip/#/institution-profile/133465,,133465,00292900,7,1,1,6,HM,9,28097,dapip_action_description,FALSE,monitoring_or_notice,public_action_code,C:/Users/mv3031/Desktop/Financial_Health_Project/Financial Health Tracker - For Github/data_pipelines/accreditation/cache/dapip/pdfs/133465_action-6_file-28097.pdf,C:/Users/mv3031/Desktop/Financial_Health_Project/Financial Health Tracker - For Github/data_pipelines/accreditation/cache/dapip/text/133465_action-6_file-28097.txt,raw_title,Heightened monitoring or focused review
198561,Gardner-Webb University,North Carolina,"Southern Association of Colleges and Schools, Commission on Colleges",notice,Heightened Monitoring or Focused Review,active,2024-06-01,2024,,,DAPIP Institutional Accreditation Action,Heightened Monitoring or Focused Review,2026-06-07 21:15:29.070716,https://ope.ed.gov/dapip/#/institution-profile/133465,,133465,00292900,7,1,1,5,HM,10,24741,dapip_action_description,FALSE,monitoring_or_notice,public_action_code,C:/Users/mv3031/Desktop/Financial_Health_Project/Financial Health Tracker - For Github/data_pipelines/accreditation/cache/dapip/pdfs/133465_action-5_file-24741.pdf,C:/Users/mv3031/Desktop/Financial_Health_Project/Financial Health Tracker - For Github/data_pipelines/accreditation/cache/dapip/text/133465_action-5_file-24741.txt,raw_title,Heightened monitoring or focused review
198561,Gardner-Webb University,North Carolina,"Southern Association of Colleges and Schools, Commission on Colleges",notice,"Based only on those reviewed standards, the institution should submit a Referral Report due April 1, 2024, addressing the standards of the Principles identified below.",active,2023-06-14,2023,,,DAPIP Institutional Accreditation Action,Heightened Monitoring or Focused Review,2026-06-07 21:15:29.1361,https://ope.ed.gov/dapip/#/institution-profile/133465,,133465,00292900,7,1,1,4,HM,6,24735,dapip_file_text,FALSE,monitoring_or_notice,public_action_code,C:/Users/mv3031/Desktop/Financial_Health_Project/Financial Health Tracker - For Github/data_pipelines/accreditation/cache/dapip/pdfs/133465_action-4_file-24735.pdf,C:/Users/mv3031/Desktop/Financial_Health_Project/Financial Health Tracker - For Github/data_pipelines/accreditation/cache/dapip/text/133465_action-4_file-24735.txt,pdf_body,Requested to submit a Referral Report documenting compliance with accreditation standards
198598,Greensboro College,North Carolina,"Southern Association of Colleges and Schools, Commission on Colleges",notice,"Czarda: The following action regarding your institution was taken by the Board of Trustees of the Southern Association of Colleges and Schools Commission on Colleges (SACSCOC) during its meeting held on December 7, 2025: The SACSCOC Board of Trustees denied reaffirmation of accreditation, continued accreditation, and placed the institution on Warning. For twelve months for failure to comply with Core Requirement 13.1 (Financial Resources), Standard 5.4 (Qualified administrative/academic officers), Standard 13.3 (Financial responsibility).",active,2025-12-07,2025,,,DAPIP Institutional Accreditation Action,Heightened Monitoring or Focused Review,2026-06-07 21:15:29.594974,https://ope.ed.gov/dapip/#/institution-profile/133492,,133492,00293000,7,1,1,5,HM,6,28981,dapip_file_text,FALSE,monitoring_or_notice,public_action_code,C:/Users/mv3031/Desktop/Financial_Health_Project/Financial Health Tracker - For Github/data_pipelines/accreditation/cache/dapip/pdfs/133492_action-5_file-28981.pdf,C:/Users/mv3031/Desktop/Financial_Health_Project/Financial Health Tracker - For Github/data_pipelines/accreditation/cache/dapip/text/133492_action-5_file-28981.txt,pdf_body,"Denied reaffirmation and placed on warning for twelve months for failure to comply with Core Requirement 13.1 (Financial resources), Standard 5.4 (Qualified administrative/academic officers), and Standard 13.3 (Financial responsibility)"
198598,Greensboro College,North Carolina,"Southern Association of Colleges and Schools, Commission on Colleges",notice,"Czarda: The following action regarding your institution was taken by the Board of Trustees of the Southern Association of Colleges and Schools Commission on Colleges (SACSCOC) during its meeting held on December 7, 2025: The SACSCOC Board of Trustees denied reaffirmation of accreditation, continued accreditation, and placed the institution on Warning. For twelve months for failure to comply with Core Requirement 13.1 (Financial Resources), Standard 5.4 (Qualified administrative/academic officers), Standard 13.3 (Financial responsibility).",active,2025-12-07,2025,,,DAPIP Institutional Accreditation Action,Heightened Monitoring or Focused Review,2026-06-07 21:15:29.67236,https://ope.ed.gov/dapip/#/institution-profile/133492,,133492,00293000,7,1,1,6,HM,6,29038,dapip_file_text,FALSE,monitoring_or_notice,public_action_code,C:/Users/mv3031/Desktop/Financial_Health_Project/Financial Health Tracker - For Github/data_pipelines/accreditation/cache/dapip/pdfs/133492_action-6_file-29038.pdf,C:/Users/mv3031/Desktop/Financial_Health_Project/Financial Health Tracker - For Github/data_pipelines/accreditation/cache/dapip/text/133492_action-6_file-29038.txt,pdf_body,"Denied reaffirmation and placed on warning for twelve months for failure to comply with Core Requirement 13.1 (Financial resources), Standard 5.4 (Qualified administrative/academic officers), and Standard 13.3 (Financial responsibility)"
198613,Guilford College,North Carolina,"Southern Association of Colleges and Schools, Commission on Colleges",removed,"Jean Bordewich President Guilford College 5800 West Friendly Avenue Greensboro, NC 27410 Dear President Bordewich: The following action regarding your institution was taken by the Board of Trustees of the Southern Association of Colleges and Schools Commission on Colleges (SACSCOC) during its meeting held on December 7, 2025: The SACSCOC Board of Trustees removed the institution from Probation for Good Cause.",resolved,2025-12-07,2025,,,DAPIP Institutional Accreditation Action,Removal of Monitoring Status,2026-06-07 21:15:30.069179,https://ope.ed.gov/dapip/#/institution-profile/133508,,133508,00293100,7,1,1,12,RM,9,28948,dapip_file_text,FALSE,removed,public_action_code,C:/Users/mv3031/Desktop/Financial_Health_Project/Financial Health Tracker - For Github/data_pipelines/accreditation/cache/dapip/pdfs/133508_action-12_file-28948.pdf,C:/Users/mv3031/Desktop/Financial_Health_Project/Financial Health Tracker - For Github/data_pipelines/accreditation/cache/dapip/text/133508_action-12_file-28948.txt,pdf_body,Removed from probation for good cause
198613,Guilford College,North Carolina,"Southern Association of Colleges and Schools, Commission on Colleges",show_cause,"Jean Bordewich Acting President Guilford College 5800 West Friendly Avenue Greensboro, NC 27410 Dear President Bordewich: The following action regarding your institution was taken by the Board of Trustees of the Southern Association of Colleges and Schools Commission on Colleges during its meeting held on December 8, 2024: The SACSCOC Board of Trustees reviewed a Third Monitoring Report, a Special Committee Report, and financial statements, continued accreditation, and continued the institution on Probation for Good Cause for twelve months for failure to comply with Core Requirement 13.1 (Financial resources) and Standard 13.3 (Financial responsibility) of the Principles of Accreditation. A Special Committee has been authorized to visit the institution to determine compliance with the standards cited above.",active,2024-12-08,2024,,,DAPIP Institutional Accreditation Action,Probation or Equivalent or a More Severe Status: Show Cause,2026-06-07 21:15:30.139577,https://ope.ed.gov/dapip/#/institution-profile/133508,,133508,00293100,7,1,1,4,SC,6,22479,dapip_file_text,FALSE,show_cause,public_action_code,C:/Users/mv3031/Desktop/Financial_Health_Project/Financial Health Tracker - For Github/data_pipelines/accreditation/cache/dapip/pdfs/133508_action-4_file-22479.pdf,C:/Users/mv3031/Desktop/Financial_Health_Project/Financial Health Tracker - For Github/data_pipelines/accreditation/cache/dapip/text/133508_action-4_file-22479.txt,pdf_body,Continued on probation for good cause for twelve months for failure to comply with Core Requirement 13.1 (Financial resources) and Standard 13.3 (Financial responsibility)
198613,Guilford College,North Carolina,"Southern Association of Colleges and Schools, Commission on Colleges",show_cause,"Farmbry: The following action regarding your institution was taken by the Board of Trustees of the Southern Association of Colleges and Schools Commission on Colleges (SACSCOC) during its meeting held on December 3, 2023: The SACSCOC Board of Trustees reviewed a Second Monitoring Report following action on a Special Report following receipt of unsolicited information from media sources.",active,2023-12-03,2023,,,DAPIP Institutional Accreditation Action,Probation or Equivalent or a More Severe Status: Show Cause,2026-06-07 21:15:30.282755,https://ope.ed.gov/dapip/#/institution-profile/133508,,133508,00293100,7,1,1,5,SC,6,22591,dapip_file_text,FALSE,show_cause,public_action_code,C:/Users/mv3031/Desktop/Financial_Health_Project/Financial Health Tracker - For Github/data_pipelines/accreditation/cache/dapip/pdfs/133508_action-5_file-22591.pdf,C:/Users/mv3031/Desktop/Financial_Health_Project/Financial Health Tracker - For Github/data_pipelines/accreditation/cache/dapip/text/133508_action-5_file-22591.txt,pdf_body,Placed on probation for failure to comply with Standard 13.3 (Financial responsibility)
198613,Guilford College,North Carolina,"Southern Association of Colleges and Schools, Commission on Colleges",probation,Probation or Equivalent or a More Severe Status: Probation,active,2023-12-03,2023,,,DAPIP Institutional Accreditation Action,Probation or Equivalent or a More Severe Status: Probation,2026-06-07 21:15:30.336896,https://ope.ed.gov/dapip/#/institution-profile/133508,,133508,00293100,7,1,1,3,P,6,0,dapip_action_description,FALSE,probation,public_action_code,,,raw_title,Placed on probation
198613,Guilford College,North Carolina,"Southern Association of Colleges and Schools, Commission on Colleges",notice,"Based only on those reviewed standards, the institution should submit a Referral Report due April 1, 2024, addressing the standard of the Principles'.",active,2023-06-14,2023,,,DAPIP Institutional Accreditation Action,Heightened Monitoring or Focused Review | Fifth Year Interim Review,2026-06-07 21:15:30.382876,https://ope.ed.gov/dapip/#/institution-profile/133508,,133508,00293100,7,1,1,11,HM,99,23206,dapip_file_text,FALSE,monitoring_or_notice,public_action_code,C:/Users/mv3031/Desktop/Financial_Health_Project/Financial Health Tracker - For Github/data_pipelines/accreditation/cache/dapip/pdfs/133508_action-11_file-23206.pdf,C:/Users/mv3031/Desktop/Financial_Health_Project/Financial Health Tracker - For Github/data_pipelines/accreditation/cache/dapip/text/133508_action-11_file-23206.txt,pdf_body,Requested to submit a Referral Report documenting compliance with accreditation standards
198613,Guilford College,North Carolina,"Southern Association of Colleges and Schools, Commission on Colleges",notice,"Farmbry: The following action regarding your institution was taken by the Board of Trustees of the Southern Association of Colleges and Schools Commission on Colleges (SACSCOC) during its meeting held on December 4, 2022: The SACSCOC Board ofTrustees reviewed the institution's First Monitoring Report following action on a Special Report following receipt of unsolicited information from media sources.",active,2022-12-04,2022,,,DAPIP Institutional Accreditation Action,Heightened Monitoring or Focused Review | Financial Responsibility,2026-06-07 21:15:30.453277,https://ope.ed.gov/dapip/#/institution-profile/133508,,133508,00293100,7,1,1,9,HM,99,23159,dapip_file_text,FALSE,monitoring_or_notice,public_action_code,C:/Users/mv3031/Desktop/Financial_Health_Project/Financial Health Tracker - For Github/data_pipelines/accreditation/cache/dapip/pdfs/133508_action-9_file-23159.pdf,C:/Users/mv3031/Desktop/Financial_Health_Project/Financial Health Tracker - For Github/data_pipelines/accreditation/cache/dapip/text/133508_action-9_file-23159.txt,pdf_body,Requested to Submit a Monitoring Report on Financial Responsibility
198613,Guilford College,North Carolina,"Southern Association of Colleges and Schools, Commission on Colleges",notice,"The institution is requested to submit a Monitoring Report due September 8, 2022, addressing the following referenced standard of the Principles of Accreditation: Standard 13.",active,2021-12-01,2021,,,DAPIP Institutional Accreditation Action,Heightened Monitoring or Focused Review | Financial Responsibility,2026-06-07 21:15:30.65875,https://ope.ed.gov/dapip/#/institution-profile/133508,,133508,00293100,7,1,1,6,HM,99,23156,dapip_file_text,FALSE,monitoring_or_notice,public_action_code,C:/Users/mv3031/Desktop/Financial_Health_Project/Financial Health Tracker - For Github/data_pipelines/accreditation/cache/dapip/pdfs/133508_action-6_file-23156.pdf,C:/Users/mv3031/Desktop/Financial_Health_Project/Financial Health Tracker - For Github/data_pipelines/accreditation/cache/dapip/text/133508_action-6_file-23156.txt,pdf_body,Requested to Submit a Monitoring Report on Financial Responsibility
198695,High Point University,North Carolina,"Southern Association of Colleges and Schools, Commission on Colleges",notice,"Qubein: The following action regarding your institution was taken by the Board of Trustees of the Southern Association of Colleges and Schools Commission on Colleges (SACSCOC) during its meeting held on June 13, 2024: The SACSCOC Board of Trustees reviewed the institution’s First Monitoring Report following submission of a Referral Report and recommended that the institution be continued on Warning for twelve months for failure to comply with Standard 8.2.a (Student outcomes: educational programs) of the Principles of Accreditation (Principles). A Special Committee was not authorized to visit the institution.",active,2024-06-13,2024,,,DAPIP Institutional Accreditation Action,Heightened Monitoring or Focused Review,2026-06-07 21:15:31.117808,https://ope.ed.gov/dapip/#/institution-profile/133562,,133562,00293300,7,1,1,19,HM,6,28128,dapip_file_text,FALSE,monitoring_or_notice,public_action_code,C:/Users/mv3031/Desktop/Financial_Health_Project/Financial Health Tracker - For Github/data_pipelines/accreditation/cache/dapip/pdfs/133562_action-19_file-28128.pdf,C:/Users/mv3031/Desktop/Financial_Health_Project/Financial Health Tracker - For Github/data_pipelines/accreditation/cache/dapip/text/133562_action-19_file-28128.txt,pdf_body,Continued on warning for twelve months for failure to comply with Standard 8.2.a (Student outcomes: educational programs)
198695,High Point University,North Carolina,"Southern Association of Colleges and Schools, Commission on Colleges",notice,"Qubein: The following action regarding your institution was taken by the Board of Trustees of the Southern Association of Colleges and Schools Commission on Colleges (SACSCOC) during its meeting held on June 15, 2023: The SACSCOC Board of Trustees reviewed the institution's Referral Report from the submission of a Fifth-Year Interim Report in June 2022 and recommended that the institution be placed on Warning for twelve months for failure to comply with Core Requirement 12.",active,2023-06-15,2023,,,DAPIP Institutional Accreditation Action,Heightened Monitoring or Focused Review,2026-06-07 21:15:31.261188,https://ope.ed.gov/dapip/#/institution-profile/133562,,133562,00293300,7,1,1,13,HM,6,24925,dapip_file_text,FALSE,monitoring_or_notice,public_action_code,C:/Users/mv3031/Desktop/Financial_Health_Project/Financial Health Tracker - For Github/data_pipelines/accreditation/cache/dapip/pdfs/133562_action-13_file-24925.pdf,C:/Users/mv3031/Desktop/Financial_Health_Project/Financial Health Tracker - For Github/data_pipelines/accreditation/cache/dapip/text/133562_action-13_file-24925.txt,pdf_body,"Recommended warning for twelve months for failure to comply with Core Requirement 12.1 (Student support services), Standard 8.2.a (Student outcomes: educational programs), and Standard 14.1 (Publication of accreditation status)"
198695,High Point University,North Carolina,"Southern Association of Colleges and Schools, Commission on Colleges",notice,"Based only on those reviewed standards, the institution should submit a Referral Report due April 3, 2023, addressingthe standards of the Principles identified below.",active,2022-06-16,2022,,,DAPIP Institutional Accreditation Action,Heightened Monitoring or Focused Review,2026-06-07 21:15:31.410266,https://ope.ed.gov/dapip/#/institution-profile/133562,,133562,00293300,7,1,1,17,HM,6,28126,dapip_file_text,FALSE,monitoring_or_notice,public_action_code,C:/Users/mv3031/Desktop/Financial_Health_Project/Financial Health Tracker - For Github/data_pipelines/accreditation/cache/dapip/pdfs/133562_action-17_file-28126.pdf,C:/Users/mv3031/Desktop/Financial_Health_Project/Financial Health Tracker - For Github/data_pipelines/accreditation/cache/dapip/text/133562_action-17_file-28126.txt,pdf_body,Requested to submit a Referral Report documenting compliance with accreditation standards
198756,Johnson C Smith University,North Carolina,"Southern Association of Colleges and Schools, Commission on Colleges",show_cause,Kinloch: Thank you for submitting the following substantive change: Substantive change: Institutional Contingency Teach-out Submission date: 71412025 Intended Implementation date: 6/1212026 Case ID: SC032630 Background The institution submitted an institutional contingency teach-out plan as required by the SACSCOC Substantive Change Policy and Procedures.,active,2025-09-26,2025,,,DAPIP Institutional Accreditation Action,Probation or Equivalent or a More Severe Status: Show Cause | Institutional Contingency Teach Out,2026-06-07 21:15:32.088607,https://ope.ed.gov/dapip/#/institution-profile/133605,,133605,00293600,7,1,1,16,SC,99,23174,dapip_file_text,FALSE,show_cause,public_action_code,C:/Users/mv3031/Desktop/Financial_Health_Project/Financial Health Tracker - For Github/data_pipelines/accreditation/cache/dapip/pdfs/133605_action-16_file-23174.pdf,C:/Users/mv3031/Desktop/Financial_Health_Project/Financial Health Tracker - For Github/data_pipelines/accreditation/cache/dapip/text/133605_action-16_file-23174.txt,pdf_body,Submitted institutional contingency teach-out plan required by SACSCOC
198756,Johnson C Smith University,North Carolina,"Southern Association of Colleges and Schools, Commission on Colleges",notice,Heightened Monitoring or Focused Review,active,2025-06-26,2025,,,DAPIP Institutional Accreditation Action,Heightened Monitoring or Focused Review,2026-06-07 21:15:32.140106,https://ope.ed.gov/dapip/#/institution-profile/133605,,133605,00293600,7,1,1,11,HM,6,0,dapip_action_description,FALSE,monitoring_or_notice,public_action_code,,,raw_title,Heightened monitoring or focused review
198756,Johnson C Smith University,North Carolina,"Southern Association of Colleges and Schools, Commission on Colleges",show_cause,Probation or Equivalent or a More Severe Status: Show Cause,active,2025-06-26,2025,,,DAPIP Institutional Accreditation Action,Probation or Equivalent or a More Severe Status: Show Cause,2026-06-07 21:15:32.177464,https://ope.ed.gov/dapip/#/institution-profile/133605,,133605,00293600,7,1,1,12,SC,4,0,dapip_action_description,FALSE,show_cause,public_action_code,,,raw_title,Asked to show cause
198756,Johnson C Smith University,North Carolina,"Southern Association of Colleges and Schools, Commission on Colleges",show_cause,Probation or Equivalent or a More Severe Status: Show Cause,active,2025-06-26,2025,,,DAPIP Institutional Accreditation Action,Probation or Equivalent or a More Severe Status: Show Cause,2026-06-07 21:15:32.206368,https://ope.ed.gov/dapip/#/institution-profile/133605,,133605,00293600,7,1,1,13,SC,4,0,dapip_action_description,FALSE,show_cause,public_action_code,,,raw_title,Asked to show cause
198756,Johnson C Smith University,North Carolina,"Southern Association of Colleges and Schools, Commission on Colleges",show_cause,Probation or Equivalent or a More Severe Status: Show Cause,active,2025-06-26,2025,,,DAPIP Institutional Accreditation Action,Probation or Equivalent or a More Severe Status: Show Cause,2026-06-07 21:15:32.241308,https://ope.ed.gov/dapip/#/institution-profile/133605,,133605,00293600,7,1,1,14,SC,4,0,dapip_action_description,FALSE,show_cause,public_action_code,,,raw_title,Asked to show cause
198756,Johnson C Smith University,North Carolina,"Southern Association of Colleges and Schools, Commission on Colleges",show_cause,Probation or Equivalent or a More Severe Status: Show Cause,active,2025-06-26,2025,,,DAPIP Institutional Accreditation Action,Probation or Equivalent or a More Severe Status: Show Cause,2026-06-07 21:15:32.281867,https://ope.ed.gov/dapip/#/institution-profile/133605,,133605,00293600,7,1,1,15,SC,4,0,dapip_action_description,FALSE,show_cause,public_action_code,,,raw_title,Asked to show cause
198756,Johnson C Smith University,North Carolina,"Southern Association of Colleges and Schools, Commission on Colleges",show_cause,"Kinloch: The following action regarding your institution was taken by the Board of Trustees of the Southern Association of Colleges and Schools Commission on Colleges during its meeting held on June 12, 2025: The SACSCOC Board of Trustees reviewed the institution’s Second Monitoring Report, continued accreditation, and placed the institution on Probation for Good Cause for twelve months for failure to comply with Standard 1 3.3 (Financial responsibility), Standard 13.4 (Control of finances), Standard 13.5 (Control of sponsored research/external funds), and Standard 13.6 (Federal and state responsibilities) of the Principles of Accreditation. A Special Committee has been authorized to visit the institution to determine compliance with the standards cited above.",active,2025-06-12,2025,,,DAPIP Institutional Accreditation Action,Probation or Equivalent or a More Severe Status: Show Cause,2026-06-07 21:15:32.339381,https://ope.ed.gov/dapip/#/institution-profile/133605,,133605,00293600,7,1,1,8,SC,6,22472,dapip_file_text,FALSE,show_cause,public_action_code,C:/Users/mv3031/Desktop/Financial_Health_Project/Financial Health Tracker - For Github/data_pipelines/accreditation/cache/dapip/pdfs/133605_action-8_file-22472.pdf,C:/Users/mv3031/Desktop/Financial_Health_Project/Financial Health Tracker - For Github/data_pipelines/accreditation/cache/dapip/text/133605_action-8_file-22472.txt,pdf_body,"Placed on probation for good cause for twelve months for failure to comply with Standard 13.4 (Control of finances), Standard 13.5 (Control of sponsored research/external funds), and Standard 13.6 (Federal and state responsibilities)"
198756,Johnson C Smith University,North Carolina,"Southern Association of Colleges and Schools, Commission on Colleges",notice,Heightened Monitoring or Focused Review,active,2024-07-01,2024,,,DAPIP Institutional Accreditation Action,Heightened Monitoring or Focused Review,2026-06-07 21:15:32.416841,https://ope.ed.gov/dapip/#/institution-profile/133605,,133605,00293600,7,1,1,10,HM,6,23173,dapip_action_description,FALSE,monitoring_or_notice,public_action_code,C:/Users/mv3031/Desktop/Financial_Health_Project/Financial Health Tracker - For Github/data_pipelines/accreditation/cache/dapip/pdfs/133605_action-10_file-23173.pdf,C:/Users/mv3031/Desktop/Financial_Health_Project/Financial Health Tracker - For Github/data_pipelines/accreditation/cache/dapip/text/133605_action-10_file-23173.txt,raw_title,Heightened monitoring or focused review
198756,Johnson C Smith University,North Carolina,"Southern Association of Colleges and Schools, Commission on Colleges",notice,"The institution is requested to submit a Monitoring Report due April 1, 2024, addressingthe following referenced standard of the Principles of Accreditation: Standard 13.",active,2023-06-29,2023,,,DAPIP Institutional Accreditation Action,Heightened Monitoring or Focused Review,2026-06-07 21:15:32.478952,https://ope.ed.gov/dapip/#/institution-profile/133605,,133605,00293600,7,1,1,9,HM,6,23172,dapip_file_text,FALSE,monitoring_or_notice,public_action_code,C:/Users/mv3031/Desktop/Financial_Health_Project/Financial Health Tracker - For Github/data_pipelines/accreditation/cache/dapip/pdfs/133605_action-9_file-23172.pdf,C:/Users/mv3031/Desktop/Financial_Health_Project/Financial Health Tracker - For Github/data_pipelines/accreditation/cache/dapip/text/133605_action-9_file-23172.txt,pdf_body,Requested to Submit a Monitoring Report on Financial Responsibility
198756,Johnson C Smith University,North Carolina,"Southern Association of Colleges and Schools, Commission on Colleges",notice,Heightened Monitoring or Focused Review,active,2023-06-15,2023,,,DAPIP Institutional Accreditation Action,Heightened Monitoring or Focused Review,2026-06-07 21:15:32.527389,https://ope.ed.gov/dapip/#/institution-profile/133605,,133605,00293600,7,1,1,6,HM,6,0,dapip_action_description,FALSE,monitoring_or_notice,public_action_code,,,raw_title,Heightened monitoring or focused review
198835,Lenoir-Rhyne University,North Carolina,"Southern Association of Colleges and Schools, Commission on Colleges",notice,"Based only on those reviewed standards, the institution should submit a Referral Report due April 1, 2025, addressing the standards of the Principles identified below.",active,2024-04-26,2024,,,DAPIP Institutional Accreditation Action,Heightened Monitoring or Focused Review,2026-06-07 21:15:33.926438,https://ope.ed.gov/dapip/#/institution-profile/133641,,133641,00294100,7,1,1,5,HM,6,25456,dapip_file_text,FALSE,monitoring_or_notice,public_action_code,C:/Users/mv3031/Desktop/Financial_Health_Project/Financial Health Tracker - For Github/data_pipelines/accreditation/cache/dapip/pdfs/133641_action-5_file-25456.pdf,C:/Users/mv3031/Desktop/Financial_Health_Project/Financial Health Tracker - For Github/data_pipelines/accreditation/cache/dapip/text/133641_action-5_file-25456.txt,pdf_body,Requested to submit a Referral Report documenting compliance with accreditation standards
198950,Meredith College,North Carolina,"Southern Association of Colleges and Schools, Commission on Colleges",notice,Heightened Monitoring or Focused Review,active,2023-12-03,2023,,,DAPIP Institutional Accreditation Action,Heightened Monitoring or Focused Review,2026-06-07 21:15:35.628507,https://ope.ed.gov/dapip/#/institution-profile/133739,,133739,00294500,7,1,1,9,HM,6,28167,dapip_action_description,FALSE,monitoring_or_notice,public_action_code,C:/Users/mv3031/Desktop/Financial_Health_Project/Financial Health Tracker - For Github/data_pipelines/accreditation/cache/dapip/pdfs/133739_action-9_file-28167.pdf,C:/Users/mv3031/Desktop/Financial_Health_Project/Financial Health Tracker - For Github/data_pipelines/accreditation/cache/dapip/text/133739_action-9_file-28167.txt,raw_title,Heightened monitoring or focused review
198950,Meredith College,North Carolina,"Southern Association of Colleges and Schools, Commission on Colleges",notice,Heightened Monitoring or Focused Review,active,2022-12-04,2022,,,DAPIP Institutional Accreditation Action,Heightened Monitoring or Focused Review,2026-06-07 21:15:35.765764,https://ope.ed.gov/dapip/#/institution-profile/133739,,133739,00294500,7,1,1,8,HM,6,28166,dapip_action_description,FALSE,monitoring_or_notice,public_action_code,C:/Users/mv3031/Desktop/Financial_Health_Project/Financial Health Tracker - For Github/data_pipelines/accreditation/cache/dapip/pdfs/133739_action-8_file-28166.pdf,C:/Users/mv3031/Desktop/Financial_Health_Project/Financial Health Tracker - For Github/data_pipelines/accreditation/cache/dapip/text/133739_action-8_file-28166.txt,raw_title,Heightened monitoring or focused review
198969,Methodist University,North Carolina,"Southern Association of Colleges and Schools, Commission on Colleges",notice,"Based only on those reviewed standards, the institution is requested to submit a Referral Report due April 1, 2026, addressing the following referenced standard(s) of the Principles: Standard 6.2.c (Program coordination) For each of its educational programs, this standard expects an institution to assign appropriate responsibility for program coordination.",active,2025-04-25,2025,,,DAPIP Institutional Accreditation Action,Heightened Monitoring or Focused Review,2026-06-07 21:15:36.394441,https://ope.ed.gov/dapip/#/institution-profile/133748,,133748,00294600,7,1,1,12,HM,6,29464,dapip_file_text,FALSE,monitoring_or_notice,public_action_code,C:/Users/mv3031/Desktop/Financial_Health_Project/Financial Health Tracker - For Github/data_pipelines/accreditation/cache/dapip/pdfs/133748_action-12_file-29464.pdf,C:/Users/mv3031/Desktop/Financial_Health_Project/Financial Health Tracker - For Github/data_pipelines/accreditation/cache/dapip/text/133748_action-12_file-29464.txt,pdf_body,Requested Referral Report on Program coordination
199032,Montreat College,North Carolina,"Southern Association of Colleges and Schools, Commission on Colleges",removed,Accreditation Reaffirmed:  Warning Removed,resolved,2021-12-02,2021,,,DAPIP Institutional Accreditation Action,Accreditation Reaffirmed: Warning Removed,2026-06-07 21:15:37.257823,https://ope.ed.gov/dapip/#/institution-profile/133809,,133809,00294800,7,1,1,4,WR,10,0,dapip_action_description,FALSE,removed,public_action_code,,,raw_title,Warning removed
199032,Montreat College,North Carolina,"Southern Association of Colleges and Schools, Commission on Colleges",removed,"Maurer: Thefollowing action regardingyourinstitution wastaken bythe BoardofTrustees ofthe Southern Association ofColleges and Schools Commission on Colleges (SACSCOC) durina its meeting held on December 4, 2020: The Board ofTrustees denied reaffirmation, continued accreditation, and placed the institution on Warning for 12 months for failure to comply with Core Requirement (CR) 13.",resolved,2021-12-01,2021,,,DAPIP Institutional Accreditation Action,Removal of Monitoring Status,2026-06-07 21:15:37.42221,https://ope.ed.gov/dapip/#/institution-profile/133809,,133809,00294800,7,1,1,9,RM,9,25029,dapip_file_text,FALSE,removed,public_action_code,C:/Users/mv3031/Desktop/Financial_Health_Project/Financial Health Tracker - For Github/data_pipelines/accreditation/cache/dapip/pdfs/133809_action-9_file-25029.pdf,C:/Users/mv3031/Desktop/Financial_Health_Project/Financial Health Tracker - For Github/data_pipelines/accreditation/cache/dapip/text/133809_action-9_file-25029.txt,pdf_body,"Denied reaffirmation, continued accreditation, and placed the institution on warning for 12 months"
199032,Montreat College,North Carolina,"Southern Association of Colleges and Schools, Commission on Colleges",notice,Heightened Monitoring or Focused Review,active,2021-12-01,2021,,,DAPIP Institutional Accreditation Action,Heightened Monitoring or Focused Review,2026-06-07 21:15:37.482935,https://ope.ed.gov/dapip/#/institution-profile/133809,,133809,00294800,7,1,1,12,HM,9,28449,dapip_action_description,FALSE,monitoring_or_notice,public_action_code,C:/Users/mv3031/Desktop/Financial_Health_Project/Financial Health Tracker - For Github/data_pipelines/accreditation/cache/dapip/pdfs/133809_action-12_file-28449.pdf,C:/Users/mv3031/Desktop/Financial_Health_Project/Financial Health Tracker - For Github/data_pipelines/accreditation/cache/dapip/text/133809_action-12_file-28449.txt,raw_title,Heightened monitoring or focused review
199069,University of Mount Olive,North Carolina,"Southern Association of Colleges and Schools, Commission on Colleges",notice,"Croom: The following action regarding your institution was taken by the Board of Trustees of the Southern Association of Colleges and Schools Commission on Colleges (SACSCOC) during its meeting held on December 4, 2022: The SACSCOC Board of Trustees reaffirmed accreditation and removed the institution from Warning following review of a Monitoring Report and financial statements.",active,2022-12-04,2022,,,DAPIP Institutional Accreditation Action,Heightened Monitoring or Focused Review,2026-06-07 21:15:37.99627,https://ope.ed.gov/dapip/#/institution-profile/133827,,133827,00294900,7,1,1,16,HM,9,27732,dapip_file_text,FALSE,monitoring_or_notice,public_action_code,C:/Users/mv3031/Desktop/Financial_Health_Project/Financial Health Tracker - For Github/data_pipelines/accreditation/cache/dapip/pdfs/133827_action-16_file-27732.pdf,C:/Users/mv3031/Desktop/Financial_Health_Project/Financial Health Tracker - For Github/data_pipelines/accreditation/cache/dapip/text/133827_action-16_file-27732.txt,pdf_body,Removed from warning
199069,University of Mount Olive,North Carolina,"Southern Association of Colleges and Schools, Commission on Colleges",notice,Heightened Monitoring or Focused Review,active,2021-12-01,2021,,,DAPIP Institutional Accreditation Action,Heightened Monitoring or Focused Review,2026-06-07 21:15:38.163156,https://ope.ed.gov/dapip/#/institution-profile/133827,,133827,00294900,7,1,1,13,HM,6,27726,dapip_action_description,FALSE,monitoring_or_notice,public_action_code,C:/Users/mv3031/Desktop/Financial_Health_Project/Financial Health Tracker - For Github/data_pipelines/accreditation/cache/dapip/pdfs/133827_action-13_file-27726.pdf,C:/Users/mv3031/Desktop/Financial_Health_Project/Financial Health Tracker - For Github/data_pipelines/accreditation/cache/dapip/text/133827_action-13_file-27726.txt,raw_title,Heightened monitoring or focused review
199157,North Carolina Central University,North Carolina,"Southern Association of Colleges and Schools, Commission on Colleges",notice,"Based only on those reviewed standards, the institution is requested to submit a Referral Report due April 1, 2026, addressing the standards of the Principles identified below.",active,2025-04-25,2025,,,DAPIP Institutional Accreditation Action,Heightened Monitoring or Focused Review,2026-06-07 21:15:41.761065,https://ope.ed.gov/dapip/#/institution-profile/133906,,133906,00295000,7,1,1,4,HM,6,26030,dapip_file_text,FALSE,monitoring_or_notice,public_action_code,C:/Users/mv3031/Desktop/Financial_Health_Project/Financial Health Tracker - For Github/data_pipelines/accreditation/cache/dapip/pdfs/133906_action-4_file-26030.pdf,C:/Users/mv3031/Desktop/Financial_Health_Project/Financial Health Tracker - For Github/data_pipelines/accreditation/cache/dapip/text/133906_action-4_file-26030.txt,pdf_body,Requested to submit a Referral Report documenting compliance with accreditation standards
199157,North Carolina Central University,North Carolina,"Southern Association of Colleges and Schools, Commission on Colleges",notice,"Based only on those reviewed standards, the institution is requested to submit a Referral Report due April 1, 2026, addressing the standards of the Principles identified below.",active,2025-04-25,2025,,,DAPIP Institutional Accreditation Action,Heightened Monitoring or Focused Review,2026-06-07 21:15:41.828923,https://ope.ed.gov/dapip/#/institution-profile/133906,,133906,00295000,7,1,1,5,HM,6,28391,dapip_file_text,FALSE,monitoring_or_notice,public_action_code,C:/Users/mv3031/Desktop/Financial_Health_Project/Financial Health Tracker - For Github/data_pipelines/accreditation/cache/dapip/pdfs/133906_action-5_file-28391.pdf,C:/Users/mv3031/Desktop/Financial_Health_Project/Financial Health Tracker - For Github/data_pipelines/accreditation/cache/dapip/text/133906_action-5_file-28391.txt,pdf_body,Requested to submit a Referral Report documenting compliance with accreditation standards
199184,University of North Carolina School of the Arts,North Carolina,"Southern Association of Colleges and Schools, Commission on Colleges",notice,"Brian Cole Chancellor University of North Carolina School of the Arts 1533 South Main Street Winston-Salem, NC 27127-2188 Dear Chancellor Cole: The following action regarding your institution was taken by the Board of Trustees of the Southern Association of Colleges and Schools Commission on Colleges (SACSCOC) during its meeting held on June 15, 2023: The SACSCOC Board ofTrustess reviewed the institution's Referral Report following submission of its Fifth-Year Interim Report in June 2022 and requested a Monitoring Report due April 1, 2024, addressing the following referenced standards of the Principles of Accreditation: Standard 7.",active,2023-06-15,2023,,,DAPIP Institutional Accreditation Action,Heightened Monitoring or Focused Review,2026-06-07 21:15:42.390677,https://ope.ed.gov/dapip/#/institution-profile/133924,,133924,00398100,7,1,1,4,HM,6,27785,dapip_file_text,FALSE,monitoring_or_notice,public_action_code,C:/Users/mv3031/Desktop/Financial_Health_Project/Financial Health Tracker - For Github/data_pipelines/accreditation/cache/dapip/pdfs/133924_action-4_file-27785.pdf,C:/Users/mv3031/Desktop/Financial_Health_Project/Financial Health Tracker - For Github/data_pipelines/accreditation/cache/dapip/text/133924_action-4_file-27785.txt,pdf_body,Requested to Submit a Monitoring Report on A
199184,University of North Carolina School of the Arts,North Carolina,"Southern Association of Colleges and Schools, Commission on Colleges",notice,"Brian Cole Chancellor University of North Carolina School of the Arts 1533 South Main Street Winston-Salem, NC 27127-2188 Dear Chancellor Cole: The Southern Association of Colleges and Schools Commission on Colleges (SACSCOC) Committee on Fifth-Year Interim Reports reviewed the institution's compliance with select standards of the Principles of Accreditation (Principles) outlined in the SACSCOC Fifth-Year Interim Report, Based only on those reviewed standards, the institution should submit a Referral Report due April 3, 2023, addressing the standards of the Principles identified below.",active,2022-06-16,2022,,,DAPIP Institutional Accreditation Action,Heightened Monitoring or Focused Review,2026-06-07 21:15:42.467189,https://ope.ed.gov/dapip/#/institution-profile/133924,,133924,00398100,7,1,1,5,HM,6,27788,dapip_file_text,FALSE,monitoring_or_notice,public_action_code,C:/Users/mv3031/Desktop/Financial_Health_Project/Financial Health Tracker - For Github/data_pipelines/accreditation/cache/dapip/pdfs/133924_action-5_file-27788.pdf,C:/Users/mv3031/Desktop/Financial_Health_Project/Financial Health Tracker - For Github/data_pipelines/accreditation/cache/dapip/text/133924_action-5_file-27788.txt,pdf_body,Requested to submit a Referral Report documenting compliance with accreditation standards
199209,North Carolina Wesleyan University,North Carolina,"Southern Association of Colleges and Schools, Commission on Colleges",removed,Accreditation Reaffirmed:  Warning Removed,resolved,2021-12-02,2021,,,DAPIP Institutional Accreditation Action,Accreditation Reaffirmed: Warning Removed,2026-06-07 21:15:43.676728,https://ope.ed.gov/dapip/#/institution-profile/133942,,133942,00295100,7,1,1,4,WR,10,0,dapip_action_description,FALSE,removed,public_action_code,,,raw_title,Warning removed
199209,North Carolina Wesleyan University,North Carolina,"Southern Association of Colleges and Schools, Commission on Colleges",removed,Accreditation Reaffirmed:  Warning Removed,resolved,2021-12-01,2021,,,DAPIP Institutional Accreditation Action,Accreditation Reaffirmed: Warning Removed,2026-06-07 21:15:43.717999,https://ope.ed.gov/dapip/#/institution-profile/133942,,133942,00295100,7,1,1,5,WR,10,26035,dapip_action_description,FALSE,removed,public_action_code,C:/Users/mv3031/Desktop/Financial_Health_Project/Financial Health Tracker - For Github/data_pipelines/accreditation/cache/dapip/pdfs/133942_action-5_file-26035.pdf,C:/Users/mv3031/Desktop/Financial_Health_Project/Financial Health Tracker - For Github/data_pipelines/accreditation/cache/dapip/text/133942_action-5_file-26035.txt,raw_title,Warning removed
199306,Pfeiffer University,North Carolina,"Southern Association of Colleges and Schools, Commission on Colleges",warning,"Department of Education indicating the institutions federal composite score failed to meet the standards for financial responsibility for fiscal year ended June 30, 2023, and placed the institution on Warning for twelve (12) months for faure to comply with Standard 13.1 (Financial resources) and Standard 13.3 (Financial responsibility) of the Principles of Accreditation (Principles).",active,2025-06-12,2025,,,DAPIP Institutional Accreditation Action,Probation or Equivalent or a More Severe Status: Warning,2026-06-07 21:15:46.793818,https://ope.ed.gov/dapip/#/institution-profile/133997,,133997,00295500,7,1,1,12,PW,6,22468,dapip_file_text,FALSE,warning,public_action_code,C:/Users/mv3031/Desktop/Financial_Health_Project/Financial Health Tracker - For Github/data_pipelines/accreditation/cache/dapip/pdfs/133997_action-12_file-22468.pdf,C:/Users/mv3031/Desktop/Financial_Health_Project/Financial Health Tracker - For Github/data_pipelines/accreditation/cache/dapip/text/133997_action-12_file-22468.txt,pdf_body,Placed on warning for twelve (12) months for failure to comply with Standard 13.1 (Financial resources) and Standard 13.3 (Financial responsibility)
199306,Pfeiffer University,North Carolina,"Southern Association of Colleges and Schools, Commission on Colleges",notice,"Department of Education indicating the institutions federal composite score failed to meet the standards for financial responsibility for fiscal year ended June 30, 2023, and placed the institution on Warning for twelve (12) months for failure to comply with Standard 13.1 (Financial resources) and Standard 13.3 (Financial responsibility) of the Principles of Accreditation (Principles).",active,2025-06-12,2025,,,DAPIP Institutional Accreditation Action,Heightened Monitoring or Focused Review,2026-06-07 21:15:46.857009,https://ope.ed.gov/dapip/#/institution-profile/133997,,133997,00295500,7,1,1,17,HM,7,23227,dapip_file_text,FALSE,monitoring_or_notice,public_action_code,C:/Users/mv3031/Desktop/Financial_Health_Project/Financial Health Tracker - For Github/data_pipelines/accreditation/cache/dapip/pdfs/133997_action-17_file-23227.pdf,C:/Users/mv3031/Desktop/Financial_Health_Project/Financial Health Tracker - For Github/data_pipelines/accreditation/cache/dapip/text/133997_action-17_file-23227.txt,pdf_body,Placed on warning for twelve (12) months for failure to comply with Standard 13.1 (Financial resources) and Standard 13.3 (Financial responsibility)
199306,Pfeiffer University,North Carolina,"Southern Association of Colleges and Schools, Commission on Colleges",removed,Removal of Monitoring Status,resolved,2022-06-16,2022,,,DAPIP Institutional Accreditation Action,Removal of Monitoring Status,2026-06-07 21:15:47.117852,https://ope.ed.gov/dapip/#/institution-profile/133997,,133997,00295500,7,1,1,7,RM,10,0,dapip_action_description,FALSE,removed,public_action_code,,,raw_title,Removal of Monitoring Status
199306,Pfeiffer University,North Carolina,"Southern Association of Colleges and Schools, Commission on Colleges",removed,"Bullard: The following action regarding your institution was taken by the Board of Trustees of the Southern Association of Colleges and Schools Commission on Colleges (SACSCOC) during its meeting held on June 16, 2022: The SACSCOC Board of Trustees reviewed the institution's Fourth Monitoring Report, Good Cause Statement, Special Committee Report, and financial statements, and removed the institution from Probation.",resolved,2022-06-16,2022,,,DAPIP Institutional Accreditation Action,Removal of Monitoring Status,2026-06-07 21:15:47.171446,https://ope.ed.gov/dapip/#/institution-profile/133997,,133997,00295500,7,1,1,14,RM,10,23224,dapip_file_text,FALSE,removed,public_action_code,C:/Users/mv3031/Desktop/Financial_Health_Project/Financial Health Tracker - For Github/data_pipelines/accreditation/cache/dapip/pdfs/133997_action-14_file-23224.pdf,C:/Users/mv3031/Desktop/Financial_Health_Project/Financial Health Tracker - For Github/data_pipelines/accreditation/cache/dapip/text/133997_action-14_file-23224.txt,pdf_body,Removed from probation
199306,Pfeiffer University,North Carolina,"Southern Association of Colleges and Schools, Commission on Colleges",removed,Accreditation Reaffirmed:  Warning Removed,resolved,2022-06-05,2022,,,DAPIP Institutional Accreditation Action,Accreditation Reaffirmed: Warning Removed,2026-06-07 21:15:47.220544,https://ope.ed.gov/dapip/#/institution-profile/133997,,133997,00295500,7,1,1,8,WR,10,0,dapip_action_description,FALSE,removed,public_action_code,,,raw_title,Warning removed
199306,Pfeiffer University,North Carolina,"Southern Association of Colleges and Schools, Commission on Colleges",removed,Accreditation Reaffirmed: Probation Removed,resolved,2022-06-05,2022,,,DAPIP Institutional Accreditation Action,Accreditation Reaffirmed: Probation Removed,2026-06-07 21:15:47.252742,https://ope.ed.gov/dapip/#/institution-profile/133997,,133997,00295500,7,1,1,9,PR,10,0,dapip_action_description,FALSE,removed,public_action_code,,,raw_title,Probation removed
199306,Pfeiffer University,North Carolina,"Southern Association of Colleges and Schools, Commission on Colleges",probation,Probation or Equivalent or a More Severe Status: Probation,active,2021-06-17,2021,,,DAPIP Institutional Accreditation Action,Probation or Equivalent or a More Severe Status: Probation,2026-06-07 21:15:47.382416,https://ope.ed.gov/dapip/#/institution-profile/133997,,133997,00295500,7,1,1,4,P,6,0,dapip_action_description,FALSE,probation,public_action_code,,,raw_title,Placed on probation
199306,Pfeiffer University,North Carolina,"Southern Association of Colleges and Schools, Commission on Colleges",probation,Probation or Equivalent or a More Severe Status: Probation,active,2021-06-17,2021,,,DAPIP Institutional Accreditation Action,Probation or Equivalent or a More Severe Status: Probation,2026-06-07 21:15:47.422284,https://ope.ed.gov/dapip/#/institution-profile/133997,,133997,00295500,7,1,1,5,P,6,0,dapip_action_description,FALSE,probation,public_action_code,,,raw_title,Placed on probation
199306,Pfeiffer University,North Carolina,"Southern Association of Colleges and Schools, Commission on Colleges",warning,Probation or Equivalent or a More Severe Status: Warning,active,2020-09-03,2020,,,DAPIP Institutional Accreditation Action,Probation or Equivalent or a More Severe Status: Warning,2026-06-07 21:15:47.478914,https://ope.ed.gov/dapip/#/institution-profile/133997,,133997,00295500,7,1,1,3,PW,6,0,dapip_action_description,FALSE,warning,public_action_code,,,raw_title,Placed on warning
199306,Pfeiffer University,North Carolina,"Southern Association of Colleges and Schools, Commission on Colleges",warning,Probation or Equivalent or a More Severe Status: Warning,active,2019-12-08,2019,,,DAPIP Institutional Accreditation Action,Probation or Equivalent or a More Severe Status: Warning,2026-06-07 21:15:47.524867,https://ope.ed.gov/dapip/#/institution-profile/133997,,133997,00295500,7,1,1,2,PW,3,0,dapip_action_description,FALSE,warning,public_action_code,,,raw_title,Placed on warning
199582,Saint Augustine's University,North Carolina,"Southern Association of Colleges and Schools, Commission on Colleges",adverse_action,Loss of Accreditation or Preaccreditation: Other,active,2026-05-22,2026,,,DAPIP Institutional Accreditation Action,"Loss of Accreditation or Preaccreditation: Other | May 22, 2026 Lawsuit against SACSCCOC was formally dismissed by the US District Court for Northern District of GA Atlanta Division. The institution was removed from membership effective on this date.",2026-06-07 21:15:49.773127,https://ope.ed.gov/dapip/#/institution-profile/134130,,134130,00296800,7,1,1,35,LO,99,0,dapip_action_description,FALSE,withdrawal_or_loss,public_action_code,,,raw_title,Loss of Accreditation
199582,Saint Augustine's University,North Carolina,"Southern Association of Colleges and Schools, Commission on Colleges",show_cause,"Southern Association of Colleges and Schools Commission on Colleges (SACSCOC) http://www.sacscoc.org Disclosure Statement Regarding the Status of SAINT AUGUSTINE’S UNIVERSITY Raleigh, North Carolina Issued August 18, 2025 The following publicly available information is provided by the Southern Association of Colleges and Schools Commission on Colleges (SACSCOC) concerning the accreditation of Saint Augustine’s University (SAU).",active,2025-08-18,2025,,,DAPIP Institutional Accreditation Action,Probation or Equivalent or a More Severe Status: Show Cause | Saint Augustine's University was granted a restraining order and temporary injunction for its probationary accreditation status to be reinstated pending outcome of litigation against its institutional accrediting body. Next review date is currently unknown but estimated one year from effective date of court order.,2026-06-07 21:15:49.814383,https://ope.ed.gov/dapip/#/institution-profile/134130,,134130,00296800,7,1,1,19,SC,99,23119,dapip_file_text,FALSE,show_cause,public_action_code,C:/Users/mv3031/Desktop/Financial_Health_Project/Financial Health Tracker - For Github/data_pipelines/accreditation/cache/dapip/pdfs/134130_action-19_file-23119.pdf,C:/Users/mv3031/Desktop/Financial_Health_Project/Financial Health Tracker - For Github/data_pipelines/accreditation/cache/dapip/text/134130_action-19_file-23119.txt,pdf_body,Accreditation on probation was reinstated pending litigation after a temporary restraining order and preliminary injunction.
199582,Saint Augustine's University,North Carolina,"Southern Association of Colleges and Schools, Commission on Colleges",adverse_action,of the Southern Association of Colleges and Schools Commission on Colleges (SACSCOC) Board of Trustees reviewed Saint Augustine’s University’s Fifth Monitoring Report.,active,2025-07-14,2025,,,DAPIP Institutional Accreditation Action,Loss of Accreditation or Preaccreditation: Denial,2026-06-07 21:15:49.862786,https://ope.ed.gov/dapip/#/institution-profile/134130,,134130,00296800,7,1,1,11,LD,1,22352,dapip_file_text,FALSE,withdrawal_or_loss,public_action_code,C:/Users/mv3031/Desktop/Financial_Health_Project/Financial Health Tracker - For Github/data_pipelines/accreditation/cache/dapip/pdfs/134130_action-11_file-22352.pdf,C:/Users/mv3031/Desktop/Financial_Health_Project/Financial Health Tracker - For Github/data_pipelines/accreditation/cache/dapip/text/134130_action-11_file-22352.txt,pdf_body,Of the Southern Association of Colleges and Schools Commission on Colleges (SACSCOC) Board of Trustees reviewed Saint Augustine’s University’s Fifth Monitoring Report.
199582,Saint Augustine's University,North Carolina,"Southern Association of Colleges and Schools, Commission on Colleges",adverse_action,Affirm Denial Following Appeal,active,2025-02-27,2025,,,DAPIP Institutional Accreditation Action,Affirm Denial Following Appeal,2026-06-07 21:15:49.920682,https://ope.ed.gov/dapip/#/institution-profile/134130,,134130,00296800,7,1,1,20,AD,1,23141,dapip_action_description,FALSE,withdrawal_or_loss,public_action_code,C:/Users/mv3031/Desktop/Financial_Health_Project/Financial Health Tracker - For Github/data_pipelines/accreditation/cache/dapip/pdfs/134130_action-20_file-23141.pdf,C:/Users/mv3031/Desktop/Financial_Health_Project/Financial Health Tracker - For Github/data_pipelines/accreditation/cache/dapip/text/134130_action-20_file-23141.txt,raw_title,Affirm Denial Following Appeal
199582,Saint Augustine's University,North Carolina,"Southern Association of Colleges and Schools, Commission on Colleges",adverse_action,"Burgess: At its meeting on December 7, 2024, the Committee on Compliance and Reports, Group C, of the Southern Association of Colleges and Schools Commission on Colleges (SACSCOC) Board of Trustees reviewed Saint Augustine’s University’s Fifth Monitoring Report, financial statements, the Report of a Special Committee, and the institution’s response to that Report.",active,2024-12-07,2024,,,DAPIP Institutional Accreditation Action,Loss of Accreditation or Preaccreditation: Other,2026-06-07 21:15:49.973425,https://ope.ed.gov/dapip/#/institution-profile/134130,,134130,00296800,7,1,1,21,LO,1,23142,dapip_file_text,FALSE,withdrawal_or_loss,public_action_code,C:/Users/mv3031/Desktop/Financial_Health_Project/Financial Health Tracker - For Github/data_pipelines/accreditation/cache/dapip/pdfs/134130_action-21_file-23142.pdf,C:/Users/mv3031/Desktop/Financial_Health_Project/Financial Health Tracker - For Github/data_pipelines/accreditation/cache/dapip/text/134130_action-21_file-23142.txt,pdf_body,"Removed from membership for failure to comply with standards concerning governance, financial resources, financial documents, financial responsibility, control of finances, and sponsored research/external funds"
199582,Saint Augustine's University,North Carolina,"Southern Association of Colleges and Schools, Commission on Colleges",removed,Accreditation Reinstated: Termination Overturned on Appeal,resolved,2024-06-27,2024,,,DAPIP Institutional Accreditation Action,Accreditation Reinstated: Termination Overturned on Appeal | Arbitration Panel returned case to Board of Trustees.,2026-06-07 21:15:50.046035,https://ope.ed.gov/dapip/#/institution-profile/134130,,134130,00296800,7,1,1,30,TO,99,23145,dapip_action_description,FALSE,removed,public_action_code,C:/Users/mv3031/Desktop/Financial_Health_Project/Financial Health Tracker - For Github/data_pipelines/accreditation/cache/dapip/pdfs/134130_action-30_file-23145.pdf,C:/Users/mv3031/Desktop/Financial_Health_Project/Financial Health Tracker - For Github/data_pipelines/accreditation/cache/dapip/text/134130_action-30_file-23145.txt,raw_title,Accreditation Reinstated: Termination Overturned on Appeal
199582,Saint Augustine's University,North Carolina,"Southern Association of Colleges and Schools, Commission on Colleges",adverse_action,Loss of Accreditation or Preaccreditation: Other,active,2024-02-27,2024,,,DAPIP Institutional Accreditation Action,Loss of Accreditation or Preaccreditation: Other,2026-06-07 21:15:50.07895,https://ope.ed.gov/dapip/#/institution-profile/134130,,134130,00296800,7,1,1,27,LO,1,0,dapip_action_description,FALSE,withdrawal_or_loss,public_action_code,,,raw_title,Loss of Accreditation
199582,Saint Augustine's University,North Carolina,"Southern Association of Colleges and Schools, Commission on Colleges",adverse_action,Loss of Accreditation or Preaccreditation: Other,active,2024-02-27,2024,,,DAPIP Institutional Accreditation Action,Loss of Accreditation or Preaccreditation: Other,2026-06-07 21:15:50.141763,https://ope.ed.gov/dapip/#/institution-profile/134130,,134130,00296800,7,1,1,29,LO,1,23144,dapip_action_description,FALSE,withdrawal_or_loss,public_action_code,C:/Users/mv3031/Desktop/Financial_Health_Project/Financial Health Tracker - For Github/data_pipelines/accreditation/cache/dapip/pdfs/134130_action-29_file-23144.pdf,C:/Users/mv3031/Desktop/Financial_Health_Project/Financial Health Tracker - For Github/data_pipelines/accreditation/cache/dapip/text/134130_action-29_file-23144.txt,raw_title,Loss of Accreditation
199582,Saint Augustine's University,North Carolina,"Southern Association of Colleges and Schools, Commission on Colleges",adverse_action,"Burgess: At its meeting on December 1-2, 2023, the Committee on Compliance and Reports, Group C, of the Southern Association of Colleges and Schools Commission on Colleges (SACSCOC) Board of Trustees reviewed Saint Augustine’s University’s Fourth Monitoring Report, financial statements, the Report of a Special Committee, and the institution’s response to that Report.",active,2023-12-03,2023,,,DAPIP Institutional Accreditation Action,Loss of Accreditation or Preaccreditation: Other,2026-06-07 21:15:50.281613,https://ope.ed.gov/dapip/#/institution-profile/134130,,134130,00296800,7,1,1,32,LO,1,23147,dapip_file_text,FALSE,withdrawal_or_loss,public_action_code,C:/Users/mv3031/Desktop/Financial_Health_Project/Financial Health Tracker - For Github/data_pipelines/accreditation/cache/dapip/pdfs/134130_action-32_file-23147.pdf,C:/Users/mv3031/Desktop/Financial_Health_Project/Financial Health Tracker - For Github/data_pipelines/accreditation/cache/dapip/text/134130_action-32_file-23147.txt,pdf_body,"Removed from membership for failure to comply with standards concerning governance, financial resources, financial documents, financial responsibility, control of finances, and federal/state responsibilities"
199582,Saint Augustine's University,North Carolina,"Southern Association of Colleges and Schools, Commission on Colleges",show_cause,"Johnson McPhail: The following action regarding your institution was taken by the Board of Trustees of the Southern Association of Colleges and Schools Commission on Colleges (SACSCOC) during its meeting held on December 4 , 2022: The SACSCOC Board of Trustees reviewed the institution's Third Monitoring Report and recommended that the institution be placed on Probation for Good Cause for twelve months for failure to comply with CR 4.1 (Governing board characteristics), CR 13.1 (Financial resources), CR 13.2 (Financial documents), Standard 13.3 (Financial responsibility), Standard 13.4 (Control of finances), and Standard 13.6 (Federal and state responsibilities) of the Principles of Accreditation. A Special Committee was authorized to visit the institution in Fall 2023.",active,2022-12-04,2022,,,DAPIP Institutional Accreditation Action,Probation or Equivalent or a More Severe Status: Show Cause,2026-06-07 21:15:50.426274,https://ope.ed.gov/dapip/#/institution-profile/134130,,134130,00296800,7,1,1,14,SC,6,22632,dapip_file_text,FALSE,show_cause,public_action_code,C:/Users/mv3031/Desktop/Financial_Health_Project/Financial Health Tracker - For Github/data_pipelines/accreditation/cache/dapip/pdfs/134130_action-14_file-22632.pdf,C:/Users/mv3031/Desktop/Financial_Health_Project/Financial Health Tracker - For Github/data_pipelines/accreditation/cache/dapip/text/134130_action-14_file-22632.txt,pdf_body,"Placed on probation for good cause for twelve months for failure to comply with standards concerning governance, financial resources, financial documents, financial responsibility, control of finances, and federal/state responsibilities"
199582,Saint Augustine's University,North Carolina,"Southern Association of Colleges and Schools, Commission on Colleges",show_cause,"Johnson McPhail: The following action regarding your institution was taken by the Board of Trustees of the Southern Association of Colleges and Schools Commission on Colleges (SACSCOC) during its meeting held on December 4 , 2022: The SACSCOC Board of Trustees reviewed the institution's Third Monitoring Report and recommended that the institution be placed on Probation for Good Cause for twelve months for failure to comply with CR 4.1 (Governing board characteristics), CR 13.1 (Financial resources), CR 13.2 (Financial documents), Standard 13.3 (Financial responsibility), Standard 13.4 (Control of finances), and Standard 13.6 (Federal and state responsibilities) of the Principles of Accreditation. A Special Committee was authorized to visit the institution in Fall 2023.",active,2022-12-04,2022,,,DAPIP Institutional Accreditation Action,Probation or Equivalent or a More Severe Status: Show Cause,2026-06-07 21:15:50.529632,https://ope.ed.gov/dapip/#/institution-profile/134130,,134130,00296800,7,1,1,15,SC,6,22633,dapip_file_text,FALSE,show_cause,public_action_code,C:/Users/mv3031/Desktop/Financial_Health_Project/Financial Health Tracker - For Github/data_pipelines/accreditation/cache/dapip/pdfs/134130_action-15_file-22633.pdf,C:/Users/mv3031/Desktop/Financial_Health_Project/Financial Health Tracker - For Github/data_pipelines/accreditation/cache/dapip/text/134130_action-15_file-22633.txt,pdf_body,"Placed on probation for good cause for twelve months for failure to comply with standards concerning governance, financial resources, financial documents, financial responsibility, control of finances, and federal/state responsibilities"
199582,Saint Augustine's University,North Carolina,"Southern Association of Colleges and Schools, Commission on Colleges",warning,"Johnson McPhail: The following action regarding your institution was taken by the Board of Trustees of the Southern Association of Colleges and Schools Commission on Colleges (SACSCOC) during its meeting held on June 16 , 2022: The SACSCOC Board of Trustees reviewed the institution's Second Monitoring Report and recommended that the institution be continued on Warning for six months for failure to comply with CR 13.1 (Financial resources) , CR 13.2 (Financial documents), Standard 13.3 (Financial responsibility), Standard 13.4 (Control offinances), and Standard 13.6 (Federal and state responsibilities) of the Principles of Accreditation. A Special Committee was not authorized to visit the institution.",active,2022-06-16,2022,,,DAPIP Institutional Accreditation Action,Probation or Equivalent or a More Severe Status: Warning,2026-06-07 21:15:50.674252,https://ope.ed.gov/dapip/#/institution-profile/134130,,134130,00296800,7,1,1,17,PW,6,22634,dapip_file_text,FALSE,warning,public_action_code,C:/Users/mv3031/Desktop/Financial_Health_Project/Financial Health Tracker - For Github/data_pipelines/accreditation/cache/dapip/pdfs/134130_action-17_file-22634.pdf,C:/Users/mv3031/Desktop/Financial_Health_Project/Financial Health Tracker - For Github/data_pipelines/accreditation/cache/dapip/text/134130_action-17_file-22634.txt,pdf_body,"Continued on warning for six months for failure to comply with standards concerning financial resources, financial documents, financial responsibility, control of finances, and federal/state responsibilities"
199582,Saint Augustine's University,North Carolina,"Southern Association of Colleges and Schools, Commission on Colleges",warning,Probation or Equivalent or a More Severe Status: Warning,active,2021-06-17,2021,,,DAPIP Institutional Accreditation Action,Probation or Equivalent or a More Severe Status: Warning,2026-06-07 21:15:50.732207,https://ope.ed.gov/dapip/#/institution-profile/134130,,134130,00296800,7,1,1,6,PW,6,0,dapip_action_description,FALSE,warning,public_action_code,,,raw_title,Placed on warning
199582,Saint Augustine's University,North Carolina,"Southern Association of Colleges and Schools, Commission on Colleges",warning,Probation or Equivalent or a More Severe Status: Warning,active,2020-09-03,2020,,,DAPIP Institutional Accreditation Action,Probation or Equivalent or a More Severe Status: Warning,2026-06-07 21:15:50.757924,https://ope.ed.gov/dapip/#/institution-profile/134130,,134130,00296800,7,1,1,4,PW,6,0,dapip_action_description,FALSE,warning,public_action_code,,,raw_title,Placed on warning
199607,Salem College,North Carolina,"Southern Association of Colleges and Schools, Commission on Colleges",probation,Probation or Equivalent or a More Severe Status: Probation,active,2019-06-13,2019,,,DAPIP Institutional Accreditation Action,Probation or Equivalent or a More Severe Status: Probation,2026-06-07 21:15:51.143816,https://ope.ed.gov/dapip/#/institution-profile/134149,,134149,00296000,7,1,1,5,P,6,0,dapip_action_description,FALSE,probation,public_action_code,,,raw_title,Placed on probation
199607,Salem College,North Carolina,"Southern Association of Colleges and Schools, Commission on Colleges",adverse_action,Affirm Denial Following Appeal,active,2019-06-11,2019,,,DAPIP Institutional Accreditation Action,Affirm Denial Following Appeal,2026-06-07 21:15:51.172936,https://ope.ed.gov/dapip/#/institution-profile/134149,,134149,00296000,7,1,1,6,AD,6,0,dapip_action_description,FALSE,withdrawal_or_loss,public_action_code,,,raw_title,Affirm Denial Following Appeal
199607,Salem College,North Carolina,"Southern Association of Colleges and Schools, Commission on Colleges",removed,Removal of Monitoring Status,resolved,2019-12-08,2019,,,DAPIP Institutional Accreditation Action,Removal of Monitoring Status,2026-06-07 21:15:51.808393,https://ope.ed.gov/dapip/#/institution-profile/134149,,134149,00296000,7,1,2,1,RM,10,0,dapip_action_description,FALSE,removed,public_action_code,,,raw_title,Removal of Monitoring Status
199607,Salem College,North Carolina,"Southern Association of Colleges and Schools, Commission on Colleges",removed,Accreditation Reaffirmed: Probation Removed,resolved,2019-12-08,2019,,,DAPIP Institutional Accreditation Action,Accreditation Reaffirmed: Probation Removed,2026-06-07 21:15:51.839285,https://ope.ed.gov/dapip/#/institution-profile/134149,,134149,00296000,7,1,2,2,PR,10,0,dapip_action_description,FALSE,removed,public_action_code,,,raw_title,Probation removed
199607,Salem College,North Carolina,"Southern Association of Colleges and Schools, Commission on Colleges",removed,Removal of Show Cause Status,resolved,2019-12-08,2019,,,DAPIP Institutional Accreditation Action,Removal of Show Cause Status,2026-06-07 21:15:51.863552,https://ope.ed.gov/dapip/#/institution-profile/134149,,134149,00296000,7,1,2,3,RS,10,0,dapip_action_description,FALSE,removed,public_action_code,,,raw_title,Removal of show cause Status
199643,Shaw University,North Carolina,"Southern Association of Colleges and Schools, Commission on Colleges",removed,Removal of Monitoring Status,resolved,2019-12-03,2019,,,DAPIP Institutional Accreditation Action,Removal of Monitoring Status,2026-06-07 21:15:52.343616,https://ope.ed.gov/dapip/#/institution-profile/134176,,134176,00296200,7,1,1,2,RM,10,0,dapip_action_description,FALSE,removed,public_action_code,,,raw_title,Removal of Monitoring Status
199643,Shaw University,North Carolina,"Southern Association of Colleges and Schools, Commission on Colleges",removed,Removal of Monitoring Status,resolved,2019-05-05,2019,,,DAPIP Institutional Accreditation Action,Removal of Monitoring Status,2026-06-07 21:15:52.375971,https://ope.ed.gov/dapip/#/institution-profile/134176,,134176,00296200,7,1,1,3,RM,10,0,dapip_action_description,FALSE,removed,public_action_code,,,raw_title,Removal of Monitoring Status
199759,Southeastern Baptist Theological Seminary,North Carolina,"Southern Association of Colleges and Schools, Commission on Colleges",removed,Removal of Monitoring Status,resolved,2019-12-03,2019,,,DAPIP Institutional Accreditation Action,Removal of Monitoring Status,2026-06-07 21:15:53.723816,https://ope.ed.gov/dapip/#/institution-profile/134246,,134246,00296300,7,1,1,2,RM,10,0,dapip_action_description,FALSE,removed,public_action_code,,,raw_title,Removal of Monitoring Status
199759,Southeastern Baptist Theological Seminary,North Carolina,"Southern Association of Colleges and Schools, Commission on Colleges",removed,Removal of Monitoring Status,resolved,2019-06-02,2019,,,DAPIP Institutional Accreditation Action,Removal of Monitoring Status,2026-06-07 21:15:53.767382,https://ope.ed.gov/dapip/#/institution-profile/134246,,134246,00296300,7,1,1,3,RM,10,0,dapip_action_description,FALSE,removed,public_action_code,,,raw_title,Removal of Monitoring Status
199847,Wake Forest University,North Carolina,"Southern Association of Colleges and Schools, Commission on Colleges",removed,Removal of Monitoring Status,resolved,2022-12-04,2022,,,DAPIP Institutional Accreditation Action,Removal of Monitoring Status,2026-06-07 21:15:55.350958,https://ope.ed.gov/dapip/#/institution-profile/134291,,134291,00297800,7,1,1,3,RM,10,0,dapip_action_description,FALSE,removed,public_action_code,,,raw_title,Removal of Monitoring Status
199847,Wake Forest University,North Carolina,"Southern Association of Colleges and Schools, Commission on Colleges",notice,"Based only on those reviewed standards, the institution should submit a Referral Report due September 8, 2022, addressingthe following referenced standards of the Principles'.",active,2022-06-16,2022,,,DAPIP Institutional Accreditation Action,Heightened Monitoring or Focused Review,2026-06-07 21:15:55.670692,https://ope.ed.gov/dapip/#/institution-profile/134291,,134291,00297800,7,1,1,9,HM,6,25407,dapip_file_text,FALSE,monitoring_or_notice,public_action_code,C:/Users/mv3031/Desktop/Financial_Health_Project/Financial Health Tracker - For Github/data_pipelines/accreditation/cache/dapip/pdfs/134291_action-9_file-25407.pdf,C:/Users/mv3031/Desktop/Financial_Health_Project/Financial Health Tracker - For Github/data_pipelines/accreditation/cache/dapip/text/134291_action-9_file-25407.txt,pdf_body,Requested to submit a Referral Report documenting compliance with accreditation standards
199865,Warren Wilson College,North Carolina,"Southern Association of Colleges and Schools, Commission on Colleges",notice,Heightened Monitoring or Focused Review,active,2021-12-02,2021,,,DAPIP Institutional Accreditation Action,Heightened Monitoring or Focused Review,2026-06-07 21:15:56.649775,https://ope.ed.gov/dapip/#/institution-profile/134316,,134316,00297900,7,1,1,4,HM,9,28768,dapip_action_description,FALSE,monitoring_or_notice,public_action_code,C:/Users/mv3031/Desktop/Financial_Health_Project/Financial Health Tracker - For Github/data_pipelines/accreditation/cache/dapip/pdfs/134316_action-4_file-28768.pdf,C:/Users/mv3031/Desktop/Financial_Health_Project/Financial Health Tracker - For Github/data_pipelines/accreditation/cache/dapip/text/134316_action-4_file-28768.txt,raw_title,Heightened monitoring or focused review
199865,Warren Wilson College,North Carolina,"Southern Association of Colleges and Schools, Commission on Colleges",notice,Heightened Monitoring or Focused Review,active,2021-12-01,2021,,,DAPIP Institutional Accreditation Action,Heightened Monitoring or Focused Review,2026-06-07 21:15:56.701805,https://ope.ed.gov/dapip/#/institution-profile/134316,,134316,00297900,7,1,1,2,HM,10,25007,dapip_action_description,FALSE,monitoring_or_notice,public_action_code,C:/Users/mv3031/Desktop/Financial_Health_Project/Financial Health Tracker - For Github/data_pipelines/accreditation/cache/dapip/pdfs/134316_action-2_file-25007.pdf,C:/Users/mv3031/Desktop/Financial_Health_Project/Financial Health Tracker - For Github/data_pipelines/accreditation/cache/dapip/text/134316_action-2_file-25007.txt,raw_title,Heightened monitoring or focused review
199962,Wingate University,North Carolina,"Southern Association of Colleges and Schools, Commission on Colleges",notice,Heightened Monitoring or Focused Review,active,2022-12-04,2022,,,DAPIP Institutional Accreditation Action,Heightened Monitoring or Focused Review,2026-06-07 21:15:57.556942,https://ope.ed.gov/dapip/#/institution-profile/134389,,134389,00298500,7,1,1,8,HM,9,28113,dapip_action_description,FALSE,monitoring_or_notice,public_action_code,C:/Users/mv3031/Desktop/Financial_Health_Project/Financial Health Tracker - For Github/data_pipelines/accreditation/cache/dapip/pdfs/134389_action-8_file-28113.pdf,C:/Users/mv3031/Desktop/Financial_Health_Project/Financial Health Tracker - For Github/data_pipelines/accreditation/cache/dapip/text/134389_action-8_file-28113.txt,raw_title,Heightened monitoring or focused review
199962,Wingate University,North Carolina,"Southern Association of Colleges and Schools, Commission on Colleges",removed,Removal of Monitoring Status,resolved,2022-12-04,2022,,,DAPIP Institutional Accreditation Action,Removal of Monitoring Status,2026-06-07 21:15:57.599718,https://ope.ed.gov/dapip/#/institution-profile/134389,,134389,00298500,7,1,1,2,RM,10,0,dapip_action_description,FALSE,removed,public_action_code,,,raw_title,Removal of Monitoring Status
199962,Wingate University,North Carolina,"Southern Association of Colleges and Schools, Commission on Colleges",notice,"Based only on those reviewed standards, the institution should submit a Referral Report due September 8, 2022, addressing the following referenced standard of the Principles: Standard 6.",active,2022-06-16,2022,,,DAPIP Institutional Accreditation Action,Heightened Monitoring or Focused Review,2026-06-07 21:15:57.756443,https://ope.ed.gov/dapip/#/institution-profile/134389,,134389,00298500,7,1,1,7,HM,6,28112,dapip_file_text,FALSE,monitoring_or_notice,public_action_code,C:/Users/mv3031/Desktop/Financial_Health_Project/Financial Health Tracker - For Github/data_pipelines/accreditation/cache/dapip/pdfs/134389_action-7_file-28112.pdf,C:/Users/mv3031/Desktop/Financial_Health_Project/Financial Health Tracker - For Github/data_pipelines/accreditation/cache/dapip/text/134389_action-7_file-28112.txt,pdf_body,Requested Referral Report on Program faculty
200004,Western Carolina University,North Carolina,"Southern Association of Colleges and Schools, Commission on Colleges",removed,Removal of Monitoring Status,resolved,2022-12-04,2022,,,DAPIP Institutional Accreditation Action,Removal of Monitoring Status,2026-06-07 21:15:59.229743,https://ope.ed.gov/dapip/#/institution-profile/134422,,134422,00298100,7,1,1,5,RM,10,0,dapip_action_description,FALSE,removed,public_action_code,,,raw_title,Removal of Monitoring Status
201964,Ohio Christian University,Ohio,Higher Learning Commission,removed,"President Kulaga, March 2, 2022 5 HLC Disclosure Obligations The Board action resulted in changes that will be reflected in the Institution’s Statement of Accreditation Status as well as the Institutional Status and Requirements Report.",resolved,2022-02-25,2022,,,DAPIP Institutional Accreditation Action,Accreditation Reaffirmed: Warning Removed,2026-06-07 21:16:11.687813,https://ope.ed.gov/dapip/#/institution-profile/135258,,135258,00303000,4,1,1,2,WR,9,12273,dapip_file_text,FALSE,removed,public_action_code,C:/Users/mv3031/Desktop/Financial_Health_Project/Financial Health Tracker - For Github/data_pipelines/accreditation/cache/dapip/pdfs/135258_action-2_file-12273.pdf,C:/Users/mv3031/Desktop/Financial_Health_Project/Financial Health Tracker - For Github/data_pipelines/accreditation/cache/dapip/text/135258_action-2_file-12273.txt,dapip_note,Warning removed
201964,Ohio Christian University,Ohio,Higher Learning Commission,warning,Summary of the Action: The Institution has been placed on Notice because it is at risk of being out of compliance with the Criteria for Accreditation.,active,2020-02-27,2020,,,DAPIP Institutional Accreditation Action,Probation or Equivalent or a More Severe Status: Warning | HLC took this action because it determined that the institution is at risk of being out of compliance with HLC’s Criteria for Accreditation.,2026-06-07 21:16:11.744735,https://ope.ed.gov/dapip/#/institution-profile/135258,,135258,00303000,4,1,1,1,PW,99,6872,dapip_file_text,FALSE,warning,public_action_code,C:/Users/mv3031/Desktop/Financial_Health_Project/Financial Health Tracker - For Github/data_pipelines/accreditation/cache/dapip/pdfs/135258_action-1_file-6872.pdf,C:/Users/mv3031/Desktop/Financial_Health_Project/Financial Health Tracker - For Github/data_pipelines/accreditation/cache/dapip/text/135258_action-1_file-6872.txt,pdf_body,Placed on Warning because the institution is at risk of being out of compliance with standards concerning financial resources and planning.
202073,Cleveland Institute of Music,Ohio,"National Association of Schools of Music, Commission on Accreditation",adverse_action,Loss of Accreditation or Preaccreditation: Voluntary Withdrawal,active,2025-10-07,2025,,,DAPIP Institutional Accreditation Action,Loss of Accreditation or Preaccreditation: Voluntary Withdrawal | The institution voluntarily relinquished accreditation.,2026-06-07 21:16:13.170773,https://ope.ed.gov/dapip/#/institution-profile/135337,,135337,00303100,34,1,1,4,R,99,0,dapip_action_description,FALSE,withdrawal_or_loss,public_action_code,,,raw_title,Voluntarily Surrendered Accreditation
202170,Columbus College of Art & Design,Ohio,"National Association of Schools of Art and Design, Commission on Accreditation",adverse_action,Voluntary Withdrawal Received,active,2021-06-30,2021,,,DAPIP Institutional Accreditation Action,Voluntary Withdrawal Received,2026-06-07 21:16:14.19668,https://ope.ed.gov/dapip/#/institution-profile/135373,,135373,00303900,32,1,1,3,VR,10,0,dapip_action_description,FALSE,withdrawal_or_loss,public_action_code,,,raw_title,Voluntarily Surrendered Accreditation
202514,Defiance College,Ohio,Higher Learning Commission,notice,Summary of the Action: The Board determined that the Institution is no longer out of compliance with the Criteria for Accreditation and removed the Institution from Probation and assigned interim monitoring.,active,2025-06-26,2025,,,DAPIP Institutional Accreditation Action,Probation or Equivalent or More Severe Status: Monitoring | The Board determined that the Institution is no longer out of compliance with the Criteria for Accreditation and removed the Institution from Probation and assigned interim monitoring.,2026-06-07 21:16:14.952514,https://ope.ed.gov/dapip/#/institution-profile/135470,,135470,00304100,4,1,1,3,PN,99,22108,dapip_file_text,FALSE,monitoring_or_notice,public_action_code,C:/Users/mv3031/Desktop/Financial_Health_Project/Financial Health Tracker - For Github/data_pipelines/accreditation/cache/dapip/pdfs/135470_action-3_file-22108.pdf,C:/Users/mv3031/Desktop/Financial_Health_Project/Financial Health Tracker - For Github/data_pipelines/accreditation/cache/dapip/text/135470_action-3_file-22108.txt,pdf_body,Probation removed
202514,Defiance College,Ohio,Higher Learning Commission,probation,Summary of the Action: The Institution has been placed on Probation because it is out of compliance with the Criteria for Accreditation.,active,2023-06-22,2023,,,DAPIP Institutional Accreditation Action,"Probation or Equivalent or a More Severe Status: Probation | The Institution has been placed on Probation because it is out of compliance with the Criteria for Accreditation. The Institution meets Core Components 3.A, 4.A, 4.B, and 5.C with concerns. The Institution does not meet Core Component 5.B.",2026-06-07 21:16:15.107709,https://ope.ed.gov/dapip/#/institution-profile/135470,,135470,00304100,4,1,1,2,P,99,16104,dapip_file_text,FALSE,probation,public_action_code,C:/Users/mv3031/Desktop/Financial_Health_Project/Financial Health Tracker - For Github/data_pipelines/accreditation/cache/dapip/pdfs/135470_action-2_file-16104.pdf,C:/Users/mv3031/Desktop/Financial_Health_Project/Financial Health Tracker - For Github/data_pipelines/accreditation/cache/dapip/text/135470_action-2_file-16104.txt,pdf_body,"Placed on Probation because it is out of compliance with standards concerning educational offerings, outcomes, and financial resources and planning."
203775,Malone University,Ohio,Higher Learning Commission,removed,Comprehensive Evaluation: The Board maintained the Institution maintained on the Standard Pathway with its next comprehensive evaluation for reaffirmation of accreditation in 2022-23.,resolved,2019-11-07,2019,,,DAPIP Institutional Accreditation Action,Accreditation Reaffirmed: Warning Removed,2026-06-07 21:16:20.28431,https://ope.ed.gov/dapip/#/institution-profile/136002,,136002,00307200,4,1,1,2,WR,9,6299,dapip_file_text,FALSE,removed,public_action_code,C:/Users/mv3031/Desktop/Financial_Health_Project/Financial Health Tracker - For Github/data_pipelines/accreditation/cache/dapip/pdfs/136002_action-2_file-6299.pdf,C:/Users/mv3031/Desktop/Financial_Health_Project/Financial Health Tracker - For Github/data_pipelines/accreditation/cache/dapip/text/136002_action-2_file-6299.txt,pdf_body,Warning removed
205027,Pontifical College Josephinum,Ohio,Higher Learning Commission,removed,Summary of the Action: The Board determined that the Institution is no longer out of compliance with the Criteria for Accreditation and removed the Institution from Probation and assigned interim monitoring.,resolved,2024-06-27,2024,,,DAPIP Institutional Accreditation Action,Accreditation Reaffirmed: Probation Removed,2026-06-07 21:16:30.186056,https://ope.ed.gov/dapip/#/institution-profile/136668,,136668,00311300,4,1,1,3,PR,9,18806,dapip_file_text,FALSE,removed,public_action_code,C:/Users/mv3031/Desktop/Financial_Health_Project/Financial Health Tracker - For Github/data_pipelines/accreditation/cache/dapip/pdfs/136668_action-3_file-18806.pdf,C:/Users/mv3031/Desktop/Financial_Health_Project/Financial Health Tracker - For Github/data_pipelines/accreditation/cache/dapip/text/136668_action-3_file-18806.txt,pdf_body,Probation removed
205027,Pontifical College Josephinum,Ohio,Higher Learning Commission,probation,Summary of the Action: The Institution has been placed on Probation because it is out of compliance with the Criteria for Accreditation.,active,2022-06-23,2022,,,DAPIP Institutional Accreditation Action,Probation or Equivalent or a More Severe Status: Probation | HLC took this action because it determined that the institution is out of compliance with HLC requirements.,2026-06-07 21:16:30.257072,https://ope.ed.gov/dapip/#/institution-profile/136668,,136668,00311300,4,1,1,2,P,99,13410,dapip_file_text,FALSE,probation,public_action_code,C:/Users/mv3031/Desktop/Financial_Health_Project/Financial Health Tracker - For Github/data_pipelines/accreditation/cache/dapip/pdfs/136668_action-2_file-13410.pdf,C:/Users/mv3031/Desktop/Financial_Health_Project/Financial Health Tracker - For Github/data_pipelines/accreditation/cache/dapip/text/136668_action-2_file-13410.txt,pdf_body,"Placed on Probation because the institution is out of compliance with standards concerning educational offerings, outcomes, financial resources and planning, and integrity."
206491,Wilberforce University,Ohio,Higher Learning Commission,removed,Next Steps in the HLC Review Process Interim Report: The Board required that the Institution submit an embedded Interim Report with its next Assurance Filing on Core Component 5.B and Assumed Practice D.3.1 Comprehensive Evaluation: The Board maintained the Institution on the Standard Pathway with its next comprehensive evaluation for reaffirmation of accreditation in 2025-26.,resolved,2024-10-31,2024,,,DAPIP Institutional Accreditation Action,Accreditation Reaffirmed: Warning Removed,2026-06-07 21:16:34.384764,https://ope.ed.gov/dapip/#/institution-profile/137184,,137184,00314100,4,1,1,8,WR,9,19938,dapip_file_text,FALSE,removed,public_action_code,C:/Users/mv3031/Desktop/Financial_Health_Project/Financial Health Tracker - For Github/data_pipelines/accreditation/cache/dapip/pdfs/137184_action-8_file-19938.pdf,C:/Users/mv3031/Desktop/Financial_Health_Project/Financial Health Tracker - For Github/data_pipelines/accreditation/cache/dapip/text/137184_action-8_file-19938.txt,dapip_note,Warning removed
206491,Wilberforce University,Ohio,Higher Learning Commission,warning,Summary of the Action: The Institution has been placed on Notice because it is at risk of being out of compliance with the Criteria for Accreditation.,active,2023-11-02,2023,,,DAPIP Institutional Accreditation Action,"Probation or Equivalent or a More Severe Status: Warning | The Institution has been placed on Notice because it is at risk of being out of compliance with the Criteria for Accreditation. The Institution meets Core Components 3.C, 4.C, 5.B, and 5.C with concerns. The Institution does not meet Assumed Practices D.3 and D.4.",2026-06-07 21:16:34.485385,https://ope.ed.gov/dapip/#/institution-profile/137184,,137184,00314100,4,1,1,6,PW,99,17157,dapip_file_text,FALSE,warning,public_action_code,C:/Users/mv3031/Desktop/Financial_Health_Project/Financial Health Tracker - For Github/data_pipelines/accreditation/cache/dapip/pdfs/137184_action-6_file-17157.pdf,C:/Users/mv3031/Desktop/Financial_Health_Project/Financial Health Tracker - For Github/data_pipelines/accreditation/cache/dapip/text/137184_action-6_file-17157.txt,pdf_body,"Placed on Warning because it is at risk of being out of compliance with standards concerning educational offerings, outcomes, financial resources and planning, and governance."
206491,Wilberforce University,Ohio,Higher Learning Commission,removed,Summary of the Action: The Board determined that the Institution is no longer out of compliance with the Criteria for Accreditation and removed the Institution from Probation and assigned interim monitoring.,resolved,2021-11-04,2021,,,DAPIP Institutional Accreditation Action,Accreditation Reaffirmed: Probation Removed,2026-06-07 21:16:34.808503,https://ope.ed.gov/dapip/#/institution-profile/137184,,137184,00314100,4,1,1,5,PR,9,11321,dapip_file_text,FALSE,removed,public_action_code,C:/Users/mv3031/Desktop/Financial_Health_Project/Financial Health Tracker - For Github/data_pipelines/accreditation/cache/dapip/pdfs/137184_action-5_file-11321.pdf,C:/Users/mv3031/Desktop/Financial_Health_Project/Financial Health Tracker - For Github/data_pipelines/accreditation/cache/dapip/text/137184_action-5_file-11321.txt,pdf_body,Probation removed
206491,Wilberforce University,Ohio,Higher Learning Commission,probation,"Summary of the Action: The Board exercised its discretion to extend Probation beyond the maximum timeframe based on HLC's COVID-19 policy and because despite the Institution's progress, the Institution remains out of compliance with the Criteria for Accreditation.",active,2020-11-05,2020,,,DAPIP Institutional Accreditation Action,"Probation or Equivalent or a More Severe Status: Probation | The institution initially was placed on Probation in June 2018. HLC extended probation in April 2020. In November 2020, the Board exercised its discretion to extend Probation beyond the maximum timeframe based on HLC's COVID-19 policy and because despite the university's progress, the university remains out of compliance.",2026-06-07 21:16:34.949927,https://ope.ed.gov/dapip/#/institution-profile/137184,,137184,00314100,4,1,1,4,P,99,8435,dapip_file_text,FALSE,probation,public_action_code,C:/Users/mv3031/Desktop/Financial_Health_Project/Financial Health Tracker - For Github/data_pipelines/accreditation/cache/dapip/pdfs/137184_action-4_file-8435.pdf,C:/Users/mv3031/Desktop/Financial_Health_Project/Financial Health Tracker - For Github/data_pipelines/accreditation/cache/dapip/text/137184_action-4_file-8435.txt,pdf_body,"Placed on Probation because despite the university's progress, the university remains out of compliance with standards concerning educational offerings, outcomes, financial resources and planning, institutional effectiveness, and governance."
206525,Wittenberg University,Ohio,Higher Learning Commission,probation,Summary of the Action: The Institution has been placed on Probation because it is out of compliance with the Criteria for Accreditation.,active,2025-11-06,2025,,,DAPIP Institutional Accreditation Action,Probation or Equivalent or a More Severe Status: Probation | The Institution has been placed on Probation because it is out of compliance with the Criteria for Accreditation. The Institution does not meet Core Component 4.B.,2026-06-07 21:16:36.509388,https://ope.ed.gov/dapip/#/institution-profile/137218,,137218,00314300,4,1,1,2,P,99,26769,dapip_file_text,FALSE,probation,public_action_code,C:/Users/mv3031/Desktop/Financial_Health_Project/Financial Health Tracker - For Github/data_pipelines/accreditation/cache/dapip/pdfs/137218_action-2_file-26769.pdf,C:/Users/mv3031/Desktop/Financial_Health_Project/Financial Health Tracker - For Github/data_pipelines/accreditation/cache/dapip/text/137218_action-2_file-26769.txt,pdf_body,Placed on Probation because it is out of compliance with Core Component 4.B (Institution’s Financial and Personnel Resources).
209603,Pacific Northwest College of Art,Oregon,"National Association of Schools of Art and Design, Commission on Accreditation",adverse_action,Voluntary Withdrawal Received,active,2022-07-11,2022,,,DAPIP Institutional Accreditation Action,Voluntary Withdrawal Received,2026-06-07 21:16:56.810778,https://ope.ed.gov/dapip/#/institution-profile/138345,,138345,00320700,32,1,1,2,VR,10,0,dapip_action_description,FALSE,withdrawal_or_loss,public_action_code,,,raw_title,Voluntarily Surrendered Accreditation
209603,Pacific Northwest College of Art,Oregon,"National Association of Schools of Art and Design, Commission on Accreditation",adverse_action,Voluntary Withdrawal Received,active,2021-06-01,2021,,,DAPIP Institutional Accreditation Action,Voluntary Withdrawal Received,2026-06-07 21:16:56.836562,https://ope.ed.gov/dapip/#/institution-profile/138345,,138345,00320700,32,1,1,3,VR,10,0,dapip_action_description,FALSE,withdrawal_or_loss,public_action_code,,,raw_title,Voluntarily Surrendered Accreditation
210304,Warner Pacific University,Oregon,Northwest Commission on Colleges and Universities,warning,"Accreditation Accept the Report, Issue a Sanction of Warning on Recommendation 2: Spring 2020 Evaluation of Institutional Effectiveness Status of Previous Recommendations Addressed in this Evaluation • Recommendation 2: Spring 2020 Evaluation of Institutional Effectiveness - Continued as Non-Compliant Recommendations Out of Compliance The Commission finds that the following Recommendations are areas where Warner Pacific University is out of compliance with the NWCCU Standards for Accreditation.",active,2024-07-12,2024,,,DAPIP Institutional Accreditation Action,Probation or Equivalent or a More Severe Status: Warning,2026-06-07 21:16:59.830902,https://ope.ed.gov/dapip/#/institution-profile/138530,,138530,00322500,6,1,1,2,PW,6,18870,dapip_file_text,FALSE,warning,public_action_code,C:/Users/mv3031/Desktop/Financial_Health_Project/Financial Health Tracker - For Github/data_pipelines/accreditation/cache/dapip/pdfs/138530_action-2_file-18870.pdf,C:/Users/mv3031/Desktop/Financial_Health_Project/Financial Health Tracker - For Github/data_pipelines/accreditation/cache/dapip/text/138530_action-2_file-18870.txt,pdf_body,Placed on Warning
210492,Bryn Athyn College of the New Church,Pennsylvania,Middle States Commission on Higher Education,removed,Accreditation Reaffirmed:  Warning Removed,resolved,2026-03-12,2026,,,DAPIP Institutional Accreditation Action,Accreditation Reaffirmed: Warning Removed,2026-06-07 21:17:01.828285,https://ope.ed.gov/dapip/#/institution-profile/138655,,138655,00322800,1,1,1,7,WR,10,0,dapip_action_description,FALSE,removed,public_action_code,,,raw_title,Warning removed
210492,Bryn Athyn College of the New Church,Pennsylvania,Middle States Commission on Higher Education,warning,To note that the institution remains accredited while on warning.,active,2025-03-13,2025,,,DAPIP Institutional Accreditation Action,Probation or Equivalent or a More Severe Status: Warning,2026-06-07 21:17:01.880594,https://ope.ed.gov/dapip/#/institution-profile/138655,,138655,00322800,1,1,1,6,PW,1,21232,dapip_file_text,FALSE,warning,public_action_code,C:/Users/mv3031/Desktop/Financial_Health_Project/Financial Health Tracker - For Github/data_pipelines/accreditation/cache/dapip/pdfs/138655_action-6_file-21232.pdf,C:/Users/mv3031/Desktop/Financial_Health_Project/Financial Health Tracker - For Github/data_pipelines/accreditation/cache/dapip/text/138655_action-6_file-21232.txt,pdf_body,"Placed on Warning because of insufficient evidence of compliance with Standard VII (Governance, Leadership, and Administration)"
210492,Bryn Athyn College of the New Church,Pennsylvania,Middle States Commission on Higher Education,removed,Accreditation Reaffirmed:  Warning Removed,resolved,2023-06-22,2023,,,DAPIP Institutional Accreditation Action,Accreditation Reaffirmed: Warning Removed,2026-06-07 21:17:01.933295,https://ope.ed.gov/dapip/#/institution-profile/138655,,138655,00322800,1,1,1,5,WR,10,0,dapip_action_description,FALSE,removed,public_action_code,,,raw_title,Warning removed
210492,Bryn Athyn College of the New Church,Pennsylvania,Middle States Commission on Higher Education,warning,To note that the institution remains accredited while on warning.,active,2022-06-23,2022,,,DAPIP Institutional Accreditation Action,Probation or Equivalent or a More Severe Status: Warning,2026-06-07 21:17:01.987187,https://ope.ed.gov/dapip/#/institution-profile/138655,,138655,00322800,1,1,1,4,PW,1,13384,dapip_file_text,FALSE,warning,public_action_code,C:/Users/mv3031/Desktop/Financial_Health_Project/Financial Health Tracker - For Github/data_pipelines/accreditation/cache/dapip/pdfs/138655_action-4_file-13384.pdf,C:/Users/mv3031/Desktop/Financial_Health_Project/Financial Health Tracker - For Github/data_pipelines/accreditation/cache/dapip/text/138655_action-4_file-13384.txt,pdf_body,Placed on Warning because of insufficient evidence of compliance with Standard I (Mission and Goals)
210669,Allegheny College,Pennsylvania,Middle States Commission on Higher Education,removed,Accreditation Reaffirmed:  Warning Removed,resolved,2024-06-27,2024,,,DAPIP Institutional Accreditation Action,Accreditation Reaffirmed: Warning Removed,2026-06-07 21:17:03.174341,https://ope.ed.gov/dapip/#/institution-profile/138716,,138716,00323000,1,1,1,3,WR,10,0,dapip_action_description,FALSE,removed,public_action_code,,,raw_title,Warning removed
210669,Allegheny College,Pennsylvania,Middle States Commission on Higher Education,warning,To note that the institution remains accredited while on warning.,active,2023-06-22,2023,,,DAPIP Institutional Accreditation Action,Probation or Equivalent or a More Severe Status: Warning,2026-06-07 21:17:03.285087,https://ope.ed.gov/dapip/#/institution-profile/138716,,138716,00323000,1,1,1,2,PW,1,16107,dapip_file_text,FALSE,warning,public_action_code,C:/Users/mv3031/Desktop/Financial_Health_Project/Financial Health Tracker - For Github/data_pipelines/accreditation/cache/dapip/pdfs/138716_action-2_file-16107.pdf,C:/Users/mv3031/Desktop/Financial_Health_Project/Financial Health Tracker - For Github/data_pipelines/accreditation/cache/dapip/text/138716_action-2_file-16107.txt,pdf_body,Placed on Warning because of insufficient evidence of compliance with Standard V (Educational Effectiveness Assessment)
211088,Arcadia University,Pennsylvania,Middle States Commission on Higher Education,warning,To note that the institution remains accredited while on warning.,active,2019-06-27,2019,,,DAPIP Institutional Accreditation Action,Probation or Equivalent or a More Severe Status: Warning,2026-06-07 21:17:04.685737,https://ope.ed.gov/dapip/#/institution-profile/138877,,138877,00323500,1,1,1,1,PW,1,4936,dapip_file_text,FALSE,warning,public_action_code,C:/Users/mv3031/Desktop/Financial_Health_Project/Financial Health Tracker - For Github/data_pipelines/accreditation/cache/dapip/pdfs/138877_action-1_file-4936.pdf,C:/Users/mv3031/Desktop/Financial_Health_Project/Financial Health Tracker - For Github/data_pipelines/accreditation/cache/dapip/text/138877_action-1_file-4936.txt,pdf_body,"Placed on Warning because of insufficient evidence of compliance with Standard VI (Planning, Resources, and Institutional Improvement)"
211583,Chestnut Hill College,Pennsylvania,Middle States Commission on Higher Education,removed,Accreditation Reaffirmed:  Warning Removed,resolved,2024-06-27,2024,,,DAPIP Institutional Accreditation Action,Accreditation Reaffirmed: Warning Removed,2026-06-07 21:17:07.983762,https://ope.ed.gov/dapip/#/institution-profile/139126,,139126,00324500,1,1,1,10,WR,10,0,dapip_action_description,FALSE,removed,public_action_code,,,raw_title,Warning removed
211583,Chestnut Hill College,Pennsylvania,Middle States Commission on Higher Education,warning,To note that the institution remains accredited while on warning.,active,2023-06-22,2023,,,DAPIP Institutional Accreditation Action,Probation or Equivalent or a More Severe Status: Warning,2026-06-07 21:17:08.076182,https://ope.ed.gov/dapip/#/institution-profile/139126,,139126,00324500,1,1,1,8,PW,1,16108,dapip_file_text,FALSE,warning,public_action_code,C:/Users/mv3031/Desktop/Financial_Health_Project/Financial Health Tracker - For Github/data_pipelines/accreditation/cache/dapip/pdfs/139126_action-8_file-16108.pdf,C:/Users/mv3031/Desktop/Financial_Health_Project/Financial Health Tracker - For Github/data_pipelines/accreditation/cache/dapip/text/139126_action-8_file-16108.txt,pdf_body,Placed on Warning because of insufficient evidence of compliance with Standard V (Educational Effectiveness Assessment)
211608,Cheyney University of Pennsylvania,Pennsylvania,Middle States Commission on Higher Education,removed,Accreditation Reaffirmed: Probation Removed,resolved,2024-06-27,2024,,,DAPIP Institutional Accreditation Action,Accreditation Reaffirmed: Probation Removed,2026-06-07 21:17:08.77768,https://ope.ed.gov/dapip/#/institution-profile/139135,,139135,00331700,1,1,1,10,PR,10,0,dapip_action_description,FALSE,removed,public_action_code,,,raw_title,Probation removed
211608,Cheyney University of Pennsylvania,Pennsylvania,Middle States Commission on Higher Education,probation,"To place the institution on probation and note that the institution's accreditation is in jeopardy because of insufficient evidence that the institution is currently in compliance with Standard II (Ethics and Integrity), Standard III (Design and Delivery of the Student Learning Experience), Standard VI (Planning, Resources, and Institutional Improvement), and former Requirements of Affiliation 5 and 11.",active,2023-11-16,2023,,,DAPIP Institutional Accreditation Action,Probation or Equivalent or a More Severe Status: Probation,2026-06-07 21:17:08.851682,https://ope.ed.gov/dapip/#/institution-profile/139135,,139135,00331700,1,1,1,9,P,1,17291,dapip_file_text,FALSE,probation,public_action_code,C:/Users/mv3031/Desktop/Financial_Health_Project/Financial Health Tracker - For Github/data_pipelines/accreditation/cache/dapip/pdfs/139135_action-9_file-17291.pdf,C:/Users/mv3031/Desktop/Financial_Health_Project/Financial Health Tracker - For Github/data_pipelines/accreditation/cache/dapip/text/139135_action-9_file-17291.txt,pdf_body,"Placed on Probation for insufficient evidence of compliance with Standard II (Ethics and Integrity), Standard III (Design and Delivery of the Student Learning Experience), and Standard VI (Planning, Resources, and Institutional Improvement) and former Requirements of Affiliation 5 and 11"
211608,Cheyney University of Pennsylvania,Pennsylvania,Middle States Commission on Higher Education,notice,Heightened Monitoring or Focused Review,active,2019-10-07,2019,,,DAPIP Institutional Accreditation Action,Heightened Monitoring or Focused Review | Supplemental Information Report requested,2026-06-07 21:17:09.052776,https://ope.ed.gov/dapip/#/institution-profile/139135,,139135,00331700,1,1,1,5,HM,99,0,dapip_action_description,FALSE,monitoring_or_notice,public_action_code,,,raw_title,Heightened Monitoring or Focused Review
211893,Curtis Institute of Music,Pennsylvania,"National Association of Schools of Music, Commission on Accreditation",adverse_action,Voluntary Withdrawal Received,active,2023-01-31,2023,,,DAPIP Institutional Accreditation Action,Voluntary Withdrawal Received,2026-06-07 21:17:09.859049,https://ope.ed.gov/dapip/#/institution-profile/139232,,139232,00325100,34,1,1,2,VR,10,0,dapip_action_description,FALSE,withdrawal_or_loss,public_action_code,,,raw_title,Voluntarily Surrendered Accreditation
212054,Drexel University,Pennsylvania,Middle States Commission on Higher Education,other,Grant Substantive Change: Ownership,active,2024-06-27,2024,,,DAPIP Institutional Accreditation Action,"Grant Substantive Change: Ownership | Merger of Salus University with Drexel University, effective, June 30, 2024. Institution meets the requirements for this substantive change.",2026-06-07 21:17:11.430551,https://ope.ed.gov/dapip/#/institution-profile/139311,,139311,00325600,1,1,1,12,GO,99,0,dapip_action_description,FALSE,ownership_change,public_action_code,,,raw_title,Grant Substantive Change: Ownership
212601,Gannon University,Pennsylvania,Middle States Commission on Higher Education,other,Grant Substantive Change: Ownership,active,2025-06-26,2025,,,DAPIP Institutional Accreditation Action,"Grant Substantive Change: Ownership | To include the change in legal status, form of control, and ownership within the institution's scope of accreditation, effective June 30, 2025. To note the complex substantive change request includes the member substitution of Ursuline College and the merger of Ursuline College with Gannon University.",2026-06-07 21:17:14.945435,https://ope.ed.gov/dapip/#/institution-profile/139621,,139621,00326600,1,1,1,4,GO,99,0,dapip_action_description,FALSE,ownership_change,public_action_code,,,raw_title,Grant Substantive Change: Ownership
213303,Keystone College,Pennsylvania,Middle States Commission on Higher Education,other,Grant Substantive Change: Ownership,active,2025-05-29,2025,,,DAPIP Institutional Accreditation Action,"Grant Substantive Change: Ownership | includes the merger of Keystone College into Keystone College, LLC, with Washington Institute for Education and Research (WIER) as the sole member, effective May 30, 2025. Institutions meet the requirements for this substantive change.",2026-06-07 21:17:20.472693,https://ope.ed.gov/dapip/#/institution-profile/139922,,139922,00328000,1,1,1,11,GO,99,0,dapip_action_description,FALSE,ownership_change,public_action_code,,,raw_title,Grant Substantive Change: Ownership
213303,Keystone College,Pennsylvania,Middle States Commission on Higher Education,show_cause,"Pullo: Notification of Non-Compliance Action On behalf of the Middle States Commission on Higher Education, I am writing to inform you that on February 27, 2025, the Commission acted as follows: To acknowledge receipt of the request by the institution on February 4, 2025, for the Commission to reconsider the adverse action to withdraw accreditation and to reconsider the conditions set during appeal.",active,2025-02-27,2025,,,DAPIP Institutional Accreditation Action,Probation or Equivalent or a More Severe Status: Show Cause | Adverse action to withdraw accreditation reconsidered with new financial information. Institution placed on show cause status.,2026-06-07 21:17:20.536638,https://ope.ed.gov/dapip/#/institution-profile/139922,,139922,00328000,1,1,1,10,SC,99,21050,dapip_file_text,FALSE,show_cause,public_action_code,C:/Users/mv3031/Desktop/Financial_Health_Project/Financial Health Tracker - For Github/data_pipelines/accreditation/cache/dapip/pdfs/139922_action-10_file-21050.pdf,C:/Users/mv3031/Desktop/Financial_Health_Project/Financial Health Tracker - For Github/data_pipelines/accreditation/cache/dapip/text/139922_action-10_file-21050.txt,pdf_body,Continued Show Cause
213303,Keystone College,Pennsylvania,Middle States Commission on Higher Education,adverse_action,"Pullo: On behalf of the Middle States Commission on Higher Education, I am writing to inform you that on November 21, 2024, the Commission acted as follows: To acknowledge receipt of the show cause report, submitted on August 1, 2024.",active,2024-11-21,2024,,,DAPIP Institutional Accreditation Action,Adverse Action Initiated | Adverse Action to withdraw accreditation subject to appeal. Institution remains accredited pending the appeal. The accreditation cease date will be set as appropriate based on final disposition of the appeal.,2026-06-07 21:17:20.616466,https://ope.ed.gov/dapip/#/institution-profile/139922,,139922,00328000,1,1,1,9,AA,99,20289,dapip_file_text,FALSE,withdrawal_or_loss,public_action_code,C:/Users/mv3031/Desktop/Financial_Health_Project/Financial Health Tracker - For Github/data_pipelines/accreditation/cache/dapip/pdfs/139922_action-9_file-20289.pdf,C:/Users/mv3031/Desktop/Financial_Health_Project/Financial Health Tracker - For Github/data_pipelines/accreditation/cache/dapip/text/139922_action-9_file-20289.txt,pdf_body,Approved Teach-Out Plan and Agreements
213303,Keystone College,Pennsylvania,Middle States Commission on Higher Education,show_cause,Probation or Equivalent or a More Severe Status: Show Cause,active,2024-04-25,2024,,,DAPIP Institutional Accreditation Action,Probation or Equivalent or a More Severe Status: Show Cause,2026-06-07 21:17:20.685196,https://ope.ed.gov/dapip/#/institution-profile/139922,,139922,00328000,1,1,1,6,SC,1,0,dapip_action_description,FALSE,show_cause,public_action_code,,,raw_title,Asked to Show Cause
213367,La Salle University,Pennsylvania,Middle States Commission on Higher Education,removed,Accreditation Reaffirmed:  Warning Removed,resolved,2026-05-28,2026,,,DAPIP Institutional Accreditation Action,Accreditation Reaffirmed: Warning Removed,2026-06-07 21:17:22.439034,https://ope.ed.gov/dapip/#/institution-profile/139986,,139986,00328700,1,1,1,9,WR,10,0,dapip_action_description,FALSE,removed,public_action_code,,,raw_title,Warning removed
213367,La Salle University,Pennsylvania,Middle States Commission on Higher Education,warning,To note that the institution remains accredited while on warning.,active,2025-06-26,2025,,,DAPIP Institutional Accreditation Action,Probation or Equivalent or a More Severe Status: Warning,2026-06-07 21:17:22.498667,https://ope.ed.gov/dapip/#/institution-profile/139986,,139986,00328700,1,1,1,8,PW,1,22056,dapip_file_text,FALSE,warning,public_action_code,C:/Users/mv3031/Desktop/Financial_Health_Project/Financial Health Tracker - For Github/data_pipelines/accreditation/cache/dapip/pdfs/139986_action-8_file-22056.pdf,C:/Users/mv3031/Desktop/Financial_Health_Project/Financial Health Tracker - For Github/data_pipelines/accreditation/cache/dapip/text/139986_action-8_file-22056.txt,pdf_body,"Placed on Warning because of insufficient evidence of compliance with Standard VI (Planning, Resources, and Institutional Improvement)"
214148,Moore College of Art and Design,Pennsylvania,"National Association of Schools of Art and Design, Commission on Accreditation",adverse_action,Voluntary Withdrawal Received,active,2021-06-30,2021,,,DAPIP Institutional Accreditation Action,Voluntary Withdrawal Received,2026-06-07 21:17:28.392266,https://ope.ed.gov/dapip/#/institution-profile/140377,,140377,00330000,32,1,1,3,VR,10,0,dapip_action_description,FALSE,withdrawal_or_loss,public_action_code,,,raw_title,Voluntarily Surrendered Accreditation
214157,Moravian University,Pennsylvania,Middle States Commission on Higher Education,other,Grant Substantive Change: Ownership,active,2023-06-22,2023,,,DAPIP Institutional Accreditation Action,"Grant Substantive Change: Ownership | Acquisition of Lancaster Theological Seminary, effective July 1, 2024",2026-06-07 21:17:28.842721,https://ope.ed.gov/dapip/#/institution-profile/140386,,140386,00330100,1,1,1,6,GO,99,0,dapip_action_description,FALSE,ownership_change,public_action_code,,,raw_title,Grant Substantive Change: Ownership
214883,Peirce College,Pennsylvania,Middle States Commission on Higher Education,other,Grant Substantive Change: Ownership,active,2025-04-24,2025,,,DAPIP Institutional Accreditation Action,"Grant Substantive Change: Ownership | Merger of Lackawanna College with Peirce College, effective, June 30, 2025. Institution meets the requirements for this substantive change",2026-06-07 21:17:39.65518,https://ope.ed.gov/dapip/#/institution-profile/140784,,140784,00330900,1,1,2,7,GO,99,0,dapip_action_description,FALSE,ownership_change,public_action_code,,,raw_title,Grant Substantive Change: Ownership
214971,Pennsylvania Academy of the Fine Arts,Pennsylvania,Middle States Commission on Higher Education,adverse_action,Loss of Accreditation or Preaccreditation: Other,active,2024-06-26,2024,,,DAPIP Institutional Accreditation Action,"Loss of Accreditation or Preaccreditation: Other | Accreditation to cease effective August 25, 2025. As of August 26, 2025 the institution will no longer be accredited by the Middle States Commission on Higher Education.",2026-06-07 21:17:40.280997,https://ope.ed.gov/dapip/#/institution-profile/140845,,140845,02107300,1,1,1,6,LO,99,0,dapip_action_description,FALSE,withdrawal_or_loss,public_action_code,,,raw_title,Loss of accreditation or Preaccreditation: Other
214971,Pennsylvania Academy of the Fine Arts,Pennsylvania,"National Association of Schools of Art and Design, Commission on Accreditation",adverse_action,Loss of Accreditation or Preaccreditation: Voluntary Withdrawal,active,2026-05-27,2026,,,DAPIP Institutional Accreditation Action,Loss of Accreditation or Preaccreditation: Voluntary Withdrawal | The institution voluntarily relinquished accreditation.,2026-06-07 21:17:40.729336,https://ope.ed.gov/dapip/#/institution-profile/140845,,140845,02107300,32,1,1,2,R,99,0,dapip_action_description,FALSE,withdrawal_or_loss,public_action_code,,,raw_title,Voluntarily Surrendered Accreditation
215691,Rosemont College,Pennsylvania,Middle States Commission on Higher Education,removed,Accreditation Reaffirmed:  Warning Removed,resolved,2023-11-16,2023,,,DAPIP Institutional Accreditation Action,Accreditation Reaffirmed: Warning Removed,2026-06-07 21:17:45.729473,https://ope.ed.gov/dapip/#/institution-profile/141200,,141200,00336000,1,1,1,3,WR,10,0,dapip_action_description,FALSE,removed,public_action_code,,,raw_title,Warning removed
215691,Rosemont College,Pennsylvania,Middle States Commission on Higher Education,warning,To note that the institution remains accredited while on warning.,active,2022-11-17,2022,,,DAPIP Institutional Accreditation Action,Probation or Equivalent or a More Severe Status: Warning,2026-06-07 21:17:45.775857,https://ope.ed.gov/dapip/#/institution-profile/141200,,141200,00336000,1,1,1,2,PW,1,14403,dapip_file_text,FALSE,warning,public_action_code,C:/Users/mv3031/Desktop/Financial_Health_Project/Financial Health Tracker - For Github/data_pipelines/accreditation/cache/dapip/pdfs/141200_action-2_file-14403.pdf,C:/Users/mv3031/Desktop/Financial_Health_Project/Financial Health Tracker - For Github/data_pipelines/accreditation/cache/dapip/text/141200_action-2_file-14403.txt,pdf_body,"Placed on Warning because of insufficient evidence of compliance with Standard VI (Planning, Resources, and Institutional Improvement)"
215770,Saint Joseph's University - Philadelphia,Pennsylvania,Middle States Commission on Higher Education,other,Grant Substantive Change: Ownership,active,2023-09-25,2023,,,DAPIP Institutional Accreditation Action,Grant Substantive Change: Ownership | Merger of Pennsylvania College of Health Sciences with Saint Joseph's University: The institution meets the requirements for this substantive change,2026-06-07 21:17:46.715076,https://ope.ed.gov/dapip/#/institution-profile/141237,,141237,00336700,1,1,1,4,GO,99,0,dapip_action_description,FALSE,ownership_change,public_action_code,,,raw_title,Grant Substantive Change: Ownership
215770,Saint Joseph's University - Philadelphia,Pennsylvania,Middle States Commission on Higher Education,other,Grant Substantive Change: Ownership,active,2022-03-10,2022,,,DAPIP Institutional Accreditation Action,Grant Substantive Change: Ownership | Merger of University of the Sciences with Saint Joseph's University: institution meets the requirements for this substantive change,2026-06-07 21:17:46.760478,https://ope.ed.gov/dapip/#/institution-profile/141237,,141237,00336700,1,1,1,2,GO,99,0,dapip_action_description,FALSE,ownership_change,public_action_code,,,raw_title,Grant Substantive Change: Ownership
216287,Swarthmore College,Pennsylvania,Middle States Commission on Higher Education,adverse_action,Voluntary Withdrawal Received,active,2026-04-06,2026,,,DAPIP Institutional Accreditation Action,Voluntary Withdrawal Received | institution submitted a notice of intent to surrender accreditation,2026-06-07 21:17:51.741374,https://ope.ed.gov/dapip/#/institution-profile/141477,,141477,00337000,1,1,1,3,VR,99,0,dapip_action_description,FALSE,withdrawal_or_loss,public_action_code,,,raw_title,Voluntarily Surrendered Accreditation
216694,Waynesburg University,Pennsylvania,Middle States Commission on Higher Education,removed,Accreditation Reaffirmed:  Warning Removed,resolved,2025-06-26,2025,,,DAPIP Institutional Accreditation Action,Accreditation Reaffirmed: Warning Removed,2026-06-07 21:17:56.202136,https://ope.ed.gov/dapip/#/institution-profile/141680,,141680,00339100,1,1,1,3,WR,10,0,dapip_action_description,FALSE,removed,public_action_code,,,raw_title,Warning removed
216694,Waynesburg University,Pennsylvania,Middle States Commission on Higher Education,warning,To note that the institution remains accredited while on warning.,active,2024-06-27,2024,,,DAPIP Institutional Accreditation Action,Probation or Equivalent or a More Severe Status: Warning,2026-06-07 21:17:56.25103,https://ope.ed.gov/dapip/#/institution-profile/141680,,141680,00339100,1,1,1,2,PW,1,18827,dapip_file_text,FALSE,warning,public_action_code,C:/Users/mv3031/Desktop/Financial_Health_Project/Financial Health Tracker - For Github/data_pipelines/accreditation/cache/dapip/pdfs/141680_action-2_file-18827.pdf,C:/Users/mv3031/Desktop/Financial_Health_Project/Financial Health Tracker - For Github/data_pipelines/accreditation/cache/dapip/text/141680_action-2_file-18827.txt,pdf_body,Placed on Warning because of insufficient evidence of compliance with Standard V (Educational Effectiveness Assessment)
217493,Rhode Island School of Design,Rhode Island,"National Association of Schools of Art and Design, Commission on Accreditation",adverse_action,Voluntary Withdrawal Received,active,2022-07-03,2022,,,DAPIP Institutional Accreditation Action,Voluntary Withdrawal Received,2026-06-07 21:18:01.420589,https://ope.ed.gov/dapip/#/institution-profile/142009,,142009,00340900,32,1,1,2,VR,10,0,dapip_action_description,FALSE,withdrawal_or_loss,public_action_code,,,raw_title,Voluntarily Surrendered Accreditation
217493,Rhode Island School of Design,Rhode Island,"National Association of Schools of Art and Design, Commission on Accreditation",adverse_action,Voluntary Withdrawal Received,active,2021-06-30,2021,,,DAPIP Institutional Accreditation Action,Voluntary Withdrawal Received,2026-06-07 21:18:01.445171,https://ope.ed.gov/dapip/#/institution-profile/142009,,142009,00340900,32,1,1,3,VR,10,0,dapip_action_description,FALSE,withdrawal_or_loss,public_action_code,,,raw_title,Voluntarily Surrendered Accreditation
217606,Northpoint Bible College,Massachusetts,"Association for Biblical Higher Education, Commission on Accreditation",adverse_action,"Involuntary withdrawal/termination of accreditation is an appealable action, and such action is not final until the option of appeal is exhausted.",active,2026-04-24,2026,,,DAPIP Institutional Accreditation Action,Affirm Denial Following Appeal,2026-06-07 21:18:02.919185,https://ope.ed.gov/dapip/#/institution-profile/142063,,142063,03570500,13,1,1,10,AD,1,30258,dapip_file_text,FALSE,withdrawal_or_loss,public_action_code,C:/Users/mv3031/Desktop/Financial_Health_Project/Financial Health Tracker - For Github/data_pipelines/accreditation/cache/dapip/pdfs/142063_action-10_file-30258.pdf,C:/Users/mv3031/Desktop/Financial_Health_Project/Financial Health Tracker - For Github/data_pipelines/accreditation/cache/dapip/text/142063_action-10_file-30258.txt,pdf_body,"Involuntary withdrawal/termination of accreditation is an appealable action, and such action is not final until the option of appeal is exhausted."
217606,Northpoint Bible College,Massachusetts,"Association for Biblical Higher Education, Commission on Accreditation",adverse_action,"March 6, 2026 INITIATION OF ADVERSE ACTION In compliance with 34 CFR 602.26(b)(d), the ABHE Commission on Accreditation is notifying the public of the Initiation of Adverse Action (withdrawal of accredited status) against Northpoint Bible College, 320 South Main Street, Haverhill, MA 01835.",active,2026-02-11,2026,,,DAPIP Institutional Accreditation Action,Adverse Action Initiated |,2026-06-07 21:18:02.972738,https://ope.ed.gov/dapip/#/institution-profile/142063,,142063,03570500,13,1,1,9,AA,1,29872,dapip_file_text,FALSE,withdrawal_or_loss,public_action_code,C:/Users/mv3031/Desktop/Financial_Health_Project/Financial Health Tracker - For Github/data_pipelines/accreditation/cache/dapip/pdfs/142063_action-9_file-29872.pdf,C:/Users/mv3031/Desktop/Financial_Health_Project/Financial Health Tracker - For Github/data_pipelines/accreditation/cache/dapip/text/142063_action-9_file-29872.txt,pdf_body,"March 6, 2026 INITIATION OF ADVERSE ACTION In compliance with 34 CFR 602.26(b)(d), the ABHE Commission on accreditation is notifying the public of the Initiation of Adverse Action (withdrawal of accredited status) against Northpoint Bible College, 320 South Main Street, Haverhill, MA 01835."
217606,Northpoint Bible College,Massachusetts,"Association for Biblical Higher Education, Commission on Accreditation",show_cause,"The ABHE Commission on Accreditation reviewed your institution at an October 15, 2025 meeting and took the following action, consistent with the October 6, 2025 Appeal Panel decision: Order Northpoint Bible College (MA) to Show Cause why its accreditation should be continued in light of the Commission on Accreditation’s judgment that the institution fails to comply with the ABHE Institutional Accreditation Standards listed below, and require submission of a Show Cause report addressing the areas of non-compliance below, due December 15, 2025, for Commission review at its February 2026 meeting: 1) Standard 5: EE 2 – Documented evidence of financial stability, including a) Adequate revenue streams to realize institutional mission, including receipt of expected substantial donation(s) reported by the institution and significant reduction of past due accounts payable obligations, and b) Sufficient financial reserves to enable effective response to unforeseen financial circumstances and enrollment fluctuations.",active,2025-10-15,2025,,,DAPIP Institutional Accreditation Action,Probation or Equivalent or a More Severe Status: Show Cause,2026-06-07 21:18:03.048625,https://ope.ed.gov/dapip/#/institution-profile/142063,,142063,03570500,13,1,1,8,SC,3,23886,dapip_file_text,FALSE,show_cause,public_action_code,C:/Users/mv3031/Desktop/Financial_Health_Project/Financial Health Tracker - For Github/data_pipelines/accreditation/cache/dapip/pdfs/142063_action-8_file-23886.pdf,C:/Users/mv3031/Desktop/Financial_Health_Project/Financial Health Tracker - For Github/data_pipelines/accreditation/cache/dapip/text/142063_action-8_file-23886.txt,pdf_body,"The ABHE Commission on accreditation reviewed your institution at an October 15, 2025 meeting and took the following action, consistent with the October 6, 2025 Appeal Panel decision: Order Northpoint Bible College (MA) to Show Cause why its accreditation should be continued in light of the Commission on accreditation’s judgment that the institution fails to comply with the ABHE Institutional accreditation Standards listed below, and require submission of a Show Cause report addressing the areas of non-compliance below, due December 15, 2025, for Commission review at its February 2026 meeting: 1) Standard 5: EE 2 – Documented evidence of financial stability, including a) Adequate revenue streams to realize institutional mission, including receipt of expected substantial donation(s) reported by the institution and significant reduction of past due accounts payable obligations, and b) Sufficient financial reserves to enable effective response to unforeseen financial circumstances and enrollment fluctuations."
217606,Northpoint Bible College,Massachusetts,"Association for Biblical Higher Education, Commission on Accreditation",probation,Probation or Equivalent or a More Severe Status: Probation,active,2025-02-19,2025,,,DAPIP Institutional Accreditation Action,Probation or Equivalent or a More Severe Status: Probation,2026-06-07 21:18:03.126669,https://ope.ed.gov/dapip/#/institution-profile/142063,,142063,03570500,13,1,1,7,P,3,21110,dapip_action_description,FALSE,probation,public_action_code,C:/Users/mv3031/Desktop/Financial_Health_Project/Financial Health Tracker - For Github/data_pipelines/accreditation/cache/dapip/pdfs/142063_action-7_file-21110.pdf,C:/Users/mv3031/Desktop/Financial_Health_Project/Financial Health Tracker - For Github/data_pipelines/accreditation/cache/dapip/text/142063_action-7_file-21110.txt,raw_title,Placed on Probation
217606,Northpoint Bible College,Massachusetts,"Association for Biblical Higher Education, Commission on Accreditation",probation,"The ABHE Commission on Accreditation reviewed your institution at its September 10, 2024, meeting and took the following action: Receive the Financial Progress Report submitted July 15, 2024, and additional financial information submitted on August 29, 2024, place Northpoint Bible College (MA) on probation, and continue accreditation in light of the Commission on Accreditation’s judgment that the institution fails to comply with the ABHE Institutional Accreditation Standards listed below.",active,2024-09-23,2024,,,DAPIP Institutional Accreditation Action,Probation or Equivalent or a More Severe Status: Probation,2026-06-07 21:18:03.168334,https://ope.ed.gov/dapip/#/institution-profile/142063,,142063,03570500,13,1,1,5,P,3,19796,dapip_file_text,FALSE,probation,public_action_code,C:/Users/mv3031/Desktop/Financial_Health_Project/Financial Health Tracker - For Github/data_pipelines/accreditation/cache/dapip/pdfs/142063_action-5_file-19796.pdf,C:/Users/mv3031/Desktop/Financial_Health_Project/Financial Health Tracker - For Github/data_pipelines/accreditation/cache/dapip/text/142063_action-5_file-19796.txt,pdf_body,"Receive the financial Progress Report submitted July 15, 2024, and additional financial information submitted on August 29, 2024, place Northpoint Bible College (MA) on Probation, and continue accreditation in light of the Commission on accreditation’s judgment that the institution fails to comply with the ABHE Institutional accreditation Standards listed below."
217606,Northpoint Bible College,Massachusetts,"Association for Biblical Higher Education, Commission on Accreditation",probation,"The ABHE Commission on Accreditation reviewed your institution at its September 10, 2024, meeting and took the following action: Receive the Financial Progress Report submitted July 15, 2024, and additional financial information submitted on August 29, 2024, place Northpoint Bible College (MA) on probation, and continue accreditation in light of the Commission on Accreditation’s judgment that the institution fails to comply with the ABHE Institutional Accreditation Standards listed below.",active,2024-09-23,2024,,,DAPIP Institutional Accreditation Action,Probation or Equivalent or a More Severe Status: Probation,2026-06-07 21:18:03.213923,https://ope.ed.gov/dapip/#/institution-profile/142063,,142063,03570500,13,1,1,6,P,3,19797,dapip_file_text,FALSE,probation,public_action_code,C:/Users/mv3031/Desktop/Financial_Health_Project/Financial Health Tracker - For Github/data_pipelines/accreditation/cache/dapip/pdfs/142063_action-6_file-19797.pdf,C:/Users/mv3031/Desktop/Financial_Health_Project/Financial Health Tracker - For Github/data_pipelines/accreditation/cache/dapip/text/142063_action-6_file-19797.txt,pdf_body,"Receive the financial Progress Report submitted July 15, 2024, and additional financial information submitted on August 29, 2024, place Northpoint Bible College (MA) on Probation, and continue accreditation in light of the Commission on accreditation’s judgment that the institution fails to comply with the ABHE Institutional accreditation Standards listed below."
217606,Northpoint Bible College,Massachusetts,"Association for Biblical Higher Education, Commission on Accreditation",notice,"The ABHE Commission on Accreditation reviewed your institution at its February 10-14, 2024 meeting and took the following action: Continue Northpoint Bible College (MA) on warning and continue accreditation in light of the Commission on Accreditation judgment that the institution marginally complies with the ABHE Institutional Accreditation Standards listed below, and require a progress report, due November 15, 2024, that includes a detailed financial recovery plan with three years of projected revenues and expenses, and addresses the following concerns: • Standard 6b: EE 1 (Demonstrate with evidence the financial stability of the institution, especially in light of the operating deficit and the “going concern” disclosure in the FY 2023 financial audit) • Standard 6b: EE 2 (Demonstrate with evidence that the institution has implemented a budgeting process that serves as an effective instrument of financial oversight and planning) • Standard 6b: EE 3 (Demonstrate with evidence the cultivation of adequate revenue streams sufficient to realize institutional goals) • Standard 6b EE: 6 (Demonstrate with evidence that the institution possesses sufficient financial reserves to enable an effective response to unforeseen financial circumstances and enrollment fluctuations) The effective date of this action is February 14, 2024.",active,2024-02-14,2024,,,DAPIP Institutional Accreditation Action,Warning or Equivalent-Factors Affecting Academic Quality,2026-06-07 21:18:03.261958,https://ope.ed.gov/dapip/#/institution-profile/142063,,142063,03570500,13,1,1,4,WE,6,17940,dapip_file_text,FALSE,monitoring_or_notice,public_action_code,C:/Users/mv3031/Desktop/Financial_Health_Project/Financial Health Tracker - For Github/data_pipelines/accreditation/cache/dapip/pdfs/142063_action-4_file-17940.pdf,C:/Users/mv3031/Desktop/Financial_Health_Project/Financial Health Tracker - For Github/data_pipelines/accreditation/cache/dapip/text/142063_action-4_file-17940.txt,pdf_body,"Continued Northpoint Bible College (MA) on Warning and continue accreditation in light of the Commission on accreditation judgment that the institution marginally complies with the ABHE Institutional accreditation Standards listed below, and require a progress report, due November 15, 2024, that includes a detailed financial recovery plan with three years of projected revenues and expenses, and addresses the following concerns: • Standard 6b: EE 1 (Demonstrate with evidence the financial stability of the institution, especially in light of the operating deficit and the “going concern” disclosure in the FY 2023 financial audit) • Standard 6b: EE 2 (Demonstrate with evidence that the institution has implemented a budgeting process that serves as an effective instrument of financial oversight and planning) • Standard 6b: EE 3 (Demonstrate with evidence the cultivation of adequate revenue streams sufficient to realize institutional goals) • Standard 6b EE: 6 (Demonstrate with evidence that the institution possesses sufficient financial reserves to enable an effective response to unforeseen financial circumstances and enrollment fluctuations) The effective date of this action is February 14, 2024."
217606,Northpoint Bible College,Massachusetts,"Association for Biblical Higher Education, Commission on Accreditation",notice,"The ABHE Commission on Accreditation reviewed your institution at its June 15, 2023 meeting and took the following action: Disapprove the explanation provided by Northpoint Bible College (MA) regarding failure to submit its 2022 financial audit, place the institution on warning, and require submission of the 2022 audit and a progress report, due September 15, 2023, detailing steps taken/to be taken to adjust the auditing schedule and procedures to ensure delivery of timely audited financial statements to the COA Office no later than December 15 each year (Standard 3: EE 7, Standard 6b: EE 1, COE 21).",active,2023-06-15,2023,,,DAPIP Institutional Accreditation Action,Warning or Equivalent-Factors Affecting Academic Quality,2026-06-07 21:18:03.32271,https://ope.ed.gov/dapip/#/institution-profile/142063,,142063,03570500,13,1,1,1,WE,6,15992,dapip_file_text,FALSE,monitoring_or_notice,public_action_code,C:/Users/mv3031/Desktop/Financial_Health_Project/Financial Health Tracker - For Github/data_pipelines/accreditation/cache/dapip/pdfs/142063_action-1_file-15992.pdf,C:/Users/mv3031/Desktop/Financial_Health_Project/Financial Health Tracker - For Github/data_pipelines/accreditation/cache/dapip/text/142063_action-1_file-15992.txt,pdf_body,"Disapprove the explanation provided by Northpoint Bible College (MA) regarding failure to submit its 2022 financial audit, place the institution on Warning, and require submission of the 2022 audit and a progress report, due September 15, 2023, detailing steps taken/to be taken to adjust the auditing schedule and procedures to ensure delivery of timely audited financial statements to the COA Office no later than December 15 each year (Standard 3: EE 7, Standard 6b: EE 1, COE 21)."
217624,Allen University,South Carolina,"Southern Association of Colleges and Schools, Commission on Colleges",notice,"Based only on those reviewed standards, the institution should submit a Referral Report due April 1, 2024, addressing the standards ofthe Principles identified below.",active,2023-06-14,2023,,,DAPIP Institutional Accreditation Action,Heightened Monitoring or Focused Review,2026-06-07 21:18:04.238369,https://ope.ed.gov/dapip/#/institution-profile/142081,,142081,00341700,7,1,1,16,HM,6,23883,dapip_file_text,FALSE,monitoring_or_notice,public_action_code,C:/Users/mv3031/Desktop/Financial_Health_Project/Financial Health Tracker - For Github/data_pipelines/accreditation/cache/dapip/pdfs/142081_action-16_file-23883.pdf,C:/Users/mv3031/Desktop/Financial_Health_Project/Financial Health Tracker - For Github/data_pipelines/accreditation/cache/dapip/text/142081_action-16_file-23883.txt,pdf_body,Requested to submit a Referral Report documenting compliance with accreditation standards
217633,Anderson University,South Carolina,"Southern Association of Colleges and Schools, Commission on Colleges",removed,No additional report was requested.,resolved,2025-12-07,2025,,,DAPIP Institutional Accreditation Action,Removal of Monitoring Status,2026-06-07 21:18:04.700743,https://ope.ed.gov/dapip/#/institution-profile/142090,,142090,00341800,7,1,1,18,RM,9,28996,dapip_file_text,FALSE,removed,public_action_code,C:/Users/mv3031/Desktop/Financial_Health_Project/Financial Health Tracker - For Github/data_pipelines/accreditation/cache/dapip/pdfs/142090_action-18_file-28996.pdf,C:/Users/mv3031/Desktop/Financial_Health_Project/Financial Health Tracker - For Github/data_pipelines/accreditation/cache/dapip/text/142090_action-18_file-28996.txt,pdf_body,No additional report requested after review of the Monitoring Report
217633,Anderson University,South Carolina,"Southern Association of Colleges and Schools, Commission on Colleges",removed,"Whitaker: The following action regarding your institution was taken by the Board of Trustees of the Southern Association of Colleges and Schools Commission on Colleges (SACSCOC) during its meeting held on December 8, 2024: The SACSCOC Board of Trustees reviewed the institution’s Referral Report following the submission of its Fifth-Year Interim Report in April 2024.",resolved,2024-12-28,2024,,,DAPIP Institutional Accreditation Action,Removal of Monitoring Status,2026-06-07 21:18:04.804357,https://ope.ed.gov/dapip/#/institution-profile/142090,,142090,00341800,7,1,1,17,RM,9,28995,dapip_file_text,FALSE,removed,public_action_code,C:/Users/mv3031/Desktop/Financial_Health_Project/Financial Health Tracker - For Github/data_pipelines/accreditation/cache/dapip/pdfs/142090_action-17_file-28995.pdf,C:/Users/mv3031/Desktop/Financial_Health_Project/Financial Health Tracker - For Github/data_pipelines/accreditation/cache/dapip/text/142090_action-17_file-28995.txt,pdf_body,No additional report requested after review of the Monitoring Report
217633,Anderson University,South Carolina,"Southern Association of Colleges and Schools, Commission on Colleges",notice,"Based only on those reviewed standards, the institution should submit a Referral Report due September 8, 2024, addressing the standards of the Principles identified below.",active,2024-04-26,2024,,,DAPIP Institutional Accreditation Action,Heightened Monitoring or Focused Review,2026-06-07 21:18:05.103069,https://ope.ed.gov/dapip/#/institution-profile/142090,,142090,00341800,7,1,1,15,HM,6,28993,dapip_file_text,FALSE,monitoring_or_notice,public_action_code,C:/Users/mv3031/Desktop/Financial_Health_Project/Financial Health Tracker - For Github/data_pipelines/accreditation/cache/dapip/pdfs/142090_action-15_file-28993.pdf,C:/Users/mv3031/Desktop/Financial_Health_Project/Financial Health Tracker - For Github/data_pipelines/accreditation/cache/dapip/text/142090_action-15_file-28993.txt,pdf_body,Requested to submit a Referral Report documenting compliance with accreditation standards
217688,Charleston Southern University,South Carolina,"Southern Association of Colleges and Schools, Commission on Colleges",removed,Removal of Monitoring Status,resolved,2022-12-04,2022,,,DAPIP Institutional Accreditation Action,Removal of Monitoring Status,2026-06-07 21:18:06.146961,https://ope.ed.gov/dapip/#/institution-profile/142115,,142115,00341900,7,1,1,2,RM,10,0,dapip_action_description,FALSE,removed,public_action_code,,,raw_title,Removal of Monitoring Status
217688,Charleston Southern University,South Carolina,"Southern Association of Colleges and Schools, Commission on Colleges",notice,Heightened Monitoring or Focused Review,active,2022-12-04,2022,,,DAPIP Institutional Accreditation Action,Heightened Monitoring or Focused Review,2026-06-07 21:18:06.186439,https://ope.ed.gov/dapip/#/institution-profile/142115,,142115,00341900,7,1,1,4,HM,10,24125,dapip_action_description,FALSE,monitoring_or_notice,public_action_code,C:/Users/mv3031/Desktop/Financial_Health_Project/Financial Health Tracker - For Github/data_pipelines/accreditation/cache/dapip/pdfs/142115_action-4_file-24125.pdf,C:/Users/mv3031/Desktop/Financial_Health_Project/Financial Health Tracker - For Github/data_pipelines/accreditation/cache/dapip/text/142115_action-4_file-24125.txt,raw_title,Heightened monitoring or focused review
217688,Charleston Southern University,South Carolina,"Southern Association of Colleges and Schools, Commission on Colleges",notice,Heightened Monitoring or Focused Review,active,2022-06-16,2022,,,DAPIP Institutional Accreditation Action,Heightened Monitoring or Focused Review,2026-06-07 21:18:06.24017,https://ope.ed.gov/dapip/#/institution-profile/142115,,142115,00341900,7,1,1,3,HM,10,23815,dapip_action_description,FALSE,monitoring_or_notice,public_action_code,C:/Users/mv3031/Desktop/Financial_Health_Project/Financial Health Tracker - For Github/data_pipelines/accreditation/cache/dapip/pdfs/142115_action-3_file-23815.pdf,C:/Users/mv3031/Desktop/Financial_Health_Project/Financial Health Tracker - For Github/data_pipelines/accreditation/cache/dapip/text/142115_action-3_file-23815.txt,raw_title,Heightened monitoring or focused review
217688,Charleston Southern University,South Carolina,"Southern Association of Colleges and Schools, Commission on Colleges",notice,"Basedonly on those reviewed standards, the institution should submit a Referral Report due September 8, 2022, addressing the following referenced standards of the Principles: Standard 5.",active,2022-06-06,2022,,,DAPIP Institutional Accreditation Action,Heightened Monitoring or Focused Review,2026-06-07 21:18:06.29616,https://ope.ed.gov/dapip/#/institution-profile/142115,,142115,00341900,7,1,1,5,HM,6,24134,dapip_file_text,FALSE,monitoring_or_notice,public_action_code,C:/Users/mv3031/Desktop/Financial_Health_Project/Financial Health Tracker - For Github/data_pipelines/accreditation/cache/dapip/pdfs/142115_action-5_file-24134.pdf,C:/Users/mv3031/Desktop/Financial_Health_Project/Financial Health Tracker - For Github/data_pipelines/accreditation/cache/dapip/text/142115_action-5_file-24134.txt,pdf_body,"Requested to submit a Referral Report due September 8, 2022, addressing accreditation standards involving academics, institutional environment, and public information."
217721,Benedict College,South Carolina,"Southern Association of Colleges and Schools, Commission on Colleges",removed,Accreditation Reaffirmed: Probation Removed,resolved,2021-12-09,2021,,,DAPIP Institutional Accreditation Action,Accreditation Reaffirmed: Probation Removed,2026-06-07 21:18:06.931682,https://ope.ed.gov/dapip/#/institution-profile/142133,,142133,00342000,7,1,1,5,PR,10,0,dapip_action_description,FALSE,removed,public_action_code,,,raw_title,Probation removed
217721,Benedict College,South Carolina,"Southern Association of Colleges and Schools, Commission on Colleges",notice,Probation or Equivalent or a More Severe Status: Other,active,2019-12-08,2019,,,DAPIP Institutional Accreditation Action,Probation or Equivalent or a More Severe Status: Other,2026-06-07 21:18:07.049688,https://ope.ed.gov/dapip/#/institution-profile/142133,,142133,00342000,7,1,1,3,PO,3,0,dapip_action_description,FALSE,monitoring_or_notice,public_action_code,,,raw_title,Probation or Equivalent or a More Severe Status: Other
217749,Bob Jones University,South Carolina,"Southern Association of Colleges and Schools, Commission on Colleges",notice,Heightened Monitoring or Focused Review,active,2023-12-03,2023,,,DAPIP Institutional Accreditation Action,Heightened Monitoring or Focused Review,2026-06-07 21:18:07.480145,https://ope.ed.gov/dapip/#/institution-profile/183442,,183442,00342100,7,1,1,7,HM,10,23803,dapip_action_description,FALSE,monitoring_or_notice,public_action_code,C:/Users/mv3031/Desktop/Financial_Health_Project/Financial Health Tracker - For Github/data_pipelines/accreditation/cache/dapip/pdfs/183442_action-7_file-23803.pdf,C:/Users/mv3031/Desktop/Financial_Health_Project/Financial Health Tracker - For Github/data_pipelines/accreditation/cache/dapip/text/183442_action-7_file-23803.txt,raw_title,Heightened monitoring or focused review
217749,Bob Jones University,South Carolina,"Southern Association of Colleges and Schools, Commission on Colleges",notice,Heightened Monitoring or Focused Review,active,2022-12-04,2022,,,DAPIP Institutional Accreditation Action,Heightened Monitoring or Focused Review,2026-06-07 21:18:07.702082,https://ope.ed.gov/dapip/#/institution-profile/183442,,183442,00342100,7,1,1,3,HM,6,23797,dapip_action_description,FALSE,monitoring_or_notice,public_action_code,C:/Users/mv3031/Desktop/Financial_Health_Project/Financial Health Tracker - For Github/data_pipelines/accreditation/cache/dapip/pdfs/183442_action-3_file-23797.pdf,C:/Users/mv3031/Desktop/Financial_Health_Project/Financial Health Tracker - For Github/data_pipelines/accreditation/cache/dapip/text/183442_action-3_file-23797.txt,raw_title,Heightened monitoring or focused review
217776,Southern Wesleyan University,South Carolina,"Southern Association of Colleges and Schools, Commission on Colleges",notice,"Barker: The following action regarding your institution was taken by the Board of Trustees of the Southern Association of Colleges and Schools Commission on Colleges (SACSCOC) during its meeting held on December 7, 2025: The SACSCOC Board of Trustees requested a Monitoring Report in twelve (12) months to provide required oversight and resolution of compliance issues.",active,2025-12-07,2025,,,DAPIP Institutional Accreditation Action,Heightened Monitoring or Focused Review,2026-06-07 21:18:08.751466,https://ope.ed.gov/dapip/#/institution-profile/142151,,142151,00342200,7,1,1,9,HM,6,29037,dapip_file_text,FALSE,monitoring_or_notice,public_action_code,C:/Users/mv3031/Desktop/Financial_Health_Project/Financial Health Tracker - For Github/data_pipelines/accreditation/cache/dapip/pdfs/142151_action-9_file-29037.pdf,C:/Users/mv3031/Desktop/Financial_Health_Project/Financial Health Tracker - For Github/data_pipelines/accreditation/cache/dapip/text/142151_action-9_file-29037.txt,pdf_body,Requested to Submit a Monitoring Report in twelve (12) months to provide required oversight and resolution of compliance issues.
217776,Southern Wesleyan University,South Carolina,"Southern Association of Colleges and Schools, Commission on Colleges",notice,"The institution is requested to submit a First Monitoring Report due April 1, 2026, addressing the following referenced standard of the Principles of Accreditation: Standard 8.2.b (Student outcomes: general education) This standard expects an institution to identify expected student learning outcomes, assess the extent to which it achieves these outcomes, and provide evidence of seeking improvement based on analysis of the results for collegiate-level general education competencies of its undergraduate degree programs.",active,2025-06-12,2025,,,DAPIP Institutional Accreditation Action,Heightened Monitoring or Focused Review,2026-06-07 21:18:08.796758,https://ope.ed.gov/dapip/#/institution-profile/142151,,142151,00342200,7,1,1,7,HM,6,26643,dapip_file_text,FALSE,monitoring_or_notice,public_action_code,C:/Users/mv3031/Desktop/Financial_Health_Project/Financial Health Tracker - For Github/data_pipelines/accreditation/cache/dapip/pdfs/142151_action-7_file-26643.pdf,C:/Users/mv3031/Desktop/Financial_Health_Project/Financial Health Tracker - For Github/data_pipelines/accreditation/cache/dapip/text/142151_action-7_file-26643.txt,pdf_body,Requested to Submit a Monitoring Report on Student Outcomes: General Education
217776,Southern Wesleyan University,South Carolina,"Southern Association of Colleges and Schools, Commission on Colleges",notice,"Based only on those reviewed standards, the institution is requested to submit a Referral Report due September 8, 2025, addressing the following referenced standard(s) of the Principles: Standard 5.4 (Qualified administrative/academic officers) This standard expects an institution to employ administrative and academic officers with appropriate experience and qualifications to lead the institution.",active,2025-04-25,2025,,,DAPIP Institutional Accreditation Action,Heightened Monitoring or Focused Review,2026-06-07 21:18:08.853027,https://ope.ed.gov/dapip/#/institution-profile/142151,,142151,00342200,7,1,1,8,HM,6,26644,dapip_file_text,FALSE,monitoring_or_notice,public_action_code,C:/Users/mv3031/Desktop/Financial_Health_Project/Financial Health Tracker - For Github/data_pipelines/accreditation/cache/dapip/pdfs/142151_action-8_file-26644.pdf,C:/Users/mv3031/Desktop/Financial_Health_Project/Financial Health Tracker - For Github/data_pipelines/accreditation/cache/dapip/text/142151_action-8_file-26644.txt,pdf_body,Requested Referral Report on Qualified administrative/academic officers
217819,College of Charleston,South Carolina,"Southern Association of Colleges and Schools, Commission on Colleges",notice,Heightened Monitoring or Focused Review,active,2023-12-03,2023,,,DAPIP Institutional Accreditation Action,Heightened Monitoring or Focused Review,2026-06-07 21:18:09.517712,https://ope.ed.gov/dapip/#/institution-profile/142179,,142179,00342800,7,1,1,8,HM,10,23732,dapip_action_description,FALSE,monitoring_or_notice,public_action_code,C:/Users/mv3031/Desktop/Financial_Health_Project/Financial Health Tracker - For Github/data_pipelines/accreditation/cache/dapip/pdfs/142179_action-8_file-23732.pdf,C:/Users/mv3031/Desktop/Financial_Health_Project/Financial Health Tracker - For Github/data_pipelines/accreditation/cache/dapip/text/142179_action-8_file-23732.txt,raw_title,Heightened monitoring or focused review
217819,College of Charleston,South Carolina,"Southern Association of Colleges and Schools, Commission on Colleges",notice,Heightened Monitoring or Focused Review,active,2023-12-03,2023,,,DAPIP Institutional Accreditation Action,Heightened Monitoring or Focused Review,2026-06-07 21:18:09.572109,https://ope.ed.gov/dapip/#/institution-profile/142179,,142179,00342800,7,1,1,13,HM,9,27114,dapip_action_description,FALSE,monitoring_or_notice,public_action_code,C:/Users/mv3031/Desktop/Financial_Health_Project/Financial Health Tracker - For Github/data_pipelines/accreditation/cache/dapip/pdfs/142179_action-13_file-27114.pdf,C:/Users/mv3031/Desktop/Financial_Health_Project/Financial Health Tracker - For Github/data_pipelines/accreditation/cache/dapip/text/142179_action-13_file-27114.txt,raw_title,Heightened monitoring or focused review
217819,College of Charleston,South Carolina,"Southern Association of Colleges and Schools, Commission on Colleges",notice,"Based only on those reviewed standards, the institution should submit a Referral Report due September 8, 2023, addressingthe following referenced standard of the Principles: Standard 14.",active,2023-06-14,2023,,,DAPIP Institutional Accreditation Action,Heightened Monitoring or Focused Review,2026-06-07 21:18:09.774459,https://ope.ed.gov/dapip/#/institution-profile/142179,,142179,00342800,7,1,1,11,HM,6,23735,dapip_file_text,FALSE,monitoring_or_notice,public_action_code,C:/Users/mv3031/Desktop/Financial_Health_Project/Financial Health Tracker - For Github/data_pipelines/accreditation/cache/dapip/pdfs/142179_action-11_file-23735.pdf,C:/Users/mv3031/Desktop/Financial_Health_Project/Financial Health Tracker - For Github/data_pipelines/accreditation/cache/dapip/text/142179_action-11_file-23735.txt,pdf_body,Requested Referral Report on Publication of accreditation Status
217907,Coker University,South Carolina,"Southern Association of Colleges and Schools, Commission on Colleges",removed,"Harder: The following action regarding your institution was taken by the Board of Trustees of the Southern Association of Colleges and Schools Commission on Colleges (SACSCOC) during its meeting held on December 2, 2021: The SACSCOC Board of Trustees reviewed the institution's Referral Report following the submission of its Fifth-Year Interim Report in June 2021.",resolved,2025-10-02,2025,,,DAPIP Institutional Accreditation Action,Removal of Monitoring Status,2026-06-07 21:18:13.082685,https://ope.ed.gov/dapip/#/institution-profile/142249,,142249,00342700,7,1,1,4,RM,9,23665,dapip_file_text,FALSE,removed,public_action_code,C:/Users/mv3031/Desktop/Financial_Health_Project/Financial Health Tracker - For Github/data_pipelines/accreditation/cache/dapip/pdfs/142249_action-4_file-23665.pdf,C:/Users/mv3031/Desktop/Financial_Health_Project/Financial Health Tracker - For Github/data_pipelines/accreditation/cache/dapip/text/142249_action-4_file-23665.txt,pdf_body,No additional report requested after review of the Monitoring Report
217925,Columbia International University,South Carolina,"Southern Association of Colleges and Schools, Commission on Colleges",notice,"Based only on those reviewed standards, the institution should submit a Referral Report due April 1, 2025, addressing the standards of the Principles identified below.",active,2024-04-26,2024,,,DAPIP Institutional Accreditation Action,Heightened Monitoring or Focused Review,2026-06-07 21:18:14.397188,https://ope.ed.gov/dapip/#/institution-profile/142267,,142267,00342900,7,1,1,12,HM,6,28512,dapip_file_text,FALSE,monitoring_or_notice,public_action_code,C:/Users/mv3031/Desktop/Financial_Health_Project/Financial Health Tracker - For Github/data_pipelines/accreditation/cache/dapip/pdfs/142267_action-12_file-28512.pdf,C:/Users/mv3031/Desktop/Financial_Health_Project/Financial Health Tracker - For Github/data_pipelines/accreditation/cache/dapip/text/142267_action-12_file-28512.txt,pdf_body,Requested to submit a Referral Report documenting compliance with accreditation standards
217934,Columbia College,South Carolina,"Southern Association of Colleges and Schools, Commission on Colleges",removed,Accreditation Reaffirmed:  Warning Removed,resolved,2020-09-06,2020,,,DAPIP Institutional Accreditation Action,Accreditation Reaffirmed: Warning Removed,2026-06-07 21:18:15.28982,https://ope.ed.gov/dapip/#/institution-profile/142276,,142276,00343000,7,1,1,9,WR,10,0,dapip_action_description,FALSE,removed,public_action_code,,,raw_title,Warning removed
217934,Columbia College,South Carolina,"Southern Association of Colleges and Schools, Commission on Colleges",removed,Accreditation Reaffirmed:  Warning Removed,resolved,2020-09-03,2020,,,DAPIP Institutional Accreditation Action,Accreditation Reaffirmed: Warning Removed,2026-06-07 21:18:15.315484,https://ope.ed.gov/dapip/#/institution-profile/142276,,142276,00343000,7,1,1,4,WR,10,0,dapip_action_description,FALSE,removed,public_action_code,,,raw_title,Warning removed
217934,Columbia College,South Carolina,"Southern Association of Colleges and Schools, Commission on Colleges",warning,Probation or Equivalent or a More Severe Status: Warning,active,2019-06-13,2019,,,DAPIP Institutional Accreditation Action,Probation or Equivalent or a More Severe Status: Warning,2026-06-07 21:18:15.378568,https://ope.ed.gov/dapip/#/institution-profile/142276,,142276,00343000,7,1,1,2,PW,6,0,dapip_action_description,FALSE,warning,public_action_code,,,raw_title,Placed on warning
217934,Columbia College,South Carolina,"Southern Association of Colleges and Schools, Commission on Colleges",notice,Warning or Equivalent-Factors Affecting Academic Quality,active,2019-06-11,2019,,,DAPIP Institutional Accreditation Action,Warning or Equivalent-Factors Affecting Academic Quality,2026-06-07 21:18:15.403401,https://ope.ed.gov/dapip/#/institution-profile/142276,,142276,00343000,7,1,1,3,WE,6,0,dapip_action_description,FALSE,monitoring_or_notice,public_action_code,,,raw_title,Warning or Equivalent-Factors Affecting Academic Quality
217961,Converse University,South Carolina,"Southern Association of Colleges and Schools, Commission on Colleges",notice,"Based only on those reviewed standards, the institution should submit a Referral Report due April 1, 2024, addressing the standards of the Principles identified below.",active,2023-06-29,2023,,,DAPIP Institutional Accreditation Action,Heightened Monitoring or Focused Review,2026-06-07 21:18:15.91175,https://ope.ed.gov/dapip/#/institution-profile/142285,,142285,00343100,7,1,1,7,HM,6,23417,dapip_file_text,FALSE,monitoring_or_notice,public_action_code,C:/Users/mv3031/Desktop/Financial_Health_Project/Financial Health Tracker - For Github/data_pipelines/accreditation/cache/dapip/pdfs/142285_action-7_file-23417.pdf,C:/Users/mv3031/Desktop/Financial_Health_Project/Financial Health Tracker - For Github/data_pipelines/accreditation/cache/dapip/text/142285_action-7_file-23417.txt,pdf_body,Requested to submit a Referral Report documenting compliance with accreditation standards
217998,Erskine College,South Carolina,"Southern Association of Colleges and Schools, Commission on Colleges",removed,Accreditation Reaffirmed:  Warning Removed,resolved,2025-01-16,2025,,,DAPIP Institutional Accreditation Action,Accreditation Reaffirmed: Warning Removed,2026-06-07 21:18:16.440227,https://ope.ed.gov/dapip/#/institution-profile/142300,,142300,00343200,7,1,1,10,WR,10,0,dapip_action_description,FALSE,removed,public_action_code,,,raw_title,Warning removed
217998,Erskine College,South Carolina,"Southern Association of Colleges and Schools, Commission on Colleges",show_cause,Probation or Equivalent or a More Severe Status: Show Cause,active,2024-12-08,2024,,,DAPIP Institutional Accreditation Action,Probation or Equivalent or a More Severe Status: Show Cause,2026-06-07 21:18:16.473534,https://ope.ed.gov/dapip/#/institution-profile/142300,,142300,00343200,7,1,1,8,SC,8,0,dapip_action_description,FALSE,show_cause,public_action_code,,,raw_title,Asked to show cause
217998,Erskine College,South Carolina,"Southern Association of Colleges and Schools, Commission on Colleges",removed,Accreditation Reaffirmed:  Warning Removed,resolved,2024-12-08,2024,,,DAPIP Institutional Accreditation Action,Accreditation Reaffirmed: Warning Removed,2026-06-07 21:18:16.503308,https://ope.ed.gov/dapip/#/institution-profile/142300,,142300,00343200,7,1,1,9,WR,10,0,dapip_action_description,FALSE,removed,public_action_code,,,raw_title,Warning removed
217998,Erskine College,South Carolina,"Southern Association of Colleges and Schools, Commission on Colleges",notice,"Adamson: The following action regarding your institution was taken by the Board of Trustees of the Southern Association of Colleges and Schools Commission on Colleges (SACSCOC) during its meeting held on December 3, 2023: The SACSCOC Board of Trustees reviewed the institution’s Monitoring Report, and denied reaffirmation, continued accreditation, and continued the institution on Warning for twelve months for failure to comply with Core Requirement 4.1 (Governing board characteristics), Core Requirement 13.1 (Financial resources), and Standard 13.3 (Financial responsibility). A Special Committee was not authorized to visit the institution.",active,2023-12-03,2023,,,DAPIP Institutional Accreditation Action,Heightened Monitoring or Focused Review,2026-06-07 21:18:16.60025,https://ope.ed.gov/dapip/#/institution-profile/142300,,142300,00343200,7,1,1,14,HM,6,24136,dapip_file_text,FALSE,monitoring_or_notice,public_action_code,C:/Users/mv3031/Desktop/Financial_Health_Project/Financial Health Tracker - For Github/data_pipelines/accreditation/cache/dapip/pdfs/142300_action-14_file-24136.pdf,C:/Users/mv3031/Desktop/Financial_Health_Project/Financial Health Tracker - For Github/data_pipelines/accreditation/cache/dapip/text/142300_action-14_file-24136.txt,pdf_body,"Continued the institution on warning for twelve months for failure to comply with Core Requirement 4.1 (Governing board characteristics), Core Requirement 13.1 (Financial resources), and Standard 13.3 (Financial responsibility)"
217998,Erskine College,South Carolina,"Southern Association of Colleges and Schools, Commission on Colleges",warning,"Adamson: The following action regarding your institution was taken by the Board of Trustees of the Southern Association of Colleges and Schools Commission on Colleges (SACSCOC) during its meeting held on December 3, 2023: The SACSCOC Board of Trustees reviewed the institution’s Monitoring Report, and denied reaffirmation, continued accreditation, and continued the institution on Warning for twelve months for failure to comply with Core Requirement 4.1 (Governing board characteristics), Core Requirement 13.1 (Financial resources), and Standard 13.3 (Financial responsibility). A Special Committee was not authorized to visit the institution.",active,2023-12-03,2023,,,DAPIP Institutional Accreditation Action,Probation or Equivalent or a More Severe Status: Warning,2026-06-07 21:18:16.69413,https://ope.ed.gov/dapip/#/institution-profile/142300,,142300,00343200,7,1,1,11,PW,6,22589,dapip_file_text,FALSE,warning,public_action_code,C:/Users/mv3031/Desktop/Financial_Health_Project/Financial Health Tracker - For Github/data_pipelines/accreditation/cache/dapip/pdfs/142300_action-11_file-22589.pdf,C:/Users/mv3031/Desktop/Financial_Health_Project/Financial Health Tracker - For Github/data_pipelines/accreditation/cache/dapip/text/142300_action-11_file-22589.txt,pdf_body,"Continued the institution on warning for twelve months for failure to comply with Core Requirement 4.1 (Governing board characteristics), Core Requirement 13.1 (Financial resources), and Standard 13.3 (Financial responsibility)"
217998,Erskine College,South Carolina,"Southern Association of Colleges and Schools, Commission on Colleges",warning,"Adamson : The following action regarding your institution was taken by the Board of Trustees of the Southern Association of Colleges and Schools Commission on Colleges (SACSCOC) during its meeting held on December 4, 2022: The SACSCOC Board of Trustees denied reaffirmation, continued accreditation, and placed the institution on Warning for twelve months for failure to comply with Core Requirement 4.1 (Governing board characteristics), Core Requirement 13.1 (Financial resources), and Standard 13.3 (Financial responsibility) .",active,2022-12-04,2022,,,DAPIP Institutional Accreditation Action,Probation or Equivalent or a More Severe Status: Warning,2026-06-07 21:18:16.81505,https://ope.ed.gov/dapip/#/institution-profile/142300,,142300,00343200,7,1,1,12,PW,6,22601,dapip_file_text,FALSE,warning,public_action_code,C:/Users/mv3031/Desktop/Financial_Health_Project/Financial Health Tracker - For Github/data_pipelines/accreditation/cache/dapip/pdfs/142300_action-12_file-22601.pdf,C:/Users/mv3031/Desktop/Financial_Health_Project/Financial Health Tracker - For Github/data_pipelines/accreditation/cache/dapip/text/142300_action-12_file-22601.txt,pdf_body,"Denied reaffirmation, continued accreditation, and placed the institution on warning for twelve months"
217998,Erskine College,South Carolina,"Southern Association of Colleges and Schools, Commission on Colleges",notice,"Adamson: The following action regarding your institution was taken by the Board of Trustees of the Southern Association ofColleges and Schools Commission on Colleges (SACSCOC) during its meeting held on December 4, 2022: The SACSCOC Board of Trustees denied reaffirmation, continued accreditation, and placed the institution on Warning for twelve months for failure to comply with Core Requirement 4.",active,2022-12-04,2022,,,DAPIP Institutional Accreditation Action,Heightened Monitoring or Focused Review,2026-06-07 21:18:16.937633,https://ope.ed.gov/dapip/#/institution-profile/142300,,142300,00343200,7,1,1,13,HM,6,24135,dapip_file_text,FALSE,monitoring_or_notice,public_action_code,C:/Users/mv3031/Desktop/Financial_Health_Project/Financial Health Tracker - For Github/data_pipelines/accreditation/cache/dapip/pdfs/142300_action-13_file-24135.pdf,C:/Users/mv3031/Desktop/Financial_Health_Project/Financial Health Tracker - For Github/data_pipelines/accreditation/cache/dapip/text/142300_action-13_file-24135.txt,pdf_body,"Denied reaffirmation, continued accreditation, and placed the institution on warning for twelve months"
217998,Erskine College,South Carolina,"Southern Association of Colleges and Schools, Commission on Colleges",removed,Removal of Monitoring Status,resolved,2019-12-01,2019,,,DAPIP Institutional Accreditation Action,Removal of Monitoring Status,2026-06-07 21:18:17.102485,https://ope.ed.gov/dapip/#/institution-profile/142300,,142300,00343200,7,1,1,4,RM,10,0,dapip_action_description,FALSE,removed,public_action_code,,,raw_title,Removal of Monitoring Status
218061,Francis Marion University,South Carolina,"Southern Association of Colleges and Schools, Commission on Colleges",notice,Heightened Monitoring or Focused Review,active,2024-12-08,2024,,,DAPIP Institutional Accreditation Action,Heightened Monitoring or Focused Review,2026-06-07 21:18:17.716485,https://ope.ed.gov/dapip/#/institution-profile/142337,,142337,00922600,7,1,1,8,HM,9,28718,dapip_action_description,FALSE,monitoring_or_notice,public_action_code,C:/Users/mv3031/Desktop/Financial_Health_Project/Financial Health Tracker - For Github/data_pipelines/accreditation/cache/dapip/pdfs/142337_action-8_file-28718.pdf,C:/Users/mv3031/Desktop/Financial_Health_Project/Financial Health Tracker - For Github/data_pipelines/accreditation/cache/dapip/text/142337_action-8_file-28718.txt,raw_title,Heightened monitoring or focused review
218061,Francis Marion University,South Carolina,"Southern Association of Colleges and Schools, Commission on Colleges",removed,Removal of Monitoring Status,resolved,2024-12-08,2024,,,DAPIP Institutional Accreditation Action,Removal of Monitoring Status,2026-06-07 21:18:17.907446,https://ope.ed.gov/dapip/#/institution-profile/142337,,142337,00922600,7,1,1,6,RM,9,24718,dapip_action_description,FALSE,removed,public_action_code,C:/Users/mv3031/Desktop/Financial_Health_Project/Financial Health Tracker - For Github/data_pipelines/accreditation/cache/dapip/pdfs/142337_action-6_file-24718.pdf,C:/Users/mv3031/Desktop/Financial_Health_Project/Financial Health Tracker - For Github/data_pipelines/accreditation/cache/dapip/text/142337_action-6_file-24718.txt,raw_title,Removal of Monitoring Status
218061,Francis Marion University,South Carolina,"Southern Association of Colleges and Schools, Commission on Colleges",notice,"Based only on those reviewed standards, the institution should submit a Referral Report due September 8, 2024, addressing the standards of the Principles identified below.",active,2024-04-26,2024,,,DAPIP Institutional Accreditation Action,Heightened Monitoring or Focused Review,2026-06-07 21:18:17.961559,https://ope.ed.gov/dapip/#/institution-profile/142337,,142337,00922600,7,1,1,5,HM,6,24716,dapip_file_text,FALSE,monitoring_or_notice,public_action_code,C:/Users/mv3031/Desktop/Financial_Health_Project/Financial Health Tracker - For Github/data_pipelines/accreditation/cache/dapip/pdfs/142337_action-5_file-24716.pdf,C:/Users/mv3031/Desktop/Financial_Health_Project/Financial Health Tracker - For Github/data_pipelines/accreditation/cache/dapip/text/142337_action-5_file-24716.txt,pdf_body,Requested to submit a Referral Report documenting compliance with accreditation standards
218070,Furman University,South Carolina,"Southern Association of Colleges and Schools, Commission on Colleges",notice,"Based only on those reviewed standards, the institution should submit a Referral Report due April 1,2025, addressing the standards of the Principles identified below.",active,2024-04-26,2024,,,DAPIP Institutional Accreditation Action,Heightened Monitoring or Focused Review,2026-06-07 21:18:18.470993,https://ope.ed.gov/dapip/#/institution-profile/142346,,142346,00343400,7,1,1,6,HM,6,24142,dapip_file_text,FALSE,monitoring_or_notice,public_action_code,C:/Users/mv3031/Desktop/Financial_Health_Project/Financial Health Tracker - For Github/data_pipelines/accreditation/cache/dapip/pdfs/142346_action-6_file-24142.pdf,C:/Users/mv3031/Desktop/Financial_Health_Project/Financial Health Tracker - For Github/data_pipelines/accreditation/cache/dapip/text/142346_action-6_file-24142.txt,pdf_body,Requested to submit a Referral Report documenting compliance with accreditation standards
218070,Furman University,South Carolina,"Southern Association of Colleges and Schools, Commission on Colleges",notice,Heightened Monitoring or Focused Review,active,2021-12-01,2021,,,DAPIP Institutional Accreditation Action,Heightened Monitoring or Focused Review,2026-06-07 21:18:18.668807,https://ope.ed.gov/dapip/#/institution-profile/142346,,142346,00343400,7,1,1,3,HM,10,24139,dapip_action_description,FALSE,monitoring_or_notice,public_action_code,C:/Users/mv3031/Desktop/Financial_Health_Project/Financial Health Tracker - For Github/data_pipelines/accreditation/cache/dapip/pdfs/142346_action-3_file-24139.pdf,C:/Users/mv3031/Desktop/Financial_Health_Project/Financial Health Tracker - For Github/data_pipelines/accreditation/cache/dapip/text/142346_action-3_file-24139.txt,raw_title,Heightened monitoring or focused review
218229,Lander University,South Carolina,"Southern Association of Colleges and Schools, Commission on Colleges",notice,"Based only on those reviewed standards, the institution should submit a Referral Report due April 1, 2024, addressing the standards of the Principles identified below.",active,2023-06-14,2023,,,DAPIP Institutional Accreditation Action,Heightened Monitoring or Focused Review,2026-06-07 21:18:19.261158,https://ope.ed.gov/dapip/#/institution-profile/142416,,142416,00343500,7,1,1,8,HM,6,24908,dapip_file_text,FALSE,monitoring_or_notice,public_action_code,C:/Users/mv3031/Desktop/Financial_Health_Project/Financial Health Tracker - For Github/data_pipelines/accreditation/cache/dapip/pdfs/142416_action-8_file-24908.pdf,C:/Users/mv3031/Desktop/Financial_Health_Project/Financial Health Tracker - For Github/data_pipelines/accreditation/cache/dapip/text/142416_action-8_file-24908.txt,pdf_body,Requested to submit a Referral Report documenting compliance with accreditation standards
218335,Medical University of South Carolina,South Carolina,"Southern Association of Colleges and Schools, Commission on Colleges",notice,Heightened Monitoring or Focused Review,active,2023-12-03,2023,,,DAPIP Institutional Accreditation Action,Heightened Monitoring or Focused Review,2026-06-07 21:18:20.30476,https://ope.ed.gov/dapip/#/institution-profile/142461,,142461,00343800,7,1,1,7,HM,10,25617,dapip_action_description,FALSE,monitoring_or_notice,public_action_code,C:/Users/mv3031/Desktop/Financial_Health_Project/Financial Health Tracker - For Github/data_pipelines/accreditation/cache/dapip/pdfs/142461_action-7_file-25617.pdf,C:/Users/mv3031/Desktop/Financial_Health_Project/Financial Health Tracker - For Github/data_pipelines/accreditation/cache/dapip/text/142461_action-7_file-25617.txt,raw_title,Heightened monitoring or focused review
218335,Medical University of South Carolina,South Carolina,"Southern Association of Colleges and Schools, Commission on Colleges",notice,Heightened Monitoring or Focused Review,active,2023-12-03,2023,,,DAPIP Institutional Accreditation Action,Heightened Monitoring or Focused Review,2026-06-07 21:18:20.363861,https://ope.ed.gov/dapip/#/institution-profile/142461,,142461,00343800,7,1,1,10,HM,9,28376,dapip_action_description,FALSE,monitoring_or_notice,public_action_code,C:/Users/mv3031/Desktop/Financial_Health_Project/Financial Health Tracker - For Github/data_pipelines/accreditation/cache/dapip/pdfs/142461_action-10_file-28376.pdf,C:/Users/mv3031/Desktop/Financial_Health_Project/Financial Health Tracker - For Github/data_pipelines/accreditation/cache/dapip/text/142461_action-10_file-28376.txt,raw_title,Heightened monitoring or focused review
218335,Medical University of South Carolina,South Carolina,"Southern Association of Colleges and Schools, Commission on Colleges",notice,"The institution's policy and procedures for reporting substantive change must continue to address all types of substantive changes as defined in SACSCOC policy, 'Substantive Change Policy and Procedures.' We appreciate your continued support of SACSCOC's activities and work.",active,2023-06-15,2023,,,DAPIP Institutional Accreditation Action,Heightened Monitoring or Focused Review,2026-06-07 21:18:20.418099,https://ope.ed.gov/dapip/#/institution-profile/142461,,142461,00343800,7,1,1,9,HM,9,28375,dapip_file_text,FALSE,monitoring_or_notice,public_action_code,C:/Users/mv3031/Desktop/Financial_Health_Project/Financial Health Tracker - For Github/data_pipelines/accreditation/cache/dapip/pdfs/142461_action-9_file-28375.pdf,C:/Users/mv3031/Desktop/Financial_Health_Project/Financial Health Tracker - For Github/data_pipelines/accreditation/cache/dapip/text/142461_action-9_file-28375.txt,pdf_body,"^, SACS^COC SOUTHERN ASSOCIATION OF COLLEGES AND SCHOOLS COMMISSION ON COLLEGES June 29, 2023 Dr. David Cole President Medical University of South Carolina 179 Ashley Avenue Charleston, SC 29425 Dear Dr. Cole: The following action regarding your institution was taken by the Board of Trustees of the Southern Association of Colleges and Schools Commission on Colleges (SACSCOC) during its meeting held on June 15, 2023: The SACSCOC Board of Trustees reviewed the institution's internal policy and procedures addressing the timely reporting of substantive changes. No additional report is requested. This review was conducted following the institution's failure to seek approval of an implemented Master of Science (MS) in Speech-LanguagePathology. The institution's policy and procedures for reporting substantive change must continue to address all types of substantive changes as defined in SACSCOC policy, 'Substantive Change Policy and Procedures.' We appreciate your continued support of SACSCOC's activities and work. If you have questions, please contact the SACSCOC staff member assigned to your institution. Sincerely, Belle S. Wheelan, Ph. D. President BSW:rg ec: Dr. Crystal A. Baird, Vice President, SACSCOC 1866 Southern Lane . Decatur, Georgia 30033-4097 . Telephone 404/679-4500 . Fax 404/679-4558 www. sacscoc. org"
218335,Medical University of South Carolina,South Carolina,"Southern Association of Colleges and Schools, Commission on Colleges",notice,"The institution's policy and procedures for reporting substantive change must continue to address all types of substantive changes as defined in SACSCOC policy, 'Substantive Change Policy and Procedures.' We appreciate your continued support of SACSCOC's activities and work.",active,2023-06-15,2023,,,DAPIP Institutional Accreditation Action,Heightened Monitoring or Focused Review,2026-06-07 21:18:20.478889,https://ope.ed.gov/dapip/#/institution-profile/142461,,142461,00343800,7,1,1,6,HM,10,25616,dapip_file_text,FALSE,monitoring_or_notice,public_action_code,C:/Users/mv3031/Desktop/Financial_Health_Project/Financial Health Tracker - For Github/data_pipelines/accreditation/cache/dapip/pdfs/142461_action-6_file-25616.pdf,C:/Users/mv3031/Desktop/Financial_Health_Project/Financial Health Tracker - For Github/data_pipelines/accreditation/cache/dapip/text/142461_action-6_file-25616.txt,pdf_body,"^, SACS^COC SOUTHERN ASSOCIATION OF COLLEGES AND SCHOOLS COMMISSION ON COLLEGES June 29, 2023 Dr. David Cole President Medical University of South Carolina 179 Ashley Avenue Charleston, SC 29425 Dear Dr. Cole: The following action regarding your institution was taken by the Board of Trustees of the Southern Association of Colleges and Schools Commission on Colleges (SACSCOC) during its meeting held on June 15, 2023: The SACSCOC Board of Trustees reviewed the institution's internal policy and procedures addressing the timely reporting of substantive changes. No additional report is requested. This review was conducted following the institution's failure to seek approval of an implemented Master of Science (MS) in Speech-LanguagePathology. The institution's policy and procedures for reporting substantive change must continue to address all types of substantive changes as defined in SACSCOC policy, 'Substantive Change Policy and Procedures.' We appreciate your continued support of SACSCOC's activities and work. If you have questions, please contact the SACSCOC staff member assigned to your institution. Sincerely, Belle S. Wheelan, Ph. D. President BSW:rg ec: Dr. Crystal A. Baird, Vice President, SACSCOC 1866 Southern Lane . Decatur, Georgia 30033-4097 . Telephone 404/679-4500 . Fax 404/679-4558 www. sacscoc. org"
218335,Medical University of South Carolina,South Carolina,"Southern Association of Colleges and Schools, Commission on Colleges",notice,"Based only on those reviewed standards, the institution should submit a Referral Report due September 8, 2023, addressing the following referenced standard of the Principles: Standard 12.",active,2023-06-14,2023,,,DAPIP Institutional Accreditation Action,Heightened Monitoring or Focused Review,2026-06-07 21:18:20.577195,https://ope.ed.gov/dapip/#/institution-profile/142461,,142461,00343800,7,1,1,5,HM,6,25614,dapip_file_text,FALSE,monitoring_or_notice,public_action_code,C:/Users/mv3031/Desktop/Financial_Health_Project/Financial Health Tracker - For Github/data_pipelines/accreditation/cache/dapip/pdfs/142461_action-5_file-25614.pdf,C:/Users/mv3031/Desktop/Financial_Health_Project/Financial Health Tracker - For Github/data_pipelines/accreditation/cache/dapip/text/142461_action-5_file-25614.txt,pdf_body,Requested Referral Report on Student complaints
218441,North Greenville University,South Carolina,"Southern Association of Colleges and Schools, Commission on Colleges",notice,Heightened Monitoring or Focused Review,active,2022-12-04,2022,,,DAPIP Institutional Accreditation Action,Heightened Monitoring or Focused Review,2026-06-07 21:18:23.474439,https://ope.ed.gov/dapip/#/institution-profile/142504,,142504,00344100,7,1,1,9,HM,9,26133,dapip_action_description,FALSE,monitoring_or_notice,public_action_code,C:/Users/mv3031/Desktop/Financial_Health_Project/Financial Health Tracker - For Github/data_pipelines/accreditation/cache/dapip/pdfs/142504_action-9_file-26133.pdf,C:/Users/mv3031/Desktop/Financial_Health_Project/Financial Health Tracker - For Github/data_pipelines/accreditation/cache/dapip/text/142504_action-9_file-26133.txt,raw_title,Heightened monitoring or focused review
218441,North Greenville University,South Carolina,"Southern Association of Colleges and Schools, Commission on Colleges",removed,Removal of Monitoring Status,resolved,2019-06-02,2019,,,DAPIP Institutional Accreditation Action,Removal of Monitoring Status,2026-06-07 21:18:23.658941,https://ope.ed.gov/dapip/#/institution-profile/142504,,142504,00344100,7,1,1,4,RM,10,0,dapip_action_description,FALSE,removed,public_action_code,,,raw_title,Removal of Monitoring Status
218539,Presbyterian College,South Carolina,"Southern Association of Colleges and Schools, Commission on Colleges",notice,Heightened Monitoring or Focused Review,active,2024-06-01,2024,,,DAPIP Institutional Accreditation Action,Heightened Monitoring or Focused Review,2026-06-07 21:18:24.158216,https://ope.ed.gov/dapip/#/institution-profile/142531,,142531,00344500,7,1,1,5,HM,9,26276,dapip_action_description,FALSE,monitoring_or_notice,public_action_code,C:/Users/mv3031/Desktop/Financial_Health_Project/Financial Health Tracker - For Github/data_pipelines/accreditation/cache/dapip/pdfs/142531_action-5_file-26276.pdf,C:/Users/mv3031/Desktop/Financial_Health_Project/Financial Health Tracker - For Github/data_pipelines/accreditation/cache/dapip/text/142531_action-5_file-26276.txt,raw_title,Heightened monitoring or focused review
218539,Presbyterian College,South Carolina,"Southern Association of Colleges and Schools, Commission on Colleges",notice,"Based only on those reviewed standards, the institution should submit a Referral Report due April 1, 2024, addressing the standards of the Principles identified below.",active,2023-06-14,2023,,,DAPIP Institutional Accreditation Action,Heightened Monitoring or Focused Review,2026-06-07 21:18:24.271511,https://ope.ed.gov/dapip/#/institution-profile/142531,,142531,00344500,7,1,1,3,HM,6,26253,dapip_file_text,FALSE,monitoring_or_notice,public_action_code,C:/Users/mv3031/Desktop/Financial_Health_Project/Financial Health Tracker - For Github/data_pipelines/accreditation/cache/dapip/pdfs/142531_action-3_file-26253.pdf,C:/Users/mv3031/Desktop/Financial_Health_Project/Financial Health Tracker - For Github/data_pipelines/accreditation/cache/dapip/text/142531_action-3_file-26253.txt,pdf_body,Requested to submit a Referral Report documenting compliance with accreditation standards
218654,University of South Carolina Beaufort,South Carolina,"Southern Association of Colleges and Schools, Commission on Colleges",notice,"Based only on those reviewed standards, the institution is requested to submit a Referral Report due September 8, 2025, addressing the standards of the Principles identified below.",active,2025-04-25,2025,,,DAPIP Institutional Accreditation Action,Heightened Monitoring or Focused Review,2026-06-07 21:18:25.366777,https://ope.ed.gov/dapip/#/institution-profile/142559,,142559,00345000,7,1,1,5,HM,6,28873,dapip_file_text,FALSE,monitoring_or_notice,public_action_code,C:/Users/mv3031/Desktop/Financial_Health_Project/Financial Health Tracker - For Github/data_pipelines/accreditation/cache/dapip/pdfs/142559_action-5_file-28873.pdf,C:/Users/mv3031/Desktop/Financial_Health_Project/Financial Health Tracker - For Github/data_pipelines/accreditation/cache/dapip/text/142559_action-5_file-28873.txt,pdf_body,Requested to submit a Referral Report documenting compliance with accreditation standards
218654,University of South Carolina Beaufort,South Carolina,"Southern Association of Colleges and Schools, Commission on Colleges",notice,"Based only on those reviewed standards, the institution is requested to submit a Referral Report due September 8, 2025, addressing the standards of the Principles identified below.",active,2025-04-15,2025,,,DAPIP Institutional Accreditation Action,Heightened Monitoring or Focused Review,2026-06-07 21:18:25.414797,https://ope.ed.gov/dapip/#/institution-profile/142559,,142559,00345000,7,1,1,4,HM,6,27865,dapip_file_text,FALSE,monitoring_or_notice,public_action_code,C:/Users/mv3031/Desktop/Financial_Health_Project/Financial Health Tracker - For Github/data_pipelines/accreditation/cache/dapip/pdfs/142559_action-4_file-27865.pdf,C:/Users/mv3031/Desktop/Financial_Health_Project/Financial Health Tracker - For Github/data_pipelines/accreditation/cache/dapip/text/142559_action-4_file-27865.txt,pdf_body,Requested to submit a Referral Report documenting compliance with accreditation standards
218663,University of South Carolina-Columbia,South Carolina,"Southern Association of Colleges and Schools, Commission on Colleges",notice,Heightened Monitoring or Focused Review,active,2023-12-03,2023,,,DAPIP Institutional Accreditation Action,Heightened Monitoring or Focused Review,2026-06-07 21:18:27.108188,https://ope.ed.gov/dapip/#/institution-profile/142568,,142568,00344800,7,1,1,16,HM,9,27881,dapip_action_description,FALSE,monitoring_or_notice,public_action_code,C:/Users/mv3031/Desktop/Financial_Health_Project/Financial Health Tracker - For Github/data_pipelines/accreditation/cache/dapip/pdfs/142568_action-16_file-27881.pdf,C:/Users/mv3031/Desktop/Financial_Health_Project/Financial Health Tracker - For Github/data_pipelines/accreditation/cache/dapip/text/142568_action-16_file-27881.txt,raw_title,Heightened monitoring or focused review
218724,Coastal Carolina University,South Carolina,"Southern Association of Colleges and Schools, Commission on Colleges",notice,Heightened Monitoring or Focused Review,active,2023-12-03,2023,,,DAPIP Institutional Accreditation Action,Heightened Monitoring or Focused Review,2026-06-07 21:18:28.388684,https://ope.ed.gov/dapip/#/institution-profile/142610,,142610,00345100,7,1,1,6,HM,10,24245,dapip_action_description,FALSE,monitoring_or_notice,public_action_code,C:/Users/mv3031/Desktop/Financial_Health_Project/Financial Health Tracker - For Github/data_pipelines/accreditation/cache/dapip/pdfs/142610_action-6_file-24245.pdf,C:/Users/mv3031/Desktop/Financial_Health_Project/Financial Health Tracker - For Github/data_pipelines/accreditation/cache/dapip/text/142610_action-6_file-24245.txt,raw_title,Heightened monitoring or focused review
218724,Coastal Carolina University,South Carolina,"Southern Association of Colleges and Schools, Commission on Colleges",removed,Removal of Monitoring Status,resolved,2019-06-04,2019,,,DAPIP Institutional Accreditation Action,Removal of Monitoring Status,2026-06-07 21:18:28.615777,https://ope.ed.gov/dapip/#/institution-profile/142610,,142610,00345100,7,1,1,2,RM,10,0,dapip_action_description,FALSE,removed,public_action_code,,,raw_title,Removal of Monitoring Status
218733,South Carolina State University,South Carolina,"Southern Association of Colleges and Schools, Commission on Colleges",removed,Removal of Monitoring Status,resolved,2022-12-04,2022,,,DAPIP Institutional Accreditation Action,Removal of Monitoring Status,2026-06-07 21:18:29.164698,https://ope.ed.gov/dapip/#/institution-profile/142629,,142629,00344600,7,1,1,10,RM,9,26710,dapip_action_description,FALSE,removed,public_action_code,C:/Users/mv3031/Desktop/Financial_Health_Project/Financial Health Tracker - For Github/data_pipelines/accreditation/cache/dapip/pdfs/142629_action-10_file-26710.pdf,C:/Users/mv3031/Desktop/Financial_Health_Project/Financial Health Tracker - For Github/data_pipelines/accreditation/cache/dapip/text/142629_action-10_file-26710.txt,raw_title,Removal of Monitoring Status
218733,South Carolina State University,South Carolina,"Southern Association of Colleges and Schools, Commission on Colleges",removed,Removal of Monitoring Status,resolved,2022-12-04,2022,,,DAPIP Institutional Accreditation Action,Removal of Monitoring Status,2026-06-07 21:18:29.201135,https://ope.ed.gov/dapip/#/institution-profile/142629,,142629,00344600,7,1,1,6,RM,10,0,dapip_action_description,FALSE,removed,public_action_code,,,raw_title,Removal of Monitoring Status
218742,University of South Carolina-Upstate,South Carolina,"Southern Association of Colleges and Schools, Commission on Colleges",removed,Removal of Monitoring Status,resolved,2019-06-02,2019,,,DAPIP Institutional Accreditation Action,Removal of Monitoring Status,2026-06-07 21:18:30.611111,https://ope.ed.gov/dapip/#/institution-profile/235431,,235431,00695100,7,1,1,2,RM,10,0,dapip_action_description,FALSE,removed,public_action_code,,,raw_title,Removal of Monitoring Status
218919,Voorhees University,South Carolina,"Southern Association of Colleges and Schools, Commission on Colleges",notice,Heightened Monitoring or Focused Review,active,2025-06-12,2025,,,DAPIP Institutional Accreditation Action,Heightened Monitoring or Focused Review,2026-06-07 21:18:30.986922,https://ope.ed.gov/dapip/#/institution-profile/142717,,142717,00345500,7,1,1,14,HM,10,28810,dapip_action_description,FALSE,monitoring_or_notice,public_action_code,C:/Users/mv3031/Desktop/Financial_Health_Project/Financial Health Tracker - For Github/data_pipelines/accreditation/cache/dapip/pdfs/142717_action-14_file-28810.pdf,C:/Users/mv3031/Desktop/Financial_Health_Project/Financial Health Tracker - For Github/data_pipelines/accreditation/cache/dapip/text/142717_action-14_file-28810.txt,raw_title,Heightened monitoring or focused review
218919,Voorhees University,South Carolina,"Southern Association of Colleges and Schools, Commission on Colleges",notice,Heightened Monitoring or Focused Review,active,2022-12-04,2022,,,DAPIP Institutional Accreditation Action,Heightened Monitoring or Focused Review,2026-06-07 21:18:31.153409,https://ope.ed.gov/dapip/#/institution-profile/142717,,142717,00345500,7,1,1,15,HM,10,28811,dapip_action_description,FALSE,monitoring_or_notice,public_action_code,C:/Users/mv3031/Desktop/Financial_Health_Project/Financial Health Tracker - For Github/data_pipelines/accreditation/cache/dapip/pdfs/142717_action-15_file-28811.pdf,C:/Users/mv3031/Desktop/Financial_Health_Project/Financial Health Tracker - For Github/data_pipelines/accreditation/cache/dapip/text/142717_action-15_file-28811.txt,raw_title,Heightened monitoring or focused review
218919,Voorhees University,South Carolina,"Southern Association of Colleges and Schools, Commission on Colleges",removed,Removal of Monitoring Status,resolved,2019-06-03,2019,,,DAPIP Institutional Accreditation Action,Removal of Monitoring Status,2026-06-07 21:18:31.36817,https://ope.ed.gov/dapip/#/institution-profile/142717,,142717,00345500,7,1,1,2,RM,10,0,dapip_action_description,FALSE,removed,public_action_code,,,raw_title,Removal of Monitoring Status
218973,Wofford College,South Carolina,"Southern Association of Colleges and Schools, Commission on Colleges",notice,Heightened Monitoring or Focused Review,active,2022-12-03,2022,,,DAPIP Institutional Accreditation Action,Heightened Monitoring or Focused Review,2026-06-07 21:18:32.624009,https://ope.ed.gov/dapip/#/institution-profile/142744,,142744,00345700,7,1,1,3,HM,6,23461,dapip_action_description,FALSE,monitoring_or_notice,public_action_code,C:/Users/mv3031/Desktop/Financial_Health_Project/Financial Health Tracker - For Github/data_pipelines/accreditation/cache/dapip/pdfs/142744_action-3_file-23461.pdf,C:/Users/mv3031/Desktop/Financial_Health_Project/Financial Health Tracker - For Github/data_pipelines/accreditation/cache/dapip/text/142744_action-3_file-23461.txt,raw_title,Heightened monitoring or focused review
219709,Belmont University,Tennessee,"Southern Association of Colleges and Schools, Commission on Colleges",notice,"With sustained enrollment growth and consistent financial health forthe previous 21 years, Belmont represents a strong mid-sized university with continued opportunities for program development such as this new Master of Fine Arts.",active,2023-07-07,2023,,,DAPIP Institutional Accreditation Action,Heightened Monitoring or Focused Review,2026-06-07 21:18:41.060524,https://ope.ed.gov/dapip/#/institution-profile/143136,,143136,00347900,7,1,1,13,HM,9,23687,dapip_file_text,FALSE,monitoring_or_notice,public_action_code,C:/Users/mv3031/Desktop/Financial_Health_Project/Financial Health Tracker - For Github/data_pipelines/accreditation/cache/dapip/pdfs/143136_action-13_file-23687.pdf,C:/Users/mv3031/Desktop/Financial_Health_Project/Financial Health Tracker - For Github/data_pipelines/accreditation/cache/dapip/text/143136_action-13_file-23687.txt,pdf_body,"With sustained enrollment growth and consistent financial health forthe previous 21 years, Belmont represents a strong mid-sized university with continued opportunities for program development such as this new Master of Fine Arts."
219718,Bethel University,Tennessee,"Southern Association of Colleges and Schools, Commission on Colleges",notice,"Moulds: The following action regarding your institution was taken by the Board of Trustees of the Southern Association of Colleges and Schools Commission on Colleges (SACSCOC) during its meeting held on June 12, 2025: The SACSCOC Board of Trustees reviewed the institution’s First Monitoring Report following review of a Follow-Up Report submitted in June 2024.",active,2025-06-12,2025,,,DAPIP Institutional Accreditation Action,Heightened Monitoring or Focused Review,2026-06-07 21:18:42.062455,https://ope.ed.gov/dapip/#/institution-profile/143145,,143145,00348000,7,1,1,12,HM,6,23767,dapip_file_text,FALSE,monitoring_or_notice,public_action_code,C:/Users/mv3031/Desktop/Financial_Health_Project/Financial Health Tracker - For Github/data_pipelines/accreditation/cache/dapip/pdfs/143145_action-12_file-23767.pdf,C:/Users/mv3031/Desktop/Financial_Health_Project/Financial Health Tracker - For Github/data_pipelines/accreditation/cache/dapip/text/143145_action-12_file-23767.txt,pdf_body,Requested to Submit a Monitoring Report on Financial Responsibility
219718,Bethel University,Tennessee,"Southern Association of Colleges and Schools, Commission on Colleges",notice,Failure to do so could result in your institution being placed on sanction at the time of its next review.,active,2024-06-13,2024,,,DAPIP Institutional Accreditation Action,Heightened Monitoring or Focused Review,2026-06-07 21:18:42.170996,https://ope.ed.gov/dapip/#/institution-profile/143145,,143145,00348000,7,1,1,11,HM,6,23766,dapip_file_text,FALSE,monitoring_or_notice,public_action_code,C:/Users/mv3031/Desktop/Financial_Health_Project/Financial Health Tracker - For Github/data_pipelines/accreditation/cache/dapip/pdfs/143145_action-11_file-23766.pdf,C:/Users/mv3031/Desktop/Financial_Health_Project/Financial Health Tracker - For Github/data_pipelines/accreditation/cache/dapip/text/143145_action-11_file-23766.txt,pdf_body,Requested to Submit a Monitoring Report on Financial Responsibility
219718,Bethel University,Tennessee,"Southern Association of Colleges and Schools, Commission on Colleges",notice,"Based only on those reviewed standards, the institution should submit a Referral Report due April 1, 2025, addressing the standards of the Principles identified below.",active,2024-04-26,2024,,,DAPIP Institutional Accreditation Action,Heightened Monitoring or Focused Review,2026-06-07 21:18:42.231963,https://ope.ed.gov/dapip/#/institution-profile/143145,,143145,00348000,7,1,1,10,HM,6,23765,dapip_file_text,FALSE,monitoring_or_notice,public_action_code,C:/Users/mv3031/Desktop/Financial_Health_Project/Financial Health Tracker - For Github/data_pipelines/accreditation/cache/dapip/pdfs/143145_action-10_file-23765.pdf,C:/Users/mv3031/Desktop/Financial_Health_Project/Financial Health Tracker - For Github/data_pipelines/accreditation/cache/dapip/text/143145_action-10_file-23765.txt,pdf_body,Requested to submit a Referral Report documenting compliance with accreditation standards
219718,Bethel University,Tennessee,"Southern Association of Colleges and Schools, Commission on Colleges",removed,"Butler: The following action regarding your institution was taken by the Board of Trustees of the Southern Association of Colleges and Schools Commission on Colleges (SACSCOC) during its meeting held on December 4, 2022: The SACSCOC Board of Trustees reviewed the institution's Fourth Monitoring Report, Special Committee Report, and financial statements and recommended removal from Probation for Good Cause.",resolved,2022-12-04,2022,,,DAPIP Institutional Accreditation Action,Removal of Monitoring Status,2026-06-07 21:18:42.348449,https://ope.ed.gov/dapip/#/institution-profile/143145,,143145,00348000,7,1,1,8,RM,6,23762,dapip_file_text,FALSE,removed,public_action_code,C:/Users/mv3031/Desktop/Financial_Health_Project/Financial Health Tracker - For Github/data_pipelines/accreditation/cache/dapip/pdfs/143145_action-8_file-23762.pdf,C:/Users/mv3031/Desktop/Financial_Health_Project/Financial Health Tracker - For Github/data_pipelines/accreditation/cache/dapip/text/143145_action-8_file-23762.txt,pdf_body,Removed from probation
219718,Bethel University,Tennessee,"Southern Association of Colleges and Schools, Commission on Colleges",show_cause,"Butler: The following action regarding your institution was taken by the Board of Trustees of the Southern Association of Colleges and Schools Commission on Colleges (SACSCOC) during its meeting held on December 2, 2021: The SACSCOC Board of Trustees reviewed the institution's Third Monitoring Report, continued the institution in accreditation for Good Cause, and continued the institution on Probation for 12 months for failure to comply with Core Requirement 4 .1 (Governing board characteristics) , Core Requirement 13.1 (Financial resources), and Standard 13.3 (Financial responsibility) of the Principles of Accreditation (Principles) . A Special Committee was authorized to visit the institution.",active,2021-12-02,2021,,,DAPIP Institutional Accreditation Action,Probation or Equivalent or a More Severe Status: Show Cause,2026-06-07 21:18:42.496252,https://ope.ed.gov/dapip/#/institution-profile/143145,,143145,00348000,7,1,1,6,SC,6,22607,dapip_file_text,FALSE,show_cause,public_action_code,C:/Users/mv3031/Desktop/Financial_Health_Project/Financial Health Tracker - For Github/data_pipelines/accreditation/cache/dapip/pdfs/143145_action-6_file-22607.pdf,C:/Users/mv3031/Desktop/Financial_Health_Project/Financial Health Tracker - For Github/data_pipelines/accreditation/cache/dapip/text/143145_action-6_file-22607.txt,pdf_body,Continued on probation for 12 months for failure to comply with Core Requirement 13.1 (Financial resources) and Standard 13.3 (Financial responsibility)
219806,Carson-Newman University,Tennessee,"Southern Association of Colleges and Schools, Commission on Colleges",notice,Heightened Monitoring or Focused Review,active,2023-12-03,2023,,,DAPIP Institutional Accreditation Action,Heightened Monitoring or Focused Review,2026-06-07 21:18:44.496771,https://ope.ed.gov/dapip/#/institution-profile/143163,,143163,00348100,7,1,1,2,HM,6,0,dapip_action_description,FALSE,monitoring_or_notice,public_action_code,,,raw_title,Heightened monitoring or focused review
219806,Carson-Newman University,Tennessee,"Southern Association of Colleges and Schools, Commission on Colleges",notice,"Fowler: The following action regarding your institution was taken by the Board of Trustees of the Southern Association of Colleges and Schools Commission on Colleges (SACSCOC) during its meeting held on December 3, 2023: The SACSCOC Board of Trustees reaffirmed accreditation with a request for a Monitoring Report due April 1, 2024.",active,2023-12-03,2023,,,DAPIP Institutional Accreditation Action,Heightened Monitoring or Focused Review,2026-06-07 21:18:44.622191,https://ope.ed.gov/dapip/#/institution-profile/143163,,143163,00348100,7,1,1,11,HM,6,23865,dapip_file_text,FALSE,monitoring_or_notice,public_action_code,C:/Users/mv3031/Desktop/Financial_Health_Project/Financial Health Tracker - For Github/data_pipelines/accreditation/cache/dapip/pdfs/143163_action-11_file-23865.pdf,C:/Users/mv3031/Desktop/Financial_Health_Project/Financial Health Tracker - For Github/data_pipelines/accreditation/cache/dapip/text/143163_action-11_file-23865.txt,pdf_body,"Reaffirmed accreditation with a request for a Monitoring Report due April 1, 2024.Your institution’s next reaffirmation will take place in 2033 unless otherwise notified."
219833,Christian Brothers University,Tennessee,"Southern Association of Colleges and Schools, Commission on Colleges",notice,"January 6, 2026 Brother Chris Englert Interim President Christian Brothers University 650 East Parkway South Memphis, TN 38104 Dear Brother Englert: The following action regarding your institution was taken by the Board of Trustees of the Southern Association of Colleges and Schools Commission on Colleges (SACSCOC) during its meeting held on December 7, 2025: The SACSCOC Board of Trustees removed the institution from Probation for Good Cause.",active,2025-12-07,2025,,,DAPIP Institutional Accreditation Action,Heightened Monitoring or Focused Review,2026-06-07 21:18:45.565088,https://ope.ed.gov/dapip/#/institution-profile/143181,,143181,00348200,7,1,1,15,HM,10,29195,dapip_file_text,FALSE,monitoring_or_notice,public_action_code,C:/Users/mv3031/Desktop/Financial_Health_Project/Financial Health Tracker - For Github/data_pipelines/accreditation/cache/dapip/pdfs/143181_action-15_file-29195.pdf,C:/Users/mv3031/Desktop/Financial_Health_Project/Financial Health Tracker - For Github/data_pipelines/accreditation/cache/dapip/text/143181_action-15_file-29195.txt,pdf_body,Removed from probation for good cause
219833,Christian Brothers University,Tennessee,"Southern Association of Colleges and Schools, Commission on Colleges",show_cause,"SACSCOCTM SOUTHERN ASSOCIATION OF COLLEGES AND SCHOOlS COMMISSION ON COLLEGES January 14, 2025 Brother Chris Englert Interim President Christian Brothers University 650 East Parkway South Memphis, TN 38104 Dear President Englert: The following action regarding your institution was taken by the Board of Trustees of the Southern Association of Colleges and Schools Commission on Colleges during its meeting held on December 8, 2024: The SACSCOC Board of Trustees reviewed the institution’s Third Monitoring Report, a Special Committee Report, and financial statements and continued the institution on Probation for Good Cause for twelve months for failure to comply with Standard 13.3 (Financial responsibility) of the Principles of Accreditation. A Special Committee was authorized to visit the institution to determine compliance with the standard cited above.",active,2024-12-08,2024,,,DAPIP Institutional Accreditation Action,Probation or Equivalent or a More Severe Status: Show Cause,2026-06-07 21:18:45.684455,https://ope.ed.gov/dapip/#/institution-profile/143181,,143181,00348200,7,1,1,5,SC,6,22463,dapip_file_text,FALSE,show_cause,public_action_code,C:/Users/mv3031/Desktop/Financial_Health_Project/Financial Health Tracker - For Github/data_pipelines/accreditation/cache/dapip/pdfs/143181_action-5_file-22463.pdf,C:/Users/mv3031/Desktop/Financial_Health_Project/Financial Health Tracker - For Github/data_pipelines/accreditation/cache/dapip/text/143181_action-5_file-22463.txt,pdf_body,Continued on probation for good cause for twelve months for failure to comply with Standard 13.3 (Financial responsibility)
219833,Christian Brothers University,Tennessee,"Southern Association of Colleges and Schools, Commission on Colleges",show_cause,"SACSCOCTM SOUTHERN ASSOCIATION OF COLLEGES AND SCHOOlS COMMISSION ON COLLEGES January 14, 2025 Brother Chris Englert Interim President Christian Brothers University 650 East Parkway South Memphis, TN 38104 Dear President Englert: The following action regarding your institution was taken by the Board of Trustees of the Southern Association of Colleges and Schools Commission on Colleges during its meeting held on December 8, 2024: The SACSCOC Board of Trustees reviewed the institution’s Third Monitoring Report, a Special Committee Report, and financial statements and continued the institution on Probation for Good Cause for twelve months for failure to comply with Standard 13.3 (Financial responsibility) of the Principles of Accreditation. A Special Committee was authorized to visit the institution to determine compliance with the standard cited above.",active,2024-12-08,2024,,,DAPIP Institutional Accreditation Action,Probation or Equivalent or a More Severe Status: Show Cause,2026-06-07 21:18:45.765426,https://ope.ed.gov/dapip/#/institution-profile/143181,,143181,00348200,7,1,1,8,SC,3,23077,dapip_file_text,FALSE,show_cause,public_action_code,C:/Users/mv3031/Desktop/Financial_Health_Project/Financial Health Tracker - For Github/data_pipelines/accreditation/cache/dapip/pdfs/143181_action-8_file-23077.pdf,C:/Users/mv3031/Desktop/Financial_Health_Project/Financial Health Tracker - For Github/data_pipelines/accreditation/cache/dapip/text/143181_action-8_file-23077.txt,pdf_body,Continued on probation for good cause for twelve months for failure to comply with Standard 13.3 (Financial responsibility)
219833,Christian Brothers University,Tennessee,"Southern Association of Colleges and Schools, Commission on Colleges",show_cause,"David Archer President Christian Brothers University 650 East Parkway South Memphis, TN 38104 Dear President Archer: The following action regarding your institution was taken by the Board of Trustees of the Southern Association of Colleges and Schools Commission on Colleges (SACSCOC) during its meeting held on December 3, 2023: The SACSCOC Board of Trustees reviewed the institution’s Second Monitoring Report and recommended continued accreditation and placed the institution on Probation for Good Cause for twelve months for failure to comply with Core Requirement 4.1 (Governing board characteristics), and Standard 13.3 (Financial responsibility) of the Principles of Accreditation. A Special Committee has been authorized to visit the institution to determine compliance with the standards cited above.",active,2023-12-03,2023,,,DAPIP Institutional Accreditation Action,Probation or Equivalent or a More Severe Status: Show Cause,2026-06-07 21:18:45.842022,https://ope.ed.gov/dapip/#/institution-profile/143181,,143181,00348200,7,1,1,7,SC,6,22588,dapip_file_text,FALSE,show_cause,public_action_code,C:/Users/mv3031/Desktop/Financial_Health_Project/Financial Health Tracker - For Github/data_pipelines/accreditation/cache/dapip/pdfs/143181_action-7_file-22588.pdf,C:/Users/mv3031/Desktop/Financial_Health_Project/Financial Health Tracker - For Github/data_pipelines/accreditation/cache/dapip/text/143181_action-7_file-22588.txt,pdf_body,Placed on probation for good cause for twelve months for failure to comply with Core Requirement 4.1 (Governing board characteristics) and Standard 13.3 (Financial responsibility)
219833,Christian Brothers University,Tennessee,"Southern Association of Colleges and Schools, Commission on Colleges",probation,Probation or Equivalent or a More Severe Status: Probation,active,2023-12-03,2023,,,DAPIP Institutional Accreditation Action,Probation or Equivalent or a More Severe Status: Probation,2026-06-07 21:18:45.896221,https://ope.ed.gov/dapip/#/institution-profile/143181,,143181,00348200,7,1,1,4,P,6,0,dapip_action_description,FALSE,probation,public_action_code,,,raw_title,Placed on probation
219833,Christian Brothers University,Tennessee,"Southern Association of Colleges and Schools, Commission on Colleges",notice,"David Archer President Christian Brothers University 650 East Parkway South Memphis, TN 38104 Dear President Archer: The following action regarding your institution was taken by the Board of Trustees of the Southern Association of Colleges and Schools Commission on Colleges (SACSCOC) during its meeting held on December 4, 2022: The SACSCOC Board of Trustees reviewed the institution's First Monitoring Report following reaffirmation of accreditation in December 2021.",active,2022-12-02,2022,,,DAPIP Institutional Accreditation Action,Heightened Monitoring or Focused Review,2026-06-07 21:18:46.063452,https://ope.ed.gov/dapip/#/institution-profile/143181,,143181,00348200,7,1,1,11,HM,1,23153,dapip_file_text,FALSE,monitoring_or_notice,public_action_code,C:/Users/mv3031/Desktop/Financial_Health_Project/Financial Health Tracker - For Github/data_pipelines/accreditation/cache/dapip/pdfs/143181_action-11_file-23153.pdf,C:/Users/mv3031/Desktop/Financial_Health_Project/Financial Health Tracker - For Github/data_pipelines/accreditation/cache/dapip/text/143181_action-11_file-23153.txt,pdf_body,Requested to Submit a Monitoring Report on Financial Responsibility
219833,Christian Brothers University,Tennessee,"Southern Association of Colleges and Schools, Commission on Colleges",notice,Heightened Monitoring or Focused Review,active,2021-12-01,2021,,,DAPIP Institutional Accreditation Action,Heightened Monitoring or Focused Review | The institution has not demonstrated that it manages its financial resources in a responsible manner.,2026-06-07 21:18:46.207084,https://ope.ed.gov/dapip/#/institution-profile/143181,,143181,00348200,7,1,1,9,HM,99,23151,dapip_action_description,FALSE,monitoring_or_notice,public_action_code,C:/Users/mv3031/Desktop/Financial_Health_Project/Financial Health Tracker - For Github/data_pipelines/accreditation/cache/dapip/pdfs/143181_action-9_file-23151.pdf,C:/Users/mv3031/Desktop/Financial_Health_Project/Financial Health Tracker - For Github/data_pipelines/accreditation/cache/dapip/text/143181_action-9_file-23151.txt,raw_title,Heightened monitoring or focused review
219976,Lipscomb University,Tennessee,"Southern Association of Colleges and Schools, Commission on Colleges",other,Grant Substantive Change: Ownership,active,2020-12-04,2020,,,DAPIP Institutional Accreditation Action,Grant Substantive Change: Ownership,2026-06-07 21:18:47.692348,https://ope.ed.gov/dapip/#/institution-profile/143251,,143251,00348600,7,1,1,4,GO,10,0,dapip_action_description,FALSE,ownership_change,public_action_code,,,raw_title,Grant Substantive Change: Ownership
220181,Fisk University,Tennessee,"Southern Association of Colleges and Schools, Commission on Colleges",notice,"Based only on those reviewed standards, the institution is requested to submit a Referral Report due September 8, 2025, addressing the standards of the Principles identified below.",active,2025-04-25,2025,,,DAPIP Institutional Accreditation Action,Heightened Monitoring or Focused Review,2026-06-07 21:18:48.735849,https://ope.ed.gov/dapip/#/institution-profile/143349,,143349,00349000,7,1,1,23,HM,6,24345,dapip_file_text,FALSE,monitoring_or_notice,public_action_code,C:/Users/mv3031/Desktop/Financial_Health_Project/Financial Health Tracker - For Github/data_pipelines/accreditation/cache/dapip/pdfs/143349_action-23_file-24345.pdf,C:/Users/mv3031/Desktop/Financial_Health_Project/Financial Health Tracker - For Github/data_pipelines/accreditation/cache/dapip/text/143349_action-23_file-24345.txt,pdf_body,Requested to submit a Referral Report documenting compliance with accreditation standards
220181,Fisk University,Tennessee,"Southern Association of Colleges and Schools, Commission on Colleges",notice,"Based only on those reviewed standards, the institution is requested to submit a Referral Report due September 8, 2025, addressing the standards of the Principles identified below.",active,2025-04-25,2025,,,DAPIP Institutional Accreditation Action,Heightened Monitoring or Focused Review,2026-06-07 21:18:48.794809,https://ope.ed.gov/dapip/#/institution-profile/143349,,143349,00349000,7,1,1,24,HM,6,27462,dapip_file_text,FALSE,monitoring_or_notice,public_action_code,C:/Users/mv3031/Desktop/Financial_Health_Project/Financial Health Tracker - For Github/data_pipelines/accreditation/cache/dapip/pdfs/143349_action-24_file-27462.pdf,C:/Users/mv3031/Desktop/Financial_Health_Project/Financial Health Tracker - For Github/data_pipelines/accreditation/cache/dapip/text/143349_action-24_file-27462.txt,pdf_body,Requested to submit a Referral Report documenting compliance with accreditation standards
220181,Fisk University,Tennessee,"Southern Association of Colleges and Schools, Commission on Colleges",removed,Accreditation Reaffirmed: Probation Removed,resolved,2020-09-03,2020,,,DAPIP Institutional Accreditation Action,Accreditation Reaffirmed: Probation Removed,2026-06-07 21:18:49.414668,https://ope.ed.gov/dapip/#/institution-profile/143349,,143349,00349000,7,1,1,8,PR,10,0,dapip_action_description,FALSE,removed,public_action_code,,,raw_title,Probation removed
220181,Fisk University,Tennessee,"Southern Association of Colleges and Schools, Commission on Colleges",removed,Accreditation Reaffirmed: Probation Removed,resolved,2020-09-03,2020,,,DAPIP Institutional Accreditation Action,Accreditation Reaffirmed: Probation Removed,2026-06-07 21:18:49.479293,https://ope.ed.gov/dapip/#/institution-profile/143349,,143349,00349000,7,1,1,15,PR,10,0,dapip_action_description,FALSE,removed,public_action_code,,,raw_title,Probation removed
220181,Fisk University,Tennessee,"Southern Association of Colleges and Schools, Commission on Colleges",probation,Probation or Equivalent or a More Severe Status: Probation,active,2019-06-13,2019,,,DAPIP Institutional Accreditation Action,Probation or Equivalent or a More Severe Status: Probation,2026-06-07 21:18:49.675555,https://ope.ed.gov/dapip/#/institution-profile/143349,,143349,00349000,7,1,1,5,P,6,0,dapip_action_description,FALSE,probation,public_action_code,,,raw_title,Placed on probation
220181,Fisk University,Tennessee,"Southern Association of Colleges and Schools, Commission on Colleges",probation,Probation or Equivalent or a More Severe Status: Probation,active,2019-06-11,2019,,,DAPIP Institutional Accreditation Action,Probation or Equivalent or a More Severe Status: Probation,2026-06-07 21:18:49.701138,https://ope.ed.gov/dapip/#/institution-profile/143349,,143349,00349000,7,1,1,6,P,6,0,dapip_action_description,FALSE,probation,public_action_code,,,raw_title,Placed on probation
220206,Welch College,Tennessee,"Southern Association of Colleges and Schools, Commission on Colleges",notice,Heightened Monitoring or Focused Review,active,2022-12-04,2022,,,DAPIP Institutional Accreditation Action,Heightened Monitoring or Focused Review,2026-06-07 21:18:50.397949,https://ope.ed.gov/dapip/#/institution-profile/143358,,143358,03001800,7,1,1,5,HM,9,24162,dapip_action_description,FALSE,monitoring_or_notice,public_action_code,C:/Users/mv3031/Desktop/Financial_Health_Project/Financial Health Tracker - For Github/data_pipelines/accreditation/cache/dapip/pdfs/143358_action-5_file-24162.pdf,C:/Users/mv3031/Desktop/Financial_Health_Project/Financial Health Tracker - For Github/data_pipelines/accreditation/cache/dapip/text/143358_action-5_file-24162.txt,raw_title,Heightened monitoring or focused review
220206,Welch College,Tennessee,"Southern Association of Colleges and Schools, Commission on Colleges",removed,Removal of Monitoring Status,resolved,2022-12-04,2022,,,DAPIP Institutional Accreditation Action,Removal of Monitoring Status,2026-06-07 21:18:50.467024,https://ope.ed.gov/dapip/#/institution-profile/143358,,143358,03001800,7,1,1,3,RM,10,0,dapip_action_description,FALSE,removed,public_action_code,,,raw_title,Removal of Monitoring Status
220473,Johnson University,Tennessee,"Southern Association of Colleges and Schools, Commission on Colleges",notice,Heightened Monitoring or Focused Review,active,2022-06-16,2022,,,DAPIP Institutional Accreditation Action,Heightened Monitoring or Focused Review,2026-06-07 21:18:52.185015,https://ope.ed.gov/dapip/#/institution-profile/143446,,143446,00349500,7,1,1,23,HM,6,28988,dapip_action_description,FALSE,monitoring_or_notice,public_action_code,C:/Users/mv3031/Desktop/Financial_Health_Project/Financial Health Tracker - For Github/data_pipelines/accreditation/cache/dapip/pdfs/143446_action-23_file-28988.pdf,C:/Users/mv3031/Desktop/Financial_Health_Project/Financial Health Tracker - For Github/data_pipelines/accreditation/cache/dapip/text/143446_action-23_file-28988.txt,raw_title,Heightened monitoring or focused review
220473,Johnson University,Tennessee,"Southern Association of Colleges and Schools, Commission on Colleges",notice,Heightened Monitoring or Focused Review,active,2022-06-16,2022,,,DAPIP Institutional Accreditation Action,Heightened Monitoring or Focused Review,2026-06-07 21:18:52.32046,https://ope.ed.gov/dapip/#/institution-profile/143446,,143446,00349500,7,1,1,21,HM,6,28857,dapip_action_description,FALSE,monitoring_or_notice,public_action_code,C:/Users/mv3031/Desktop/Financial_Health_Project/Financial Health Tracker - For Github/data_pipelines/accreditation/cache/dapip/pdfs/143446_action-21_file-28857.pdf,C:/Users/mv3031/Desktop/Financial_Health_Project/Financial Health Tracker - For Github/data_pipelines/accreditation/cache/dapip/text/143446_action-21_file-28857.txt,raw_title,Heightened monitoring or focused review
220473,Johnson University,Tennessee,"Southern Association of Colleges and Schools, Commission on Colleges",removed,Removal of Monitoring Status,resolved,2019-12-08,2019,,,DAPIP Institutional Accreditation Action,Removal of Monitoring Status,2026-06-07 21:18:52.753492,https://ope.ed.gov/dapip/#/institution-profile/143446,,143446,00349500,7,1,1,3,RM,9,0,dapip_action_description,FALSE,removed,public_action_code,,,raw_title,Removal of Monitoring Status
220473,Johnson University,Tennessee,"Southern Association of Colleges and Schools, Commission on Colleges",removed,Accreditation Reaffirmed: Probation Removed,resolved,2019-12-01,2019,,,DAPIP Institutional Accreditation Action,Accreditation Reaffirmed: Probation Removed,2026-06-07 21:18:52.786686,https://ope.ed.gov/dapip/#/institution-profile/143446,,143446,00349500,7,1,1,7,PR,10,0,dapip_action_description,FALSE,removed,public_action_code,,,raw_title,Probation removed
220516,King University,Tennessee,"Southern Association of Colleges and Schools, Commission on Colleges",notice,"Based only on those reviewed standards, the institution should submit a Referral Report due September 8, 2024, addressing the standards of the Principles identified below.",active,2024-04-26,2024,,,DAPIP Institutional Accreditation Action,Heightened Monitoring or Focused Review | Fifth Year Interim Report,2026-06-07 21:18:53.341222,https://ope.ed.gov/dapip/#/institution-profile/143464,,143464,00349600,7,1,1,9,HM,99,23208,dapip_file_text,FALSE,monitoring_or_notice,public_action_code,C:/Users/mv3031/Desktop/Financial_Health_Project/Financial Health Tracker - For Github/data_pipelines/accreditation/cache/dapip/pdfs/143464_action-9_file-23208.pdf,C:/Users/mv3031/Desktop/Financial_Health_Project/Financial Health Tracker - For Github/data_pipelines/accreditation/cache/dapip/text/143464_action-9_file-23208.txt,pdf_body,Requested to submit a Referral Report documenting compliance with accreditation standards
220701,The University of Tennessee Southern,Tennessee,"Southern Association of Colleges and Schools, Commission on Colleges",notice,"Based only on those reviewed standards, the institution is requested to submit a Referral Report due April 1, 2026, addressing the following referenced standard(s) of the Principles: Standard 5.4 (Qualified administrative/academic officers) This standard expects an institution to employ administrative and academic officers with appropriate experience and qualifications to lead the institution.",active,2025-04-25,2025,,,DAPIP Institutional Accreditation Action,Heightened Monitoring or Focused Review,2026-06-07 21:18:57.676873,https://ope.ed.gov/dapip/#/institution-profile/143543,,143543,00350400,7,1,1,5,HM,6,27736,dapip_file_text,FALSE,monitoring_or_notice,public_action_code,C:/Users/mv3031/Desktop/Financial_Health_Project/Financial Health Tracker - For Github/data_pipelines/accreditation/cache/dapip/pdfs/143543_action-5_file-27736.pdf,C:/Users/mv3031/Desktop/Financial_Health_Project/Financial Health Tracker - For Github/data_pipelines/accreditation/cache/dapip/text/143543_action-5_file-27736.txt,pdf_body,Requested Referral Report on Qualified administrative/academic officers
220701,The University of Tennessee Southern,Tennessee,"Southern Association of Colleges and Schools, Commission on Colleges",other,Grant Substantive Change: Ownership,active,2021-12-01,2021,,,DAPIP Institutional Accreditation Action,Grant Substantive Change: Ownership,2026-06-07 21:18:57.797975,https://ope.ed.gov/dapip/#/institution-profile/143543,,143543,00350400,7,1,1,4,GO,10,27735,dapip_action_description,FALSE,ownership_change,public_action_code,C:/Users/mv3031/Desktop/Financial_Health_Project/Financial Health Tracker - For Github/data_pipelines/accreditation/cache/dapip/pdfs/143543_action-4_file-27735.pdf,C:/Users/mv3031/Desktop/Financial_Health_Project/Financial Health Tracker - For Github/data_pipelines/accreditation/cache/dapip/text/143543_action-4_file-27735.txt,raw_title,Grant Substantive Change: Ownership
220978,Middle Tennessee State University,Tennessee,"Southern Association of Colleges and Schools, Commission on Colleges",notice,Heightened Monitoring or Focused Review,active,2022-06-16,2022,,,DAPIP Institutional Accreditation Action,Heightened Monitoring or Focused Review,2026-06-07 21:18:59.291804,https://ope.ed.gov/dapip/#/institution-profile/143686,,143686,00351000,7,1,1,6,HM,10,28022,dapip_action_description,FALSE,monitoring_or_notice,public_action_code,C:/Users/mv3031/Desktop/Financial_Health_Project/Financial Health Tracker - For Github/data_pipelines/accreditation/cache/dapip/pdfs/143686_action-6_file-28022.pdf,C:/Users/mv3031/Desktop/Financial_Health_Project/Financial Health Tracker - For Github/data_pipelines/accreditation/cache/dapip/text/143686_action-6_file-28022.txt,raw_title,Heightened monitoring or focused review
221519,The University of the South,Tennessee,"Southern Association of Colleges and Schools, Commission on Colleges",notice,Heightened Monitoring or Focused Review,active,2025-06-12,2025,,,DAPIP Institutional Accreditation Action,Heightened Monitoring or Focused Review,2026-06-07 21:19:00.475496,https://ope.ed.gov/dapip/#/institution-profile/143905,,143905,00353400,7,1,1,5,HM,9,27856,dapip_action_description,FALSE,monitoring_or_notice,public_action_code,C:/Users/mv3031/Desktop/Financial_Health_Project/Financial Health Tracker - For Github/data_pipelines/accreditation/cache/dapip/pdfs/143905_action-5_file-27856.pdf,C:/Users/mv3031/Desktop/Financial_Health_Project/Financial Health Tracker - For Github/data_pipelines/accreditation/cache/dapip/text/143905_action-5_file-27856.txt,raw_title,Heightened monitoring or focused review
221519,The University of the South,Tennessee,"Southern Association of Colleges and Schools, Commission on Colleges",notice,"Pearigen: The following action regarding your institution was taken by the Board of Trustees of the Southern Association of Colleges and Schools Commission on Colleges (SACSCOC) during its meeting held on June 13, 2024: The SACSCOC Board of Trustees reviewed the institution’s First Monitoring Report following submission of a Referral Report in June 2023.",active,2024-06-13,2024,,,DAPIP Institutional Accreditation Action,Heightened Monitoring or Focused Review,2026-06-07 21:19:00.61331,https://ope.ed.gov/dapip/#/institution-profile/143905,,143905,00353400,7,1,1,6,HM,6,27857,dapip_file_text,FALSE,monitoring_or_notice,public_action_code,C:/Users/mv3031/Desktop/Financial_Health_Project/Financial Health Tracker - For Github/data_pipelines/accreditation/cache/dapip/pdfs/143905_action-6_file-27857.pdf,C:/Users/mv3031/Desktop/Financial_Health_Project/Financial Health Tracker - For Github/data_pipelines/accreditation/cache/dapip/text/143905_action-6_file-27857.txt,pdf_body,Requested to Submit a Monitoring Report on Student Outcomes: Educational Programs
221519,The University of the South,Tennessee,"Southern Association of Colleges and Schools, Commission on Colleges",notice,"Berner: The following action regarding your institution was taken by the Board of Trustees of the Southern Association of Colleges and Schools Commission on Colleges (SACSCOC) during its meeting held on June 15, 2023: The SACSCOC Board of Trustees reviewed the institution's Referral Report and requested a Monitoring Report due April 1, 2024, addressingthe following referenced standards of the Principles of Accreditation: Standard 5.",active,2023-06-15,2023,,,DAPIP Institutional Accreditation Action,Heightened Monitoring or Focused Review,2026-06-07 21:19:00.743609,https://ope.ed.gov/dapip/#/institution-profile/143905,,143905,00353400,7,1,1,7,HM,6,27858,dapip_file_text,FALSE,monitoring_or_notice,public_action_code,C:/Users/mv3031/Desktop/Financial_Health_Project/Financial Health Tracker - For Github/data_pipelines/accreditation/cache/dapip/pdfs/143905_action-7_file-27858.pdf,C:/Users/mv3031/Desktop/Financial_Health_Project/Financial Health Tracker - For Github/data_pipelines/accreditation/cache/dapip/text/143905_action-7_file-27858.txt,pdf_body,Requested to Submit a Monitoring Report on Qualified Administrative/Academic Officers
221519,The University of the South,Tennessee,"Southern Association of Colleges and Schools, Commission on Colleges",notice,Heightened Monitoring or Focused Review,active,2023-06-15,2023,,,DAPIP Institutional Accreditation Action,Heightened Monitoring or Focused Review,2026-06-07 21:19:00.817398,https://ope.ed.gov/dapip/#/institution-profile/143905,,143905,00353400,7,1,1,4,HM,6,0,dapip_action_description,FALSE,monitoring_or_notice,public_action_code,,,raw_title,Heightened monitoring or focused review
221519,The University of the South,Tennessee,"Southern Association of Colleges and Schools, Commission on Colleges",notice,"Based only on those reviewed standards, the institution should submit a Referral Report due April 3, 2023, addressing the following referenced standards of the Principles: Standard 5.4 (Qualified administrative/academic officers) This standard expects an institution to employ administrative and academic officers with appropriate experience and qualifications to lead the institution.",active,2022-06-16,2022,,,DAPIP Institutional Accreditation Action,Heightened Monitoring or Focused Review,2026-06-07 21:19:00.924539,https://ope.ed.gov/dapip/#/institution-profile/143905,,143905,00353400,7,1,1,8,HM,6,27859,dapip_file_text,FALSE,monitoring_or_notice,public_action_code,C:/Users/mv3031/Desktop/Financial_Health_Project/Financial Health Tracker - For Github/data_pipelines/accreditation/cache/dapip/pdfs/143905_action-8_file-27859.pdf,C:/Users/mv3031/Desktop/Financial_Health_Project/Financial Health Tracker - For Github/data_pipelines/accreditation/cache/dapip/text/143905_action-8_file-27859.txt,pdf_body,Requested Referral Report on Qualified administrative/academic officers
221661,Southern Adventist University,Tennessee,"Southern Association of Colleges and Schools, Commission on Colleges",removed,Removal of Monitoring Status,resolved,2019-06-04,2019,,,DAPIP Institutional Accreditation Action,Removal of Monitoring Status,2026-06-07 21:19:01.993796,https://ope.ed.gov/dapip/#/institution-profile/143987,,143987,00351800,7,1,1,2,RM,10,0,dapip_action_description,FALSE,removed,public_action_code,,,raw_title,Removal of Monitoring Status
221661,Southern Adventist University,Tennessee,"Southern Association of Colleges and Schools, Commission on Colleges",removed,Removal of Monitoring Status,resolved,2019-06-02,2019,,,DAPIP Institutional Accreditation Action,Removal of Monitoring Status,2026-06-07 21:19:02.050942,https://ope.ed.gov/dapip/#/institution-profile/143987,,143987,00351800,7,1,1,3,RM,10,0,dapip_action_description,FALSE,removed,public_action_code,,,raw_title,Removal of Monitoring Status
221731,Tennessee Wesleyan University,Tennessee,"Southern Association of Colleges and Schools, Commission on Colleges",removed,Removal of Monitoring Status,resolved,2019-06-03,2019,,,DAPIP Institutional Accreditation Action,Removal of Monitoring Status,2026-06-07 21:19:02.990546,https://ope.ed.gov/dapip/#/institution-profile/144014,,144014,00352500,7,1,1,4,RM,10,0,dapip_action_description,FALSE,removed,public_action_code,,,raw_title,Removal of Monitoring Status
221740,The University of Tennessee-Chattanooga,Tennessee,"Southern Association of Colleges and Schools, Commission on Colleges",notice,Heightened Monitoring or Focused Review,active,2024-06-13,2024,,,DAPIP Institutional Accreditation Action,Heightened Monitoring or Focused Review,2026-06-07 21:19:03.367829,https://ope.ed.gov/dapip/#/institution-profile/144023,,144023,00352900,7,1,1,6,HM,9,27897,dapip_action_description,FALSE,monitoring_or_notice,public_action_code,C:/Users/mv3031/Desktop/Financial_Health_Project/Financial Health Tracker - For Github/data_pipelines/accreditation/cache/dapip/pdfs/144023_action-6_file-27897.pdf,C:/Users/mv3031/Desktop/Financial_Health_Project/Financial Health Tracker - For Github/data_pipelines/accreditation/cache/dapip/text/144023_action-6_file-27897.txt,raw_title,Heightened monitoring or focused review
221740,The University of Tennessee-Chattanooga,Tennessee,"Southern Association of Colleges and Schools, Commission on Colleges",notice,Heightened Monitoring or Focused Review,active,2023-12-03,2023,,,DAPIP Institutional Accreditation Action,Heightened Monitoring or Focused Review,2026-06-07 21:19:03.538946,https://ope.ed.gov/dapip/#/institution-profile/144023,,144023,00352900,7,1,1,8,HM,10,27899,dapip_action_description,FALSE,monitoring_or_notice,public_action_code,C:/Users/mv3031/Desktop/Financial_Health_Project/Financial Health Tracker - For Github/data_pipelines/accreditation/cache/dapip/pdfs/144023_action-8_file-27899.pdf,C:/Users/mv3031/Desktop/Financial_Health_Project/Financial Health Tracker - For Github/data_pipelines/accreditation/cache/dapip/text/144023_action-8_file-27899.txt,raw_title,Heightened monitoring or focused review
221740,The University of Tennessee-Chattanooga,Tennessee,"Southern Association of Colleges and Schools, Commission on Colleges",notice,Heightened Monitoring or Focused Review,active,2023-12-03,2023,,,DAPIP Institutional Accreditation Action,Heightened Monitoring or Focused Review,2026-06-07 21:19:03.611287,https://ope.ed.gov/dapip/#/institution-profile/144023,,144023,00352900,7,1,1,4,HM,6,0,dapip_action_description,FALSE,monitoring_or_notice,public_action_code,,,raw_title,Heightened monitoring or focused review
221740,The University of Tennessee-Chattanooga,Tennessee,"Southern Association of Colleges and Schools, Commission on Colleges",notice,Heightened Monitoring or Focused Review,active,2023-12-03,2023,,,DAPIP Institutional Accreditation Action,Heightened Monitoring or Focused Review,2026-06-07 21:19:03.69194,https://ope.ed.gov/dapip/#/institution-profile/144023,,144023,00352900,7,1,1,12,HM,9,28872,dapip_action_description,FALSE,monitoring_or_notice,public_action_code,C:/Users/mv3031/Desktop/Financial_Health_Project/Financial Health Tracker - For Github/data_pipelines/accreditation/cache/dapip/pdfs/144023_action-12_file-28872.pdf,C:/Users/mv3031/Desktop/Financial_Health_Project/Financial Health Tracker - For Github/data_pipelines/accreditation/cache/dapip/text/144023_action-12_file-28872.txt,raw_title,Heightened monitoring or focused review
221759,The University of Tennessee-Knoxville,Tennessee,"Southern Association of Colleges and Schools, Commission on Colleges",notice,Heightened Monitoring or Focused Review,active,2022-06-16,2022,,,DAPIP Institutional Accreditation Action,Heightened Monitoring or Focused Review,2026-06-07 21:19:05.514785,https://ope.ed.gov/dapip/#/institution-profile/144032,,144032,00353000,7,1,1,23,HM,9,28899,dapip_action_description,FALSE,monitoring_or_notice,public_action_code,C:/Users/mv3031/Desktop/Financial_Health_Project/Financial Health Tracker - For Github/data_pipelines/accreditation/cache/dapip/pdfs/144032_action-23_file-28899.pdf,C:/Users/mv3031/Desktop/Financial_Health_Project/Financial Health Tracker - For Github/data_pipelines/accreditation/cache/dapip/text/144032_action-23_file-28899.txt,raw_title,Heightened monitoring or focused review
221838,Tennessee State University,Tennessee,"Southern Association of Colleges and Schools, Commission on Colleges",notice,Heightened Monitoring or Focused Review,active,2022-12-04,2022,,,DAPIP Institutional Accreditation Action,Heightened Monitoring or Focused Review,2026-06-07 21:19:07.143154,https://ope.ed.gov/dapip/#/institution-profile/144078,,144078,00352200,7,1,1,12,HM,6,27216,dapip_action_description,FALSE,monitoring_or_notice,public_action_code,C:/Users/mv3031/Desktop/Financial_Health_Project/Financial Health Tracker - For Github/data_pipelines/accreditation/cache/dapip/pdfs/144078_action-12_file-27216.pdf,C:/Users/mv3031/Desktop/Financial_Health_Project/Financial Health Tracker - For Github/data_pipelines/accreditation/cache/dapip/text/144078_action-12_file-27216.txt,raw_title,Heightened monitoring or focused review
221838,Tennessee State University,Tennessee,"Southern Association of Colleges and Schools, Commission on Colleges",removed,Accreditation Reaffirmed: Probation Removed,resolved,2020-09-06,2020,,,DAPIP Institutional Accreditation Action,Accreditation Reaffirmed: Probation Removed,2026-06-07 21:19:07.374164,https://ope.ed.gov/dapip/#/institution-profile/144078,,144078,00352200,7,1,1,7,PR,10,0,dapip_action_description,FALSE,removed,public_action_code,,,raw_title,Probation removed
221838,Tennessee State University,Tennessee,"Southern Association of Colleges and Schools, Commission on Colleges",removed,Accreditation Reaffirmed: Probation Removed,resolved,2020-09-03,2020,,,DAPIP Institutional Accreditation Action,Accreditation Reaffirmed: Probation Removed,2026-06-07 21:19:07.404856,https://ope.ed.gov/dapip/#/institution-profile/144078,,144078,00352200,7,1,1,4,PR,10,0,dapip_action_description,FALSE,removed,public_action_code,,,raw_title,Probation removed
221838,Tennessee State University,Tennessee,"Southern Association of Colleges and Schools, Commission on Colleges",probation,Probation or Equivalent or a More Severe Status: Probation,active,2019-06-13,2019,,,DAPIP Institutional Accreditation Action,Probation or Equivalent or a More Severe Status: Probation,2026-06-07 21:19:07.432506,https://ope.ed.gov/dapip/#/institution-profile/144078,,144078,00352200,7,1,1,2,P,6,0,dapip_action_description,FALSE,probation,public_action_code,,,raw_title,Placed on probation
221838,Tennessee State University,Tennessee,"Southern Association of Colleges and Schools, Commission on Colleges",probation,Probation or Equivalent or a More Severe Status: Probation,active,2019-06-11,2019,,,DAPIP Institutional Accreditation Action,Probation or Equivalent or a More Severe Status: Probation,2026-06-07 21:19:07.456821,https://ope.ed.gov/dapip/#/institution-profile/144078,,144078,00352200,7,1,1,3,P,6,0,dapip_action_description,FALSE,probation,public_action_code,,,raw_title,Placed on probation
221847,Tennessee Technological University,Tennessee,"Southern Association of Colleges and Schools, Commission on Colleges",notice,We appreciate your continued_support of SACSCOC's activities and work.,active,2022-12-04,2022,,,DAPIP Institutional Accreditation Action,Heightened Monitoring or Focused Review,2026-06-07 21:19:08.076464,https://ope.ed.gov/dapip/#/institution-profile/144087,,144087,00352300,7,1,1,9,HM,9,28740,dapip_file_text,FALSE,monitoring_or_notice,public_action_code,C:/Users/mv3031/Desktop/Financial_Health_Project/Financial Health Tracker - For Github/data_pipelines/accreditation/cache/dapip/pdfs/144087_action-9_file-28740.pdf,C:/Users/mv3031/Desktop/Financial_Health_Project/Financial Health Tracker - For Github/data_pipelines/accreditation/cache/dapip/text/144087_action-9_file-28740.txt,pdf_body,"SACSf SOUTHERN ASSOCIATIONOF COLLEGESAND SCHOOLS COMMISSIONON COLLEGES January 11, 2023 Dr. Philip B. Oldham President Tennessee Technological University Campus Box 5007 Cookeville, TN 38505 Dear Dr. Oldham: The following action regarding your institution was taken by the Board of Trustees of the Southern Association of Colleges and Schools Commission on Colleges (SACSCOC) during its meeting held on December 4, 2022: -.h^^scc?^B^>. ^d. '?fTrl^ste8s ''eviewed the institution's Referral Report following the submission ofits Fifth-YearInterim Report in June2022.Noadditional reportwas requested. We appreciate your continued_support of SACSCOC's activities and work. Ifyou have questions, please contact the SACSCOC staff member assigned to your institution. Sincerely, '(l-f^- ^ Belle S. Wheelan, Ph. D. President BSW:lbw ec: Dr. Nuria M. Cuevas, Vice President, SACSCOC 1 866 Southern Lane . Decatur, Georgia 30033-4097 . Telephone 404/679-4500 . Fax 404/679-4558 www.sacscoc. ors"
221847,Tennessee Technological University,Tennessee,"Southern Association of Colleges and Schools, Commission on Colleges",removed,We appreciate your continued_support of SACSCOC's activities and work.,resolved,2022-12-04,2022,,,DAPIP Institutional Accreditation Action,Removal of Monitoring Status,2026-06-07 21:19:08.130796,https://ope.ed.gov/dapip/#/institution-profile/144087,,144087,00352300,7,1,1,6,RM,9,27229,dapip_file_text,FALSE,removed,public_action_code,C:/Users/mv3031/Desktop/Financial_Health_Project/Financial Health Tracker - For Github/data_pipelines/accreditation/cache/dapip/pdfs/144087_action-6_file-27229.pdf,C:/Users/mv3031/Desktop/Financial_Health_Project/Financial Health Tracker - For Github/data_pipelines/accreditation/cache/dapip/text/144087_action-6_file-27229.txt,pdf_body,"SACSf SOUTHERN ASSOCIATIONOF COLLEGESAND SCHOOLS COMMISSIONON COLLEGES January 11, 2023 Dr. Philip B. Oldham President Tennessee Technological University Campus Box 5007 Cookeville, TN 38505 Dear Dr. Oldham: The following action regarding your institution was taken by the Board of Trustees of the Southern Association of Colleges and Schools Commission on Colleges (SACSCOC) during its meeting held on December 4, 2022: -.h^^scc?^B^>. ^d. '?fTrl^ste8s ''eviewed the institution's Referral Report following the submission ofits Fifth-YearInterim Report in June2022.Noadditional reportwas requested. We appreciate your continued_support of SACSCOC's activities and work. Ifyou have questions, please contact the SACSCOC staff member assigned to your institution. Sincerely, '(l-f^- ^ Belle S. Wheelan, Ph. D. President BSW:lbw ec: Dr. Nuria M. Cuevas, Vice President, SACSCOC 1 866 Southern Lane . Decatur, Georgia 30033-4097 . Telephone 404/679-4500 . Fax 404/679-4558 www.sacscoc. ors"
221847,Tennessee Technological University,Tennessee,"Southern Association of Colleges and Schools, Commission on Colleges",removed,Removal of Monitoring Status,resolved,2022-12-04,2022,,,DAPIP Institutional Accreditation Action,Removal of Monitoring Status,2026-06-07 21:19:08.170096,https://ope.ed.gov/dapip/#/institution-profile/144087,,144087,00352300,7,1,1,2,RM,10,0,dapip_action_description,FALSE,removed,public_action_code,,,raw_title,Removal of Monitoring Status
221847,Tennessee Technological University,Tennessee,"Southern Association of Colleges and Schools, Commission on Colleges",notice,"Based only on those reviewed standards, the institution should submit a Referral Report due September 8, 2022, addressing the standards ofthe Principles identifisd below.",active,2022-06-16,2022,,,DAPIP Institutional Accreditation Action,Heightened Monitoring or Focused Review,2026-06-07 21:19:08.222419,https://ope.ed.gov/dapip/#/institution-profile/144087,,144087,00352300,7,1,1,5,HM,6,27226,dapip_file_text,FALSE,monitoring_or_notice,public_action_code,C:/Users/mv3031/Desktop/Financial_Health_Project/Financial Health Tracker - For Github/data_pipelines/accreditation/cache/dapip/pdfs/144087_action-5_file-27226.pdf,C:/Users/mv3031/Desktop/Financial_Health_Project/Financial Health Tracker - For Github/data_pipelines/accreditation/cache/dapip/text/144087_action-5_file-27226.txt,pdf_body,Requested to submit a Referral Report documenting compliance with accreditation standards
221892,Trevecca Nazarene University,Tennessee,"Southern Association of Colleges and Schools, Commission on Colleges",notice,Heightened Monitoring or Focused Review,active,2024-06-13,2024,,,DAPIP Institutional Accreditation Action,Heightened Monitoring or Focused Review,2026-06-07 21:19:08.679813,https://ope.ed.gov/dapip/#/institution-profile/144102,,144102,00352600,7,1,1,11,HM,9,27757,dapip_action_description,FALSE,monitoring_or_notice,public_action_code,C:/Users/mv3031/Desktop/Financial_Health_Project/Financial Health Tracker - For Github/data_pipelines/accreditation/cache/dapip/pdfs/144102_action-11_file-27757.pdf,C:/Users/mv3031/Desktop/Financial_Health_Project/Financial Health Tracker - For Github/data_pipelines/accreditation/cache/dapip/text/144102_action-11_file-27757.txt,raw_title,Heightened monitoring or focused review
221892,Trevecca Nazarene University,Tennessee,"Southern Association of Colleges and Schools, Commission on Colleges",notice,Heightened Monitoring or Focused Review,active,2023-12-03,2023,,,DAPIP Institutional Accreditation Action,Heightened Monitoring or Focused Review,2026-06-07 21:19:08.826523,https://ope.ed.gov/dapip/#/institution-profile/144102,,144102,00352600,7,1,1,4,HM,6,0,dapip_action_description,FALSE,monitoring_or_notice,public_action_code,,,raw_title,Heightened monitoring or focused review
221953,Tusculum University,Tennessee,"Southern Association of Colleges and Schools, Commission on Colleges",removed,Removal of Monitoring Status,resolved,2022-12-04,2022,,,DAPIP Institutional Accreditation Action,Removal of Monitoring Status,2026-06-07 21:19:09.442269,https://ope.ed.gov/dapip/#/institution-profile/144120,,144120,00352700,7,1,1,10,RM,10,0,dapip_action_description,FALSE,removed,public_action_code,,,raw_title,Removal of Monitoring Status
221953,Tusculum University,Tennessee,"Southern Association of Colleges and Schools, Commission on Colleges",removed,Removal of Monitoring Status,resolved,2022-12-04,2022,,,DAPIP Institutional Accreditation Action,Removal of Monitoring Status,2026-06-07 21:19:09.485457,https://ope.ed.gov/dapip/#/institution-profile/144120,,144120,00352700,7,1,1,13,RM,9,27465,dapip_action_description,FALSE,removed,public_action_code,C:/Users/mv3031/Desktop/Financial_Health_Project/Financial Health Tracker - For Github/data_pipelines/accreditation/cache/dapip/pdfs/144120_action-13_file-27465.pdf,C:/Users/mv3031/Desktop/Financial_Health_Project/Financial Health Tracker - For Github/data_pipelines/accreditation/cache/dapip/text/144120_action-13_file-27465.txt,raw_title,Removal of Monitoring Status
221953,Tusculum University,Tennessee,"Southern Association of Colleges and Schools, Commission on Colleges",notice,Heightened Monitoring or Focused Review,active,2022-12-04,2022,,,DAPIP Institutional Accreditation Action,Heightened Monitoring or Focused Review,2026-06-07 21:19:09.537627,https://ope.ed.gov/dapip/#/institution-profile/144120,,144120,00352700,7,1,1,14,HM,9,29559,dapip_action_description,FALSE,monitoring_or_notice,public_action_code,C:/Users/mv3031/Desktop/Financial_Health_Project/Financial Health Tracker - For Github/data_pipelines/accreditation/cache/dapip/pdfs/144120_action-14_file-29559.pdf,C:/Users/mv3031/Desktop/Financial_Health_Project/Financial Health Tracker - For Github/data_pipelines/accreditation/cache/dapip/text/144120_action-14_file-29559.txt,raw_title,Heightened monitoring or focused review
221953,Tusculum University,Tennessee,"Southern Association of Colleges and Schools, Commission on Colleges",notice,"Hummel: The following action regarding your institution was taken by the Board ofTrustees^the _, __ "" Southern Association ofColleges and Schools Commission on Colleges (SACSCOC) during its meeting held on December 2, 2021: The SACSCOC Board ofTrustees reaffirmed accreditation with a requestfor a MoniToring Report'due September 8, 2022.",active,2021-12-01,2021,,,DAPIP Institutional Accreditation Action,Heightened Monitoring or Focused Review,2026-06-07 21:19:09.707509,https://ope.ed.gov/dapip/#/institution-profile/144120,,144120,00352700,7,1,1,11,HM,9,27464,dapip_file_text,FALSE,monitoring_or_notice,public_action_code,C:/Users/mv3031/Desktop/Financial_Health_Project/Financial Health Tracker - For Github/data_pipelines/accreditation/cache/dapip/pdfs/144120_action-11_file-27464.pdf,C:/Users/mv3031/Desktop/Financial_Health_Project/Financial Health Tracker - For Github/data_pipelines/accreditation/cache/dapip/text/144120_action-11_file-27464.txt,pdf_body,"Reaffirmed accreditation with a requestfor a MoniToring Report'due September 8, 2022.Your institution's next reaffirmation wNItake place in 2030 unless otherwise notified."
221953,Tusculum University,Tennessee,"Southern Association of Colleges and Schools, Commission on Colleges",notice,"Hummel: The following action regarding your institution was taken by the Board ofTrustees^the _, __ "" Southern Association ofColleges and Schools Commission on Colleges (SACSCOC) during its meeting held on December 2, 2021: The SACSCOC Board ofTrustees reaffirmed accreditation with a requestfor a MoniToring Report'due September 8, 2022.",active,2021-12-01,2021,,,DAPIP Institutional Accreditation Action,Heightened Monitoring or Focused Review,2026-06-07 21:19:09.777431,https://ope.ed.gov/dapip/#/institution-profile/144120,,144120,00352700,7,1,1,12,HM,9,27463,dapip_file_text,FALSE,monitoring_or_notice,public_action_code,C:/Users/mv3031/Desktop/Financial_Health_Project/Financial Health Tracker - For Github/data_pipelines/accreditation/cache/dapip/pdfs/144120_action-12_file-27463.pdf,C:/Users/mv3031/Desktop/Financial_Health_Project/Financial Health Tracker - For Github/data_pipelines/accreditation/cache/dapip/text/144120_action-12_file-27463.txt,pdf_body,"Reaffirmed accreditation with a requestfor a MoniToring Report'due September 8, 2022.Your institution's next reaffirmation wNItake place in 2030 unless otherwise notified."
221953,Tusculum University,Tennessee,"Southern Association of Colleges and Schools, Commission on Colleges",removed,Accreditation Reaffirmed: Probation Removed,resolved,2020-09-06,2020,,,DAPIP Institutional Accreditation Action,Accreditation Reaffirmed: Probation Removed,2026-06-07 21:19:09.919691,https://ope.ed.gov/dapip/#/institution-profile/144120,,144120,00352700,7,1,1,8,PR,10,0,dapip_action_description,FALSE,removed,public_action_code,,,raw_title,Probation removed
221953,Tusculum University,Tennessee,"Southern Association of Colleges and Schools, Commission on Colleges",removed,Accreditation Reaffirmed:  Warning Removed,resolved,2020-09-06,2020,,,DAPIP Institutional Accreditation Action,Accreditation Reaffirmed: Warning Removed,2026-06-07 21:19:09.946895,https://ope.ed.gov/dapip/#/institution-profile/144120,,144120,00352700,7,1,1,9,WR,10,0,dapip_action_description,FALSE,removed,public_action_code,,,raw_title,Warning removed
221953,Tusculum University,Tennessee,"Southern Association of Colleges and Schools, Commission on Colleges",removed,Accreditation Reaffirmed: Probation Removed,resolved,2020-09-03,2020,,,DAPIP Institutional Accreditation Action,Accreditation Reaffirmed: Probation Removed,2026-06-07 21:19:09.975066,https://ope.ed.gov/dapip/#/institution-profile/144120,,144120,00352700,7,1,1,5,PR,10,0,dapip_action_description,FALSE,removed,public_action_code,,,raw_title,Probation removed
221953,Tusculum University,Tennessee,"Southern Association of Colleges and Schools, Commission on Colleges",warning,Probation or Equivalent or a More Severe Status: Warning,active,2019-06-13,2019,,,DAPIP Institutional Accreditation Action,Probation or Equivalent or a More Severe Status: Warning,2026-06-07 21:19:10.03037,https://ope.ed.gov/dapip/#/institution-profile/144120,,144120,00352700,7,1,1,3,PW,6,0,dapip_action_description,FALSE,warning,public_action_code,,,raw_title,Placed on warning
221953,Tusculum University,Tennessee,"Southern Association of Colleges and Schools, Commission on Colleges",probation,Probation or Equivalent or a More Severe Status: Probation,active,2019-06-11,2019,,,DAPIP Institutional Accreditation Action,Probation or Equivalent or a More Severe Status: Probation,2026-06-07 21:19:10.059673,https://ope.ed.gov/dapip/#/institution-profile/144120,,144120,00352700,7,1,1,4,P,6,0,dapip_action_description,FALSE,probation,public_action_code,,,raw_title,Placed on probation
221971,Union University,Tennessee,"Southern Association of Colleges and Schools, Commission on Colleges",notice,"Based only on those reviewed standards, the institution should submit a Referral Report due April 1, 2024, addressing the standards of the Principles identified below.",active,2023-06-14,2023,,,DAPIP Institutional Accreditation Action,Heightened Monitoring or Focused Review,2026-06-07 21:19:10.590723,https://ope.ed.gov/dapip/#/institution-profile/144139,,144139,00352800,7,1,1,4,HM,6,27486,dapip_file_text,FALSE,monitoring_or_notice,public_action_code,C:/Users/mv3031/Desktop/Financial_Health_Project/Financial Health Tracker - For Github/data_pipelines/accreditation/cache/dapip/pdfs/144139_action-4_file-27486.pdf,C:/Users/mv3031/Desktop/Financial_Health_Project/Financial Health Tracker - For Github/data_pipelines/accreditation/cache/dapip/text/144139_action-4_file-27486.txt,pdf_body,Requested to submit a Referral Report documenting compliance with accreditation standards
221999,Vanderbilt University,Tennessee,"Southern Association of Colleges and Schools, Commission on Colleges",notice,"Based only on those reviewed standards, the institution should submit a Referral Report due April 1, 2024, addressing the standards of the Principles identified below.",active,2023-06-14,2023,,,DAPIP Institutional Accreditation Action,Heightened Monitoring or Focused Review,2026-06-07 21:19:11.25364,https://ope.ed.gov/dapip/#/institution-profile/144148,,144148,00353500,7,1,1,3,HM,6,26193,dapip_file_text,FALSE,monitoring_or_notice,public_action_code,C:/Users/mv3031/Desktop/Financial_Health_Project/Financial Health Tracker - For Github/data_pipelines/accreditation/cache/dapip/pdfs/144148_action-3_file-26193.pdf,C:/Users/mv3031/Desktop/Financial_Health_Project/Financial Health Tracker - For Github/data_pipelines/accreditation/cache/dapip/text/144148_action-3_file-26193.txt,pdf_body,Requested to submit a Referral Report documenting compliance with accreditation standards
222178,Abilene Christian University,Texas,"Southern Association of Colleges and Schools, Commission on Colleges",removed,"Schubert: The following action regarding your institution was taken by the Board of Trustees of the Southern Association of Colleges and Schools Commission on Colleges (SACSCOC) during its meeting held on December 3, 2023: The SACSCOC Board of Trustees reviewed the institution’s Monitoring Report following reaffirmation of accreditation.",resolved,2023-12-03,2023,,,DAPIP Institutional Accreditation Action,Removal of Monitoring Status,2026-06-07 21:19:11.65935,https://ope.ed.gov/dapip/#/institution-profile/144218,,144218,00353700,7,1,1,10,RM,9,23264,dapip_file_text,FALSE,removed,public_action_code,C:/Users/mv3031/Desktop/Financial_Health_Project/Financial Health Tracker - For Github/data_pipelines/accreditation/cache/dapip/pdfs/144218_action-10_file-23264.pdf,C:/Users/mv3031/Desktop/Financial_Health_Project/Financial Health Tracker - For Github/data_pipelines/accreditation/cache/dapip/text/144218_action-10_file-23264.txt,pdf_body,No additional report requested after review of the Monitoring Report
222628,Amberton University,Texas,"Southern Association of Colleges and Schools, Commission on Colleges",notice,Heightened Monitoring or Focused Review,active,2024-07-01,2024,,,DAPIP Institutional Accreditation Action,Heightened Monitoring or Focused Review,2026-06-07 21:19:12.335007,https://ope.ed.gov/dapip/#/institution-profile/144290,,144290,02259400,7,1,1,4,HM,9,23326,dapip_action_description,FALSE,monitoring_or_notice,public_action_code,C:/Users/mv3031/Desktop/Financial_Health_Project/Financial Health Tracker - For Github/data_pipelines/accreditation/cache/dapip/pdfs/144290_action-4_file-23326.pdf,C:/Users/mv3031/Desktop/Financial_Health_Project/Financial Health Tracker - For Github/data_pipelines/accreditation/cache/dapip/text/144290_action-4_file-23326.txt,raw_title,Heightened monitoring or focused review
222628,Amberton University,Texas,"Southern Association of Colleges and Schools, Commission on Colleges",notice,"Based only on those reviewed standards, the institution should submit a Referral Report due April 1, 2024, addressing the standards of the Principles identified below.",active,2023-06-29,2023,,,DAPIP Institutional Accreditation Action,Heightened Monitoring or Focused Review,2026-06-07 21:19:12.391743,https://ope.ed.gov/dapip/#/institution-profile/144290,,144290,02259400,7,1,1,3,HM,6,23325,dapip_file_text,FALSE,monitoring_or_notice,public_action_code,C:/Users/mv3031/Desktop/Financial_Health_Project/Financial Health Tracker - For Github/data_pipelines/accreditation/cache/dapip/pdfs/144290_action-3_file-23325.pdf,C:/Users/mv3031/Desktop/Financial_Health_Project/Financial Health Tracker - For Github/data_pipelines/accreditation/cache/dapip/text/144290_action-3_file-23325.txt,pdf_body,Requested to submit a Referral Report documenting compliance with accreditation standards
222983,Austin College,Texas,"Southern Association of Colleges and Schools, Commission on Colleges",notice,"O’Day President Austin College 900 North Grand Avenue Sherman, TX 75090-4400 Dear President O’Day: The following action regarding your institution was taken by the Board of Trustees of the Southern Association of Colleges and Schools Commission on Colleges (SACSCOC) during its meeting held on June 12, 2025: The SACSCOC Board of Trustees continued accreditation following (1) review of an off- campus instructional site in Texas at Austin College Health Campus, Gateway Village, Texoma Medical Center in Denison, and (2) approval of the Master of Medical Science - Physician Assistant (PA) program (approved December 2022).",active,2025-06-12,2025,,,DAPIP Institutional Accreditation Action,Heightened Monitoring or Focused Review,2026-06-07 21:19:13.836885,https://ope.ed.gov/dapip/#/institution-profile/144403,,144403,00354300,7,1,1,6,HM,11,23509,dapip_file_text,FALSE,monitoring_or_notice,public_action_code,C:/Users/mv3031/Desktop/Financial_Health_Project/Financial Health Tracker - For Github/data_pipelines/accreditation/cache/dapip/pdfs/144403_action-6_file-23509.pdf,C:/Users/mv3031/Desktop/Financial_Health_Project/Financial Health Tracker - For Github/data_pipelines/accreditation/cache/dapip/text/144403_action-6_file-23509.txt,pdf_body,"At the end of that two-year period, if the institution does not comply with all the standards and requirements of the Principles, representatives from the institution may be required to appear before the SACSCOC Board of Trustees, or one of its standing committees, to answer questions as to why the institution should not be removed from membership."
222983,Austin College,Texas,"Southern Association of Colleges and Schools, Commission on Colleges",notice,"Based only on those reviewed standards, the institution is requested to submit a Referral Report due April 1, 2026, addressing the following referenced standard(s) of the Principles: Standard 13.6 (Federal and state responsibilities) This standard expects that an institution (a) is in compliance with its program responsibilities under Title IV of the most recent Higher Education Act as amended and (b) audits financial aid programs as required by federal and state regulations.",active,2025-04-25,2025,,,DAPIP Institutional Accreditation Action,Heightened Monitoring or Focused Review,2026-06-07 21:19:14.022285,https://ope.ed.gov/dapip/#/institution-profile/144403,,144403,00354300,7,1,1,15,HM,9,26374,dapip_file_text,FALSE,monitoring_or_notice,public_action_code,C:/Users/mv3031/Desktop/Financial_Health_Project/Financial Health Tracker - For Github/data_pipelines/accreditation/cache/dapip/pdfs/144403_action-15_file-26374.pdf,C:/Users/mv3031/Desktop/Financial_Health_Project/Financial Health Tracker - For Github/data_pipelines/accreditation/cache/dapip/text/144403_action-15_file-26374.txt,pdf_body,Requested Referral Report on Federal and state responsibilities
222983,Austin College,Texas,"Southern Association of Colleges and Schools, Commission on Colleges",notice,"Based only on those reviewed standards, the institution is requested to submit a Referral Report due April 1, 2026, addressing the following referenced standard(s) of the Principles: Standard 13.6 (Federal and state responsibilities) This standard expects that an institution (a) is in compliance with its program responsibilities under Title IV of the most recent Higher Education Act as amended and (b) audits financial aid programs as required by federal and state regulations.",active,2025-04-25,2025,,,DAPIP Institutional Accreditation Action,Heightened Monitoring or Focused Review,2026-06-07 21:19:14.07296,https://ope.ed.gov/dapip/#/institution-profile/144403,,144403,00354300,7,1,1,12,HM,9,25081,dapip_file_text,FALSE,monitoring_or_notice,public_action_code,C:/Users/mv3031/Desktop/Financial_Health_Project/Financial Health Tracker - For Github/data_pipelines/accreditation/cache/dapip/pdfs/144403_action-12_file-25081.pdf,C:/Users/mv3031/Desktop/Financial_Health_Project/Financial Health Tracker - For Github/data_pipelines/accreditation/cache/dapip/text/144403_action-12_file-25081.txt,pdf_body,Requested Referral Report on Federal and state responsibilities
222983,Austin College,Texas,"Southern Association of Colleges and Schools, Commission on Colleges",removed,Removal of Monitoring Status,resolved,2022-01-09,2022,,,DAPIP Institutional Accreditation Action,Removal of Monitoring Status,2026-06-07 21:19:14.372095,https://ope.ed.gov/dapip/#/institution-profile/144403,,144403,00354300,7,1,1,3,RM,10,0,dapip_action_description,FALSE,removed,public_action_code,,,raw_title,Removal of Monitoring Status
222983,Austin College,Texas,"Southern Association of Colleges and Schools, Commission on Colleges",removed,"O'Day President Austin College 900 North Grand Avenue Sherman, TX 75090-4400 Dear President O'Day: The following action regarding your institution was taken by the Board of Trustees of the Southern Association of Colleges and Schools Commission on Colleges (SACSCOC) during its meeting held on December 2, 2021: The SACSCOC Board of Trustees reviewed the institution's Second Monitoring Report following action on reaffirmation of accreditation.",resolved,2021-12-01,2021,,,DAPIP Institutional Accreditation Action,Removal of Monitoring Status,2026-06-07 21:19:14.42281,https://ope.ed.gov/dapip/#/institution-profile/144403,,144403,00354300,7,1,1,13,RM,10,26370,dapip_file_text,FALSE,removed,public_action_code,C:/Users/mv3031/Desktop/Financial_Health_Project/Financial Health Tracker - For Github/data_pipelines/accreditation/cache/dapip/pdfs/144403_action-13_file-26370.pdf,C:/Users/mv3031/Desktop/Financial_Health_Project/Financial Health Tracker - For Github/data_pipelines/accreditation/cache/dapip/text/144403_action-13_file-26370.txt,pdf_body,No additional report requested after the Second Monitoring Report
222983,Austin College,Texas,"Southern Association of Colleges and Schools, Commission on Colleges",removed,"O'Day President Austin College 900 North Grand Avenue Sherman, TX 75090-4400 Dear President O'Day: The following action regarding your institution was taken by the Board of Trustees of the Southern Association of Colleges and Schools Commission on Colleges (SACSCOC) during its meeting held on December 2, 2021: The SACSCOC Board of Trustees reviewed the institution's Second Monitoring Report following action on reaffirmation of accreditation.",resolved,2021-12-01,2021,,,DAPIP Institutional Accreditation Action,Removal of Monitoring Status,2026-06-07 21:19:14.581661,https://ope.ed.gov/dapip/#/institution-profile/144403,,144403,00354300,7,1,1,7,RM,10,24839,dapip_file_text,FALSE,removed,public_action_code,C:/Users/mv3031/Desktop/Financial_Health_Project/Financial Health Tracker - For Github/data_pipelines/accreditation/cache/dapip/pdfs/144403_action-7_file-24839.pdf,C:/Users/mv3031/Desktop/Financial_Health_Project/Financial Health Tracker - For Github/data_pipelines/accreditation/cache/dapip/text/144403_action-7_file-24839.txt,pdf_body,No additional report requested after the Second Monitoring Report
223232,Baylor University,Texas,"Southern Association of Colleges and Schools, Commission on Colleges",notice,Heightened Monitoring or Focused Review,active,2023-12-03,2023,,,DAPIP Institutional Accreditation Action,Heightened Monitoring or Focused Review,2026-06-07 21:19:16.356055,https://ope.ed.gov/dapip/#/institution-profile/144494,,144494,00354500,7,1,1,10,HM,10,23596,dapip_action_description,FALSE,monitoring_or_notice,public_action_code,C:/Users/mv3031/Desktop/Financial_Health_Project/Financial Health Tracker - For Github/data_pipelines/accreditation/cache/dapip/pdfs/144494_action-10_file-23596.pdf,C:/Users/mv3031/Desktop/Financial_Health_Project/Financial Health Tracker - For Github/data_pipelines/accreditation/cache/dapip/text/144494_action-10_file-23596.txt,raw_title,Heightened monitoring or focused review
223232,Baylor University,Texas,"Southern Association of Colleges and Schools, Commission on Colleges",notice,"Livingstone: The Southern Association of Colleges and Schools Commission on Colleges (SACSCOC) Committee on Fifth-Year Interim Reports reviewed the institution's compliance with select standards of the Principles of Accreditation (Principles) outlined in the SACSCOCFifth-Year Interim Report, Based only on those reviewed standards, the institution should submit a Referral Report due September S, 2023, addressing the following referenced standard of the Principles: Standard 14.",active,2023-06-14,2023,,,DAPIP Institutional Accreditation Action,Heightened Monitoring or Focused Review,2026-06-07 21:19:16.56241,https://ope.ed.gov/dapip/#/institution-profile/144494,,144494,00354500,7,1,1,7,HM,6,23588,dapip_file_text,FALSE,monitoring_or_notice,public_action_code,C:/Users/mv3031/Desktop/Financial_Health_Project/Financial Health Tracker - For Github/data_pipelines/accreditation/cache/dapip/pdfs/144494_action-7_file-23588.pdf,C:/Users/mv3031/Desktop/Financial_Health_Project/Financial Health Tracker - For Github/data_pipelines/accreditation/cache/dapip/text/144494_action-7_file-23588.txt,pdf_body,Requested Referral Report on Publication of accreditation status
224004,Concordia University Texas,Texas,"Southern Association of Colleges and Schools, Commission on Colleges",notice,"Kirk: The following action regarding your institution was taken by the Board of Trustees of the Southern Association of Colleges and Schools Commission on Colleges (SACSCOC) during its meeting held on June 12, 2025: The SACSCOC Board of Trustees reviewed the institution’s Referral Report following submission of its Fifth-Year Interim Report in April 2024 and requested a First Monitoring Report due April 1, 2026, addressing the following referenced standard of the Principles of Accreditation: Standard 8.2.a.",active,2025-06-12,2025,,,DAPIP Institutional Accreditation Action,Heightened Monitoring or Focused Review,2026-06-07 21:19:17.231055,https://ope.ed.gov/dapip/#/institution-profile/144670,,144670,00355700,7,1,1,9,HM,6,24487,dapip_file_text,FALSE,monitoring_or_notice,public_action_code,C:/Users/mv3031/Desktop/Financial_Health_Project/Financial Health Tracker - For Github/data_pipelines/accreditation/cache/dapip/pdfs/144670_action-9_file-24487.pdf,C:/Users/mv3031/Desktop/Financial_Health_Project/Financial Health Tracker - For Github/data_pipelines/accreditation/cache/dapip/text/144670_action-9_file-24487.txt,pdf_body,"At the end of that two-year period, if the institution does not comply with all the standards and requirements of the Principles, representatives from the institution may be required to appear before the SACSCOC Board of Trustees, or one of its standing committees, to answer questions as to why the institution should not be removed from membership."
224004,Concordia University Texas,Texas,"Southern Association of Colleges and Schools, Commission on Colleges",notice,Heightened Monitoring or Focused Review,active,2024-12-08,2024,,,DAPIP Institutional Accreditation Action,Heightened Monitoring or Focused Review,2026-06-07 21:19:17.293465,https://ope.ed.gov/dapip/#/institution-profile/144670,,144670,00355700,7,1,1,12,HM,9,29461,dapip_action_description,FALSE,monitoring_or_notice,public_action_code,C:/Users/mv3031/Desktop/Financial_Health_Project/Financial Health Tracker - For Github/data_pipelines/accreditation/cache/dapip/pdfs/144670_action-12_file-29461.pdf,C:/Users/mv3031/Desktop/Financial_Health_Project/Financial Health Tracker - For Github/data_pipelines/accreditation/cache/dapip/text/144670_action-12_file-29461.txt,raw_title,Heightened monitoring or focused review
224004,Concordia University Texas,Texas,"Southern Association of Colleges and Schools, Commission on Colleges",notice,Heightened Monitoring or Focused Review,active,2024-12-08,2024,,,DAPIP Institutional Accreditation Action,Heightened Monitoring or Focused Review,2026-06-07 21:19:17.352932,https://ope.ed.gov/dapip/#/institution-profile/144670,,144670,00355700,7,1,1,8,HM,6,24483,dapip_action_description,FALSE,monitoring_or_notice,public_action_code,C:/Users/mv3031/Desktop/Financial_Health_Project/Financial Health Tracker - For Github/data_pipelines/accreditation/cache/dapip/pdfs/144670_action-8_file-24483.pdf,C:/Users/mv3031/Desktop/Financial_Health_Project/Financial Health Tracker - For Github/data_pipelines/accreditation/cache/dapip/text/144670_action-8_file-24483.txt,raw_title,Heightened monitoring or focused review
224004,Concordia University Texas,Texas,"Southern Association of Colleges and Schools, Commission on Colleges",notice,"Based only on those reviewed standards, the institution should submit a Referral Report due April 1, 2025, addressing the standards of the Principles identified below.",active,2024-04-26,2024,,,DAPIP Institutional Accreditation Action,Heightened Monitoring or Focused Review,2026-06-07 21:19:17.506603,https://ope.ed.gov/dapip/#/institution-profile/144670,,144670,00355700,7,1,1,6,HM,6,24474,dapip_file_text,FALSE,monitoring_or_notice,public_action_code,C:/Users/mv3031/Desktop/Financial_Health_Project/Financial Health Tracker - For Github/data_pipelines/accreditation/cache/dapip/pdfs/144670_action-6_file-24474.pdf,C:/Users/mv3031/Desktop/Financial_Health_Project/Financial Health Tracker - For Github/data_pipelines/accreditation/cache/dapip/text/144670_action-6_file-24474.txt,pdf_body,Requested to submit a Referral Report documenting compliance with accreditation standards
224226,Dallas Baptist University,Texas,"Southern Association of Colleges and Schools, Commission on Colleges",notice,"Based only on those reviewed standards, the institution should submit a Referral Report due April 1,2025, addressing the standards of the Principles identified below.",active,2024-04-24,2024,,,DAPIP Institutional Accreditation Action,Heightened Monitoring or Focused Review,2026-06-07 21:19:18.940645,https://ope.ed.gov/dapip/#/institution-profile/144740,,144740,00356000,7,1,1,6,HM,6,26937,dapip_file_text,FALSE,monitoring_or_notice,public_action_code,C:/Users/mv3031/Desktop/Financial_Health_Project/Financial Health Tracker - For Github/data_pipelines/accreditation/cache/dapip/pdfs/144740_action-6_file-26937.pdf,C:/Users/mv3031/Desktop/Financial_Health_Project/Financial Health Tracker - For Github/data_pipelines/accreditation/cache/dapip/text/144740_action-6_file-26937.txt,pdf_body,Requested to submit a Referral Report documenting compliance with accreditation standards
224323,University of Dallas,Texas,"Southern Association of Colleges and Schools, Commission on Colleges",notice,"Sanford: The following action regarding your institution was taken by the Board of Trustees of the Southern Association of Colleges and Schools Commission on Colleges (SACSCOC) during its meeting held on December 7, 2025: The SACSCOC Board of Trustees requested a Monitoring Report in twelve (12) months to provide required oversight and resolution of compliance issues.",active,2025-12-07,2025,,,DAPIP Institutional Accreditation Action,Heightened Monitoring or Focused Review,2026-06-07 21:19:19.861027,https://ope.ed.gov/dapip/#/institution-profile/144795,,144795,00365100,7,1,1,6,HM,6,29043,dapip_file_text,FALSE,monitoring_or_notice,public_action_code,C:/Users/mv3031/Desktop/Financial_Health_Project/Financial Health Tracker - For Github/data_pipelines/accreditation/cache/dapip/pdfs/144795_action-6_file-29043.pdf,C:/Users/mv3031/Desktop/Financial_Health_Project/Financial Health Tracker - For Github/data_pipelines/accreditation/cache/dapip/text/144795_action-6_file-29043.txt,pdf_body,Requested to Submit a Monitoring Report in twelve (12) months to provide required oversight and resolution of compliance issues.
224527,East Texas Baptist University,Texas,"Southern Association of Colleges and Schools, Commission on Colleges",notice,"Blackburn: The following action regarding your institution was taken by the Board of Trustees of the Southern Association of Colleges and Schools Commission on Colleges (SACSCOC) during its meeting held on December 7, 2025: The SACSCOC Board of Trustees requested a Monitoring Report in twelve (12) months to provide required oversight and resolution of compliance issues.",active,2025-12-07,2025,,,DAPIP Institutional Accreditation Action,Heightened Monitoring or Focused Review,2026-06-07 21:19:20.51633,https://ope.ed.gov/dapip/#/institution-profile/144838,,144838,00356400,7,1,1,12,HM,6,29030,dapip_file_text,FALSE,monitoring_or_notice,public_action_code,C:/Users/mv3031/Desktop/Financial_Health_Project/Financial Health Tracker - For Github/data_pipelines/accreditation/cache/dapip/pdfs/144838_action-12_file-29030.pdf,C:/Users/mv3031/Desktop/Financial_Health_Project/Financial Health Tracker - For Github/data_pipelines/accreditation/cache/dapip/text/144838_action-12_file-29030.txt,pdf_body,Requested to Submit a Monitoring Report in twelve (12) months to provide required oversight and resolution of compliance issues.
224527,East Texas Baptist University,Texas,"Southern Association of Colleges and Schools, Commission on Colleges",notice,"Based only on those reviewed standards, the institution is requested to submit a Referral Report due September 8, 2025, addressing the following referenced standard(s) of the Principles: Standard 6.2.b (Program faculty) For each of its educational programs, this standard expects an institution to employ a sufficient number of full-time faculty members to ensure curriculum and program quality, integrity, and review.",active,2025-04-25,2025,,,DAPIP Institutional Accreditation Action,Heightened Monitoring or Focused Review,2026-06-07 21:19:20.707945,https://ope.ed.gov/dapip/#/institution-profile/144838,,144838,00356400,7,1,1,5,HM,6,24640,dapip_file_text,FALSE,monitoring_or_notice,public_action_code,C:/Users/mv3031/Desktop/Financial_Health_Project/Financial Health Tracker - For Github/data_pipelines/accreditation/cache/dapip/pdfs/144838_action-5_file-24640.pdf,C:/Users/mv3031/Desktop/Financial_Health_Project/Financial Health Tracker - For Github/data_pipelines/accreditation/cache/dapip/text/144838_action-5_file-24640.txt,pdf_body,Requested Referral Report on Program faculty
224527,East Texas Baptist University,Texas,"Southern Association of Colleges and Schools, Commission on Colleges",other,Grant Substantive Change: Ownership,active,2023-12-03,2023,,,DAPIP Institutional Accreditation Action,Grant Substantive Change: Ownership,2026-06-07 21:19:21.02357,https://ope.ed.gov/dapip/#/institution-profile/144838,,144838,00356400,7,1,1,4,GO,10,0,dapip_action_description,FALSE,ownership_change,public_action_code,,,raw_title,Grant Substantive Change: Ownership
224545,Texas A&M University-Texarkana,Texas,"Southern Association of Colleges and Schools, Commission on Colleges",notice,Heightened Monitoring or Focused Review,active,2024-12-08,2024,,,DAPIP Institutional Accreditation Action,Heightened Monitoring or Focused Review,2026-06-07 21:19:22.280911,https://ope.ed.gov/dapip/#/institution-profile/144856,,144856,03170300,7,1,1,14,HM,9,27348,dapip_action_description,FALSE,monitoring_or_notice,public_action_code,C:/Users/mv3031/Desktop/Financial_Health_Project/Financial Health Tracker - For Github/data_pipelines/accreditation/cache/dapip/pdfs/144856_action-14_file-27348.pdf,C:/Users/mv3031/Desktop/Financial_Health_Project/Financial Health Tracker - For Github/data_pipelines/accreditation/cache/dapip/text/144856_action-14_file-27348.txt,raw_title,Heightened monitoring or focused review
224545,Texas A&M University-Texarkana,Texas,"Southern Association of Colleges and Schools, Commission on Colleges",notice,"Alexander: The following action regarding your institution was taken by the Board of Trustees of the Southern Association of Colleges and Schools Commission on Colleges (SACSCOC) during its meeting held on June 13, 2024: The SACSCOC Board of Trustees reviewed the institution’s First Monitoring Report following submission of a Referral Report in June 2023.",active,2024-06-13,2024,,,DAPIP Institutional Accreditation Action,Heightened Monitoring or Focused Review,2026-06-07 21:19:22.402207,https://ope.ed.gov/dapip/#/institution-profile/144856,,144856,03170300,7,1,1,8,HM,6,26910,dapip_file_text,FALSE,monitoring_or_notice,public_action_code,C:/Users/mv3031/Desktop/Financial_Health_Project/Financial Health Tracker - For Github/data_pipelines/accreditation/cache/dapip/pdfs/144856_action-8_file-26910.pdf,C:/Users/mv3031/Desktop/Financial_Health_Project/Financial Health Tracker - For Github/data_pipelines/accreditation/cache/dapip/text/144856_action-8_file-26910.txt,pdf_body,Requested to Submit a Monitoring Report on Program Coordination
224545,Texas A&M University-Texarkana,Texas,"Southern Association of Colleges and Schools, Commission on Colleges",notice,"Cutrer: The following action regarding your institution was taken by the Board of Trustees of the Southern Association of Colleges and Schools Commission on Colleges (SACSCOC) during its meeting held on June 15, 2023: The SACSCOC Board of Trustees reviewed the institution's Referral Report and requested a Monitoring Report due April 1, 2024, addressing the following referenced standard of the Principles of Accreditation: Standard 6.",active,2023-06-15,2023,,,DAPIP Institutional Accreditation Action,Heightened Monitoring or Focused Review,2026-06-07 21:19:22.51171,https://ope.ed.gov/dapip/#/institution-profile/144856,,144856,03170300,7,1,1,12,HM,6,27346,dapip_file_text,FALSE,monitoring_or_notice,public_action_code,C:/Users/mv3031/Desktop/Financial_Health_Project/Financial Health Tracker - For Github/data_pipelines/accreditation/cache/dapip/pdfs/144856_action-12_file-27346.pdf,C:/Users/mv3031/Desktop/Financial_Health_Project/Financial Health Tracker - For Github/data_pipelines/accreditation/cache/dapip/text/144856_action-12_file-27346.txt,pdf_body,Requested to Submit a Monitoring Report on Program Coordination
224545,Texas A&M University-Texarkana,Texas,"Southern Association of Colleges and Schools, Commission on Colleges",notice,"_Basedonly on those reviewed standards, ' the'institution should submit a Referral Report due April 3, 2023, addressing the standards ofthe Principles identified below.",active,2022-06-16,2022,,,DAPIP Institutional Accreditation Action,Heightened Monitoring or Focused Review,2026-06-07 21:19:22.904869,https://ope.ed.gov/dapip/#/institution-profile/144856,,144856,03170300,7,1,1,9,HM,6,27330,dapip_file_text,FALSE,monitoring_or_notice,public_action_code,C:/Users/mv3031/Desktop/Financial_Health_Project/Financial Health Tracker - For Github/data_pipelines/accreditation/cache/dapip/pdfs/144856_action-9_file-27330.pdf,C:/Users/mv3031/Desktop/Financial_Health_Project/Financial Health Tracker - For Github/data_pipelines/accreditation/cache/dapip/text/144856_action-9_file-27330.txt,pdf_body,Requested to submit a Referral Report documenting compliance with accreditation standards
225247,Hardin-Simmons University,Texas,"Southern Association of Colleges and Schools, Commission on Colleges",notice,Heightened Monitoring or Focused Review,active,2024-06-13,2024,,,DAPIP Institutional Accreditation Action,Heightened Monitoring or Focused Review,2026-06-07 21:19:24.796995,https://ope.ed.gov/dapip/#/institution-profile/145035,,145035,00357100,7,1,1,7,HM,10,23713,dapip_action_description,FALSE,monitoring_or_notice,public_action_code,C:/Users/mv3031/Desktop/Financial_Health_Project/Financial Health Tracker - For Github/data_pipelines/accreditation/cache/dapip/pdfs/145035_action-7_file-23713.pdf,C:/Users/mv3031/Desktop/Financial_Health_Project/Financial Health Tracker - For Github/data_pipelines/accreditation/cache/dapip/text/145035_action-7_file-23713.txt,raw_title,Heightened monitoring or focused review
225247,Hardin-Simmons University,Texas,"Southern Association of Colleges and Schools, Commission on Colleges",notice,"Based only on those reviewed standards, the institution should submit a Referral Report due April 1, 2024, addressing the standards of the Principles identified below.",active,2023-06-14,2023,,,DAPIP Institutional Accreditation Action,Heightened Monitoring or Focused Review,2026-06-07 21:19:25.159054,https://ope.ed.gov/dapip/#/institution-profile/145035,,145035,00357100,7,1,1,9,HM,6,27110,dapip_file_text,FALSE,monitoring_or_notice,public_action_code,C:/Users/mv3031/Desktop/Financial_Health_Project/Financial Health Tracker - For Github/data_pipelines/accreditation/cache/dapip/pdfs/145035_action-9_file-27110.pdf,C:/Users/mv3031/Desktop/Financial_Health_Project/Financial Health Tracker - For Github/data_pipelines/accreditation/cache/dapip/text/145035_action-9_file-27110.txt,pdf_body,Requested to submit a Referral Report documenting compliance with accreditation standards
225247,Hardin-Simmons University,Texas,"Southern Association of Colleges and Schools, Commission on Colleges",notice,"Based only on those reviewed standards, the institution should submit a Referral Report due April 1, 2024, addressing the standards of the Principles identified below.",active,2023-06-14,2023,,,DAPIP Institutional Accreditation Action,Heightened Monitoring or Focused Review,2026-06-07 21:19:25.215237,https://ope.ed.gov/dapip/#/institution-profile/145035,,145035,00357100,7,1,1,4,HM,12,23709,dapip_file_text,FALSE,monitoring_or_notice,public_action_code,C:/Users/mv3031/Desktop/Financial_Health_Project/Financial Health Tracker - For Github/data_pipelines/accreditation/cache/dapip/pdfs/145035_action-4_file-23709.pdf,C:/Users/mv3031/Desktop/Financial_Health_Project/Financial Health Tracker - For Github/data_pipelines/accreditation/cache/dapip/text/145035_action-4_file-23709.txt,pdf_body,Requested to submit a Referral Report documenting compliance with accreditation standards
225432,University of Houston-Downtown,Texas,"Southern Association of Colleges and Schools, Commission on Colleges",notice,"The institution's policy and procedures for reporting substantive change must continue to address all types of substantive changes as defined in SACSCOC policy, 'Substantive Change Policy and Procedures.' We appreciate your continued support of SACSCOC'sactivities and work.",active,2023-06-15,2023,,,DAPIP Institutional Accreditation Action,Heightened Monitoring or Focused Review,2026-06-07 21:19:28.305237,https://ope.ed.gov/dapip/#/institution-profile/145099,,145099,00361200,7,1,1,15,HM,9,28896,dapip_file_text,FALSE,monitoring_or_notice,public_action_code,C:/Users/mv3031/Desktop/Financial_Health_Project/Financial Health Tracker - For Github/data_pipelines/accreditation/cache/dapip/pdfs/145099_action-15_file-28896.pdf,C:/Users/mv3031/Desktop/Financial_Health_Project/Financial Health Tracker - For Github/data_pipelines/accreditation/cache/dapip/text/145099_action-15_file-28896.txt,pdf_body,"SACS^ SOUTHERN ASSOCIATION OF COLLEGES AND SCHOOLS COMMISSIONON COLLEGES June 29, 2023 Dr. Loren J. Blanchard President University of Houston - Downtown One Main Street Houston, TX 77002 Dear Dr. Blanchard: The following action regarding your institution was taken by the Board of Trustees of the Southern Association of Colleges and Schools Commission on Colleges (SACSCOC) during its meeting held on June 15, 2023: The SACSCOC Board of Trustees reviewed the institution's internal policy and procedures addressing the timely reporting of substantive changes. No additional report is requested. This review was conducted following the institution's failure to seek approval to implement the Graduate Certificate in Foundations of Education Leadership. The institution's policy and procedures for reporting substantive change must continue to address all types of substantive changes as defined in SACSCOC policy, 'Substantive Change Policy and Procedures.' We appreciate your continued support of SACSCOC'sactivities and work. If you have questions, please contact the SACSCOC staff member assigned to your institution. Sincerely, Belle S. Wheelan, Ph. D. President BSW:ktf ec: Dr. Geoffrey C. Klein, Vice President, SACSCOC 1 866 Southern Lane . Decatur, Georgia 30033-4097 . Telephone 404/679-4500 . Fax 404/679-4558 www. sacscoc. org"
225432,University of Houston-Downtown,Texas,"Southern Association of Colleges and Schools, Commission on Colleges",notice,Heightened Monitoring or Focused Review,active,2022-06-16,2022,,,DAPIP Institutional Accreditation Action,Heightened Monitoring or Focused Review,2026-06-07 21:19:28.59828,https://ope.ed.gov/dapip/#/institution-profile/145099,,145099,00361200,7,1,1,12,HM,6,27658,dapip_action_description,FALSE,monitoring_or_notice,public_action_code,C:/Users/mv3031/Desktop/Financial_Health_Project/Financial Health Tracker - For Github/data_pipelines/accreditation/cache/dapip/pdfs/145099_action-12_file-27658.pdf,C:/Users/mv3031/Desktop/Financial_Health_Project/Financial Health Tracker - For Github/data_pipelines/accreditation/cache/dapip/text/145099_action-12_file-27658.txt,raw_title,Heightened monitoring or focused review
225511,University of Houston,Texas,"Southern Association of Colleges and Schools, Commission on Colleges",notice,"Khator: The following action regarding your institution was taken by the Board of Trustees of the Southern Association of Colleges and Schools Commission on Colleges (SACSCOC) during its meeting held on June 12, 2025: The SACSCOC Board of Trustees reviewed the institution’s Referral Report following submission of the institution’s Fifth-Year Interim Report in April 2024, and requested a First Monitoring Report due September 8, 2025, addressing the following referenced standards of the Principles of Accreditation: Standard 10.5 (Admissions policies and practices) This standard expects an institution to publish admissions policies consistent with its mission.",active,2025-06-12,2025,,,DAPIP Institutional Accreditation Action,Heightened Monitoring or Focused Review,2026-06-07 21:19:29.714866,https://ope.ed.gov/dapip/#/institution-profile/145123,,145123,00365200,7,1,1,3,HM,6,27528,dapip_file_text,FALSE,monitoring_or_notice,public_action_code,C:/Users/mv3031/Desktop/Financial_Health_Project/Financial Health Tracker - For Github/data_pipelines/accreditation/cache/dapip/pdfs/145123_action-3_file-27528.pdf,C:/Users/mv3031/Desktop/Financial_Health_Project/Financial Health Tracker - For Github/data_pipelines/accreditation/cache/dapip/text/145123_action-3_file-27528.txt,pdf_body,"At the end of that two-year period, if the institution does not comply with all the standards and requirements of the Principles, representatives from the institution may be required to appear before the SACS000 Board of Trustees, or one of its standing committees, to answer questions as to why the institution should not be removed from membership."
225511,University of Houston,Texas,"Southern Association of Colleges and Schools, Commission on Colleges",notice,"Based only on those reviewed standards, the institution should submit a Referral Report due April 1, 2025, addressing the standards of the Principles identified below.",active,2024-04-24,2024,,,DAPIP Institutional Accreditation Action,Heightened Monitoring or Focused Review,2026-06-07 21:19:29.794137,https://ope.ed.gov/dapip/#/institution-profile/145123,,145123,00365200,7,1,1,4,HM,6,27529,dapip_file_text,FALSE,monitoring_or_notice,public_action_code,C:/Users/mv3031/Desktop/Financial_Health_Project/Financial Health Tracker - For Github/data_pipelines/accreditation/cache/dapip/pdfs/145123_action-4_file-27529.pdf,C:/Users/mv3031/Desktop/Financial_Health_Project/Financial Health Tracker - For Github/data_pipelines/accreditation/cache/dapip/text/145123_action-4_file-27529.txt,pdf_body,Requested to submit a Referral Report documenting compliance with accreditation standards
225627,University of the Incarnate Word,Texas,"Southern Association of Colleges and Schools, Commission on Colleges",notice,"Evans: The following action regarding your institution was taken by the Board of Trustees of the Southern Association of Colleges and Schools Commission on Colleges (SACSCOC) during its meeting held on December 7, 2025: The SACSCOC Board of Trustees reaffirmed accreditation and requested a Monitoring Report due in twelve (12) months.",active,2025-12-07,2025,,,DAPIP Institutional Accreditation Action,Heightened Monitoring or Focused Review,2026-06-07 21:19:31.401649,https://ope.ed.gov/dapip/#/institution-profile/145178,,145178,00357800,7,1,1,12,HM,6,29000,dapip_file_text,FALSE,monitoring_or_notice,public_action_code,C:/Users/mv3031/Desktop/Financial_Health_Project/Financial Health Tracker - For Github/data_pipelines/accreditation/cache/dapip/pdfs/145178_action-12_file-29000.pdf,C:/Users/mv3031/Desktop/Financial_Health_Project/Financial Health Tracker - For Github/data_pipelines/accreditation/cache/dapip/text/145178_action-12_file-29000.txt,pdf_body,Requested to Submit a Monitoring Report due in twelve (12) months.
225627,University of the Incarnate Word,Texas,"Southern Association of Colleges and Schools, Commission on Colleges",notice,"Evans: The following action regarding your institution was taken by the Board of Trustees of the Southern Association of Colleges and Schools Commission on Colleges (SACSCOC) during its meeting held on December 7, 2025: The SACSCOC Board of Trustees requested a Monitoring Report in twelve (12) months to provide required oversight and resolution of compliance issues.",active,2025-12-07,2025,,,DAPIP Institutional Accreditation Action,Heightened Monitoring or Focused Review,2026-06-07 21:19:31.451284,https://ope.ed.gov/dapip/#/institution-profile/145178,,145178,00357800,7,1,1,13,HM,6,29044,dapip_file_text,FALSE,monitoring_or_notice,public_action_code,C:/Users/mv3031/Desktop/Financial_Health_Project/Financial Health Tracker - For Github/data_pipelines/accreditation/cache/dapip/pdfs/145178_action-13_file-29044.pdf,C:/Users/mv3031/Desktop/Financial_Health_Project/Financial Health Tracker - For Github/data_pipelines/accreditation/cache/dapip/text/145178_action-13_file-29044.txt,pdf_body,Requested to Submit a Monitoring Report in twelve (12) months to provide required oversight and resolution of compliance issues.
225627,University of the Incarnate Word,Texas,"Southern Association of Colleges and Schools, Commission on Colleges",notice,Heightened Monitoring or Focused Review,active,2022-06-16,2022,,,DAPIP Institutional Accreditation Action,Heightened Monitoring or Focused Review,2026-06-07 21:19:31.836834,https://ope.ed.gov/dapip/#/institution-profile/145178,,145178,00357800,7,1,1,11,HM,9,28801,dapip_action_description,FALSE,monitoring_or_notice,public_action_code,C:/Users/mv3031/Desktop/Financial_Health_Project/Financial Health Tracker - For Github/data_pipelines/accreditation/cache/dapip/pdfs/145178_action-11_file-28801.pdf,C:/Users/mv3031/Desktop/Financial_Health_Project/Financial Health Tracker - For Github/data_pipelines/accreditation/cache/dapip/text/145178_action-11_file-28801.txt,raw_title,Heightened monitoring or focused review
225627,University of the Incarnate Word,Texas,"Southern Association of Colleges and Schools, Commission on Colleges",removed,Removal of Monitoring Status,resolved,2019-06-09,2019,,,DAPIP Institutional Accreditation Action,Removal of Monitoring Status,2026-06-07 21:19:31.926567,https://ope.ed.gov/dapip/#/institution-profile/145178,,145178,00357800,7,1,1,3,RM,10,0,dapip_action_description,FALSE,removed,public_action_code,,,raw_title,Removal of Monitoring Status
226091,Lamar University,Texas,"Southern Association of Colleges and Schools, Commission on Colleges",notice,"Taylor: The following action regarding your institution was taken by the Board of Trustees of the Southern Association of Colleges and Schools Commission on Colleges (SACSCOC) during its meeting held on December 7, 2025: The SACSCOC Board of Trustees requested a Monitoring Report in twelve (12) months to provide required oversight and resolution of compliance issues.",active,2025-12-07,2025,,,DAPIP Institutional Accreditation Action,Heightened Monitoring or Focused Review,2026-06-07 21:19:32.964356,https://ope.ed.gov/dapip/#/institution-profile/145309,,145309,00358100,7,1,1,11,HM,6,29033,dapip_file_text,FALSE,monitoring_or_notice,public_action_code,C:/Users/mv3031/Desktop/Financial_Health_Project/Financial Health Tracker - For Github/data_pipelines/accreditation/cache/dapip/pdfs/145309_action-11_file-29033.pdf,C:/Users/mv3031/Desktop/Financial_Health_Project/Financial Health Tracker - For Github/data_pipelines/accreditation/cache/dapip/text/145309_action-11_file-29033.txt,pdf_body,Requested to Submit a Monitoring Report in twelve (12) months to provide required oversight and resolution of compliance issues.
226091,Lamar University,Texas,"Southern Association of Colleges and Schools, Commission on Colleges",notice,"Based only on those reviewed standards, the institution is requested to submit a Referral Report due September 8, 2025, addressing the following referenced standard(s) of the Principles: Standard 6.2.b (Program faculty) For each of its educational programs, this standard expects an institution to employ a sufficient number of full-time faculty members to ensure curriculum and program quality, integrity, and review.",active,2025-04-25,2025,,,DAPIP Institutional Accreditation Action,Heightened Monitoring or Focused Review,2026-06-07 21:19:33.015592,https://ope.ed.gov/dapip/#/institution-profile/145309,,145309,00358100,7,1,1,4,HM,6,25337,dapip_file_text,FALSE,monitoring_or_notice,public_action_code,C:/Users/mv3031/Desktop/Financial_Health_Project/Financial Health Tracker - For Github/data_pipelines/accreditation/cache/dapip/pdfs/145309_action-4_file-25337.pdf,C:/Users/mv3031/Desktop/Financial_Health_Project/Financial Health Tracker - For Github/data_pipelines/accreditation/cache/dapip/text/145309_action-4_file-25337.txt,pdf_body,Requested Referral Report on Program faculty
226091,Lamar University,Texas,"Southern Association of Colleges and Schools, Commission on Colleges",notice,"Taylor: The following action regarding your institution was taken by the Board of Trustees of the Southern Association of Colleges and Schools Commission on Colleges (SACSCOC) during its meeting held on December 4, 2022: The SACSCOC Board of Trustees reviewed the institution's First Monitoring Report following reaffirmation of accreditation.",active,2022-12-04,2022,,,DAPIP Institutional Accreditation Action,Heightened Monitoring or Focused Review,2026-06-07 21:19:33.187821,https://ope.ed.gov/dapip/#/institution-profile/145309,,145309,00358100,7,1,1,9,HM,6,28028,dapip_file_text,FALSE,monitoring_or_notice,public_action_code,C:/Users/mv3031/Desktop/Financial_Health_Project/Financial Health Tracker - For Github/data_pipelines/accreditation/cache/dapip/pdfs/145309_action-9_file-28028.pdf,C:/Users/mv3031/Desktop/Financial_Health_Project/Financial Health Tracker - For Github/data_pipelines/accreditation/cache/dapip/text/145309_action-9_file-28028.txt,pdf_body,Requested to Submit a Monitoring Report on Student Outcomes: Educational Programs And Student Outcomes: General Education
226231,LeTourneau University,Texas,"Southern Association of Colleges and Schools, Commission on Colleges",removed,Accreditation Reaffirmed:  Warning Removed,resolved,2024-06-13,2024,,,DAPIP Institutional Accreditation Action,Accreditation Reaffirmed: Warning Removed,2026-06-07 21:19:34.605435,https://ope.ed.gov/dapip/#/institution-profile/145372,,145372,00358400,7,1,1,5,WR,10,0,dapip_action_description,FALSE,removed,public_action_code,,,raw_title,Warning removed
226231,LeTourneau University,Texas,"Southern Association of Colleges and Schools, Commission on Colleges",notice,Heightened Monitoring or Focused Review,active,2024-06-13,2024,,,DAPIP Institutional Accreditation Action,Heightened Monitoring or Focused Review,2026-06-07 21:19:34.686574,https://ope.ed.gov/dapip/#/institution-profile/145372,,145372,00358400,7,1,1,10,HM,9,29528,dapip_action_description,FALSE,monitoring_or_notice,public_action_code,C:/Users/mv3031/Desktop/Financial_Health_Project/Financial Health Tracker - For Github/data_pipelines/accreditation/cache/dapip/pdfs/145372_action-10_file-29528.pdf,C:/Users/mv3031/Desktop/Financial_Health_Project/Financial Health Tracker - For Github/data_pipelines/accreditation/cache/dapip/text/145372_action-10_file-29528.txt,raw_title,Heightened monitoring or focused review
226231,LeTourneau University,Texas,"Southern Association of Colleges and Schools, Commission on Colleges",notice,"Mason: The following action regarding your institution was taken by the Board of Trustees of the Southern Association of Colleges and Schools Commission on Colleges (SACSCOC) during its meeting held on June 15, 2023: The SACSCOC Board of Trustees reviewed the institution's Referral Report from the submission of the Fifth-Year Interim Report in June 2022 and placed the institution on Warning for twelve months for failure to comply with Core Requirement 6.",active,2023-06-15,2023,,,DAPIP Institutional Accreditation Action,Heightened Monitoring or Focused Review,2026-06-07 21:19:34.774539,https://ope.ed.gov/dapip/#/institution-profile/145372,,145372,00358400,7,1,1,11,HM,6,29529,dapip_file_text,FALSE,monitoring_or_notice,public_action_code,C:/Users/mv3031/Desktop/Financial_Health_Project/Financial Health Tracker - For Github/data_pipelines/accreditation/cache/dapip/pdfs/145372_action-11_file-29529.pdf,C:/Users/mv3031/Desktop/Financial_Health_Project/Financial Health Tracker - For Github/data_pipelines/accreditation/cache/dapip/text/145372_action-11_file-29529.txt,pdf_body,Placed on warning for twelve months for failure to comply with Core Requirement 6.1 (Full-time faculty) and Standard 6.2.b (Program faculty)
226231,LeTourneau University,Texas,"Southern Association of Colleges and Schools, Commission on Colleges",notice,"Mason: The following action regarding your institution was taken by the Board of Trustees of the Southern Association of Colleges and Schools Commission on Colleges (SACSCOC) during its meeting held on June 15, 2023; The SACSCOC Board of Trustees reviewed the institution's Referral Report from the submission of the Fifth-Year Interim Report in June 2022 and placed the institution on Warning for twelve months for failure to comply with Core Requirement 6.",active,2023-06-15,2023,,,DAPIP Institutional Accreditation Action,Heightened Monitoring or Focused Review,2026-06-07 21:19:34.97492,https://ope.ed.gov/dapip/#/institution-profile/145372,,145372,00358400,7,1,1,13,HM,10,29540,dapip_file_text,FALSE,monitoring_or_notice,public_action_code,C:/Users/mv3031/Desktop/Financial_Health_Project/Financial Health Tracker - For Github/data_pipelines/accreditation/cache/dapip/pdfs/145372_action-13_file-29540.pdf,C:/Users/mv3031/Desktop/Financial_Health_Project/Financial Health Tracker - For Github/data_pipelines/accreditation/cache/dapip/text/145372_action-13_file-29540.txt,pdf_body,"Mason: The following action regarding your institution was taken by the Board of Trustees of the Southern Association of Colleges and Schools Commission on Colleges (SACSCOC) during its meeting held on June 15, 2023; The SACSCOC Board of Trustees reviewed the institution's Referral Report from the submission of the Fifth-Year Interim Report in June 2022 and placed the institution on warning for twelve months for failure to comply with Core Requirement 6.1 (Full-time faculty) and Standard 6.2.b (Program faculty)"
226231,LeTourneau University,Texas,"Southern Association of Colleges and Schools, Commission on Colleges",warning,"Southern Association of Colleges and Schools Commission on Colleges (SACSCOC) http://www.sacscoc.org Disclosure Statement Regarding the Status of LETOURNEAU UNIVERSITY Longview, Texas Issued June 23, 2023, by SACSCOC The following publicly available information is provided by the Southern Association of Colleges and Schools Commission on Colleges (SACSCOC) concerning the accreditation of LeTourneau University.",active,2023-06-15,2023,,,DAPIP Institutional Accreditation Action,Probation or Equivalent or a More Severe Status: Warning,2026-06-07 21:19:35.10549,https://ope.ed.gov/dapip/#/institution-profile/145372,,145372,00358400,7,1,1,6,PW,6,22596,dapip_file_text,FALSE,warning,public_action_code,C:/Users/mv3031/Desktop/Financial_Health_Project/Financial Health Tracker - For Github/data_pipelines/accreditation/cache/dapip/pdfs/145372_action-6_file-22596.pdf,C:/Users/mv3031/Desktop/Financial_Health_Project/Financial Health Tracker - For Github/data_pipelines/accreditation/cache/dapip/text/145372_action-6_file-22596.txt,pdf_body,Placed on warning for failure to comply with Core Requirement 6.1 (Full-time faculty) and Standard 6.2.b (Program faculty)
226231,LeTourneau University,Texas,"Southern Association of Colleges and Schools, Commission on Colleges",warning,Probation or Equivalent or a More Severe Status: Warning,active,2023-06-15,2023,,,DAPIP Institutional Accreditation Action,Probation or Equivalent or a More Severe Status: Warning,2026-06-07 21:19:35.24941,https://ope.ed.gov/dapip/#/institution-profile/145372,,145372,00358400,7,1,1,4,PW,6,0,dapip_action_description,FALSE,warning,public_action_code,,,raw_title,Placed on warning
226231,LeTourneau University,Texas,"Southern Association of Colleges and Schools, Commission on Colleges",notice,"Based only on those reviewed standards, the institution should submit a Referral Report due April 3, 2023, addressing the standards of the Principles identified below.",active,2022-06-16,2022,,,DAPIP Institutional Accreditation Action,Heightened Monitoring or Focused Review,2026-06-07 21:19:35.367748,https://ope.ed.gov/dapip/#/institution-profile/145372,,145372,00358400,7,1,1,7,HM,6,25457,dapip_file_text,FALSE,monitoring_or_notice,public_action_code,C:/Users/mv3031/Desktop/Financial_Health_Project/Financial Health Tracker - For Github/data_pipelines/accreditation/cache/dapip/pdfs/145372_action-7_file-25457.pdf,C:/Users/mv3031/Desktop/Financial_Health_Project/Financial Health Tracker - For Github/data_pipelines/accreditation/cache/dapip/text/145372_action-7_file-25457.txt,pdf_body,Requested to submit a Referral Report documenting compliance with accreditation standards
226231,LeTourneau University,Texas,"Southern Association of Colleges and Schools, Commission on Colleges",notice,"Based only on those reviewed standards, the institution should submit a Referral Report due April 3, 2023, addressing the standards of the Principles identified below.",active,2022-06-16,2022,,,DAPIP Institutional Accreditation Action,Heightened Monitoring or Focused Review,2026-06-07 21:19:35.43092,https://ope.ed.gov/dapip/#/institution-profile/145372,,145372,00358400,7,1,1,14,HM,6,29541,dapip_file_text,FALSE,monitoring_or_notice,public_action_code,C:/Users/mv3031/Desktop/Financial_Health_Project/Financial Health Tracker - For Github/data_pipelines/accreditation/cache/dapip/pdfs/145372_action-14_file-29541.pdf,C:/Users/mv3031/Desktop/Financial_Health_Project/Financial Health Tracker - For Github/data_pipelines/accreditation/cache/dapip/text/145372_action-14_file-29541.txt,pdf_body,Requested to submit a Referral Report documenting compliance with accreditation standards
226587,McMurry University,Texas,"Southern Association of Colleges and Schools, Commission on Colleges",notice,"Based only on those reviewed standards, the institution is requested to submit a Referral Report due April 1, 2026, addressing the following referenced standard(s) of the Principles: Standard 10.5 (Admissions policies and practices) This standard expects an institution to publish admissions policies consistent with its mission.",active,2025-04-25,2025,,,DAPIP Institutional Accreditation Action,Heightened Monitoring or Focused Review,2026-06-07 21:19:37.621879,https://ope.ed.gov/dapip/#/institution-profile/145460,,145460,00359100,7,1,1,7,HM,6,25610,dapip_file_text,FALSE,monitoring_or_notice,public_action_code,C:/Users/mv3031/Desktop/Financial_Health_Project/Financial Health Tracker - For Github/data_pipelines/accreditation/cache/dapip/pdfs/145460_action-7_file-25610.pdf,C:/Users/mv3031/Desktop/Financial_Health_Project/Financial Health Tracker - For Github/data_pipelines/accreditation/cache/dapip/text/145460_action-7_file-25610.txt,pdf_body,Requested Referral Report on Admissions policies and practices
226587,McMurry University,Texas,"Southern Association of Colleges and Schools, Commission on Colleges",other,Grant Substantive Change: Ownership,active,2024-12-08,2024,,,DAPIP Institutional Accreditation Action,Grant Substantive Change: Ownership,2026-06-07 21:19:37.764968,https://ope.ed.gov/dapip/#/institution-profile/145460,,145460,00359100,7,1,1,4,GO,10,0,dapip_action_description,FALSE,ownership_change,public_action_code,,,raw_title,Grant Substantive Change: Ownership
226833,Midwestern State University,Texas,"Southern Association of Colleges and Schools, Commission on Colleges",notice,Heightened Monitoring or Focused Review,active,2021-12-02,2021,,,DAPIP Institutional Accreditation Action,Heightened Monitoring or Focused Review,2026-06-07 21:19:38.657109,https://ope.ed.gov/dapip/#/institution-profile/145530,,145530,00359200,7,1,1,9,HM,10,28301,dapip_action_description,FALSE,monitoring_or_notice,public_action_code,C:/Users/mv3031/Desktop/Financial_Health_Project/Financial Health Tracker - For Github/data_pipelines/accreditation/cache/dapip/pdfs/145530_action-9_file-28301.pdf,C:/Users/mv3031/Desktop/Financial_Health_Project/Financial Health Tracker - For Github/data_pipelines/accreditation/cache/dapip/text/145530_action-9_file-28301.txt,raw_title,Heightened monitoring or focused review
226833,Midwestern State University,Texas,"Southern Association of Colleges and Schools, Commission on Colleges",other,Grant Substantive Change: Ownership,active,2021-06-17,2021,,,DAPIP Institutional Accreditation Action,Grant Substantive Change: Ownership,2026-06-07 21:19:38.814738,https://ope.ed.gov/dapip/#/institution-profile/145530,,145530,00359200,7,1,1,3,GO,10,0,dapip_action_description,FALSE,ownership_change,public_action_code,,,raw_title,Grant Substantive Change: Ownership
227331,Our Lady of the Lake University,Texas,"Southern Association of Colleges and Schools, Commission on Colleges",notice,"Chavez: The following action regarding your institution was taken by the Board of Trustees of the Southern Association of Colleges and Schools Commission on Colleges (SACSCOC) during its meeting held on December 3, 2023: The SACSCOC Board of Trustees reviewed the institution’s First Monitoring Report following action on reaffirmation of accreditation in December 2022.",active,2023-12-03,2023,,,DAPIP Institutional Accreditation Action,Heightened Monitoring or Focused Review,2026-06-07 21:19:40.39148,https://ope.ed.gov/dapip/#/institution-profile/145743,,145743,00359800,7,1,1,17,HM,6,26209,dapip_file_text,FALSE,monitoring_or_notice,public_action_code,C:/Users/mv3031/Desktop/Financial_Health_Project/Financial Health Tracker - For Github/data_pipelines/accreditation/cache/dapip/pdfs/145743_action-17_file-26209.pdf,C:/Users/mv3031/Desktop/Financial_Health_Project/Financial Health Tracker - For Github/data_pipelines/accreditation/cache/dapip/text/145743_action-17_file-26209.txt,pdf_body,Requested to Submit a Monitoring Report on Student Outcomes: General Education
227331,Our Lady of the Lake University,Texas,"Southern Association of Colleges and Schools, Commission on Colleges",removed,Removal of Monitoring Status,resolved,2019-06-02,2019,,,DAPIP Institutional Accreditation Action,Removal of Monitoring Status,2026-06-07 21:19:41.117305,https://ope.ed.gov/dapip/#/institution-profile/145743,,145743,00359800,7,1,1,3,RM,10,0,dapip_action_description,FALSE,removed,public_action_code,,,raw_title,Removal of Monitoring Status
227526,Prairie View A & M University,Texas,"Southern Association of Colleges and Schools, Commission on Colleges",removed,Removal of Show Cause Status,resolved,2019-12-08,2019,,,DAPIP Institutional Accreditation Action,Removal of Show Cause Status,2026-06-07 21:19:43.874064,https://ope.ed.gov/dapip/#/institution-profile/145804,,145804,00363000,7,1,1,3,RS,10,0,dapip_action_description,FALSE,removed,public_action_code,,,raw_title,Removal of show cause Status
227526,Prairie View A & M University,Texas,"Southern Association of Colleges and Schools, Commission on Colleges",removed,Accreditation Reaffirmed: Probation Removed,resolved,2019-12-08,2019,,,DAPIP Institutional Accreditation Action,Accreditation Reaffirmed: Probation Removed,2026-06-07 21:19:43.907405,https://ope.ed.gov/dapip/#/institution-profile/145804,,145804,00363000,7,1,1,6,PR,10,0,dapip_action_description,FALSE,removed,public_action_code,,,raw_title,Probation removed
227526,Prairie View A & M University,Texas,"Southern Association of Colleges and Schools, Commission on Colleges",removed,Accreditation Reaffirmed: Probation Removed,resolved,2019-12-08,2019,,,DAPIP Institutional Accreditation Action,Accreditation Reaffirmed: Probation Removed,2026-06-07 21:19:43.940954,https://ope.ed.gov/dapip/#/institution-profile/145804,,145804,00363000,7,1,1,7,PR,10,0,dapip_action_description,FALSE,removed,public_action_code,,,raw_title,Probation removed
227757,Rice University,Texas,"Southern Association of Colleges and Schools, Commission on Colleges",notice,"Based only on those reviewed standards, the institution should submit a Referral Report due April 3, 2023, addressing the following referenced standards ofthe Principles: Standard 8.",active,2022-06-16,2022,,,DAPIP Institutional Accreditation Action,Heightened Monitoring or Focused Review,2026-06-07 21:19:44.405816,https://ope.ed.gov/dapip/#/institution-profile/145831,,145831,00360400,7,1,1,2,HM,6,26449,dapip_file_text,FALSE,monitoring_or_notice,public_action_code,C:/Users/mv3031/Desktop/Financial_Health_Project/Financial Health Tracker - For Github/data_pipelines/accreditation/cache/dapip/pdfs/145831_action-2_file-26449.pdf,C:/Users/mv3031/Desktop/Financial_Health_Project/Financial Health Tracker - For Github/data_pipelines/accreditation/cache/dapip/text/145831_action-2_file-26449.txt,pdf_body,Requested Referral Report on Student outcomes: educational programs and Admissions policies and practices
227845,Saint Edward's University,Texas,"Southern Association of Colleges and Schools, Commission on Colleges",notice,Heightened Monitoring or Focused Review,active,2025-06-12,2025,,,DAPIP Institutional Accreditation Action,Heightened Monitoring or Focused Review,2026-06-07 21:19:44.935533,https://ope.ed.gov/dapip/#/institution-profile/145868,,145868,00362100,7,1,1,6,HM,10,26499,dapip_action_description,FALSE,monitoring_or_notice,public_action_code,C:/Users/mv3031/Desktop/Financial_Health_Project/Financial Health Tracker - For Github/data_pipelines/accreditation/cache/dapip/pdfs/145868_action-6_file-26499.pdf,C:/Users/mv3031/Desktop/Financial_Health_Project/Financial Health Tracker - For Github/data_pipelines/accreditation/cache/dapip/text/145868_action-6_file-26499.txt,raw_title,Heightened monitoring or focused review
227845,Saint Edward's University,Texas,"Southern Association of Colleges and Schools, Commission on Colleges",notice,"Fuentes: The following action regarding your institution was taken by the Board of Trustees of the Southern Association of Colleges and Schools Commission on Colleges (SACSCOC) during its meeting held on June 13, 2024: The SACSCOC Board of Trustees reviewed the institution’s Referral Report and requested a Monitoring Report due April 1, 2025, addressing the following referenced standard of the Principles of Accreditation: Standard 8.2.a (Student outcomes: educational programs) This standard expects an institution to identify expected student learning outcomes, assess the extent to which it achieves these outcomes, and provide evidence of seeking improvement based on analysis of the results for each of its educational programs.",active,2024-06-13,2024,,,DAPIP Institutional Accreditation Action,Heightened Monitoring or Focused Review,2026-06-07 21:19:44.994189,https://ope.ed.gov/dapip/#/institution-profile/145868,,145868,00362100,7,1,1,7,HM,6,26500,dapip_file_text,FALSE,monitoring_or_notice,public_action_code,C:/Users/mv3031/Desktop/Financial_Health_Project/Financial Health Tracker - For Github/data_pipelines/accreditation/cache/dapip/pdfs/145868_action-7_file-26500.pdf,C:/Users/mv3031/Desktop/Financial_Health_Project/Financial Health Tracker - For Github/data_pipelines/accreditation/cache/dapip/text/145868_action-7_file-26500.txt,pdf_body,Requested to Submit a Monitoring Report on Student Outcomes: Educational Programs
227845,Saint Edward's University,Texas,"Southern Association of Colleges and Schools, Commission on Colleges",notice,"Based only on those reviewed standards, the institution should submit a Referral Report due April 1, 2024, addressing the standards of the Principles identified below.",active,2023-06-14,2023,,,DAPIP Institutional Accreditation Action,Heightened Monitoring or Focused Review,2026-06-07 21:19:45.103139,https://ope.ed.gov/dapip/#/institution-profile/145868,,145868,00362100,7,1,1,9,HM,6,26502,dapip_file_text,FALSE,monitoring_or_notice,public_action_code,C:/Users/mv3031/Desktop/Financial_Health_Project/Financial Health Tracker - For Github/data_pipelines/accreditation/cache/dapip/pdfs/145868_action-9_file-26502.pdf,C:/Users/mv3031/Desktop/Financial_Health_Project/Financial Health Tracker - For Github/data_pipelines/accreditation/cache/dapip/text/145868_action-9_file-26502.txt,pdf_body,Requested to submit a Referral Report documenting compliance with accreditation standards
227881,Sam Houston State University,Texas,"Southern Association of Colleges and Schools, Commission on Colleges",notice,"Based only on those reviewed standards, the institution is requested to submit a Referral Report due September 8, 2025, addressing the following referenced standard(s) of the Principles: Standard 13.6 (Federal and state responsibilities) This standard expects that an institution (a) is in compliance with its program responsibilities under Title 1V of the most recent Higher Education Act as amended and (b) audits financial aid programs as required by federal and state regulations.",active,2025-04-25,2025,,,DAPIP Institutional Accreditation Action,Heightened Monitoring or Focused Review,2026-06-07 21:19:46.3945,https://ope.ed.gov/dapip/#/institution-profile/145901,,145901,00360600,7,1,1,7,HM,6,26604,dapip_file_text,FALSE,monitoring_or_notice,public_action_code,C:/Users/mv3031/Desktop/Financial_Health_Project/Financial Health Tracker - For Github/data_pipelines/accreditation/cache/dapip/pdfs/145901_action-7_file-26604.pdf,C:/Users/mv3031/Desktop/Financial_Health_Project/Financial Health Tracker - For Github/data_pipelines/accreditation/cache/dapip/text/145901_action-7_file-26604.txt,pdf_body,Requested Referral Report on Federal and state responsibilities
228246,Southern Methodist University,Texas,"Southern Association of Colleges and Schools, Commission on Colleges",removed,No additional report was requested.,resolved,2021-12-01,2021,,,DAPIP Institutional Accreditation Action,Removal of Monitoring Status,2026-06-07 21:19:48.945302,https://ope.ed.gov/dapip/#/institution-profile/146047,,146047,00361300,7,1,1,5,RM,9,26864,dapip_file_text,FALSE,removed,public_action_code,C:/Users/mv3031/Desktop/Financial_Health_Project/Financial Health Tracker - For Github/data_pipelines/accreditation/cache/dapip/pdfs/146047_action-5_file-26864.pdf,C:/Users/mv3031/Desktop/Financial_Health_Project/Financial Health Tracker - For Github/data_pipelines/accreditation/cache/dapip/text/146047_action-5_file-26864.txt,pdf_body,No additional report requested after review of the Monitoring Report
228246,Southern Methodist University,Texas,"Southern Association of Colleges and Schools, Commission on Colleges",removed,Removal of Monitoring Status,resolved,2021-12-01,2021,,,DAPIP Institutional Accreditation Action,Removal of Monitoring Status,2026-06-07 21:19:48.978794,https://ope.ed.gov/dapip/#/institution-profile/146047,,146047,00361300,7,1,1,6,RM,9,0,dapip_action_description,FALSE,removed,public_action_code,,,raw_title,Removal of Monitoring Status
228431,Stephen F Austin State University,Texas,"Southern Association of Colleges and Schools, Commission on Colleges",other,Grant Substantive Change: Ownership,active,2023-06-15,2023,,,DAPIP Institutional Accreditation Action,Grant Substantive Change: Ownership,2026-06-07 21:19:50.767439,https://ope.ed.gov/dapip/#/institution-profile/146108,,146108,00362400,7,1,1,4,GO,10,0,dapip_action_description,FALSE,ownership_change,public_action_code,,,raw_title,Grant Substantive Change: Ownership
228431,Stephen F Austin State University,Texas,"Southern Association of Colleges and Schools, Commission on Colleges",removed,Removal of Monitoring Status,resolved,2022-12-04,2022,,,DAPIP Institutional Accreditation Action,Removal of Monitoring Status,2026-06-07 21:19:50.797873,https://ope.ed.gov/dapip/#/institution-profile/146108,,146108,00362400,7,1,1,3,RM,10,0,dapip_action_description,FALSE,removed,public_action_code,,,raw_title,Removal of Monitoring Status
228431,Stephen F Austin State University,Texas,"Southern Association of Colleges and Schools, Commission on Colleges",notice,Heightened Monitoring or Focused Review,active,2022-12-04,2022,,,DAPIP Institutional Accreditation Action,Heightened Monitoring or Focused Review,2026-06-07 21:19:50.852263,https://ope.ed.gov/dapip/#/institution-profile/146108,,146108,00362400,7,1,1,10,HM,9,27169,dapip_action_description,FALSE,monitoring_or_notice,public_action_code,C:/Users/mv3031/Desktop/Financial_Health_Project/Financial Health Tracker - For Github/data_pipelines/accreditation/cache/dapip/pdfs/146108_action-10_file-27169.pdf,C:/Users/mv3031/Desktop/Financial_Health_Project/Financial Health Tracker - For Github/data_pipelines/accreditation/cache/dapip/text/146108_action-10_file-27169.txt,raw_title,Heightened monitoring or focused review
228431,Stephen F Austin State University,Texas,"Southern Association of Colleges and Schools, Commission on Colleges",notice,"Gordon: The following action regarding your institution was taken by the Board of Trustees of the Southern Association of Colleges and Schools Commission on Colleges (SACSCOC) during its meeting held on December?, 2021: The SACSCOC Board of Trustees reaffirmed accreditation with a request for a Monitoring Report due September 8, 2022.",active,2021-12-02,2021,,,DAPIP Institutional Accreditation Action,Heightened Monitoring or Focused Review,2026-06-07 21:19:51.161521,https://ope.ed.gov/dapip/#/institution-profile/146108,,146108,00362400,7,1,1,5,HM,6,27145,dapip_file_text,FALSE,monitoring_or_notice,public_action_code,C:/Users/mv3031/Desktop/Financial_Health_Project/Financial Health Tracker - For Github/data_pipelines/accreditation/cache/dapip/pdfs/146108_action-5_file-27145.pdf,C:/Users/mv3031/Desktop/Financial_Health_Project/Financial Health Tracker - For Github/data_pipelines/accreditation/cache/dapip/text/146108_action-5_file-27145.txt,pdf_body,"Reaffirmed accreditation with a request for a Monitoring Report due September 8, 2022.Your institution's next reaffirmation will take place in 2031 unless otherwise notified."
228468,Southwestern Adventist University,Texas,"Southern Association of Colleges and Schools, Commission on Colleges",removed,Accreditation Reaffirmed:  Warning Removed,resolved,2025-06-12,2025,,,DAPIP Institutional Accreditation Action,Accreditation Reaffirmed: Warning Removed,2026-06-07 21:19:53.15585,https://ope.ed.gov/dapip/#/institution-profile/146126,,146126,00361900,7,1,1,4,WR,10,0,dapip_action_description,FALSE,removed,public_action_code,,,raw_title,Warning removed
228468,Southwestern Adventist University,Texas,"Southern Association of Colleges and Schools, Commission on Colleges",notice,Heightened Monitoring or Focused Review,active,2025-06-12,2025,,,DAPIP Institutional Accreditation Action,Heightened Monitoring or Focused Review,2026-06-07 21:19:53.201933,https://ope.ed.gov/dapip/#/institution-profile/146126,,146126,00361900,7,1,1,7,HM,9,27013,dapip_action_description,FALSE,monitoring_or_notice,public_action_code,C:/Users/mv3031/Desktop/Financial_Health_Project/Financial Health Tracker - For Github/data_pipelines/accreditation/cache/dapip/pdfs/146126_action-7_file-27013.pdf,C:/Users/mv3031/Desktop/Financial_Health_Project/Financial Health Tracker - For Github/data_pipelines/accreditation/cache/dapip/text/146126_action-7_file-27013.txt,raw_title,Heightened monitoring or focused review
228468,Southwestern Adventist University,Texas,"Southern Association of Colleges and Schools, Commission on Colleges",notice,"Hillcrest Street Keene, TX 76059 Dear President Patterson: The following action regarding your institution was taken by the Board of Trustees of the Southern Association of Colleges and Schools Commission on Colleges (SACSCOC) during its meeting held on June 13, 2024: The SACSCOC Board of Trustees reviewed the institution’s Monitoring Report following review of a Referral Report in June 2023 and continued the institution on Warning for twelve months for failure to comply with Standard 8.2.a (Student outcomes: educational programs) of the Principles of Accreditation. A Special Committee was not authorized to visit the institution.",active,2024-06-13,2024,,,DAPIP Institutional Accreditation Action,Heightened Monitoring or Focused Review,2026-06-07 21:19:53.315036,https://ope.ed.gov/dapip/#/institution-profile/146126,,146126,00361900,7,1,1,9,HM,6,27015,dapip_file_text,FALSE,monitoring_or_notice,public_action_code,C:/Users/mv3031/Desktop/Financial_Health_Project/Financial Health Tracker - For Github/data_pipelines/accreditation/cache/dapip/pdfs/146126_action-9_file-27015.pdf,C:/Users/mv3031/Desktop/Financial_Health_Project/Financial Health Tracker - For Github/data_pipelines/accreditation/cache/dapip/text/146126_action-9_file-27015.txt,pdf_body,Continued the institution on warning for twelve months for failure to comply with Standard 8.2.a (Student outcomes: educational programs)
228468,Southwestern Adventist University,Texas,"Southern Association of Colleges and Schools, Commission on Colleges",warning,"Hillcrest Street Keene, TX 76059 Dear President Patterson: The following action regarding your institution was taken by the Board of Trustees of the Southern Association of Colleges and Schools Commission on Colleges (SACSCOC) during its meeting held on June 13, 2024: The SACSCOC Board of Trustees reviewed the institution’s Monitoring Report following review of a Referral Report in June 2023 and continued the institution on Warning for twelve months for failure to comply with Standard 8.2.a (Student outcomes: educational programs) of the Principles of Accreditation. A Special Committee was not authorized to visit the institution.",active,2024-06-13,2024,,,DAPIP Institutional Accreditation Action,Probation or Equivalent or a More Severe Status: Warning,2026-06-07 21:19:53.379871,https://ope.ed.gov/dapip/#/institution-profile/146126,,146126,00361900,7,1,1,5,PW,6,22586,dapip_file_text,FALSE,warning,public_action_code,C:/Users/mv3031/Desktop/Financial_Health_Project/Financial Health Tracker - For Github/data_pipelines/accreditation/cache/dapip/pdfs/146126_action-5_file-22586.pdf,C:/Users/mv3031/Desktop/Financial_Health_Project/Financial Health Tracker - For Github/data_pipelines/accreditation/cache/dapip/text/146126_action-5_file-22586.txt,pdf_body,Continued the institution on warning for twelve months for failure to comply with Standard 8.2.a (Student outcomes: educational programs)
228468,Southwestern Adventist University,Texas,"Southern Association of Colleges and Schools, Commission on Colleges",warning,"Southern Association of Colleges and Schools Commission on Colleges (SACSCOC) http://www.sacscoc.org Disclosure Statement Regarding the Status of SOUTHWESTERN ADVENTIST UNIVERSITY Keene, Texas Issued June 23, 2023, by SACSCOC The following publicly available information is provided by the Southern Association of Colleges and Schools Commission on Colleges (SACSCOC) concerning the accreditation of Southwestern Adventist University.",active,2023-06-15,2023,,,DAPIP Institutional Accreditation Action,Probation or Equivalent or a More Severe Status: Warning,2026-06-07 21:19:53.469249,https://ope.ed.gov/dapip/#/institution-profile/146126,,146126,00361900,7,1,1,6,PW,6,22597,dapip_file_text,FALSE,warning,public_action_code,C:/Users/mv3031/Desktop/Financial_Health_Project/Financial Health Tracker - For Github/data_pipelines/accreditation/cache/dapip/pdfs/146126_action-6_file-22597.pdf,C:/Users/mv3031/Desktop/Financial_Health_Project/Financial Health Tracker - For Github/data_pipelines/accreditation/cache/dapip/text/146126_action-6_file-22597.txt,pdf_body,"Placed on warning for failure to comply with Core Requirement 8.1 (Student achievement), Standard 6.2.b (Program faculty), and Standard 8.2.a (Student outcomes: educational programs)"
228468,Southwestern Adventist University,Texas,"Southern Association of Colleges and Schools, Commission on Colleges",notice,"Hillcrest Street Keene, TX 76059 Dear President Patterson: The following action regarding your institution was taken by the Board of Trustees of the Southern Association of Colleges and Schools Commission on Colleges (SACSCOC) during its meeting held on June 15, 2023: The SACSCOC Board of Trustees reviewed the institution's Referral Report from the submission of the institution's Fifth-YearInterim Report in June 2022 and placed the institution on Warning for twelve months for failure to comply with Core Requirement 8.1 (Student achievement), Standard 6.",active,2023-06-15,2023,,,DAPIP Institutional Accreditation Action,Heightened Monitoring or Focused Review,2026-06-07 21:19:53.544427,https://ope.ed.gov/dapip/#/institution-profile/146126,,146126,00361900,7,1,1,10,HM,6,27017,dapip_file_text,FALSE,monitoring_or_notice,public_action_code,C:/Users/mv3031/Desktop/Financial_Health_Project/Financial Health Tracker - For Github/data_pipelines/accreditation/cache/dapip/pdfs/146126_action-10_file-27017.pdf,C:/Users/mv3031/Desktop/Financial_Health_Project/Financial Health Tracker - For Github/data_pipelines/accreditation/cache/dapip/text/146126_action-10_file-27017.txt,pdf_body,"Placed on warning for twelve months for failure to comply with Core Requirement 8.1 (Student achievement), Standard 6.2.b (Program faculty), and Standard 8.2.a (Student outcomes: educational programs)"
228468,Southwestern Adventist University,Texas,"Southern Association of Colleges and Schools, Commission on Colleges",notice,"Based only on those reviewed standards, the institution should submit a Referral Report due April 3, 2023, addressingthe standards ofthe Principles identified below.",active,2022-06-16,2022,,,DAPIP Institutional Accreditation Action,Heightened Monitoring or Focused Review,2026-06-07 21:19:53.663854,https://ope.ed.gov/dapip/#/institution-profile/146126,,146126,00361900,7,1,1,11,HM,6,27018,dapip_file_text,FALSE,monitoring_or_notice,public_action_code,C:/Users/mv3031/Desktop/Financial_Health_Project/Financial Health Tracker - For Github/data_pipelines/accreditation/cache/dapip/pdfs/146126_action-11_file-27018.pdf,C:/Users/mv3031/Desktop/Financial_Health_Project/Financial Health Tracker - For Github/data_pipelines/accreditation/cache/dapip/text/146126_action-11_file-27018.txt,pdf_body,Requested to submit a Referral Report documenting compliance with accreditation standards
228501,Sul Ross State University,Texas,"Southern Association of Colleges and Schools, Commission on Colleges",notice,Heightened Monitoring or Focused Review,active,2025-06-12,2025,,,DAPIP Institutional Accreditation Action,Heightened Monitoring or Focused Review,2026-06-07 21:19:54.06651,https://ope.ed.gov/dapip/#/institution-profile/146153,,146153,00362500,7,1,1,8,HM,9,27164,dapip_action_description,FALSE,monitoring_or_notice,public_action_code,C:/Users/mv3031/Desktop/Financial_Health_Project/Financial Health Tracker - For Github/data_pipelines/accreditation/cache/dapip/pdfs/146153_action-8_file-27164.pdf,C:/Users/mv3031/Desktop/Financial_Health_Project/Financial Health Tracker - For Github/data_pipelines/accreditation/cache/dapip/text/146153_action-8_file-27164.txt,raw_title,Heightened monitoring or focused review
228501,Sul Ross State University,Texas,"Southern Association of Colleges and Schools, Commission on Colleges",notice,"Based only on those reviewed standards, the institution should submit a Referral Report due April 1, 2025, addressing the standards of the Principles identified below.",active,2024-04-26,2024,,,DAPIP Institutional Accreditation Action,Heightened Monitoring or Focused Review,2026-06-07 21:19:54.316443,https://ope.ed.gov/dapip/#/institution-profile/146153,,146153,00362500,7,1,1,4,HM,6,27159,dapip_file_text,FALSE,monitoring_or_notice,public_action_code,C:/Users/mv3031/Desktop/Financial_Health_Project/Financial Health Tracker - For Github/data_pipelines/accreditation/cache/dapip/pdfs/146153_action-4_file-27159.pdf,C:/Users/mv3031/Desktop/Financial_Health_Project/Financial Health Tracker - For Github/data_pipelines/accreditation/cache/dapip/text/146153_action-4_file-27159.txt,pdf_body,Requested to submit a Referral Report documenting compliance with accreditation standards
228653,The University of Texas Medical Branch at Galveston,Texas,"Southern Association of Colleges and Schools, Commission on Colleges",notice,"Based only on those reviewed standards, the institution should submit a Referral Report due April 1,2025, addressing the standards of the Principles identified below.",active,2024-04-24,2024,,,DAPIP Institutional Accreditation Action,Heightened Monitoring or Focused Review,2026-06-07 21:19:57.69522,https://ope.ed.gov/dapip/#/institution-profile/146214,,146214,00495200,7,1,1,7,HM,6,27707,dapip_file_text,FALSE,monitoring_or_notice,public_action_code,C:/Users/mv3031/Desktop/Financial_Health_Project/Financial Health Tracker - For Github/data_pipelines/accreditation/cache/dapip/pdfs/146214_action-7_file-27707.pdf,C:/Users/mv3031/Desktop/Financial_Health_Project/Financial Health Tracker - For Github/data_pipelines/accreditation/cache/dapip/text/146214_action-7_file-27707.txt,pdf_body,Requested to submit a Referral Report documenting compliance with accreditation standards
228653,The University of Texas Medical Branch at Galveston,Texas,"Southern Association of Colleges and Schools, Commission on Colleges",notice,"This reviewwas conducted following the institution's failure to notify SACSCOCfollowing the late closure of the Harris Methodist Hospital, Lee College, Wilford Hall Medical Center, Lamar University, Stephen F.",active,2023-06-15,2023,,,DAPIP Institutional Accreditation Action,Heightened Monitoring or Focused Review,2026-06-07 21:19:57.89931,https://ope.ed.gov/dapip/#/institution-profile/146214,,146214,00495200,7,1,1,5,HM,10,27703,dapip_file_text,FALSE,monitoring_or_notice,public_action_code,C:/Users/mv3031/Desktop/Financial_Health_Project/Financial Health Tracker - For Github/data_pipelines/accreditation/cache/dapip/pdfs/146214_action-5_file-27703.pdf,C:/Users/mv3031/Desktop/Financial_Health_Project/Financial Health Tracker - For Github/data_pipelines/accreditation/cache/dapip/text/146214_action-5_file-27703.txt,pdf_body,"This review was conducted following the institution's failure to notify SACSCOC following the late closure of the Harris Methodist Hospital, Lee College, Wilford Hall Medical Center, Lamar University, Stephen F."
228778,The University of Texas at Austin,Texas,"Southern Association of Colleges and Schools, Commission on Colleges",notice,"Based only on those reviewed standards, the institution should submit a Referral Report due September 8, 2024, addressing the standards of the Principles identified below.",active,2024-04-24,2024,,,DAPIP Institutional Accreditation Action,Heightened Monitoring or Focused Review,2026-06-07 21:20:02.177649,https://ope.ed.gov/dapip/#/institution-profile/146302,,146302,00365800,7,1,1,4,HM,6,27155,dapip_file_text,FALSE,monitoring_or_notice,public_action_code,C:/Users/mv3031/Desktop/Financial_Health_Project/Financial Health Tracker - For Github/data_pipelines/accreditation/cache/dapip/pdfs/146302_action-4_file-27155.pdf,C:/Users/mv3031/Desktop/Financial_Health_Project/Financial Health Tracker - For Github/data_pipelines/accreditation/cache/dapip/text/146302_action-4_file-27155.txt,pdf_body,Requested to submit a Referral Report documenting compliance with accreditation standards
228787,The University of Texas at Dallas,Texas,"Southern Association of Colleges and Schools, Commission on Colleges",notice,"Based only on those reviewed standards, the institution should submit a Referral Report due April 1,2025, addressing the standards of the Principles identified below.",active,2024-04-24,2024,,,DAPIP Institutional Accreditation Action,Heightened Monitoring or Focused Review,2026-06-07 21:20:02.8674,https://ope.ed.gov/dapip/#/institution-profile/146311,,146311,00974100,7,1,1,7,HM,6,27725,dapip_file_text,FALSE,monitoring_or_notice,public_action_code,C:/Users/mv3031/Desktop/Financial_Health_Project/Financial Health Tracker - For Github/data_pipelines/accreditation/cache/dapip/pdfs/146311_action-7_file-27725.pdf,C:/Users/mv3031/Desktop/Financial_Health_Project/Financial Health Tracker - For Github/data_pipelines/accreditation/cache/dapip/text/146311_action-7_file-27725.txt,pdf_body,Requested to submit a Referral Report documenting compliance with accreditation standards
228796,The University of Texas at El Paso,Texas,"Southern Association of Colleges and Schools, Commission on Colleges",removed,Accreditation Reaffirmed:  Warning Removed,resolved,2023-12-03,2023,,,DAPIP Institutional Accreditation Action,Accreditation Reaffirmed: Warning Removed,2026-06-07 21:20:03.568988,https://ope.ed.gov/dapip/#/institution-profile/146320,,146320,00366100,7,1,1,12,WR,10,0,dapip_action_description,FALSE,removed,public_action_code,,,raw_title,Warning removed
228796,The University of Texas at El Paso,Texas,"Southern Association of Colleges and Schools, Commission on Colleges",notice,"Wilson: The following action regarding your institution was taken by the Board of Trustees of the Southern Association of Colleges and Schools Commission on Colleges (SACSCOC) during its meeting held on June 15, 2023: The SACSCOC Board of Trustees reviewed the institution's Referral Report, following the submission of it's Fifth-Year Interim Report in June 2022, and recommended that the institution be placed on Warning for six (6) months for failure to comply with Core Requirement 6.",active,2023-06-15,2023,,,DAPIP Institutional Accreditation Action,Heightened Monitoring or Focused Review,2026-06-07 21:20:03.679791,https://ope.ed.gov/dapip/#/institution-profile/146320,,146320,00366100,7,1,1,22,HM,6,28799,dapip_file_text,FALSE,monitoring_or_notice,public_action_code,C:/Users/mv3031/Desktop/Financial_Health_Project/Financial Health Tracker - For Github/data_pipelines/accreditation/cache/dapip/pdfs/146320_action-22_file-28799.pdf,C:/Users/mv3031/Desktop/Financial_Health_Project/Financial Health Tracker - For Github/data_pipelines/accreditation/cache/dapip/text/146320_action-22_file-28799.txt,pdf_body,"Recommended warning for six (6) months for failure to comply with standards concerning faculty, Program length, Qualified administrative/academic officers, and Program coordination"
228796,The University of Texas at El Paso,Texas,"Southern Association of Colleges and Schools, Commission on Colleges",warning,"Southern Association of Colleges and Schools Commission on Colleges (SACSCOC) http://www.sacscoc.org Disclosure Statement Regarding the Status of THE UNIVERSITY OF TEXAS AT EL PASO El Paso, Texas Issued June 23, 2023, by SACSCOC The following publicly available information is provided by the Southern Association of Colleges and Schools Commission on Colleges (SACSCOC) concerning the accreditation of The University of Texas at El Paso.",active,2023-06-15,2023,,,DAPIP Institutional Accreditation Action,Probation or Equivalent or a More Severe Status: Warning,2026-06-07 21:20:03.770602,https://ope.ed.gov/dapip/#/institution-profile/146320,,146320,00366100,7,1,1,13,PW,6,22599,dapip_file_text,FALSE,warning,public_action_code,C:/Users/mv3031/Desktop/Financial_Health_Project/Financial Health Tracker - For Github/data_pipelines/accreditation/cache/dapip/pdfs/146320_action-13_file-22599.pdf,C:/Users/mv3031/Desktop/Financial_Health_Project/Financial Health Tracker - For Github/data_pipelines/accreditation/cache/dapip/text/146320_action-13_file-22599.txt,pdf_body,"Placed on warning for failure to comply with standards concerning faculty, Program length, Qualified administrative/academic officers, and Program coordination"
228796,The University of Texas at El Paso,Texas,"Southern Association of Colleges and Schools, Commission on Colleges",warning,Probation or Equivalent or a More Severe Status: Warning,active,2023-06-15,2023,,,DAPIP Institutional Accreditation Action,Probation or Equivalent or a More Severe Status: Warning,2026-06-07 21:20:03.826914,https://ope.ed.gov/dapip/#/institution-profile/146320,,146320,00366100,7,1,1,14,PW,6,0,dapip_action_description,FALSE,warning,public_action_code,,,raw_title,Placed on warning
228796,The University of Texas at El Paso,Texas,"Southern Association of Colleges and Schools, Commission on Colleges",warning,Probation or Equivalent or a More Severe Status: Warning,active,2023-06-15,2023,,,DAPIP Institutional Accreditation Action,Probation or Equivalent or a More Severe Status: Warning,2026-06-07 21:20:03.858496,https://ope.ed.gov/dapip/#/institution-profile/146320,,146320,00366100,7,1,1,11,PW,6,0,dapip_action_description,FALSE,warning,public_action_code,,,raw_title,Placed on warning
228796,The University of Texas at El Paso,Texas,"Southern Association of Colleges and Schools, Commission on Colleges",notice,"Based only on those reviewed standards, the institution should submit a Referral Report due April 3, 2023, addressingthe standards of the Principles identified below.",active,2022-06-16,2022,,,DAPIP Institutional Accreditation Action,Heightened Monitoring or Focused Review,2026-06-07 21:20:03.985909,https://ope.ed.gov/dapip/#/institution-profile/146320,,146320,00366100,7,1,1,17,HM,6,27713,dapip_file_text,FALSE,monitoring_or_notice,public_action_code,C:/Users/mv3031/Desktop/Financial_Health_Project/Financial Health Tracker - For Github/data_pipelines/accreditation/cache/dapip/pdfs/146320_action-17_file-27713.pdf,C:/Users/mv3031/Desktop/Financial_Health_Project/Financial Health Tracker - For Github/data_pipelines/accreditation/cache/dapip/text/146320_action-17_file-27713.txt,pdf_body,Requested to submit a Referral Report documenting compliance with accreditation standards
228796,The University of Texas at El Paso,Texas,"Southern Association of Colleges and Schools, Commission on Colleges",removed,Accreditation Reaffirmed:  Warning Removed,resolved,2019-06-13,2019,,,DAPIP Institutional Accreditation Action,Accreditation Reaffirmed: Warning Removed,2026-06-07 21:20:04.15259,https://ope.ed.gov/dapip/#/institution-profile/146320,,146320,00366100,7,1,1,6,WR,10,0,dapip_action_description,FALSE,removed,public_action_code,,,raw_title,Warning removed
228796,The University of Texas at El Paso,Texas,"Southern Association of Colleges and Schools, Commission on Colleges",removed,Accreditation Reaffirmed:  Warning Removed,resolved,2019-06-09,2019,,,DAPIP Institutional Accreditation Action,Accreditation Reaffirmed: Warning Removed,2026-06-07 21:20:04.231085,https://ope.ed.gov/dapip/#/institution-profile/146320,,146320,00366100,7,1,1,10,WR,10,0,dapip_action_description,FALSE,removed,public_action_code,,,raw_title,Warning removed
228802,The University of Texas at Tyler,Texas,"Southern Association of Colleges and Schools, Commission on Colleges",other,Grant Substantive Change: Ownership,active,2020-12-04,2020,,,DAPIP Institutional Accreditation Action,Grant Substantive Change: Ownership,2026-06-07 21:20:05.225152,https://ope.ed.gov/dapip/#/institution-profile/146339,,146339,01116300,7,1,1,3,GO,10,0,dapip_action_description,FALSE,ownership_change,public_action_code,,,raw_title,Grant Substantive Change: Ownership
228884,Texas College,Texas,"Southern Association of Colleges and Schools, Commission on Colleges",notice,Heightened Monitoring or Focused Review,active,2022-06-16,2022,,,DAPIP Institutional Accreditation Action,Heightened Monitoring or Focused Review,2026-06-07 21:20:06.391353,https://ope.ed.gov/dapip/#/institution-profile/146384,,146384,00363800,7,1,1,3,HM,9,27165,dapip_action_description,FALSE,monitoring_or_notice,public_action_code,C:/Users/mv3031/Desktop/Financial_Health_Project/Financial Health Tracker - For Github/data_pipelines/accreditation/cache/dapip/pdfs/146384_action-3_file-27165.pdf,C:/Users/mv3031/Desktop/Financial_Health_Project/Financial Health Tracker - For Github/data_pipelines/accreditation/cache/dapip/text/146384_action-3_file-27165.txt,raw_title,Heightened monitoring or focused review
228884,Texas College,Texas,"Southern Association of Colleges and Schools, Commission on Colleges",notice,Heightened Monitoring or Focused Review,active,2021-12-05,2021,,,DAPIP Institutional Accreditation Action,Heightened Monitoring or Focused Review,2026-06-07 21:20:06.45718,https://ope.ed.gov/dapip/#/institution-profile/146384,,146384,00363800,7,1,1,2,HM,6,27163,dapip_action_description,FALSE,monitoring_or_notice,public_action_code,C:/Users/mv3031/Desktop/Financial_Health_Project/Financial Health Tracker - For Github/data_pipelines/accreditation/cache/dapip/pdfs/146384_action-2_file-27163.pdf,C:/Users/mv3031/Desktop/Financial_Health_Project/Financial Health Tracker - For Github/data_pipelines/accreditation/cache/dapip/text/146384_action-2_file-27163.txt,raw_title,Heightened monitoring or focused review
228981,Texas Lutheran University,Texas,"Southern Association of Colleges and Schools, Commission on Colleges",notice,"Based only on those reviewed standards, the institution should submit a Referral Report due September 8, 2024, addressing the standards of the Principles identified below.",active,2024-04-26,2024,,,DAPIP Institutional Accreditation Action,Heightened Monitoring or Focused Review,2026-06-07 21:20:08.050377,https://ope.ed.gov/dapip/#/institution-profile/146409,,146409,00364100,7,1,1,14,HM,10,28040,dapip_file_text,FALSE,monitoring_or_notice,public_action_code,C:/Users/mv3031/Desktop/Financial_Health_Project/Financial Health Tracker - For Github/data_pipelines/accreditation/cache/dapip/pdfs/146409_action-14_file-28040.pdf,C:/Users/mv3031/Desktop/Financial_Health_Project/Financial Health Tracker - For Github/data_pipelines/accreditation/cache/dapip/text/146409_action-14_file-28040.txt,pdf_body,Requested to submit a Referral Report documenting compliance with accreditation standards
228981,Texas Lutheran University,Texas,"Southern Association of Colleges and Schools, Commission on Colleges",notice,"Based only on those reviewed standards, the institution should submit a Referral Report due September 8, 2024, addressing the standards of the Principles identified below.",active,2024-04-26,2024,,,DAPIP Institutional Accreditation Action,Heightened Monitoring or Focused Review,2026-06-07 21:20:08.110612,https://ope.ed.gov/dapip/#/institution-profile/146409,,146409,00364100,7,1,1,11,HM,9,27318,dapip_file_text,FALSE,monitoring_or_notice,public_action_code,C:/Users/mv3031/Desktop/Financial_Health_Project/Financial Health Tracker - For Github/data_pipelines/accreditation/cache/dapip/pdfs/146409_action-11_file-27318.pdf,C:/Users/mv3031/Desktop/Financial_Health_Project/Financial Health Tracker - For Github/data_pipelines/accreditation/cache/dapip/text/146409_action-11_file-27318.txt,pdf_body,Requested to submit a Referral Report documenting compliance with accreditation standards
229063,Texas Southern University,Texas,"Southern Association of Colleges and Schools, Commission on Colleges",removed,Removal of Monitoring Status,resolved,2022-12-04,2022,,,DAPIP Institutional Accreditation Action,Removal of Monitoring Status,2026-06-07 21:20:09.957116,https://ope.ed.gov/dapip/#/institution-profile/146445,,146445,00364200,7,1,1,5,RM,10,0,dapip_action_description,FALSE,removed,public_action_code,,,raw_title,Removal of Monitoring Status
229063,Texas Southern University,Texas,"Southern Association of Colleges and Schools, Commission on Colleges",notice,"Crumpton-Young: The following action regarding your institution was taken by the Board of Trustees of the Southern Association of Colleges and Schools Commission on Colleges (SACSCOC) during its meeting held on June 16, 2022: The SACSCOC Board of Trustees reviewed the institution's Second Monitoring Report following action on reaffirmation of accreditation in December 2020.",active,2022-06-16,2022,,,DAPIP Institutional Accreditation Action,Heightened Monitoring or Focused Review,2026-06-07 21:20:10.121502,https://ope.ed.gov/dapip/#/institution-profile/146445,,146445,00364200,7,1,1,11,HM,10,28042,dapip_file_text,FALSE,monitoring_or_notice,public_action_code,C:/Users/mv3031/Desktop/Financial_Health_Project/Financial Health Tracker - For Github/data_pipelines/accreditation/cache/dapip/pdfs/146445_action-11_file-28042.pdf,C:/Users/mv3031/Desktop/Financial_Health_Project/Financial Health Tracker - For Github/data_pipelines/accreditation/cache/dapip/text/146445_action-11_file-28042.txt,pdf_body,Requested to Submit a Monitoring Report on Federal And State Responsibilities
229063,Texas Southern University,Texas,"Southern Association of Colleges and Schools, Commission on Colleges",notice,Heightened Monitoring or Focused Review,active,2022-06-16,2022,,,DAPIP Institutional Accreditation Action,Heightened Monitoring or Focused Review,2026-06-07 21:20:10.167603,https://ope.ed.gov/dapip/#/institution-profile/146445,,146445,00364200,7,1,1,12,HM,10,0,dapip_action_description,FALSE,monitoring_or_notice,public_action_code,,,raw_title,Heightened monitoring or focused review
229063,Texas Southern University,Texas,"Southern Association of Colleges and Schools, Commission on Colleges",notice,"Crumpton-Young: The following action regarding your institution was taken by the Board of Trustees of the Southern Association of Colleges and Schools Commission on Colleges (SACSCOC) during its meeting held on June 16, 2022: The SACSCOC Board of Trustees reviewed the institution's Second Monitoring Report following action on reaffirmation of accreditation in December 2020.",active,2022-06-16,2022,,,DAPIP Institutional Accreditation Action,Heightened Monitoring or Focused Review,2026-06-07 21:20:10.222913,https://ope.ed.gov/dapip/#/institution-profile/146445,,146445,00364200,7,1,1,15,HM,6,28094,dapip_file_text,FALSE,monitoring_or_notice,public_action_code,C:/Users/mv3031/Desktop/Financial_Health_Project/Financial Health Tracker - For Github/data_pipelines/accreditation/cache/dapip/pdfs/146445_action-15_file-28094.pdf,C:/Users/mv3031/Desktop/Financial_Health_Project/Financial Health Tracker - For Github/data_pipelines/accreditation/cache/dapip/text/146445_action-15_file-28094.txt,pdf_body,Requested to Submit a Monitoring Report on Federal And State Responsibilities
229063,Texas Southern University,Texas,"Southern Association of Colleges and Schools, Commission on Colleges",notice,"Crumpton-Young: The following action regarding your institution was taken by the Board of Trustees of the Southern Association of Colleges and Schools Commission on Colleges (SACSCOC) during its meeting held on June 16, 2022: The SACSCOC Board of Trustees reviewed the institution's Second Monitoring Report following action on reaffirmation of accreditation in December 2020.",active,2022-06-16,2022,,,DAPIP Institutional Accreditation Action,Heightened Monitoring or Focused Review,2026-06-07 21:20:10.287777,https://ope.ed.gov/dapip/#/institution-profile/146445,,146445,00364200,7,1,1,7,HM,9,27322,dapip_file_text,FALSE,monitoring_or_notice,public_action_code,C:/Users/mv3031/Desktop/Financial_Health_Project/Financial Health Tracker - For Github/data_pipelines/accreditation/cache/dapip/pdfs/146445_action-7_file-27322.pdf,C:/Users/mv3031/Desktop/Financial_Health_Project/Financial Health Tracker - For Github/data_pipelines/accreditation/cache/dapip/text/146445_action-7_file-27322.txt,pdf_body,Requested to Submit a Monitoring Report on Federal And State Responsibilities
229063,Texas Southern University,Texas,"Southern Association of Colleges and Schools, Commission on Colleges",notice,Heightened Monitoring or Focused Review,active,2022-06-16,2022,,,DAPIP Institutional Accreditation Action,Heightened Monitoring or Focused Review,2026-06-07 21:20:10.326487,https://ope.ed.gov/dapip/#/institution-profile/146445,,146445,00364200,7,1,1,8,HM,9,0,dapip_action_description,FALSE,monitoring_or_notice,public_action_code,,,raw_title,Heightened monitoring or focused review
229063,Texas Southern University,Texas,"Southern Association of Colleges and Schools, Commission on Colleges",notice,Heightened Monitoring or Focused Review,active,2021-12-01,2021,,,DAPIP Institutional Accreditation Action,Heightened Monitoring or Focused Review,2026-06-07 21:20:10.374883,https://ope.ed.gov/dapip/#/institution-profile/146445,,146445,00364200,7,1,1,6,HM,9,27321,dapip_action_description,FALSE,monitoring_or_notice,public_action_code,C:/Users/mv3031/Desktop/Financial_Health_Project/Financial Health Tracker - For Github/data_pipelines/accreditation/cache/dapip/pdfs/146445_action-6_file-27321.pdf,C:/Users/mv3031/Desktop/Financial_Health_Project/Financial Health Tracker - For Github/data_pipelines/accreditation/cache/dapip/text/146445_action-6_file-27321.txt,raw_title,Heightened monitoring or focused review
229063,Texas Southern University,Texas,"Southern Association of Colleges and Schools, Commission on Colleges",notice,Heightened Monitoring or Focused Review,active,2021-12-01,2021,,,DAPIP Institutional Accreditation Action,Heightened Monitoring or Focused Review,2026-06-07 21:20:10.43002,https://ope.ed.gov/dapip/#/institution-profile/146445,,146445,00364200,7,1,1,13,HM,10,28043,dapip_action_description,FALSE,monitoring_or_notice,public_action_code,C:/Users/mv3031/Desktop/Financial_Health_Project/Financial Health Tracker - For Github/data_pipelines/accreditation/cache/dapip/pdfs/146445_action-13_file-28043.pdf,C:/Users/mv3031/Desktop/Financial_Health_Project/Financial Health Tracker - For Github/data_pipelines/accreditation/cache/dapip/text/146445_action-13_file-28043.txt,raw_title,Heightened monitoring or focused review
229063,Texas Southern University,Texas,"Southern Association of Colleges and Schools, Commission on Colleges",notice,Heightened Monitoring or Focused Review,active,2021-12-01,2021,,,DAPIP Institutional Accreditation Action,Heightened Monitoring or Focused Review,2026-06-07 21:20:10.490747,https://ope.ed.gov/dapip/#/institution-profile/146445,,146445,00364200,7,1,1,14,HM,6,28093,dapip_action_description,FALSE,monitoring_or_notice,public_action_code,C:/Users/mv3031/Desktop/Financial_Health_Project/Financial Health Tracker - For Github/data_pipelines/accreditation/cache/dapip/pdfs/146445_action-14_file-28093.pdf,C:/Users/mv3031/Desktop/Financial_Health_Project/Financial Health Tracker - For Github/data_pipelines/accreditation/cache/dapip/text/146445_action-14_file-28093.txt,raw_title,Heightened monitoring or focused review
229179,Texas Woman's University,Texas,"Southern Association of Colleges and Schools, Commission on Colleges",notice,Heightened Monitoring or Focused Review,active,2022-06-16,2022,,,DAPIP Institutional Accreditation Action,Heightened Monitoring or Focused Review,2026-06-07 21:20:13.103184,https://ope.ed.gov/dapip/#/institution-profile/146506,,146506,00364600,7,1,1,12,HM,9,28319,dapip_action_description,FALSE,monitoring_or_notice,public_action_code,C:/Users/mv3031/Desktop/Financial_Health_Project/Financial Health Tracker - For Github/data_pipelines/accreditation/cache/dapip/pdfs/146506_action-12_file-28319.pdf,C:/Users/mv3031/Desktop/Financial_Health_Project/Financial Health Tracker - For Github/data_pipelines/accreditation/cache/dapip/text/146506_action-12_file-28319.txt,raw_title,Heightened monitoring or focused review
229267,Trinity University,Texas,"Southern Association of Colleges and Schools, Commission on Colleges",notice,Heightened Monitoring or Focused Review,active,2024-12-08,2024,,,DAPIP Institutional Accreditation Action,Heightened Monitoring or Focused Review,2026-06-07 21:20:13.477492,https://ope.ed.gov/dapip/#/institution-profile/146524,,146524,00364700,7,1,1,5,HM,9,28323,dapip_action_description,FALSE,monitoring_or_notice,public_action_code,C:/Users/mv3031/Desktop/Financial_Health_Project/Financial Health Tracker - For Github/data_pipelines/accreditation/cache/dapip/pdfs/146524_action-5_file-28323.pdf,C:/Users/mv3031/Desktop/Financial_Health_Project/Financial Health Tracker - For Github/data_pipelines/accreditation/cache/dapip/text/146524_action-5_file-28323.txt,raw_title,Heightened monitoring or focused review
229267,Trinity University,Texas,"Southern Association of Colleges and Schools, Commission on Colleges",notice,"Based only on those reviewed standards, the institution should submit a Referral Report due September 8, 2024, addressing the standards of the Principles identified below.",active,2024-04-26,2024,,,DAPIP Institutional Accreditation Action,Heightened Monitoring or Focused Review,2026-06-07 21:20:13.537565,https://ope.ed.gov/dapip/#/institution-profile/146524,,146524,00364700,7,1,1,3,HM,6,27418,dapip_file_text,FALSE,monitoring_or_notice,public_action_code,C:/Users/mv3031/Desktop/Financial_Health_Project/Financial Health Tracker - For Github/data_pipelines/accreditation/cache/dapip/pdfs/146524_action-3_file-27418.pdf,C:/Users/mv3031/Desktop/Financial_Health_Project/Financial Health Tracker - For Github/data_pipelines/accreditation/cache/dapip/text/146524_action-3_file-27418.txt,pdf_body,Requested to submit a Referral Report documenting compliance with accreditation standards
229780,Wayland Baptist University,Texas,"Southern Association of Colleges and Schools, Commission on Colleges",notice,"Hedgepath: The following action regarding your institution was taken by the Board of Trustees of the Southern Association of Colleges and Schools Commission on Colleges (SACSCOC) during its meeting held on June 12, 2025: The SACSCOC Board of Trustees reviewed the institution’s Referral Report and requested a First Monitoring Report due April 1, 2026, addressing the following referenced standard(s) of the Principles of Accreditation: Standard 6.2.b (Program faculty) For each of its educational programs, this standard expects an institution to employ a sufficient number of full-time faculty members to ensure curriculum and program quality, integrity, and review.",active,2025-06-12,2025,,,DAPIP Institutional Accreditation Action,Heightened Monitoring or Focused Review,2026-06-07 21:20:15.102015,https://ope.ed.gov/dapip/#/institution-profile/146658,,146658,00366300,7,1,1,7,HM,6,25004,dapip_file_text,FALSE,monitoring_or_notice,public_action_code,C:/Users/mv3031/Desktop/Financial_Health_Project/Financial Health Tracker - For Github/data_pipelines/accreditation/cache/dapip/pdfs/146658_action-7_file-25004.pdf,C:/Users/mv3031/Desktop/Financial_Health_Project/Financial Health Tracker - For Github/data_pipelines/accreditation/cache/dapip/text/146658_action-7_file-25004.txt,pdf_body,President BSW:sm Enclosures cc: Dr.
229780,Wayland Baptist University,Texas,"Southern Association of Colleges and Schools, Commission on Colleges",notice,"Based only on those reviewed standards, the institution should submit a Referral Report due April 1, 2025, addressing the standards of the Principles identified below.",active,2024-04-26,2024,,,DAPIP Institutional Accreditation Action,Heightened Monitoring or Focused Review,2026-06-07 21:20:15.171184,https://ope.ed.gov/dapip/#/institution-profile/146658,,146658,00366300,7,1,1,6,HM,6,25001,dapip_file_text,FALSE,monitoring_or_notice,public_action_code,C:/Users/mv3031/Desktop/Financial_Health_Project/Financial Health Tracker - For Github/data_pipelines/accreditation/cache/dapip/pdfs/146658_action-6_file-25001.pdf,C:/Users/mv3031/Desktop/Financial_Health_Project/Financial Health Tracker - For Github/data_pipelines/accreditation/cache/dapip/text/146658_action-6_file-25001.txt,pdf_body,Requested to submit a Referral Report documenting compliance with accreditation standards
229814,West Texas A & M University,Texas,"Southern Association of Colleges and Schools, Commission on Colleges",notice,"Based only on those reviewed standards, the institution should submit a Referral Report due April 3, 2023, addressing the following referenced standards of the Principles'.",active,2022-06-16,2022,,,DAPIP Institutional Accreditation Action,Heightened Monitoring or Focused Review,2026-06-07 21:20:15.801285,https://ope.ed.gov/dapip/#/institution-profile/146676,,146676,00366500,7,1,1,3,HM,6,24385,dapip_file_text,FALSE,monitoring_or_notice,public_action_code,C:/Users/mv3031/Desktop/Financial_Health_Project/Financial Health Tracker - For Github/data_pipelines/accreditation/cache/dapip/pdfs/146676_action-3_file-24385.pdf,C:/Users/mv3031/Desktop/Financial_Health_Project/Financial Health Tracker - For Github/data_pipelines/accreditation/cache/dapip/text/146676_action-3_file-24385.txt,pdf_body,Requested to submit a Referral Report documenting compliance with accreditation standards
229887,Wiley University,Texas,"Southern Association of Colleges and Schools, Commission on Colleges",notice,Heightened Monitoring or Focused Review,active,2025-06-12,2025,,,DAPIP Institutional Accreditation Action,Heightened Monitoring or Focused Review,2026-06-07 21:20:16.269747,https://ope.ed.gov/dapip/#/institution-profile/146700,,146700,00366900,7,1,1,9,HM,6,23881,dapip_action_description,FALSE,monitoring_or_notice,public_action_code,C:/Users/mv3031/Desktop/Financial_Health_Project/Financial Health Tracker - For Github/data_pipelines/accreditation/cache/dapip/pdfs/146700_action-9_file-23881.pdf,C:/Users/mv3031/Desktop/Financial_Health_Project/Financial Health Tracker - For Github/data_pipelines/accreditation/cache/dapip/text/146700_action-9_file-23881.txt,raw_title,Heightened monitoring or focused review
229887,Wiley University,Texas,"Southern Association of Colleges and Schools, Commission on Colleges",notice,Heightened Monitoring or Focused Review,active,2025-06-12,2025,,,DAPIP Institutional Accreditation Action,Heightened Monitoring or Focused Review,2026-06-07 21:20:16.323888,https://ope.ed.gov/dapip/#/institution-profile/146700,,146700,00366900,7,1,1,10,HM,6,0,dapip_action_description,FALSE,monitoring_or_notice,public_action_code,,,raw_title,Heightened monitoring or focused review
229887,Wiley University,Texas,"Southern Association of Colleges and Schools, Commission on Colleges",removed,Accreditation Reaffirmed:  Warning Removed,resolved,2021-12-05,2021,,,DAPIP Institutional Accreditation Action,Accreditation Reaffirmed: Warning Removed,2026-06-07 21:20:16.589219,https://ope.ed.gov/dapip/#/institution-profile/146700,,146700,00366900,7,1,1,4,WR,10,0,dapip_action_description,FALSE,removed,public_action_code,,,raw_title,Warning removed
229887,Wiley University,Texas,"Southern Association of Colleges and Schools, Commission on Colleges",removed,Accreditation Reaffirmed:  Warning Removed,resolved,2021-12-02,2021,,,DAPIP Institutional Accreditation Action,Accreditation Reaffirmed: Warning Removed,2026-06-07 21:20:16.619547,https://ope.ed.gov/dapip/#/institution-profile/146700,,146700,00366900,7,1,1,3,WR,10,0,dapip_action_description,FALSE,removed,public_action_code,,,raw_title,Warning removed
229887,Wiley University,Texas,"Southern Association of Colleges and Schools, Commission on Colleges",notice,Heightened Monitoring or Focused Review,active,2021-12-01,2021,,,DAPIP Institutional Accreditation Action,Heightened Monitoring or Focused Review,2026-06-07 21:20:16.658803,https://ope.ed.gov/dapip/#/institution-profile/146700,,146700,00366900,7,1,1,7,HM,9,23877,dapip_action_description,FALSE,monitoring_or_notice,public_action_code,C:/Users/mv3031/Desktop/Financial_Health_Project/Financial Health Tracker - For Github/data_pipelines/accreditation/cache/dapip/pdfs/146700_action-7_file-23877.pdf,C:/Users/mv3031/Desktop/Financial_Health_Project/Financial Health Tracker - For Github/data_pipelines/accreditation/cache/dapip/text/146700_action-7_file-23877.txt,raw_title,Heightened monitoring or focused review
229887,Wiley University,Texas,"Southern Association of Colleges and Schools, Commission on Colleges",warning,Probation or Equivalent or a More Severe Status: Warning,active,2019-12-08,2019,,,DAPIP Institutional Accreditation Action,Probation or Equivalent or a More Severe Status: Warning,2026-06-07 21:20:16.696811,https://ope.ed.gov/dapip/#/institution-profile/146700,,146700,00366900,7,1,1,2,PW,8,0,dapip_action_description,FALSE,warning,public_action_code,,,raw_title,Placed on warning
230047,Brigham Young University-Hawaii,Hawaii,WASC Senior College and University Commission ,adverse_action,Loss of Accreditation or Preaccreditation: Voluntary Withdrawal,active,2024-11-19,2024,,,DAPIP Institutional Accreditation Action,Loss of Accreditation or Preaccreditation: Voluntary Withdrawal,2026-06-07 21:20:17.590389,https://ope.ed.gov/dapip/#/institution-profile/146755,,146755,00160600,10,1,1,3,R,10,20031,dapip_action_description,FALSE,withdrawal_or_loss,public_action_code,C:/Users/mv3031/Desktop/Financial_Health_Project/Financial Health Tracker - For Github/data_pipelines/accreditation/cache/dapip/pdfs/146755_action-3_file-20031.pdf,C:/Users/mv3031/Desktop/Financial_Health_Project/Financial Health Tracker - For Github/data_pipelines/accreditation/cache/dapip/text/146755_action-3_file-20031.txt,raw_title,Voluntarily Surrendered Accreditation
230047,Brigham Young University-Hawaii,Hawaii,WASC Senior College and University Commission ,adverse_action,Voluntary Withdrawal Received,active,2024-07-19,2024,,,DAPIP Institutional Accreditation Action,Voluntary Withdrawal Received,2026-06-07 21:20:17.62239,https://ope.ed.gov/dapip/#/institution-profile/146755,,146755,00160600,10,1,1,2,VR,10,0,dapip_action_description,FALSE,withdrawal_or_loss,public_action_code,,,raw_title,Voluntarily Surrendered Accreditation
231095,Sterling College,Vermont,New England Commission of Higher Education,adverse_action,Voluntary Withdrawal Received,active,2025-11-12,2025,,,DAPIP Institutional Accreditation Action,"Voluntary Withdrawal Received | Anticipated closure date and accreditation withdrawal effective date of December 31, 2026",2026-06-07 21:20:21.869376,https://ope.ed.gov/dapip/#/institution-profile/147244,,147244,02143500,2,1,1,2,VR,99,0,dapip_action_description,FALSE,withdrawal_or_loss,public_action_code,,,raw_title,Voluntarily Surrendered Accreditation
231165,Vermont State University,Vermont,New England Commission of Higher Education,adverse_action,Loss of Accreditation or Preaccreditation: Voluntary Withdrawal,active,2023-12-14,2023,,,DAPIP Institutional Accreditation Action,Loss of Accreditation or Preaccreditation: Voluntary Withdrawal | Voluntarily relinquished accreditation,2026-06-07 21:20:22.404908,https://ope.ed.gov/dapip/#/institution-profile/147271,,147271,00369800,2,1,1,4,R,99,17506,dapip_action_description,FALSE,withdrawal_or_loss,public_action_code,C:/Users/mv3031/Desktop/Financial_Health_Project/Financial Health Tracker - For Github/data_pipelines/accreditation/cache/dapip/pdfs/147271_action-4_file-17506.pdf,C:/Users/mv3031/Desktop/Financial_Health_Project/Financial Health Tracker - For Github/data_pipelines/accreditation/cache/dapip/text/147271_action-4_file-17506.txt,raw_title,Voluntarily Surrendered Accreditation
231165,Vermont State University,Vermont,New England Commission of Higher Education,adverse_action,Loss of Accreditation or Preaccreditation: Voluntary Withdrawal,active,2023-12-14,2023,,,DAPIP Institutional Accreditation Action,Loss of Accreditation or Preaccreditation: Voluntary Withdrawal | Voluntarily relinquished accreditation,2026-06-07 21:20:22.427048,https://ope.ed.gov/dapip/#/institution-profile/147271,,147271,00369800,2,1,1,5,R,99,0,dapip_action_description,FALSE,withdrawal_or_loss,public_action_code,,,raw_title,Voluntarily Surrendered Accreditation
231420,Averett University,Virginia,"Southern Association of Colleges and Schools, Commission on Colleges",notice,"Based only on those reviewed standards, the institution should submit a Referral Report due April 1, 2024, addressing the standards of the Principles identified below.",active,2023-06-14,2023,,,DAPIP Institutional Accreditation Action,Heightened Monitoring or Focused Review,2026-06-07 21:20:23.415483,https://ope.ed.gov/dapip/#/institution-profile/147341,,147341,00370200,7,1,1,10,HM,6,24600,dapip_file_text,FALSE,monitoring_or_notice,public_action_code,C:/Users/mv3031/Desktop/Financial_Health_Project/Financial Health Tracker - For Github/data_pipelines/accreditation/cache/dapip/pdfs/147341_action-10_file-24600.pdf,C:/Users/mv3031/Desktop/Financial_Health_Project/Financial Health Tracker - For Github/data_pipelines/accreditation/cache/dapip/text/147341_action-10_file-24600.txt,pdf_body,Requested to submit a Referral Report documenting compliance with accreditation standards
231554,Bluefield University,Virginia,"Southern Association of Colleges and Schools, Commission on Colleges",removed,"Peterson: The following action regarding your institution was taken by the Board of Trustees of the Southern Association of Colleges and Schools Commission on Colleges (SACSCOC) during its meeting held on December 8, 2024: The SACSCOC Board of Trustees reviewed the institution’s Monitoring Report following reaffirmation of accreditation in December 2023.",resolved,2024-12-08,2024,,,DAPIP Institutional Accreditation Action,Removal of Monitoring Status,2026-06-07 21:20:24.050491,https://ope.ed.gov/dapip/#/institution-profile/147369,,147369,00370300,7,1,1,11,RM,9,23790,dapip_file_text,FALSE,removed,public_action_code,C:/Users/mv3031/Desktop/Financial_Health_Project/Financial Health Tracker - For Github/data_pipelines/accreditation/cache/dapip/pdfs/147369_action-11_file-23790.pdf,C:/Users/mv3031/Desktop/Financial_Health_Project/Financial Health Tracker - For Github/data_pipelines/accreditation/cache/dapip/text/147369_action-11_file-23790.txt,pdf_body,No additional report requested after review of the Monitoring Report
231554,Bluefield University,Virginia,"Southern Association of Colleges and Schools, Commission on Colleges",removed,Removal of Monitoring Status,resolved,2024-06-13,2024,,,DAPIP Institutional Accreditation Action,Removal of Monitoring Status,2026-06-07 21:20:24.104356,https://ope.ed.gov/dapip/#/institution-profile/147369,,147369,00370300,7,1,1,10,RM,9,23789,dapip_action_description,FALSE,removed,public_action_code,C:/Users/mv3031/Desktop/Financial_Health_Project/Financial Health Tracker - For Github/data_pipelines/accreditation/cache/dapip/pdfs/147369_action-10_file-23789.pdf,C:/Users/mv3031/Desktop/Financial_Health_Project/Financial Health Tracker - For Github/data_pipelines/accreditation/cache/dapip/text/147369_action-10_file-23789.txt,raw_title,Removal of Monitoring Status
231554,Bluefield University,Virginia,"Southern Association of Colleges and Schools, Commission on Colleges",notice,Heightened Monitoring or Focused Review,active,2023-12-03,2023,,,DAPIP Institutional Accreditation Action,Heightened Monitoring or Focused Review,2026-06-07 21:20:24.33855,https://ope.ed.gov/dapip/#/institution-profile/147369,,147369,00370300,7,1,1,17,HM,10,29200,dapip_action_description,FALSE,monitoring_or_notice,public_action_code,C:/Users/mv3031/Desktop/Financial_Health_Project/Financial Health Tracker - For Github/data_pipelines/accreditation/cache/dapip/pdfs/147369_action-17_file-29200.pdf,C:/Users/mv3031/Desktop/Financial_Health_Project/Financial Health Tracker - For Github/data_pipelines/accreditation/cache/dapip/text/147369_action-17_file-29200.txt,raw_title,Heightened monitoring or focused review
231554,Bluefield University,Virginia,"Southern Association of Colleges and Schools, Commission on Colleges",removed,"Olive: The following action regarding your institution was taken by the Board of Trustees of the Southern Association of Colleges and Schools Commission on Colleges (SACSCOC) during its meeting held on June 16, 2022: The SACSCOC Board of Trustees reviewed the institution's Monitoring Report following review of a change in governance structure (approved in December 2021).",resolved,2022-06-16,2022,,,DAPIP Institutional Accreditation Action,Removal of Monitoring Status,2026-06-07 21:20:24.541762,https://ope.ed.gov/dapip/#/institution-profile/147369,,147369,00370300,7,1,1,8,RM,9,23776,dapip_file_text,FALSE,removed,public_action_code,C:/Users/mv3031/Desktop/Financial_Health_Project/Financial Health Tracker - For Github/data_pipelines/accreditation/cache/dapip/pdfs/147369_action-8_file-23776.pdf,C:/Users/mv3031/Desktop/Financial_Health_Project/Financial Health Tracker - For Github/data_pipelines/accreditation/cache/dapip/text/147369_action-8_file-23776.txt,pdf_body,No additional report requested after review of the Monitoring Report
231554,Bluefield University,Virginia,"Southern Association of Colleges and Schools, Commission on Colleges",notice,"The SACSCOC Board of Trustees may place an institution on sanction with or without reviewing a visiting committee's report and with or without having previously requested a monitoring report, depending on the seriousness and extent of noncompliance.",active,2021-07-12,2021,,,DAPIP Institutional Accreditation Action,Heightened Monitoring or Focused Review,2026-06-07 21:20:24.653044,https://ope.ed.gov/dapip/#/institution-profile/147369,,147369,00370300,7,1,1,7,HM,6,23773,dapip_file_text,FALSE,monitoring_or_notice,public_action_code,C:/Users/mv3031/Desktop/Financial_Health_Project/Financial Health Tracker - For Github/data_pipelines/accreditation/cache/dapip/pdfs/147369_action-7_file-23773.pdf,C:/Users/mv3031/Desktop/Financial_Health_Project/Financial Health Tracker - For Github/data_pipelines/accreditation/cache/dapip/text/147369_action-7_file-23773.txt,pdf_body,"Requested to Submit a Monitoring Report, depending on the seriousness and extent of noncompliance."
231554,Bluefield University,Virginia,"Southern Association of Colleges and Schools, Commission on Colleges",removed,Accreditation Reaffirmed:  Warning Removed,resolved,2021-06-17,2021,,,DAPIP Institutional Accreditation Action,Accreditation Reaffirmed: Warning Removed,2026-06-07 21:20:24.716193,https://ope.ed.gov/dapip/#/institution-profile/147369,,147369,00370300,7,1,1,4,WR,10,0,dapip_action_description,FALSE,removed,public_action_code,,,raw_title,Warning removed
231554,Bluefield University,Virginia,"Southern Association of Colleges and Schools, Commission on Colleges",removed,Accreditation Reaffirmed:  Warning Removed,resolved,2021-06-06,2021,,,DAPIP Institutional Accreditation Action,Accreditation Reaffirmed: Warning Removed,2026-06-07 21:20:24.739941,https://ope.ed.gov/dapip/#/institution-profile/147369,,147369,00370300,7,1,1,5,WR,10,0,dapip_action_description,FALSE,removed,public_action_code,,,raw_title,Warning removed
231554,Bluefield University,Virginia,"Southern Association of Colleges and Schools, Commission on Colleges",warning,Probation or Equivalent or a More Severe Status: Warning,active,2020-09-03,2020,,,DAPIP Institutional Accreditation Action,Probation or Equivalent or a More Severe Status: Warning,2026-06-07 21:20:24.768453,https://ope.ed.gov/dapip/#/institution-profile/147369,,147369,00370300,7,1,1,3,PW,6,0,dapip_action_description,FALSE,warning,public_action_code,,,raw_title,Placed on warning
231624,William & Mary,Virginia,"Southern Association of Colleges and Schools, Commission on Colleges",notice,"Based only on those reviewed standards, the institution should submit a Referral Report due April 3, 2023, addressing the standards of the Principtes identified below.",active,2022-06-16,2022,,,DAPIP Institutional Accreditation Action,Heightened Monitoring or Focused Review,2026-06-07 21:20:26.01348,https://ope.ed.gov/dapip/#/institution-profile/147396,,147396,00370500,7,1,1,2,HM,6,23638,dapip_file_text,FALSE,monitoring_or_notice,public_action_code,C:/Users/mv3031/Desktop/Financial_Health_Project/Financial Health Tracker - For Github/data_pipelines/accreditation/cache/dapip/pdfs/147396_action-2_file-23638.pdf,C:/Users/mv3031/Desktop/Financial_Health_Project/Financial Health Tracker - For Github/data_pipelines/accreditation/cache/dapip/text/147396_action-2_file-23638.txt,pdf_body,Requested to submit a Referral Report documenting compliance with accreditation standards
231651,Regent University,Virginia,"Southern Association of Colleges and Schools, Commission on Colleges",notice,"Based only on those reviewed standards, the institution is requested to submit a Referral Report due April 1, 2026, addressing the standards of the Principles identified below.",active,2025-04-25,2025,,,DAPIP Institutional Accreditation Action,Heightened Monitoring or Focused Review,2026-06-07 21:20:26.462554,https://ope.ed.gov/dapip/#/institution-profile/147411,,147411,03091300,7,1,1,11,HM,6,26435,dapip_file_text,FALSE,monitoring_or_notice,public_action_code,C:/Users/mv3031/Desktop/Financial_Health_Project/Financial Health Tracker - For Github/data_pipelines/accreditation/cache/dapip/pdfs/147411_action-11_file-26435.pdf,C:/Users/mv3031/Desktop/Financial_Health_Project/Financial Health Tracker - For Github/data_pipelines/accreditation/cache/dapip/text/147411_action-11_file-26435.txt,pdf_body,Requested to submit a Referral Report documenting compliance with accreditation standards
231651,Regent University,Virginia,"Southern Association of Colleges and Schools, Commission on Colleges",notice,The institution’s policy and procedures for reporting substantive change must continue to address all types of substantive changes as defined in the SACSCOC Substantive Change Policy and Procedures.’ We appreciate your continued support of SACSCOC’s activities and work.,active,2024-12-08,2024,,,DAPIP Institutional Accreditation Action,Heightened Monitoring or Focused Review,2026-06-07 21:20:26.569661,https://ope.ed.gov/dapip/#/institution-profile/147411,,147411,03091300,7,1,1,9,HM,6,26433,dapip_file_text,FALSE,monitoring_or_notice,public_action_code,C:/Users/mv3031/Desktop/Financial_Health_Project/Financial Health Tracker - For Github/data_pipelines/accreditation/cache/dapip/pdfs/147411_action-9_file-26433.pdf,C:/Users/mv3031/Desktop/Financial_Health_Project/Financial Health Tracker - For Github/data_pipelines/accreditation/cache/dapip/text/147411_action-9_file-26433.txt,pdf_body,"A SACS(?COCTM SOUTHERN ASSOCIATION OF COLLEGES AND SCHOOLS COMMISSION ON COLLEGES January 14, 2025 Mr. Gordon Robertson Chancellor Regent University 1000 Regent University Drive Virginia Beach, VA 23464-9801 Dear Chancellor Robertson: The following action regarding your institution was taken by the Board of Trustees of the Southern Association of Colleges and Schools Commission on Colleges (SACSCOC) during its meeting held on December 8, 2024: The SACSCOC Board of Trustees reviewed the institution’s internal policy and procedures addressing the timely reporting of substantive changes. No additional report is requested. This review was conducted following the institution’s failure to seek prior approval to implement a Ph.D. in Government and a 91-credit hour Bachelor of Applied Science (BAS) in Information Systems Technology degree program. The institution’s policy and procedures for reporting substantive change must continue to address all types of substantive changes as defined in the SACSCOC Substantive Change Policy and Procedures.’ We appreciate your continued support of SACSCOC’s activities and work. If you have questions, please contact your assigned SACSCOC Vice President. Sincerely, Belle S. Wheelan, Ph.D. President BSW:sm cc: Dr. Lynne S. Crosby, Vice President, SACSCOC"
231651,Regent University,Virginia,"Southern Association of Colleges and Schools, Commission on Colleges",notice,The institution’s policy and procedures for reporting substantive change must continue to address all types of substantive changes as defined in the SACSCOC Substantive Change Policy and Procedures.’ We appreciate your continued support of SACSCOC’s activities and work.,active,2024-12-08,2024,,,DAPIP Institutional Accreditation Action,Heightened Monitoring or Focused Review,2026-06-07 21:20:26.619915,https://ope.ed.gov/dapip/#/institution-profile/147411,,147411,03091300,7,1,1,13,HM,9,26518,dapip_file_text,FALSE,monitoring_or_notice,public_action_code,C:/Users/mv3031/Desktop/Financial_Health_Project/Financial Health Tracker - For Github/data_pipelines/accreditation/cache/dapip/pdfs/147411_action-13_file-26518.pdf,C:/Users/mv3031/Desktop/Financial_Health_Project/Financial Health Tracker - For Github/data_pipelines/accreditation/cache/dapip/text/147411_action-13_file-26518.txt,pdf_body,"A SACS(?COCTM SOUTHERN ASSOCIATION OF COLLEGES AND SCHOOLS COMMISSION ON COLLEGES January 14, 2025 Mr. Gordon Robertson Chancellor Regent University 1000 Regent University Drive Virginia Beach, VA 23464-9801 Dear Chancellor Robertson: The following action regarding your institution was taken by the Board of Trustees of the Southern Association of Colleges and Schools Commission on Colleges (SACSCOC) during its meeting held on December 8, 2024: The SACSCOC Board of Trustees reviewed the institution’s internal policy and procedures addressing the timely reporting of substantive changes. No additional report is requested. This review was conducted following the institution’s failure to seek prior approval to implement a Ph.D. in Government and a 91-credit hour Bachelor of Applied Science (BAS) in Information Systems Technology degree program. The institution’s policy and procedures for reporting substantive change must continue to address all types of substantive changes as defined in the SACSCOC Substantive Change Policy and Procedures.’ We appreciate your continued support of SACSCOC’s activities and work. If you have questions, please contact your assigned SACSCOC Vice President. Sincerely, Belle S. Wheelan, Ph.D. President BSW:sm cc: Dr. Lynne S. Crosby, Vice President, SACSCOC"
232025,Emory & Henry University,Virginia,"Southern Association of Colleges and Schools, Commission on Colleges",notice,"Fincher: The following action regarding your institution was taken by the Board of Trustees of the Southern Association of Colleges and Schools Commission on Colleges during its meeting held on June 12, 2025: The SACSCOC Board of Trustees reviewed the institution’s Second Monitoring Report, continued accreditation, and placed the institution on Probation for Good Cause for twelve (12) months for failure to comply with Standard 13.3 (Financial responsibility) of the Principles of Accreditation. A Special Committee was authorized to visit the institution.",active,2025-06-26,2025,,,DAPIP Institutional Accreditation Action,Heightened Monitoring or Focused Review | Monitoring Report,2026-06-07 21:20:27.882135,https://ope.ed.gov/dapip/#/institution-profile/147545,,147545,00370900,7,1,1,16,HM,99,23171,dapip_file_text,FALSE,monitoring_or_notice,public_action_code,C:/Users/mv3031/Desktop/Financial_Health_Project/Financial Health Tracker - For Github/data_pipelines/accreditation/cache/dapip/pdfs/147545_action-16_file-23171.pdf,C:/Users/mv3031/Desktop/Financial_Health_Project/Financial Health Tracker - For Github/data_pipelines/accreditation/cache/dapip/text/147545_action-16_file-23171.txt,pdf_body,Placed on probation for good cause for twelve (12) months for failure to comply with Standard 13.3 (Financial responsibility)
232025,Emory & Henry University,Virginia,"Southern Association of Colleges and Schools, Commission on Colleges",show_cause,"Fincher: The following action regarding your institution was taken by the Board of Trustees of the Southern Association of Colleges and Schools Commission on Colleges during its meeting held on June 12, 2025: The SACSCOC Board of Trustees reviewed the institution’s Second Monitoring Report, continued accreditation, and placed the institution on Probation for Good Cause for twelve (12) months for failure to comply with Standard 13.3 (Financial responsibility) of the Principles of Accreditation. A Special Committee was authorized to visit the institution.",active,2025-06-12,2025,,,DAPIP Institutional Accreditation Action,Probation or Equivalent or a More Severe Status: Show Cause,2026-06-07 21:20:27.95376,https://ope.ed.gov/dapip/#/institution-profile/147545,,147545,00370900,7,1,1,9,SC,6,22471,dapip_file_text,FALSE,show_cause,public_action_code,C:/Users/mv3031/Desktop/Financial_Health_Project/Financial Health Tracker - For Github/data_pipelines/accreditation/cache/dapip/pdfs/147545_action-9_file-22471.pdf,C:/Users/mv3031/Desktop/Financial_Health_Project/Financial Health Tracker - For Github/data_pipelines/accreditation/cache/dapip/text/147545_action-9_file-22471.txt,pdf_body,Placed on probation for good cause for twelve (12) months for failure to comply with Standard 13.3 (Financial responsibility)
232025,Emory & Henry University,Virginia,"Southern Association of Colleges and Schools, Commission on Colleges",notice,"Wells: The following action regarding your institution was taken by the Board of Trustees of the Southern Association of Colleges and Schools Commission on Colleges (SACSCOC) during its meeting held on June 13, 2024: The SACSCOC Board of Trustees reviewed the institutions First Monitoring Report following action on a Follow-Up Report requested in December 2019.",active,2024-07-01,2024,,,DAPIP Institutional Accreditation Action,Heightened Monitoring or Focused Review | Monitoring Report,2026-06-07 21:20:28.076603,https://ope.ed.gov/dapip/#/institution-profile/147545,,147545,00370900,7,1,1,13,HM,99,23168,dapip_file_text,FALSE,monitoring_or_notice,public_action_code,C:/Users/mv3031/Desktop/Financial_Health_Project/Financial Health Tracker - For Github/data_pipelines/accreditation/cache/dapip/pdfs/147545_action-13_file-23168.pdf,C:/Users/mv3031/Desktop/Financial_Health_Project/Financial Health Tracker - For Github/data_pipelines/accreditation/cache/dapip/text/147545_action-13_file-23168.txt,pdf_body,Requested to Submit a Monitoring Report on Financial Responsibility
232025,Emory & Henry University,Virginia,"Southern Association of Colleges and Schools, Commission on Colleges",notice,Heightened Monitoring or Focused Review,active,2023-06-15,2023,,,DAPIP Institutional Accreditation Action,Heightened Monitoring or Focused Review,2026-06-07 21:20:28.229397,https://ope.ed.gov/dapip/#/institution-profile/147545,,147545,00370900,7,1,1,7,HM,6,0,dapip_action_description,FALSE,monitoring_or_notice,public_action_code,,,raw_title,Heightened monitoring or focused review
232256,Hampden-Sydney College,Virginia,"Southern Association of Colleges and Schools, Commission on Colleges",notice,Heightened Monitoring or Focused Review,active,2022-12-03,2022,,,DAPIP Institutional Accreditation Action,Heightened Monitoring or Focused Review,2026-06-07 21:20:32.11981,https://ope.ed.gov/dapip/#/institution-profile/147606,,147606,00371300,7,1,1,3,HM,10,24044,dapip_action_description,FALSE,monitoring_or_notice,public_action_code,C:/Users/mv3031/Desktop/Financial_Health_Project/Financial Health Tracker - For Github/data_pipelines/accreditation/cache/dapip/pdfs/147606_action-3_file-24044.pdf,C:/Users/mv3031/Desktop/Financial_Health_Project/Financial Health Tracker - For Github/data_pipelines/accreditation/cache/dapip/text/147606_action-3_file-24044.txt,raw_title,Heightened monitoring or focused review
232265,Hampton University,Virginia,"Southern Association of Colleges and Schools, Commission on Colleges",notice,"Based only on those reviewed standards, the institution should submit a Referral Report due April 1, 2025, addressing the standards of the Principles identified below.",active,2024-04-24,2024,,,DAPIP Institutional Accreditation Action,Heightened Monitoring or Focused Review,2026-06-07 21:20:32.557844,https://ope.ed.gov/dapip/#/institution-profile/147615,,147615,00371400,7,1,1,6,HM,6,24942,dapip_file_text,FALSE,monitoring_or_notice,public_action_code,C:/Users/mv3031/Desktop/Financial_Health_Project/Financial Health Tracker - For Github/data_pipelines/accreditation/cache/dapip/pdfs/147615_action-6_file-24942.pdf,C:/Users/mv3031/Desktop/Financial_Health_Project/Financial Health Tracker - For Github/data_pipelines/accreditation/cache/dapip/text/147615_action-6_file-24942.txt,pdf_body,Requested to submit a Referral Report documenting compliance with accreditation standards
232308,Hollins University,Virginia,"Southern Association of Colleges and Schools, Commission on Colleges",notice,Heightened Monitoring or Focused Review,active,2024-06-13,2024,,,DAPIP Institutional Accreditation Action,Heightened Monitoring or Focused Review,2026-06-07 21:20:33.087814,https://ope.ed.gov/dapip/#/institution-profile/147633,,147633,00371500,7,1,1,7,HM,9,28234,dapip_action_description,FALSE,monitoring_or_notice,public_action_code,C:/Users/mv3031/Desktop/Financial_Health_Project/Financial Health Tracker - For Github/data_pipelines/accreditation/cache/dapip/pdfs/147633_action-7_file-28234.pdf,C:/Users/mv3031/Desktop/Financial_Health_Project/Financial Health Tracker - For Github/data_pipelines/accreditation/cache/dapip/text/147633_action-7_file-28234.txt,raw_title,Heightened monitoring or focused review
232308,Hollins University,Virginia,"Southern Association of Colleges and Schools, Commission on Colleges",notice,Heightened Monitoring or Focused Review,active,2024-06-01,2024,,,DAPIP Institutional Accreditation Action,Heightened Monitoring or Focused Review,2026-06-07 21:20:33.153007,https://ope.ed.gov/dapip/#/institution-profile/147633,,147633,00371500,7,1,1,6,HM,10,24529,dapip_action_description,FALSE,monitoring_or_notice,public_action_code,C:/Users/mv3031/Desktop/Financial_Health_Project/Financial Health Tracker - For Github/data_pipelines/accreditation/cache/dapip/pdfs/147633_action-6_file-24529.pdf,C:/Users/mv3031/Desktop/Financial_Health_Project/Financial Health Tracker - For Github/data_pipelines/accreditation/cache/dapip/text/147633_action-6_file-24529.txt,raw_title,Heightened monitoring or focused review
232308,Hollins University,Virginia,"Southern Association of Colleges and Schools, Commission on Colleges",notice,"Based only on those reviewed standards, the institution should submit a Referral Report due April 1, 2024, addressing the following referenced standards of the Principles: Standard 5.",active,2023-06-14,2023,,,DAPIP Institutional Accreditation Action,Heightened Monitoring or Focused Review,2026-06-07 21:20:33.271056,https://ope.ed.gov/dapip/#/institution-profile/147633,,147633,00371500,7,1,1,4,HM,6,24527,dapip_file_text,FALSE,monitoring_or_notice,public_action_code,C:/Users/mv3031/Desktop/Financial_Health_Project/Financial Health Tracker - For Github/data_pipelines/accreditation/cache/dapip/pdfs/147633_action-4_file-24527.pdf,C:/Users/mv3031/Desktop/Financial_Health_Project/Financial Health Tracker - For Github/data_pipelines/accreditation/cache/dapip/text/147633_action-4_file-24527.txt,pdf_body,"Requested to submit a Referral Report due April 1, 2024, addressing accreditation standards involving certain accreditation standards."
232557,Liberty University,Virginia,"Southern Association of Colleges and Schools, Commission on Colleges",notice,Heightened Monitoring or Focused Review,active,2022-12-04,2022,,,DAPIP Institutional Accreditation Action,Heightened Monitoring or Focused Review,2026-06-07 21:20:34.56588,https://ope.ed.gov/dapip/#/institution-profile/147703,,147703,02053000,7,1,1,7,HM,10,24113,dapip_action_description,FALSE,monitoring_or_notice,public_action_code,C:/Users/mv3031/Desktop/Financial_Health_Project/Financial Health Tracker - For Github/data_pipelines/accreditation/cache/dapip/pdfs/147703_action-7_file-24113.pdf,C:/Users/mv3031/Desktop/Financial_Health_Project/Financial Health Tracker - For Github/data_pipelines/accreditation/cache/dapip/text/147703_action-7_file-24113.txt,raw_title,Heightened monitoring or focused review
232557,Liberty University,Virginia,"Southern Association of Colleges and Schools, Commission on Colleges",removed,Removal of Monitoring Status,resolved,2022-12-04,2022,,,DAPIP Institutional Accreditation Action,Removal of Monitoring Status,2026-06-07 21:20:34.608405,https://ope.ed.gov/dapip/#/institution-profile/147703,,147703,02053000,7,1,1,3,RM,10,0,dapip_action_description,FALSE,removed,public_action_code,,,raw_title,Removal of Monitoring Status
232557,Liberty University,Virginia,"Southern Association of Colleges and Schools, Commission on Colleges",notice,"Based only on those reviewed standards, the institution should submit a Referral Report due September 8, 2022, addressing the following referenced standard of the Principles: Standard 8.",active,2022-06-16,2022,,,DAPIP Institutional Accreditation Action,Heightened Monitoring or Focused Review,2026-06-07 21:20:34.794927,https://ope.ed.gov/dapip/#/institution-profile/147703,,147703,02053000,7,1,1,4,HM,6,24106,dapip_file_text,FALSE,monitoring_or_notice,public_action_code,C:/Users/mv3031/Desktop/Financial_Health_Project/Financial Health Tracker - For Github/data_pipelines/accreditation/cache/dapip/pdfs/147703_action-4_file-24106.pdf,C:/Users/mv3031/Desktop/Financial_Health_Project/Financial Health Tracker - For Github/data_pipelines/accreditation/cache/dapip/text/147703_action-4_file-24106.txt,pdf_body,Requested Referral Report on Student outcomes: educational programs
232609,University of Lynchburg,Virginia,"Southern Association of Colleges and Schools, Commission on Colleges",notice,"Morrison-Shetlar: The following action regarding your institution was taken by the Board of Trustees of the Southern Association of Colleges and Schools Commission on Colleges (SACSCOC) during its meeting held on December 7, 2025: The SACSCOC Board of Trustees denied reaffirmation of accreditation, continued accreditation, and continued the institution on Warning. For twelve months for failure to comply with Standards 8.2.a (Student outcomes: educational programs) and 13.3 (Financial responsibility).",active,2025-12-07,2025,,,DAPIP Institutional Accreditation Action,Heightened Monitoring or Focused Review,2026-06-07 21:20:35.917848,https://ope.ed.gov/dapip/#/institution-profile/147730,,147730,00372000,7,1,1,10,HM,6,28939,dapip_file_text,FALSE,monitoring_or_notice,public_action_code,C:/Users/mv3031/Desktop/Financial_Health_Project/Financial Health Tracker - For Github/data_pipelines/accreditation/cache/dapip/pdfs/147730_action-10_file-28939.pdf,C:/Users/mv3031/Desktop/Financial_Health_Project/Financial Health Tracker - For Github/data_pipelines/accreditation/cache/dapip/text/147730_action-10_file-28939.txt,pdf_body,Continued the institution on warning for twelve months for failure to comply with Standard 8.2.a (Student outcomes: educational programs) and Standard 13.3 (Financial responsibility)
232609,University of Lynchburg,Virginia,"Southern Association of Colleges and Schools, Commission on Colleges",notice,Heightened Monitoring or Focused Review,active,2025-12-07,2025,,,DAPIP Institutional Accreditation Action,Heightened Monitoring or Focused Review,2026-06-07 21:20:36.044098,https://ope.ed.gov/dapip/#/institution-profile/147730,,147730,00372000,7,1,1,12,HM,6,0,dapip_action_description,FALSE,monitoring_or_notice,public_action_code,,,raw_title,Heightened monitoring or focused review
232609,University of Lynchburg,Virginia,"Southern Association of Colleges and Schools, Commission on Colleges",notice,"Morrison-Shetlar: The following action regarding your institution was taken by the Board of Trustees of the Southern Association of Colleges and Schools Commission on Colleges (SACSCOC) during its meeting held on December 7, 2025: The SACSCOC Board of Trustees denied reaffirmation of accreditation, continued accreditation, and continued the institution on Warning. For twelve months for failure to comply with Standards 8.2.a (Student outcomes: educational programs) and 13.3 (Financial responsibility).",active,2025-12-07,2025,,,DAPIP Institutional Accreditation Action,Heightened Monitoring or Focused Review,2026-06-07 21:20:36.156939,https://ope.ed.gov/dapip/#/institution-profile/147730,,147730,00372000,7,1,1,13,HM,6,29041,dapip_file_text,FALSE,monitoring_or_notice,public_action_code,C:/Users/mv3031/Desktop/Financial_Health_Project/Financial Health Tracker - For Github/data_pipelines/accreditation/cache/dapip/pdfs/147730_action-13_file-29041.pdf,C:/Users/mv3031/Desktop/Financial_Health_Project/Financial Health Tracker - For Github/data_pipelines/accreditation/cache/dapip/text/147730_action-13_file-29041.txt,pdf_body,Continued the institution on warning for twelve months for failure to comply with Standard 8.2.a (Student outcomes: educational programs) and Standard 13.3 (Financial responsibility)
232609,University of Lynchburg,Virginia,"Southern Association of Colleges and Schools, Commission on Colleges",warning,"Morrison-Shetlar: The following action regarding your institution was taken by the Board of Trustees of the Southern Association of Colleges and Schools Commission on Colleges (SACSCOC) during its meeting held on December 8, 2024: The SACSCOC Board of Trustees continued accreditation, denied reaffirmation and placed the institution on Warning for twelve months for failure to comply with Core Requirement 13.2 (Financial documents), Standard 7.3 (Administrative effectiveness), Standard 8.2.a (Student outcomes: educational programs), Standard 8.2.c (Student outcomes: academic and student services), and Standard 13.3 (Financial responsibility). A Special Committee was not authorized to visit the institution.",active,2024-12-08,2024,,,DAPIP Institutional Accreditation Action,Probation or Equivalent or a More Severe Status: Warning,2026-06-07 21:20:36.828649,https://ope.ed.gov/dapip/#/institution-profile/147730,,147730,00372000,7,1,1,7,PW,6,22474,dapip_file_text,FALSE,warning,public_action_code,C:/Users/mv3031/Desktop/Financial_Health_Project/Financial Health Tracker - For Github/data_pipelines/accreditation/cache/dapip/pdfs/147730_action-7_file-22474.pdf,C:/Users/mv3031/Desktop/Financial_Health_Project/Financial Health Tracker - For Github/data_pipelines/accreditation/cache/dapip/text/147730_action-7_file-22474.txt,pdf_body,"Placed on warning for twelve months for failure to comply with standards concerning financial documents, administrative effectiveness, student outcomes, and financial responsibility"
232672,Mary Baldwin University,Virginia,"Southern Association of Colleges and Schools, Commission on Colleges",notice,Heightened Monitoring or Focused Review,active,2025-06-12,2025,,,DAPIP Institutional Accreditation Action,Heightened Monitoring or Focused Review,2026-06-07 21:20:37.414801,https://ope.ed.gov/dapip/#/institution-profile/147758,,147758,00372300,7,1,1,8,HM,6,25593,dapip_action_description,FALSE,monitoring_or_notice,public_action_code,C:/Users/mv3031/Desktop/Financial_Health_Project/Financial Health Tracker - For Github/data_pipelines/accreditation/cache/dapip/pdfs/147758_action-8_file-25593.pdf,C:/Users/mv3031/Desktop/Financial_Health_Project/Financial Health Tracker - For Github/data_pipelines/accreditation/cache/dapip/text/147758_action-8_file-25593.txt,raw_title,Heightened monitoring or focused review
232672,Mary Baldwin University,Virginia,"Southern Association of Colleges and Schools, Commission on Colleges",notice,"Stein: The following action regarding your institution was taken by the Board of Trustees of the Southern Association of Colleges and Schools Commission on Colleges (SACSCOC) during its meeting held on June 13, 2024: The SACSCOC Board of Trustees reviewed the institution’s Referral Report and requested a Monitoring Report due April 1, 2025, addressing the following referenced standards of the Principles of Accreditation: Standard 5.4 (Qualified administrative/academic officers) The institution employs and regularly evaluates administrative and academic officers with appropriate experience and qualifications to lead the institution.",active,2024-06-13,2024,,,DAPIP Institutional Accreditation Action,Heightened Monitoring or Focused Review,2026-06-07 21:20:37.475192,https://ope.ed.gov/dapip/#/institution-profile/147758,,147758,00372300,7,1,1,7,HM,10,25592,dapip_file_text,FALSE,monitoring_or_notice,public_action_code,C:/Users/mv3031/Desktop/Financial_Health_Project/Financial Health Tracker - For Github/data_pipelines/accreditation/cache/dapip/pdfs/147758_action-7_file-25592.pdf,C:/Users/mv3031/Desktop/Financial_Health_Project/Financial Health Tracker - For Github/data_pipelines/accreditation/cache/dapip/text/147758_action-7_file-25592.txt,pdf_body,Requested to Submit a Monitoring Report on Qualified Administrative/Academic Officers
232672,Mary Baldwin University,Virginia,"Southern Association of Colleges and Schools, Commission on Colleges",notice,"Stein: The following action regarding your institution was taken by the Board of Trustees of the Southern Association of Colleges and Schools Commission on Colleges (SACSCOC) during its meeting held on June 13, 2024: The SACSCOC Board of Trustees reviewed the institution’s Referral Report and requested a Monitoring Report due April 1, 2025, addressing the following referenced standards of the Principles of Accreditation: Standard 5.4 (Qualified administrative/academic officers) The institution employs and regularly evaluates administrative and academic officers with appropriate experience and qualifications to lead the institution.",active,2024-06-13,2024,,,DAPIP Institutional Accreditation Action,Heightened Monitoring or Focused Review,2026-06-07 21:20:37.528872,https://ope.ed.gov/dapip/#/institution-profile/147758,,147758,00372300,7,1,1,11,HM,6,28370,dapip_file_text,FALSE,monitoring_or_notice,public_action_code,C:/Users/mv3031/Desktop/Financial_Health_Project/Financial Health Tracker - For Github/data_pipelines/accreditation/cache/dapip/pdfs/147758_action-11_file-28370.pdf,C:/Users/mv3031/Desktop/Financial_Health_Project/Financial Health Tracker - For Github/data_pipelines/accreditation/cache/dapip/text/147758_action-11_file-28370.txt,pdf_body,Requested to Submit a Monitoring Report on Qualified Administrative/Academic Officers
232672,Mary Baldwin University,Virginia,"Southern Association of Colleges and Schools, Commission on Colleges",notice,"Based only on those reviewed standards, the institution should submit a Referral Report due April 1, 2024, addressing the standards of the Principles identified below.",active,2023-06-14,2023,,,DAPIP Institutional Accreditation Action,Heightened Monitoring or Focused Review,2026-06-07 21:20:37.703335,https://ope.ed.gov/dapip/#/institution-profile/147758,,147758,00372300,7,1,1,4,HM,6,25589,dapip_file_text,FALSE,monitoring_or_notice,public_action_code,C:/Users/mv3031/Desktop/Financial_Health_Project/Financial Health Tracker - For Github/data_pipelines/accreditation/cache/dapip/pdfs/147758_action-4_file-25589.pdf,C:/Users/mv3031/Desktop/Financial_Health_Project/Financial Health Tracker - For Github/data_pipelines/accreditation/cache/dapip/text/147758_action-4_file-25589.txt,pdf_body,Requested to submit a Referral Report documenting compliance with accreditation standards
232706,Marymount University,Virginia,"Southern Association of Colleges and Schools, Commission on Colleges",warning,"Becerra: Bo ard of Trustees of the was ta ke n by th e ring its g ac tio n re ga rd ing your institution m is si on on C ol le ges (SACSCOC) du The followin d Schools Com tion of Colleges an Southern Associa ne 12, 2025: meeting held on Ju n’s Referral Report, continued vi ew ed th e insti tu tio re to ard of Trustees re elve months for failu The SAC SCOC Bo n on W ar ni ng fo r tw cial cred ita tio n, an d placed the institutio al re so ur ce s) , St andard 13.3 (Finan ac an ci and y w ith C or e R eq uirement 13.1 (Fin ce s) , an d St an dard 13.6 (Federal com pl fin an not sib ili ty ), St an da rd 13.4 (Control of di ta tio n.",active,2025-06-12,2025,,,DAPIP Institutional Accreditation Action,Probation or Equivalent or a More Severe Status: Warning,2026-06-07 21:20:38.745874,https://ope.ed.gov/dapip/#/institution-profile/147776,,147776,00372400,7,1,1,5,PW,6,22466,dapip_file_text,FALSE,warning,public_action_code,C:/Users/mv3031/Desktop/Financial_Health_Project/Financial Health Tracker - For Github/data_pipelines/accreditation/cache/dapip/pdfs/147776_action-5_file-22466.pdf,C:/Users/mv3031/Desktop/Financial_Health_Project/Financial Health Tracker - For Github/data_pipelines/accreditation/cache/dapip/text/147776_action-5_file-22466.txt,pdf_body,"Placed on warning for failure to comply with standards concerning financial resources, financial responsibility, control of finances, and federal/state responsibilities"
232706,Marymount University,Virginia,"Southern Association of Colleges and Schools, Commission on Colleges",notice,"Based only on those reviewed standards, the institution should submit a Referral Report due April 1,2025, addressing the standards of the Principles identified below.",active,2024-04-26,2024,,,DAPIP Institutional Accreditation Action,Heightened Monitoring or Focused Review | Fifth Year Interim Review,2026-06-07 21:20:38.843909,https://ope.ed.gov/dapip/#/institution-profile/147776,,147776,00372400,7,1,1,13,HM,99,23209,dapip_file_text,FALSE,monitoring_or_notice,public_action_code,C:/Users/mv3031/Desktop/Financial_Health_Project/Financial Health Tracker - For Github/data_pipelines/accreditation/cache/dapip/pdfs/147776_action-13_file-23209.pdf,C:/Users/mv3031/Desktop/Financial_Health_Project/Financial Health Tracker - For Github/data_pipelines/accreditation/cache/dapip/text/147776_action-13_file-23209.txt,pdf_body,Requested to submit a Referral Report documenting compliance with accreditation standards
232937,Norfolk State University,Virginia,"Southern Association of Colleges and Schools, Commission on Colleges",notice,"Adams-Gaston: The following action regarding your institution was taken by the Board of Trustees of the Southern Association of Colleges and Schools Commission on Colleges (SACSCOC) during its meeting held on June 12, 2025: The SACSCOC Board of Trustees reviewed the institution’s Referral Report following submission of its Fifth-Year Interim Report in April 2024 and requested a First Monitoring Report due April 1, 2026, addressing the following referenced standard of the Principles of Accreditation: Standard 13.6 (Federal and state responsibilities) This standard expects that an institution (a) is in compliance with its program responsibilities under Title IV of the most recent Higher Education Act as amended and (b) audits financial aid programs as required by federal and state regulations.",active,2025-06-12,2025,,,DAPIP Institutional Accreditation Action,Heightened Monitoring or Focused Review,2026-06-07 21:20:40.474561,https://ope.ed.gov/dapip/#/institution-profile/147846,,147846,00376500,7,1,1,10,HM,6,26028,dapip_file_text,FALSE,monitoring_or_notice,public_action_code,C:/Users/mv3031/Desktop/Financial_Health_Project/Financial Health Tracker - For Github/data_pipelines/accreditation/cache/dapip/pdfs/147846_action-10_file-26028.pdf,C:/Users/mv3031/Desktop/Financial_Health_Project/Financial Health Tracker - For Github/data_pipelines/accreditation/cache/dapip/text/147846_action-10_file-26028.txt,pdf_body,"Javaune Marie Adams-Gaston June 26, 2025 Page Two required to appear before the SACSCOC Board of Trustees, or one of its standing committees, to answer questions as to why the institution should not be removed from membership."
232937,Norfolk State University,Virginia,"Southern Association of Colleges and Schools, Commission on Colleges",notice,"Based only on those reviewed standards, the institution should submit a Referral Report due April 1, 2025, addressing the standards of the Principles identified below.",active,2024-04-24,2024,,,DAPIP Institutional Accreditation Action,Heightened Monitoring or Focused Review,2026-06-07 21:20:40.549783,https://ope.ed.gov/dapip/#/institution-profile/147846,,147846,00376500,7,1,1,9,HM,6,26027,dapip_file_text,FALSE,monitoring_or_notice,public_action_code,C:/Users/mv3031/Desktop/Financial_Health_Project/Financial Health Tracker - For Github/data_pipelines/accreditation/cache/dapip/pdfs/147846_action-9_file-26027.pdf,C:/Users/mv3031/Desktop/Financial_Health_Project/Financial Health Tracker - For Github/data_pipelines/accreditation/cache/dapip/text/147846_action-9_file-26027.txt,pdf_body,Requested to submit a Referral Report documenting compliance with accreditation standards
232982,Old Dominion University,Virginia,"Southern Association of Colleges and Schools, Commission on Colleges",removed,Removal of Monitoring Status,resolved,2019-06-02,2019,,,DAPIP Institutional Accreditation Action,Removal of Monitoring Status,2026-06-07 21:20:41.473416,https://ope.ed.gov/dapip/#/institution-profile/147864,,147864,00372800,7,1,1,3,RM,10,0,dapip_action_description,FALSE,removed,public_action_code,,,raw_title,Removal of Monitoring Status
233295,Randolph-Macon College,Virginia,"Southern Association of Colleges and Schools, Commission on Colleges",notice,"Based only on those reviewed standards, the institution should submit a Referral Report due September 8, 2024, addressing the standard of the Principles identified below.",active,2024-04-26,2024,,,DAPIP Institutional Accreditation Action,Heightened Monitoring or Focused Review,2026-06-07 21:20:42.333748,https://ope.ed.gov/dapip/#/institution-profile/147961,,147961,00373300,7,1,1,6,HM,6,26426,dapip_file_text,FALSE,monitoring_or_notice,public_action_code,C:/Users/mv3031/Desktop/Financial_Health_Project/Financial Health Tracker - For Github/data_pipelines/accreditation/cache/dapip/pdfs/147961_action-6_file-26426.pdf,C:/Users/mv3031/Desktop/Financial_Health_Project/Financial Health Tracker - For Github/data_pipelines/accreditation/cache/dapip/text/147961_action-6_file-26426.txt,pdf_body,Requested to submit a Referral Report documenting compliance with accreditation standards
233301,Randolph College,Virginia,"Southern Association of Colleges and Schools, Commission on Colleges",notice,Heightened Monitoring or Focused Review,active,2022-12-04,2022,,,DAPIP Institutional Accreditation Action,Heightened Monitoring or Focused Review,2026-06-07 21:20:42.937009,https://ope.ed.gov/dapip/#/institution-profile/147970,,147970,00373400,7,1,1,7,HM,9,26515,dapip_action_description,FALSE,monitoring_or_notice,public_action_code,C:/Users/mv3031/Desktop/Financial_Health_Project/Financial Health Tracker - For Github/data_pipelines/accreditation/cache/dapip/pdfs/147970_action-7_file-26515.pdf,C:/Users/mv3031/Desktop/Financial_Health_Project/Financial Health Tracker - For Github/data_pipelines/accreditation/cache/dapip/text/147970_action-7_file-26515.txt,raw_title,Heightened monitoring or focused review
233301,Randolph College,Virginia,"Southern Association of Colleges and Schools, Commission on Colleges",removed,Removal of Monitoring Status,resolved,2022-12-04,2022,,,DAPIP Institutional Accreditation Action,Removal of Monitoring Status,2026-06-07 21:20:42.987689,https://ope.ed.gov/dapip/#/institution-profile/147970,,147970,00373400,7,1,1,5,RM,10,26408,dapip_action_description,FALSE,removed,public_action_code,C:/Users/mv3031/Desktop/Financial_Health_Project/Financial Health Tracker - For Github/data_pipelines/accreditation/cache/dapip/pdfs/147970_action-5_file-26408.pdf,C:/Users/mv3031/Desktop/Financial_Health_Project/Financial Health Tracker - For Github/data_pipelines/accreditation/cache/dapip/text/147970_action-5_file-26408.txt,raw_title,Removal of Monitoring Status
233301,Randolph College,Virginia,"Southern Association of Colleges and Schools, Commission on Colleges",removed,Removal of Monitoring Status,resolved,2022-12-04,2022,,,DAPIP Institutional Accreditation Action,Removal of Monitoring Status,2026-06-07 21:20:43.027147,https://ope.ed.gov/dapip/#/institution-profile/147970,,147970,00373400,7,1,1,3,RM,10,0,dapip_action_description,FALSE,removed,public_action_code,,,raw_title,Removal of Monitoring Status
233374,University of Richmond,Virginia,"Southern Association of Colleges and Schools, Commission on Colleges",notice,"Based only on those reviewed standards, the institution should submit a Referral Report due April 1,2025, addressing the standards of the Principles identified below.",active,2024-04-24,2024,,,DAPIP Institutional Accreditation Action,Heightened Monitoring or Focused Review,2026-06-07 21:20:44.085598,https://ope.ed.gov/dapip/#/institution-profile/148025,,148025,00374400,7,1,1,4,HM,6,27806,dapip_file_text,FALSE,monitoring_or_notice,public_action_code,C:/Users/mv3031/Desktop/Financial_Health_Project/Financial Health Tracker - For Github/data_pipelines/accreditation/cache/dapip/pdfs/148025_action-4_file-27806.pdf,C:/Users/mv3031/Desktop/Financial_Health_Project/Financial Health Tracker - For Github/data_pipelines/accreditation/cache/dapip/text/148025_action-4_file-27806.txt,pdf_body,Requested to submit a Referral Report documenting compliance with accreditation standards
233541,Shenandoah University,Virginia,"Southern Association of Colleges and Schools, Commission on Colleges",notice,"Based only on those reviewed standards, the institution is requested to submit a Referral Report due September 8, 2025, addressing the standards of the Principles identified below.",active,2025-04-25,2025,,,DAPIP Institutional Accreditation Action,Heightened Monitoring or Focused Review,2026-06-07 21:20:45.35254,https://ope.ed.gov/dapip/#/institution-profile/148098,,148098,00373700,7,1,1,9,HM,6,27461,dapip_file_text,FALSE,monitoring_or_notice,public_action_code,C:/Users/mv3031/Desktop/Financial_Health_Project/Financial Health Tracker - For Github/data_pipelines/accreditation/cache/dapip/pdfs/148098_action-9_file-27461.pdf,C:/Users/mv3031/Desktop/Financial_Health_Project/Financial Health Tracker - For Github/data_pipelines/accreditation/cache/dapip/text/148098_action-9_file-27461.txt,pdf_body,Requested to submit a Referral Report documenting compliance with accreditation standards
233611,Southern Virginia University,Virginia,"Southern Association of Colleges and Schools, Commission on Colleges",notice,Heightened Monitoring or Focused Review,active,2022-12-03,2022,,,DAPIP Institutional Accreditation Action,Heightened Monitoring or Focused Review,2026-06-07 21:20:46.985542,https://ope.ed.gov/dapip/#/institution-profile/148104,,148104,00373800,7,1,1,4,HM,6,26879,dapip_action_description,FALSE,monitoring_or_notice,public_action_code,C:/Users/mv3031/Desktop/Financial_Health_Project/Financial Health Tracker - For Github/data_pipelines/accreditation/cache/dapip/pdfs/148104_action-4_file-26879.pdf,C:/Users/mv3031/Desktop/Financial_Health_Project/Financial Health Tracker - For Github/data_pipelines/accreditation/cache/dapip/text/148104_action-4_file-26879.txt,raw_title,Heightened monitoring or focused review
233718,Sweet Briar College,Virginia,"Southern Association of Colleges and Schools, Commission on Colleges",removed,Accreditation Reaffirmed:  Warning Removed,resolved,2019-06-02,2019,,,DAPIP Institutional Accreditation Action,Accreditation Reaffirmed: Warning Removed,2026-06-07 21:20:47.633376,https://ope.ed.gov/dapip/#/institution-profile/148159,,148159,00374200,7,1,1,5,WR,10,0,dapip_action_description,FALSE,removed,public_action_code,,,raw_title,Warning removed
233897,University of Virginia's College at Wise,Virginia,"Southern Association of Colleges and Schools, Commission on Colleges",removed,Removal of Monitoring Status,resolved,2022-12-04,2022,,,DAPIP Institutional Accreditation Action,Removal of Monitoring Status,2026-06-07 21:20:48.22422,https://ope.ed.gov/dapip/#/institution-profile/148195,,148195,00374700,7,1,1,4,RM,10,0,dapip_action_description,FALSE,removed,public_action_code,,,raw_title,Removal of Monitoring Status
233897,University of Virginia's College at Wise,Virginia,"Southern Association of Colleges and Schools, Commission on Colleges",notice,Heightened Monitoring or Focused Review,active,2021-12-05,2021,,,DAPIP Institutional Accreditation Action,Heightened Monitoring or Focused Review,2026-06-07 21:20:48.288297,https://ope.ed.gov/dapip/#/institution-profile/148195,,148195,00374700,7,1,1,7,HM,6,26245,dapip_action_description,FALSE,monitoring_or_notice,public_action_code,C:/Users/mv3031/Desktop/Financial_Health_Project/Financial Health Tracker - For Github/data_pipelines/accreditation/cache/dapip/pdfs/148195_action-7_file-26245.pdf,C:/Users/mv3031/Desktop/Financial_Health_Project/Financial Health Tracker - For Github/data_pipelines/accreditation/cache/dapip/text/148195_action-7_file-26245.txt,raw_title,Heightened monitoring or focused review
234076,University of Virginia-Main Campus,Virginia,"Southern Association of Colleges and Schools, Commission on Colleges",notice,"Charlottesville, VA 22904-4224 Dear President Ryan: The following action regarding your institution was taken by the Board of Trustees of the Southern Association of Colleges and Schools Commission on Colleges (SACSCOC) during its meeting held on June 13, 2024: The SACSCOC Board of Trustees reviewed the institution’s Referral Report from the submission of the institution’s Fifth-Year Interim Report in June 2023, and requested a Monitoring Report due September 8, 2024, addressing the following referenced standard of the Principles of Accreditation: Standard 13.7 (Physical resources) This standard expects an institution to ensure adequate physical facilities and resources, both on and off campus, that appropriately serve the needs of the institution’s educational programs, support services, and other mission-related activities.",active,2024-06-13,2024,,,DAPIP Institutional Accreditation Action,Heightened Monitoring or Focused Review,2026-06-07 21:20:49.866554,https://ope.ed.gov/dapip/#/institution-profile/148256,,148256,00374500,7,1,1,6,HM,6,26659,dapip_file_text,FALSE,monitoring_or_notice,public_action_code,C:/Users/mv3031/Desktop/Financial_Health_Project/Financial Health Tracker - For Github/data_pipelines/accreditation/cache/dapip/pdfs/148256_action-6_file-26659.pdf,C:/Users/mv3031/Desktop/Financial_Health_Project/Financial Health Tracker - For Github/data_pipelines/accreditation/cache/dapip/text/148256_action-6_file-26659.txt,pdf_body,Requested to Submit a Monitoring Report on Physical Resources
234076,University of Virginia-Main Campus,Virginia,"Southern Association of Colleges and Schools, Commission on Colleges",notice,"Based only on those reviewed standards, the institution should submit a Referral Report due April 1, 2024, addressing the following referenced standards of the Principles: Standard 13.",active,2023-06-14,2023,,,DAPIP Institutional Accreditation Action,Heightened Monitoring or Focused Review,2026-06-07 21:20:49.917981,https://ope.ed.gov/dapip/#/institution-profile/148256,,148256,00374500,7,1,1,4,HM,6,26656,dapip_file_text,FALSE,monitoring_or_notice,public_action_code,C:/Users/mv3031/Desktop/Financial_Health_Project/Financial Health Tracker - For Github/data_pipelines/accreditation/cache/dapip/pdfs/148256_action-4_file-26656.pdf,C:/Users/mv3031/Desktop/Financial_Health_Project/Financial Health Tracker - For Github/data_pipelines/accreditation/cache/dapip/text/148256_action-4_file-26656.txt,pdf_body,"Requested Referral Report on Physical resources, Publication of accreditation status, and Comprehensive institutional reviews"
234085,Virginia Military Institute,Virginia,"Southern Association of Colleges and Schools, Commission on Colleges",notice,Heightened Monitoring or Focused Review,active,2022-12-03,2022,,,DAPIP Institutional Accreditation Action,Heightened Monitoring or Focused Review,2026-06-07 21:20:50.362221,https://ope.ed.gov/dapip/#/institution-profile/148265,,148265,00375300,7,1,1,3,HM,6,25984,dapip_action_description,FALSE,monitoring_or_notice,public_action_code,C:/Users/mv3031/Desktop/Financial_Health_Project/Financial Health Tracker - For Github/data_pipelines/accreditation/cache/dapip/pdfs/148265_action-3_file-25984.pdf,C:/Users/mv3031/Desktop/Financial_Health_Project/Financial Health Tracker - For Github/data_pipelines/accreditation/cache/dapip/text/148265_action-3_file-25984.txt,raw_title,Heightened monitoring or focused review
234137,Virginia University of Lynchburg,Virginia,"Transnational Association of Christian Colleges and Schools, Accreditation Commission",removed,Accreditation Reaffirmed: Probation Removed,resolved,2025-01-24,2025,,,DAPIP Institutional Accreditation Action,Accreditation Reaffirmed: Probation Removed,2026-06-07 21:20:50.757857,https://ope.ed.gov/dapip/#/institution-profile/148283,,148283,00376200,19,1,1,11,PR,9,0,dapip_action_description,FALSE,removed,public_action_code,,,raw_title,Probation removed
234137,Virginia University of Lynchburg,Virginia,"Transnational Association of Christian Colleges and Schools, Accreditation Commission",probation,"TRANSNATIONAL ASSOCIATION OF CHRISTIAN COLLEGES AND SCHOOLS (TRACS) ACCREDITATION COMMISSION ACTION Public Disclosure Statement Regarding the ACCREDITED – PROBATION Status Review for Virginia University of Lynchburg Lynchburg, VA Issued by the Accreditation Commission on November 15, 2024 Virginia University of Lynchburg: The following information is provided by the Transnational Association of Christian Colleges and Schools (TRACS) regarding the current status of Virginia University of Lynchburg (VUL).",active,2024-10-21,2024,,,DAPIP Institutional Accreditation Action,Probation or Equivalent or a More Severe Status: Probation,2026-06-07 21:20:50.829898,https://ope.ed.gov/dapip/#/institution-profile/148283,,148283,00376200,19,1,1,10,P,4,20006,dapip_file_text,FALSE,probation,public_action_code,C:/Users/mv3031/Desktop/Financial_Health_Project/Financial Health Tracker - For Github/data_pipelines/accreditation/cache/dapip/pdfs/148283_action-10_file-20006.pdf,C:/Users/mv3031/Desktop/Financial_Health_Project/Financial Health Tracker - For Github/data_pipelines/accreditation/cache/dapip/text/148283_action-10_file-20006.txt,pdf_body,"TRANSNATIONAL ASSOCIATION OF CHRISTIAN COLLEGES AND SCHOOLS (TRACS) accreditation COMMISSION ACTION Public Disclosure Statement Regarding the ACCREDITED – Probation Status Review for Virginia University of Lynchburg Lynchburg, VA Issued by the accreditation Commission on November 15, 2024 Virginia University of Lynchburg: The following information is provided by the Transnational Association of Christian Colleges and Schools (TRACS) regarding the current status of Virginia University of Lynchburg (VUL)."
234137,Virginia University of Lynchburg,Virginia,"Transnational Association of Christian Colleges and Schools, Accreditation Commission",probation,"TRANSNATIONAL ASSOCIATION OF CHRISTIAN COLLEGES AND SCHOOLS (TRACS) ACCREDITATION COMMISSION ACTION Public Disclosure Statement Regarding the Change of Status for Virginia University of Lynchburg Lynchburg, VA From ACCREDITED – WARNING to ACCREDITED – PROBATION Issued by the Accreditation Commission on May 21, 2024 Virginia University of Lynchburg: The following information is provided by the Transnational Association of Christian Colleges and Schools (TRACS) regarding the current status of Virginia University of Lynchburg (VUL).",active,2024-04-22,2024,,,DAPIP Institutional Accreditation Action,Probation or Equivalent or a More Severe Status: Probation,2026-06-07 21:20:50.917323,https://ope.ed.gov/dapip/#/institution-profile/148283,,148283,00376200,19,1,1,9,P,3,18415,dapip_file_text,FALSE,probation,public_action_code,C:/Users/mv3031/Desktop/Financial_Health_Project/Financial Health Tracker - For Github/data_pipelines/accreditation/cache/dapip/pdfs/148283_action-9_file-18415.pdf,C:/Users/mv3031/Desktop/Financial_Health_Project/Financial Health Tracker - For Github/data_pipelines/accreditation/cache/dapip/text/148283_action-9_file-18415.txt,pdf_body,"TRANSNATIONAL ASSOCIATION OF CHRISTIAN COLLEGES AND SCHOOLS (TRACS) accreditation COMMISSION ACTION Public Disclosure Statement Regarding the Change of Status for Virginia University of Lynchburg Lynchburg, VA From ACCREDITED – Warning to ACCREDITED – Probation Issued by the accreditation Commission on May 21, 2024 Virginia University of Lynchburg: The following information is provided by the Transnational Association of Christian Colleges and Schools (TRACS) regarding the current status of Virginia University of Lynchburg (VUL)."
234137,Virginia University of Lynchburg,Virginia,"Transnational Association of Christian Colleges and Schools, Accreditation Commission",warning,"TRANSNATIONAL ASSOCIATION OF CHRISTIAN COLLEGES AND SCHOOLS (TRACS) ACCREDITATION COMMISSION ACTION Public Disclosure Statement Regarding the Change of Status for Virginia University of Lynchburg Lynchburg, VA From ACCREDITED to ACCREDITED – WARNING Issued by the Accreditation Commission on November 20, 2023 Virginia University of Lynchburg: The following information is provided by the Transnational Association of Christian Colleges and Schools (TRACS) regarding the current status of Virginia University of Lynchburg (VUL).",active,2023-10-23,2023,,,DAPIP Institutional Accreditation Action,Probation or Equivalent or a More Severe Status: Warning,2026-06-07 21:20:50.980125,https://ope.ed.gov/dapip/#/institution-profile/148283,,148283,00376200,19,1,1,8,PW,3,17218,dapip_file_text,FALSE,warning,public_action_code,C:/Users/mv3031/Desktop/Financial_Health_Project/Financial Health Tracker - For Github/data_pipelines/accreditation/cache/dapip/pdfs/148283_action-8_file-17218.pdf,C:/Users/mv3031/Desktop/Financial_Health_Project/Financial Health Tracker - For Github/data_pipelines/accreditation/cache/dapip/text/148283_action-8_file-17218.txt,pdf_body,"TRANSNATIONAL ASSOCIATION OF CHRISTIAN COLLEGES AND SCHOOLS (TRACS) accreditation COMMISSION ACTION Public Disclosure Statement Regarding the Change of Status for Virginia University of Lynchburg Lynchburg, VA From ACCREDITED to ACCREDITED – Warning Issued by the accreditation Commission on November 20, 2023 Virginia University of Lynchburg: The following information is provided by the Transnational Association of Christian Colleges and Schools (TRACS) regarding the current status of Virginia University of Lynchburg (VUL)."
234155,Virginia State University,Virginia,"Southern Association of Colleges and Schools, Commission on Colleges",notice,Heightened Monitoring or Focused Review,active,2025-06-12,2025,,,DAPIP Institutional Accreditation Action,Heightened Monitoring or Focused Review,2026-06-07 21:20:51.749577,https://ope.ed.gov/dapip/#/institution-profile/148292,,148292,00376400,7,1,1,6,HM,9,25956,dapip_action_description,FALSE,monitoring_or_notice,public_action_code,C:/Users/mv3031/Desktop/Financial_Health_Project/Financial Health Tracker - For Github/data_pipelines/accreditation/cache/dapip/pdfs/148292_action-6_file-25956.pdf,C:/Users/mv3031/Desktop/Financial_Health_Project/Financial Health Tracker - For Github/data_pipelines/accreditation/cache/dapip/text/148292_action-6_file-25956.txt,raw_title,Heightened monitoring or focused review
234155,Virginia State University,Virginia,"Southern Association of Colleges and Schools, Commission on Colleges",notice,"Based only on those reviewed standards, the institution should submit a Referral Report due April 1,2025, addressing the standards of the Principles identified below.",active,2024-04-24,2024,,,DAPIP Institutional Accreditation Action,Heightened Monitoring or Focused Review,2026-06-07 21:20:51.95897,https://ope.ed.gov/dapip/#/institution-profile/148292,,148292,00376400,7,1,1,3,HM,6,25953,dapip_file_text,FALSE,monitoring_or_notice,public_action_code,C:/Users/mv3031/Desktop/Financial_Health_Project/Financial Health Tracker - For Github/data_pipelines/accreditation/cache/dapip/pdfs/148292_action-3_file-25953.pdf,C:/Users/mv3031/Desktop/Financial_Health_Project/Financial Health Tracker - For Github/data_pipelines/accreditation/cache/dapip/text/148292_action-3_file-25953.txt,pdf_body,Requested to submit a Referral Report documenting compliance with accreditation standards
234164,Virginia Union University,Virginia,"Southern Association of Colleges and Schools, Commission on Colleges",removed,"Lucas: The following action regarding your institution was taken by the Board of Trustees of the Southern Association of Colleges and Schools Commission on Colleges (SACSCOC) during its meeting held on December 7, 2025: The SACSCOC Board of Trustees removed the institution from Probation for Good Cause.",resolved,2025-12-07,2025,,,DAPIP Institutional Accreditation Action,Removal of Monitoring Status,2026-06-07 21:20:52.34965,https://ope.ed.gov/dapip/#/institution-profile/148308,,148308,00376600,7,1,1,13,RM,9,28949,dapip_file_text,FALSE,removed,public_action_code,C:/Users/mv3031/Desktop/Financial_Health_Project/Financial Health Tracker - For Github/data_pipelines/accreditation/cache/dapip/pdfs/148308_action-13_file-28949.pdf,C:/Users/mv3031/Desktop/Financial_Health_Project/Financial Health Tracker - For Github/data_pipelines/accreditation/cache/dapip/text/148308_action-13_file-28949.txt,pdf_body,Removed from probation for good cause
234164,Virginia Union University,Virginia,"Southern Association of Colleges and Schools, Commission on Colleges",show_cause,"Lucas: The following action regarding your institution was taken by the Board of Trustees of the Southern Association of Colleges and Schools Commission on Colleges during its meeting held on December 8, 2024: The SACSCOC Board of Trustees reviewed the institution’s Third Monitoring Report, a Special Committee Report, and financial statements, continued in accreditation, and recommended that the institution be and continued the institution on Probation for Good Cause for twelve months for failure to comply with Core Requirement 13.1 (Financial resources), Standard 13.3 (Financial responsibility), Standard 13.4 (Control of finances) and Standard 13.6 (Federal and state responsibilities) of the Principles of Accreditation. A Special Committee was authorized to visit the institution to determine compliance with the core requirement and standards cited above.",active,2024-12-08,2024,,,DAPIP Institutional Accreditation Action,Probation or Equivalent or a More Severe Status: Show Cause,2026-06-07 21:20:52.478933,https://ope.ed.gov/dapip/#/institution-profile/148308,,148308,00376600,7,1,1,7,SC,6,22480,dapip_file_text,FALSE,show_cause,public_action_code,C:/Users/mv3031/Desktop/Financial_Health_Project/Financial Health Tracker - For Github/data_pipelines/accreditation/cache/dapip/pdfs/148308_action-7_file-22480.pdf,C:/Users/mv3031/Desktop/Financial_Health_Project/Financial Health Tracker - For Github/data_pipelines/accreditation/cache/dapip/text/148308_action-7_file-22480.txt,pdf_body,"Continued on probation for good cause for twelve months for failure to comply with standards concerning financial resources, financial responsibility, control of finances, and federal/state responsibilities"
234164,Virginia Union University,Virginia,"Southern Association of Colleges and Schools, Commission on Colleges",show_cause,"Lucas: The following action regarding your institution was taken by the Board of Trustees of the Southern Association of Colleges and Schools Commission on Colleges (SACSCOC) during its meeting held on December 3, 2023: The SACSCOC Board of Trustees reviewed the institution’s Second Monitoring Report and recommended continued accreditation and placed the institution on Probation for Good Cause for twelve months for failure to comply with Core Requirement 4.1 (Governing board characteristics), Core Requirement 13.2 (Financial documents), Standard 13.3 (Financial responsibility), Standard 13.4 (Control of finances) and Standard 13.6 (Federal and state responsibilities) of the Principles of Accreditation (Principles). A Special Committee was authorized to visit the institution.",active,2023-12-03,2023,,,DAPIP Institutional Accreditation Action,Probation or Equivalent or a More Severe Status: Show Cause,2026-06-07 21:20:52.559957,https://ope.ed.gov/dapip/#/institution-profile/148308,,148308,00376600,7,1,1,8,SC,6,22594,dapip_file_text,FALSE,show_cause,public_action_code,C:/Users/mv3031/Desktop/Financial_Health_Project/Financial Health Tracker - For Github/data_pipelines/accreditation/cache/dapip/pdfs/148308_action-8_file-22594.pdf,C:/Users/mv3031/Desktop/Financial_Health_Project/Financial Health Tracker - For Github/data_pipelines/accreditation/cache/dapip/text/148308_action-8_file-22594.txt,pdf_body,"Placed on probation for good cause for twelve months for failure to comply with standards concerning governance, financial documents, financial responsibility, control of finances, and federal/state responsibilities"
234164,Virginia Union University,Virginia,"Southern Association of Colleges and Schools, Commission on Colleges",probation,Probation or Equivalent or a More Severe Status: Probation,active,2023-12-03,2023,,,DAPIP Institutional Accreditation Action,Probation or Equivalent or a More Severe Status: Probation,2026-06-07 21:20:52.617774,https://ope.ed.gov/dapip/#/institution-profile/148308,,148308,00376600,7,1,1,6,P,6,0,dapip_action_description,FALSE,probation,public_action_code,,,raw_title,Placed on probation
234164,Virginia Union University,Virginia,"Southern Association of Colleges and Schools, Commission on Colleges",warning,Probation or Equivalent or a More Severe Status: Warning,active,2022-12-04,2022,,,DAPIP Institutional Accreditation Action,Probation or Equivalent or a More Severe Status: Warning,2026-06-07 21:20:52.648179,https://ope.ed.gov/dapip/#/institution-profile/148308,,148308,00376600,7,1,1,5,PW,6,0,dapip_action_description,FALSE,warning,public_action_code,,,raw_title,Placed on warning
234164,Virginia Union University,Virginia,"Southern Association of Colleges and Schools, Commission on Colleges",warning,"Lucas: The following action regarding your institution was taken by the Board of Trustees of the Southern Association of Colleges and Schools Commission on Colleges (SACSCOC) during its meeting held on December 4, 2022: The SACSCOC Board of Trustees reviewed the institution's First Monitoring Report following submission of a Referral Report in December 2021 and placed the institution on Warning for twelve months for failure to comply with Core Requirement 4.1 (Governing board characteristics) , Core Requirement 13.2 (Financial documents}, Standard 7.3 (Administrative effectiveness), Standard 8.2.a (Student outcomes: educational programs), Standard 8.2.c (Student outcomes: academic and student services), Standard 13.3 (Financial responsibility), Standard 13.4 (Control of finances) , and Standard 13.6 (Federal and state responsibilities) of the Principles of Accreditation. A Special Committee was not authorized to visit the institution.",active,2022-12-04,2022,,,DAPIP Institutional Accreditation Action,Probation or Equivalent or a More Severe Status: Warning,2026-06-07 21:20:52.715402,https://ope.ed.gov/dapip/#/institution-profile/148308,,148308,00376600,7,1,1,9,PW,6,22603,dapip_file_text,FALSE,warning,public_action_code,C:/Users/mv3031/Desktop/Financial_Health_Project/Financial Health Tracker - For Github/data_pipelines/accreditation/cache/dapip/pdfs/148308_action-9_file-22603.pdf,C:/Users/mv3031/Desktop/Financial_Health_Project/Financial Health Tracker - For Github/data_pipelines/accreditation/cache/dapip/text/148308_action-9_file-22603.txt,pdf_body,"Placed on warning for failure to comply with standards concerning governance, financial documents, administrative effectiveness, student outcomes, financial responsibility, and control of finances"
234164,Virginia Union University,Virginia,"Southern Association of Colleges and Schools, Commission on Colleges",warning,"Lucas: The following action regarding your institution was taken by the Board of Trustees of the Southern Association of Colleges and Schools Commission on Colleges (SACSCOC) during its meeting held on December 4, 2022: The SACSCOC Board of Trustees reviewed the institution's First Monitoring Report following submission of a Referral Report in December 2021 and placed the institution on Warning for twelve months for failure to comply with Core Requirement 4.1 (Governing board characteristics) , Core Requirement 13.2 (Financial documents}, Standard 7.3 (Administrative effectiveness), Standard 8.2.a (Student outcomes: educational programs), Standard 8.2.c (Student outcomes: academic and student services), Standard 13.3 (Financial responsibility), Standard 13.4 (Control of finances) , and Standard 13.6 (Federal and state responsibilities) of the Principles of Accreditation. A Special Committee was not authorized to visit the institution.",active,2022-12-04,2022,,,DAPIP Institutional Accreditation Action,Probation or Equivalent or a More Severe Status: Warning,2026-06-07 21:20:52.826241,https://ope.ed.gov/dapip/#/institution-profile/148308,,148308,00376600,7,1,1,10,PW,6,22604,dapip_file_text,FALSE,warning,public_action_code,C:/Users/mv3031/Desktop/Financial_Health_Project/Financial Health Tracker - For Github/data_pipelines/accreditation/cache/dapip/pdfs/148308_action-10_file-22604.pdf,C:/Users/mv3031/Desktop/Financial_Health_Project/Financial Health Tracker - For Github/data_pipelines/accreditation/cache/dapip/text/148308_action-10_file-22604.txt,pdf_body,"Placed on warning for failure to comply with standards concerning governance, financial documents, administrative effectiveness, student outcomes, financial responsibility, and control of finances"
234164,Virginia Union University,Virginia,"Southern Association of Colleges and Schools, Commission on Colleges",notice,"Lucas: The following action regarding your institution was taken by the Board of Trustees of the Southern Association of Colleges and Schools Commission on Colleges (SACSCOC) during its meeting held on December 2, 2021: The SACSCOC Board of Trustees reaffirmed accreditation with a request for a Monitoring Report due September 8, 2022.",active,2021-12-01,2021,,,DAPIP Institutional Accreditation Action,Heightened Monitoring or Focused Review,2026-06-07 21:20:52.983748,https://ope.ed.gov/dapip/#/institution-profile/148308,,148308,00376600,7,1,1,12,HM,3,23162,dapip_file_text,FALSE,monitoring_or_notice,public_action_code,C:/Users/mv3031/Desktop/Financial_Health_Project/Financial Health Tracker - For Github/data_pipelines/accreditation/cache/dapip/pdfs/148308_action-12_file-23162.pdf,C:/Users/mv3031/Desktop/Financial_Health_Project/Financial Health Tracker - For Github/data_pipelines/accreditation/cache/dapip/text/148308_action-12_file-23162.txt,pdf_body,"Reaffirmed accreditation with a request for a Monitoring Report due September 8, 2022.Your institution's next reaffirmation will take place in 2030 unless otherwise notified."
234173,Virginia Wesleyan University,Virginia,"Southern Association of Colleges and Schools, Commission on Colleges",removed,Removal of Monitoring Status,resolved,2022-12-04,2022,,,DAPIP Institutional Accreditation Action,Removal of Monitoring Status,2026-06-07 21:20:53.929232,https://ope.ed.gov/dapip/#/institution-profile/148317,,148317,00376700,7,1,1,2,RM,10,0,dapip_action_description,FALSE,removed,public_action_code,,,raw_title,Removal of Monitoring Status
234173,Virginia Wesleyan University,Virginia,"Southern Association of Colleges and Schools, Commission on Colleges",notice,Heightened Monitoring or Focused Review,active,2022-06-16,2022,,,DAPIP Institutional Accreditation Action,Heightened Monitoring or Focused Review,2026-06-07 21:20:53.979183,https://ope.ed.gov/dapip/#/institution-profile/148317,,148317,00376700,7,1,1,4,HM,6,25845,dapip_action_description,FALSE,monitoring_or_notice,public_action_code,C:/Users/mv3031/Desktop/Financial_Health_Project/Financial Health Tracker - For Github/data_pipelines/accreditation/cache/dapip/pdfs/148317_action-4_file-25845.pdf,C:/Users/mv3031/Desktop/Financial_Health_Project/Financial Health Tracker - For Github/data_pipelines/accreditation/cache/dapip/text/148317_action-4_file-25845.txt,raw_title,Heightened monitoring or focused review
234207,Washington and Lee University,Virginia,"Southern Association of Colleges and Schools, Commission on Colleges",notice,"Based only on those reviewed standards, the institution is requested to submit a Referral Report due September 8, 2025, addressing the standards of the Principles identified below.",active,2025-04-25,2025,,,DAPIP Institutional Accreditation Action,Heightened Monitoring or Focused Review,2026-06-07 21:20:54.425983,https://ope.ed.gov/dapip/#/institution-profile/148335,,148335,00376800,7,1,1,3,HM,6,24393,dapip_file_text,FALSE,monitoring_or_notice,public_action_code,C:/Users/mv3031/Desktop/Financial_Health_Project/Financial Health Tracker - For Github/data_pipelines/accreditation/cache/dapip/pdfs/148335_action-3_file-24393.pdf,C:/Users/mv3031/Desktop/Financial_Health_Project/Financial Health Tracker - For Github/data_pipelines/accreditation/cache/dapip/text/148335_action-3_file-24393.txt,pdf_body,Requested to submit a Referral Report documenting compliance with accreditation standards
234207,Washington and Lee University,Virginia,"Southern Association of Colleges and Schools, Commission on Colleges",notice,"Based only on those reviewed standards, the institution is requested to submit a Referral Report due September 8, 2025, addressing the standards of the Principles identified below.",active,2025-04-25,2025,,,DAPIP Institutional Accreditation Action,Heightened Monitoring or Focused Review,2026-06-07 21:20:54.476488,https://ope.ed.gov/dapip/#/institution-profile/148335,,148335,00376800,7,1,1,4,HM,6,28755,dapip_file_text,FALSE,monitoring_or_notice,public_action_code,C:/Users/mv3031/Desktop/Financial_Health_Project/Financial Health Tracker - For Github/data_pipelines/accreditation/cache/dapip/pdfs/148335_action-4_file-28755.pdf,C:/Users/mv3031/Desktop/Financial_Health_Project/Financial Health Tracker - For Github/data_pipelines/accreditation/cache/dapip/text/148335_action-4_file-28755.txt,pdf_body,Requested to submit a Referral Report documenting compliance with accreditation standards
235024,Cornish College of the Arts,Washington,Northwest Commission on Colleges and Universities,removed,"Accreditation Accept the Report, Remove Sanction of Warning Status of Previous Recommendations Addressed in this Evaluation • Recommendation 1: Spring 2021 Evaluation of Institutional Effectiveness - Continued as Needs Improvement and revised to Recommendation 1: Spring 2024 Ad Hoc Report Recommendations Substantially in Compliance but in Need of Improvement The Commission recommends that Cornish College of the Arts: • Recommendation 1: Spring 2024 Ad Hoc Report - Regularly monitor institutional finances to ensure sufficient cash flows and reserves to achieve its mission.",resolved,2024-07-12,2024,,,DAPIP Institutional Accreditation Action,Removal of Monitoring Status,2026-06-07 21:20:55.653845,https://ope.ed.gov/dapip/#/institution-profile/148575,,148575,01231500,6,1,1,4,RM,9,18868,dapip_file_text,FALSE,removed,public_action_code,C:/Users/mv3031/Desktop/Financial_Health_Project/Financial Health Tracker - For Github/data_pipelines/accreditation/cache/dapip/pdfs/148575_action-4_file-18868.pdf,C:/Users/mv3031/Desktop/Financial_Health_Project/Financial Health Tracker - For Github/data_pipelines/accreditation/cache/dapip/text/148575_action-4_file-18868.txt,pdf_body,Warning removed
235024,Cornish College of the Arts,Washington,Northwest Commission on Colleges and Universities,warning,"Accreditation Accept the Report, Issue a Sanction of Warning on Recommendation 1: Spring 2021 Evaluation of Institutional Effectiveness Status of Previous Recommendations Addressed in this Evaluation Recommendation 1: Spring 2021 Evaluation of Institutional Effectiveness – Continued as Non-Compliant Recommendations Out of Compliance The Commission finds that the following Recommendations are areas where Cornish College of the Arts is out of compliance with the NWCCU Standards for Accreditation.",active,2022-07-25,2022,,,DAPIP Institutional Accreditation Action,Probation or Equivalent or a More Severe Status: Warning,2026-06-07 21:20:55.691,https://ope.ed.gov/dapip/#/institution-profile/148575,,148575,01231500,6,1,1,3,PW,3,13572,dapip_file_text,FALSE,warning,public_action_code,C:/Users/mv3031/Desktop/Financial_Health_Project/Financial Health Tracker - For Github/data_pipelines/accreditation/cache/dapip/pdfs/148575_action-3_file-13572.pdf,C:/Users/mv3031/Desktop/Financial_Health_Project/Financial Health Tracker - For Github/data_pipelines/accreditation/cache/dapip/text/148575_action-3_file-13572.txt,pdf_body,Placed on Warning
235547,Bastyr University,Washington,Northwest Commission on Colleges and Universities,removed,"Accreditation Reaffirm Accreditation: Remove the Sanction of Show Cause, Accept the Report Status of Previous Recommendations Addressed in this Evaluation • Recommendation 1: Fall 2024 Financial Resources Review - Fulfilled • Recommendation 2: Fall 2024 Financial Resources Review - Continued as Needs Improvement Recommendations Substantially in Compliance but in Need of Improvement The Commission recommends that Bastyr University: • Recommendation 1: Fall 2025 Financial Resources Review - Engage in effective financial planning that results in appropriate risk management strategies, such as the building of financial reserves, to ensure short-term and long-term financial health and stability.",resolved,2026-02-06,2026,,,DAPIP Institutional Accreditation Action,Removal of Show Cause Status,2026-06-07 21:20:57.717834,https://ope.ed.gov/dapip/#/institution-profile/148779,,148779,02242500,6,1,1,4,RS,9,29212,dapip_file_text,FALSE,removed,public_action_code,C:/Users/mv3031/Desktop/Financial_Health_Project/Financial Health Tracker - For Github/data_pipelines/accreditation/cache/dapip/pdfs/148779_action-4_file-29212.pdf,C:/Users/mv3031/Desktop/Financial_Health_Project/Financial Health Tracker - For Github/data_pipelines/accreditation/cache/dapip/text/148779_action-4_file-29212.txt,pdf_body,Removed from Show Cause
235547,Bastyr University,Washington,Northwest Commission on Colleges and Universities,show_cause,"Accreditation Accept the Report, Issue sanction of Show Cause Recommendations Out of Compliance The Commission finds that the following Recommendations are areas where Bastyr University is out of compliance with the NWCCU Standards for Accreditation.",active,2024-11-06,2024,,,DAPIP Institutional Accreditation Action,Probation or Equivalent or a More Severe Status: Show Cause,2026-06-07 21:20:57.760667,https://ope.ed.gov/dapip/#/institution-profile/148779,,148779,02242500,6,1,1,3,SC,3,20000,dapip_file_text,FALSE,show_cause,public_action_code,C:/Users/mv3031/Desktop/Financial_Health_Project/Financial Health Tracker - For Github/data_pipelines/accreditation/cache/dapip/pdfs/148779_action-3_file-20000.pdf,C:/Users/mv3031/Desktop/Financial_Health_Project/Financial Health Tracker - For Github/data_pipelines/accreditation/cache/dapip/text/148779_action-3_file-20000.txt,pdf_body,Required to Show Cause
238078,Wheeling University,West Virginia,Higher Learning Commission,removed,Summary of the Action: The Board determined that the Institution is no longer out of compliance with the Criteria for Accreditation and removed the Institution from Probation and assigned interim monitoring.,resolved,2023-02-23,2023,,,DAPIP Institutional Accreditation Action,Accreditation Reaffirmed: Probation Removed,2026-06-07 21:21:09.037519,https://ope.ed.gov/dapip/#/institution-profile/149763,,149763,00383100,4,1,1,2,PR,9,14931,dapip_file_text,FALSE,removed,public_action_code,C:/Users/mv3031/Desktop/Financial_Health_Project/Financial Health Tracker - For Github/data_pipelines/accreditation/cache/dapip/pdfs/149763_action-2_file-14931.pdf,C:/Users/mv3031/Desktop/Financial_Health_Project/Financial Health Tracker - For Github/data_pipelines/accreditation/cache/dapip/text/149763_action-2_file-14931.txt,pdf_body,Probation removed
238078,Wheeling University,West Virginia,Higher Learning Commission,probation,Wheeling is also processing a voluntary resignation with the Council for the Accreditation of Educator Preparation and completing a postponed follow-up visit with the Accreditation Council of Business Schools and Programs that was delayed due to the pandemic.,active,2021-02-25,2021,,,DAPIP Institutional Accreditation Action,Probation or Equivalent or a More Severe Status: Probation | HLC took this action because it determined that the institution is out of compliance with HLC's Criteria for Accreditation.,2026-06-07 21:21:09.101906,https://ope.ed.gov/dapip/#/institution-profile/149763,,149763,00383100,4,1,1,1,P,99,9104,dapip_file_text,FALSE,probation,public_action_code,C:/Users/mv3031/Desktop/Financial_Health_Project/Financial Health Tracker - For Github/data_pipelines/accreditation/cache/dapip/pdfs/149763_action-1_file-9104.pdf,C:/Users/mv3031/Desktop/Financial_Health_Project/Financial Health Tracker - For Github/data_pipelines/accreditation/cache/dapip/text/149763_action-1_file-9104.txt,pdf_body,"Placed on Probation because the institution is out of compliance with standards concerning governance, outcomes, institutional effectiveness, and financial resources and planning."
240365,University of Wisconsin-Oshkosh,Wisconsin,Higher Learning Commission,removed,"o To assure that UW-Oshkosh employees could report concerns and questionable practices, the System office continued to promote its anonymous hotline for Fraud, Waste and Abuse.",resolved,2019-06-27,2019,,,DAPIP Institutional Accreditation Action,Accreditation Reaffirmed: Warning Removed,2026-06-07 21:21:19.859701,https://ope.ed.gov/dapip/#/institution-profile/150525,,150525,00392000,4,1,1,4,WR,9,5004,dapip_file_text,FALSE,removed,public_action_code,C:/Users/mv3031/Desktop/Financial_Health_Project/Financial Health Tracker - For Github/data_pipelines/accreditation/cache/dapip/pdfs/150525_action-4_file-5004.pdf,C:/Users/mv3031/Desktop/Financial_Health_Project/Financial Health Tracker - For Github/data_pipelines/accreditation/cache/dapip/text/150525_action-4_file-5004.txt,dapip_note,Warning removed
384254,Beacon College,Florida,"Southern Association of Colleges and Schools, Commission on Colleges",notice,"Based only on those reviewed standards, the institution is requested to submit a Referral Report due April 1, 2024, addressing the following referenced standard(s) of the Principles: Standard 10.3 (Archived information) This standard expects an institution to ensure the availability of archived official catalogs, digital or print, with relevant inform at/on for course and degree requirements sufficient to seive former and returning students.",active,2024-01-11,2024,,,DAPIP Institutional Accreditation Action,Heightened Monitoring or Focused Review,2026-06-07 21:21:36.339504,https://ope.ed.gov/dapip/#/institution-profile/158121,,158121,03373300,7,1,1,3,HM,6,23390,dapip_file_text,FALSE,monitoring_or_notice,public_action_code,C:/Users/mv3031/Desktop/Financial_Health_Project/Financial Health Tracker - For Github/data_pipelines/accreditation/cache/dapip/pdfs/158121_action-3_file-23390.pdf,C:/Users/mv3031/Desktop/Financial_Health_Project/Financial Health Tracker - For Github/data_pipelines/accreditation/cache/dapip/text/158121_action-3_file-23390.txt,pdf_body,Requested Referral Report on Archived information
384412,University of the Potomac-Washington DC Campus,District of Columbia,Middle States Commission on Higher Education,show_cause,"To require the institution to show cause, by November 1, 2024, to demonstrate why its accreditation should not be withdrawn because of insufficient evidence that the institution is in compliance with Standard II (Ethics and Integrity), Standard VI (Planning, Resources, and Institutional Improvement), Standard VII (Governance, Leadership, and Administration), and former Requirements of Affiliation 6, 10, 11, 12, and 14.",active,2024-06-27,2024,,,DAPIP Institutional Accreditation Action,Probation or Equivalent or a More Severe Status: Show Cause,2026-06-07 21:21:37.002455,https://ope.ed.gov/dapip/#/institution-profile/158219,,158219,03218300,1,1,1,6,SC,1,18823,dapip_file_text,FALSE,show_cause,public_action_code,C:/Users/mv3031/Desktop/Financial_Health_Project/Financial Health Tracker - For Github/data_pipelines/accreditation/cache/dapip/pdfs/158219_action-6_file-18823.pdf,C:/Users/mv3031/Desktop/Financial_Health_Project/Financial Health Tracker - For Github/data_pipelines/accreditation/cache/dapip/text/158219_action-6_file-18823.txt,pdf_body,Required to Show Cause because of insufficient evidence of compliance with Standard II (Ethics and Integrity)
388520,College of Biblical Studies-Houston,Texas,"Southern Association of Colleges and Schools, Commission on Colleges",notice,Heightened Monitoring or Focused Review,active,2024-06-13,2024,,,DAPIP Institutional Accreditation Action,Heightened Monitoring or Focused Review,2026-06-07 21:21:39.074694,https://ope.ed.gov/dapip/#/institution-profile/158431,,158431,03422400,7,1,1,6,HM,10,24051,dapip_action_description,FALSE,monitoring_or_notice,public_action_code,C:/Users/mv3031/Desktop/Financial_Health_Project/Financial Health Tracker - For Github/data_pipelines/accreditation/cache/dapip/pdfs/158431_action-6_file-24051.pdf,C:/Users/mv3031/Desktop/Financial_Health_Project/Financial Health Tracker - For Github/data_pipelines/accreditation/cache/dapip/text/158431_action-6_file-24051.txt,raw_title,Heightened monitoring or focused review
404338,Schiller International University,Florida,Accrediting Council for Independent Colleges and Schools,removed,Removal of Monitoring Status,resolved,2019-12-12,2019,,,DAPIP Institutional Accreditation Action,Removal of Monitoring Status,2026-06-07 21:21:41.212583,https://ope.ed.gov/dapip/#/institution-profile/159179,,159179,02314100,16,1,1,3,RM,9,0,dapip_action_description,FALSE,removed,public_action_code,,,raw_title,Removal of Monitoring Status
408844,Florida National University-Main Campus,Florida,"Southern Association of Colleges and Schools, Commission on Colleges",removed,Removal of Monitoring Status,resolved,2024-12-08,2024,,,DAPIP Institutional Accreditation Action,Removal of Monitoring Status,2026-06-07 21:21:42.048083,https://ope.ed.gov/dapip/#/institution-profile/160339,,160339,02547600,7,1,1,10,RM,9,24691,dapip_action_description,FALSE,removed,public_action_code,C:/Users/mv3031/Desktop/Financial_Health_Project/Financial Health Tracker - For Github/data_pipelines/accreditation/cache/dapip/pdfs/160339_action-10_file-24691.pdf,C:/Users/mv3031/Desktop/Financial_Health_Project/Financial Health Tracker - For Github/data_pipelines/accreditation/cache/dapip/text/160339_action-10_file-24691.txt,raw_title,Removal of Monitoring Status
408844,Florida National University-Main Campus,Florida,"Southern Association of Colleges and Schools, Commission on Colleges",notice,Heightened Monitoring or Focused Review,active,2024-12-08,2024,,,DAPIP Institutional Accreditation Action,Heightened Monitoring or Focused Review,2026-06-07 21:21:42.095465,https://ope.ed.gov/dapip/#/institution-profile/160339,,160339,02547600,7,1,1,11,HM,9,28717,dapip_action_description,FALSE,monitoring_or_notice,public_action_code,C:/Users/mv3031/Desktop/Financial_Health_Project/Financial Health Tracker - For Github/data_pipelines/accreditation/cache/dapip/pdfs/160339_action-11_file-28717.pdf,C:/Users/mv3031/Desktop/Financial_Health_Project/Financial Health Tracker - For Github/data_pipelines/accreditation/cache/dapip/text/160339_action-11_file-28717.txt,raw_title,Heightened monitoring or focused review
408844,Florida National University-Main Campus,Florida,"Southern Association of Colleges and Schools, Commission on Colleges",notice,Heightened Monitoring or Focused Review,active,2023-12-03,2023,,,DAPIP Institutional Accreditation Action,Heightened Monitoring or Focused Review,2026-06-07 21:21:42.189827,https://ope.ed.gov/dapip/#/institution-profile/160339,,160339,02547600,7,1,1,6,HM,6,0,dapip_action_description,FALSE,monitoring_or_notice,public_action_code,,,raw_title,Heightened monitoring or focused review
408844,Florida National University-Main Campus,Florida,"Southern Association of Colleges and Schools, Commission on Colleges",notice,"Frank Andreu President/CEO Florida National University 4425 W Jose Regueiro (20th) Avenue Hialeah, FL 33012 Dear President Andreu: The following action regarding your institution was taken by the Board of Trustees of the Southern Association of Colleges and Schools Commission on Colleges (SACSCOC) during its meeting held on December 3, 2023: The SACSCOC Board of Trustees reviewed the institution’s First Monitoring Report following reaffirmation of accreditation in December 2022.",active,2023-12-03,2023,,,DAPIP Institutional Accreditation Action,Heightened Monitoring or Focused Review,2026-06-07 21:21:42.236996,https://ope.ed.gov/dapip/#/institution-profile/160339,,160339,02547600,7,1,1,8,HM,6,24688,dapip_file_text,FALSE,monitoring_or_notice,public_action_code,C:/Users/mv3031/Desktop/Financial_Health_Project/Financial Health Tracker - For Github/data_pipelines/accreditation/cache/dapip/pdfs/160339_action-8_file-24688.pdf,C:/Users/mv3031/Desktop/Financial_Health_Project/Financial Health Tracker - For Github/data_pipelines/accreditation/cache/dapip/text/160339_action-8_file-24688.txt,pdf_body,Requested to Submit a Monitoring Report on Student Outcomes: Academic And Student Services
408844,Florida National University-Main Campus,Florida,"Southern Association of Colleges and Schools, Commission on Colleges",removed,Removal of Monitoring Status,resolved,2019-06-02,2019,,,DAPIP Institutional Accreditation Action,Removal of Monitoring Status,2026-06-07 21:21:42.410767,https://ope.ed.gov/dapip/#/institution-profile/160339,,160339,02547600,7,1,1,4,RM,10,0,dapip_action_description,FALSE,removed,public_action_code,,,raw_title,Removal of Monitoring Status
418126,New York College of Health Professions,New York,"New York State Board of Regents, and the Commissioner of Education",notice,The compliance review is required based on rules of the Agency and regulations of the United States Department of Education (USDE) and prompted by the decision of the Accreditation Commission for Acupuncture and Herbal Medicine (ACAHM) to impose probation status on the College in August 2021.,active,2022-10-26,2022,,,DAPIP Institutional Accreditation Action,"Heightened Monitoring or Focused Review | Institution was given an administrative extension of its term of accreditation to May 9, 2023.",2026-06-07 21:21:45.279394,https://ope.ed.gov/dapip/#/institution-profile/162247,,162247,02599400,20,1,1,3,HM,99,15701,dapip_file_text,FALSE,monitoring_or_notice,public_action_code,C:/Users/mv3031/Desktop/Financial_Health_Project/Financial Health Tracker - For Github/data_pipelines/accreditation/cache/dapip/pdfs/162247_action-3_file-15701.pdf,C:/Users/mv3031/Desktop/Financial_Health_Project/Financial Health Tracker - For Github/data_pipelines/accreditation/cache/dapip/text/162247_action-3_file-15701.txt,pdf_body,The compliance review is required based on rules of the Agency and regulations of the United States Department of Education (USDE) and prompted by the decision of the accreditation Commission for Acupuncture and Herbal Medicine (ACAHM) to impose Probation status on the College in August 2021.
418126,New York College of Health Professions,New York,"New York State Board of Regents, and the Commissioner of Education",notice,A compliance review is required because of the decision of the Accreditation Commission for Acupuncture and Herbal Medicine (ACAHM) at its August 2021 meeting to place the college on probation status.,active,2022-08-16,2022,,,DAPIP Institutional Accreditation Action,Heightened Monitoring or Focused Review | Agency was required to initiate a compliance review due to its probationary status with ACAHM.,2026-06-07 21:21:45.315761,https://ope.ed.gov/dapip/#/institution-profile/162247,,162247,02599400,20,1,1,2,HM,99,13651,dapip_file_text,FALSE,monitoring_or_notice,public_action_code,C:/Users/mv3031/Desktop/Financial_Health_Project/Financial Health Tracker - For Github/data_pipelines/accreditation/cache/dapip/pdfs/162247_action-2_file-13651.pdf,C:/Users/mv3031/Desktop/Financial_Health_Project/Financial Health Tracker - For Github/data_pipelines/accreditation/cache/dapip/text/162247_action-2_file-13651.txt,pdf_body,A compliance review is required because of the decision of the accreditation Commission for Acupuncture and Herbal Medicine (ACAHM) at its August 2021 meeting to place the college on Probation status.
418126,New York College of Health Professions,New York,"New York State Board of Regents, and the Commissioner of Education",notice,Heightened Monitoring or Focused Review,active,2021-12-03,2021,,,DAPIP Institutional Accreditation Action,Heightened Monitoring or Focused Review | Agency initiated a compliance review based upon another agency placing the institution on probation.,2026-06-07 21:21:45.339357,https://ope.ed.gov/dapip/#/institution-profile/162247,,162247,02599400,20,1,1,1,HM,99,0,dapip_action_description,FALSE,monitoring_or_notice,public_action_code,,,raw_title,Heightened Monitoring or Focused Review
421878,Eastern International College-Jersey City,New Jersey,Accrediting Commission of Career Schools and Colleges,adverse_action,Loss of Accreditation or Preaccreditation: Voluntary Withdrawal,active,2020-12-04,2020,,,DAPIP Institutional Accreditation Action,Loss of Accreditation or Preaccreditation: Voluntary Withdrawal | School voluntarily withdrew effective 12/4/2020. Status at time of VWD: Accredited.,2026-06-07 21:21:46.481586,https://ope.ed.gov/dapip/#/institution-profile/163684,,163684,03122600,15,1,1,1,R,99,0,dapip_action_description,FALSE,withdrawal_or_loss,public_action_code,,,raw_title,Voluntarily Surrendered Accreditation
426314,Embry-Riddle Aeronautical University-Worldwide,Florida,"Southern Association of Colleges and Schools, Commission on Colleges",removed,Accreditation Reaffirmed:  Warning Removed,resolved,2020-12-06,2020,,,DAPIP Institutional Accreditation Action,Accreditation Reaffirmed: Warning Removed,2026-06-07 21:21:47.611433,https://ope.ed.gov/dapip/#/institution-profile/109299,,109299,00147900,7,1,1,6,WR,10,0,dapip_action_description,FALSE,removed,public_action_code,,,raw_title,Warning removed
426314,Embry-Riddle Aeronautical University-Worldwide,Florida,"Southern Association of Colleges and Schools, Commission on Colleges",removed,Removal of Monitoring Status,resolved,2019-12-08,2019,,,DAPIP Institutional Accreditation Action,Removal of Monitoring Status,2026-06-07 21:21:47.638111,https://ope.ed.gov/dapip/#/institution-profile/109299,,109299,00147900,7,1,1,4,RM,10,0,dapip_action_description,FALSE,removed,public_action_code,,,raw_title,Removal of Monitoring Status
426314,Embry-Riddle Aeronautical University-Worldwide,Florida,"Southern Association of Colleges and Schools, Commission on Colleges",removed,Removal of Monitoring Status,resolved,2019-12-01,2019,,,DAPIP Institutional Accreditation Action,Removal of Monitoring Status,2026-06-07 21:21:47.673314,https://ope.ed.gov/dapip/#/institution-profile/109299,,109299,00147900,7,1,1,7,RM,10,0,dapip_action_description,FALSE,removed,public_action_code,,,raw_title,Removal of Monitoring Status
426314,Embry-Riddle Aeronautical University-Worldwide,Florida,"Southern Association of Colleges and Schools, Commission on Colleges",warning,Probation or Equivalent or a More Severe Status: Warning,active,2019-06-13,2019,,,DAPIP Institutional Accreditation Action,Probation or Equivalent or a More Severe Status: Warning,2026-06-07 21:21:47.702289,https://ope.ed.gov/dapip/#/institution-profile/109299,,109299,00147900,7,1,1,2,PW,6,0,dapip_action_description,FALSE,warning,public_action_code,,,raw_title,Placed on warning
426314,Embry-Riddle Aeronautical University-Worldwide,Florida,"Southern Association of Colleges and Schools, Commission on Colleges",notice,Warning or Equivalent-Factors Affecting Academic Quality,active,2019-06-11,2019,,,DAPIP Institutional Accreditation Action,Warning or Equivalent-Factors Affecting Academic Quality,2026-06-07 21:21:47.72725,https://ope.ed.gov/dapip/#/institution-profile/109299,,109299,00147900,7,1,1,3,WE,6,0,dapip_action_description,FALSE,monitoring_or_notice,public_action_code,,,raw_title,Warning or Equivalent-Factors Affecting Academic Quality
439701,The King's University,Texas,"Association for Biblical Higher Education, Commission on Accreditation",adverse_action,Loss of Accreditation or Preaccreditation: Voluntary Withdrawal,active,2024-10-17,2024,,,DAPIP Institutional Accreditation Action,Loss of Accreditation or Preaccreditation: Voluntary Withdrawal,2026-06-07 21:21:54.105089,https://ope.ed.gov/dapip/#/institution-profile/168449,,168449,03516300,13,1,1,2,R,10,0,dapip_action_description,FALSE,withdrawal_or_loss,public_action_code,,,raw_title,Voluntarily Surrendered Accreditation
440794,Pillar College,New Jersey,Middle States Commission on Higher Education,probation,"To place the institution on probation and note that the institution's accreditation is in jeopardy because of insufficient evidence that the institution is currently in compliance with Standard V (Educational Effectiveness Assessment), Standard VI (Planning, Resources, and Institutional Improvement), and former Requirements of Affiliation 9, 11, and 12.",active,2024-06-27,2024,,,DAPIP Institutional Accreditation Action,Probation or Equivalent or a More Severe Status: Probation,2026-06-07 21:21:56.378616,https://ope.ed.gov/dapip/#/institution-profile/169257,,169257,03666300,1,1,1,4,P,1,18828,dapip_file_text,FALSE,probation,public_action_code,C:/Users/mv3031/Desktop/Financial_Health_Project/Financial Health Tracker - For Github/data_pipelines/accreditation/cache/dapip/pdfs/169257_action-4_file-18828.pdf,C:/Users/mv3031/Desktop/Financial_Health_Project/Financial Health Tracker - For Github/data_pipelines/accreditation/cache/dapip/text/169257_action-4_file-18828.txt,pdf_body,"Placed on Probation for insufficient evidence of compliance with Standard V (Educational Effectiveness Assessment) and Standard VI (Planning, Resources, and Institutional Improvement) and former Requirements of Affiliation 9, 11, and 12"
444787,Nightingale College,Utah,Accrediting Bureau of Health Education Schools,adverse_action,Loss of Accreditation or Preaccreditation: Voluntary Withdrawal,active,2023-05-30,2023,,,DAPIP Institutional Accreditation Action,"Loss of Accreditation or Preaccreditation: Voluntary Withdrawal | The institution automatically relinquishes its accreditation, without a right of appeal. Accordingly, the institution’s file will reflect relinquishment of institutional accreditation, effective May 24, 2023.",2026-06-07 21:22:03.289112,https://ope.ed.gov/dapip/#/institution-profile/172796,,172796,03838300,23,1,1,3,R,99,0,dapip_action_description,FALSE,withdrawal_or_loss,public_action_code,,,raw_title,Voluntarily Surrendered Accreditation
445692,Neumont College of Computer Science,Utah,Accrediting Commission of Career Schools and Colleges,adverse_action,Loss of Accreditation or Preaccreditation: Voluntary Withdrawal,active,2022-10-03,2022,,,DAPIP Institutional Accreditation Action,Loss of Accreditation or Preaccreditation: Voluntary Withdrawal | School voluntarily withdrew from ACCSC Accreditation effective 10/3/2022.,2026-06-07 21:22:04.826858,https://ope.ed.gov/dapip/#/institution-profile/173708,,173708,01009800,15,1,1,2,R,99,0,dapip_action_description,FALSE,withdrawal_or_loss,public_action_code,,,raw_title,Voluntarily Surrendered Accreditation
447050,United States University,California,WASC Senior College and University Commission ,removed,Removal of Monitoring Status,resolved,2019-02-22,2019,,,DAPIP Institutional Accreditation Action,Removal of Monitoring Status,2026-06-07 21:22:09.388493,https://ope.ed.gov/dapip/#/institution-profile/190132,,190132,04005300,10,1,1,4,RM,9,0,dapip_action_description,FALSE,removed,public_action_code,,,raw_title,Monitoring status removed
449764,Visible Music College,Tennessee,"Transnational Association of Christian Colleges and Schools, Accreditation Commission",removed,Removal of Show Cause Status,resolved,2026-04-27,2026,,,DAPIP Institutional Accreditation Action,Removal of Show Cause Status,2026-06-07 21:22:13.36199,https://ope.ed.gov/dapip/#/institution-profile/183433,,183433,03982300,19,1,1,8,RS,9,0,dapip_action_description,FALSE,removed,public_action_code,,,raw_title,Removal of Show Cause Status
449764,Visible Music College,Tennessee,"Transnational Association of Christian Colleges and Schools, Accreditation Commission",removed,Removal of Show Cause Status,resolved,2026-04-27,2026,,,DAPIP Institutional Accreditation Action,Removal of Show Cause Status,2026-06-07 21:22:13.39153,https://ope.ed.gov/dapip/#/institution-profile/183433,,183433,03982300,19,1,1,9,RS,9,0,dapip_action_description,FALSE,removed,public_action_code,,,raw_title,Removal of Show Cause Status
449764,Visible Music College,Tennessee,"Transnational Association of Christian Colleges and Schools, Accreditation Commission",show_cause,"TRANSNATIONAL ASSOCIATION OF CHRISTIAN COLLEGES AND SCHOOLS (TRACS) ACCREDITATION COMMISSION ACTION Public Disclosure Statement for Visible Music College Memphis, TN Continued Under ACCREDITED – SHOW CAUSE Status Issued by the Accreditation Commission on November 17, 2025 Visible Music College: The following information is provided by the Transnational Association of Christian Colleges and Schools (TRACS) regarding the current status of Visible Music College (VMC).",active,2025-10-21,2025,,,DAPIP Institutional Accreditation Action,Probation or Equivalent or a More Severe Status: Show Cause,2026-06-07 21:22:13.426651,https://ope.ed.gov/dapip/#/institution-profile/183433,,183433,03982300,19,1,1,7,SC,3,27511,dapip_file_text,FALSE,show_cause,public_action_code,C:/Users/mv3031/Desktop/Financial_Health_Project/Financial Health Tracker - For Github/data_pipelines/accreditation/cache/dapip/pdfs/183433_action-7_file-27511.pdf,C:/Users/mv3031/Desktop/Financial_Health_Project/Financial Health Tracker - For Github/data_pipelines/accreditation/cache/dapip/text/183433_action-7_file-27511.txt,pdf_body,"TRANSNATIONAL ASSOCIATION OF CHRISTIAN COLLEGES AND SCHOOLS (TRACS) accreditation COMMISSION ACTION Public Disclosure Statement for Visible Music College Memphis, TN Continued Under ACCREDITED – SHOW CAUSE Status Issued by the accreditation Commission on November 17, 2025 Visible Music College: The following information is provided by the Transnational Association of Christian Colleges and Schools (TRACS) regarding the current status of Visible Music College (VMC)."
449764,Visible Music College,Tennessee,"Transnational Association of Christian Colleges and Schools, Accreditation Commission",show_cause,"TRANSNATIONAL ASSOCIATION OF CHRISTIAN COLLEGES AND SCHOOLS (TRACS) ACCREDITATION COMMISSION ACTION Public Disclosure Statement Regarding the Change of Status for Visible Music College Memphis, TN From ACCREDITED – PROBATION to ACCREDITED – SHOW CAUSE Issued by the Accreditation Commission on May 23, 2025 Visible Music College: The following information is provided by the Transnational Association of Christian Colleges and Schools (TRACS) regarding the current status of Visible Music College (VMC).",active,2025-04-28,2025,,,DAPIP Institutional Accreditation Action,Probation or Equivalent or a More Severe Status: Show Cause,2026-06-07 21:22:13.462469,https://ope.ed.gov/dapip/#/institution-profile/183433,,183433,03982300,19,1,1,6,SC,3,21773,dapip_file_text,FALSE,show_cause,public_action_code,C:/Users/mv3031/Desktop/Financial_Health_Project/Financial Health Tracker - For Github/data_pipelines/accreditation/cache/dapip/pdfs/183433_action-6_file-21773.pdf,C:/Users/mv3031/Desktop/Financial_Health_Project/Financial Health Tracker - For Github/data_pipelines/accreditation/cache/dapip/text/183433_action-6_file-21773.txt,pdf_body,"TRANSNATIONAL ASSOCIATION OF CHRISTIAN COLLEGES AND SCHOOLS (TRACS) accreditation COMMISSION ACTION Public Disclosure Statement Regarding the Change of Status for Visible Music College Memphis, TN From ACCREDITED – Probation to ACCREDITED – SHOW CAUSE Issued by the accreditation Commission on May 23, 2025 Visible Music College: The following information is provided by the Transnational Association of Christian Colleges and Schools (TRACS) regarding the current status of Visible Music College (VMC)."
449764,Visible Music College,Tennessee,"Transnational Association of Christian Colleges and Schools, Accreditation Commission",probation,"TRANSNATIONAL ASSOCIATION OF CHRISTIAN COLLEGES AND SCHOOLS (TRACS) ACCREDITATION COMMISSION ACTION Public Disclosure Statement Regarding the Change of Status for Visible Music College Memphis, TN From ACCREDITED to ACCREDITED – PROBATION Issued by the Accreditation Commission on May 10, 2024 Visible Music College: The following information is provided by the Transnational Association of Christian Colleges and Schools (TRACS) regarding the current status of Visible Music College (VMC).",active,2024-04-22,2024,,,DAPIP Institutional Accreditation Action,Probation or Equivalent or a More Severe Status: Probation,2026-06-07 21:22:13.525107,https://ope.ed.gov/dapip/#/institution-profile/183433,,183433,03982300,19,1,1,5,P,3,18372,dapip_file_text,FALSE,probation,public_action_code,C:/Users/mv3031/Desktop/Financial_Health_Project/Financial Health Tracker - For Github/data_pipelines/accreditation/cache/dapip/pdfs/183433_action-5_file-18372.pdf,C:/Users/mv3031/Desktop/Financial_Health_Project/Financial Health Tracker - For Github/data_pipelines/accreditation/cache/dapip/text/183433_action-5_file-18372.txt,pdf_body,"TRANSNATIONAL ASSOCIATION OF CHRISTIAN COLLEGES AND SCHOOLS (TRACS) accreditation COMMISSION ACTION Public Disclosure Statement Regarding the Change of Status for Visible Music College Memphis, TN From ACCREDITED to ACCREDITED – Probation Issued by the accreditation Commission on May 10, 2024 Visible Music College: The following information is provided by the Transnational Association of Christian Colleges and Schools (TRACS) regarding the current status of Visible Music College (VMC)."
451103,Miami Regional University,Florida,Accrediting Commission of Career Schools and Colleges,adverse_action,Loss of Accreditation or Preaccreditation: Voluntary Withdrawal,active,2023-04-27,2023,,,DAPIP Institutional Accreditation Action,Loss of Accreditation or Preaccreditation: Voluntary Withdrawal | School voluntarily withdrew from ACCSC effective 4/27/23.,2026-06-07 21:22:14.738594,https://ope.ed.gov/dapip/#/institution-profile/189149,,189149,04128400,15,1,1,1,R,99,0,dapip_action_description,FALSE,withdrawal_or_loss,public_action_code,,,raw_title,Voluntarily Surrendered Accreditation
454829,Aspen University,Arizona,Distance Education Accrediting Commission,removed,Removal of Show Cause Status,resolved,2024-06-21,2024,,,DAPIP Institutional Accreditation Action,Removal of Show Cause Status,2026-06-07 21:22:19.282859,https://ope.ed.gov/dapip/#/institution-profile/183008,,183008,04080300,18,1,1,6,RS,9,0,dapip_action_description,FALSE,removed,public_action_code,,,raw_title,Removal of Show Cause Status
454829,Aspen University,Arizona,Distance Education Accrediting Commission,show_cause,"Arnauld: The Distance Education Accrediting Commission (the Commission) met on March 25, 2024 to consider its February 1, 2023 show cause directive (as amended by the Commission’s September 7, 2023 directive expanding the February 1 directive to encompass Standard XI.",active,2024-03-25,2024,,,DAPIP Institutional Accreditation Action,Probation or Equivalent or a More Severe Status: Show Cause | DEAC continued existing show cause directive based on concerns outlined in attached letter.,2026-06-07 21:22:19.328325,https://ope.ed.gov/dapip/#/institution-profile/183008,,183008,04080300,18,1,1,5,SC,99,18269,dapip_file_text,FALSE,show_cause,public_action_code,C:/Users/mv3031/Desktop/Financial_Health_Project/Financial Health Tracker - For Github/data_pipelines/accreditation/cache/dapip/pdfs/183008_action-5_file-18269.pdf,C:/Users/mv3031/Desktop/Financial_Health_Project/Financial Health Tracker - For Github/data_pipelines/accreditation/cache/dapip/text/183008_action-5_file-18269.txt,pdf_body,"Arnauld: The Distance Education Accrediting Commission (the Commission) met on March 25, 2024 to consider its February 1, 2023 show cause directive (as amended by the Commission’s September 7, 2023 directive expanding the February 1 directive to encompass Standard XI."
454829,Aspen University,Arizona,Distance Education Accrediting Commission,show_cause,"The financial statements were reviewed in the context of 1) the Commission’s continued concern over AU’s financial position and the institution’s compliance with DEAC Accreditation Standard XI; 2) the March 13, 2023 announcement by AU’s parent, Aspen Group, Inc.",active,2023-09-05,2023,,,DAPIP Institutional Accreditation Action,Probation or Equivalent or a More Severe Status: Show Cause | DEAC expanded existing show cause directive to include DEAC Accreditation Standard XI Financial Responsibility.,2026-06-07 21:22:19.364921,https://ope.ed.gov/dapip/#/institution-profile/183008,,183008,04080300,18,1,1,4,SC,99,16805,dapip_file_text,FALSE,show_cause,public_action_code,C:/Users/mv3031/Desktop/Financial_Health_Project/Financial Health Tracker - For Github/data_pipelines/accreditation/cache/dapip/pdfs/183008_action-4_file-16805.pdf,C:/Users/mv3031/Desktop/Financial_Health_Project/Financial Health Tracker - For Github/data_pipelines/accreditation/cache/dapip/text/183008_action-4_file-16805.txt,pdf_body,"The financial statements were reviewed in the context of 1) the Commission’s continued concern over AU’s financial position and the institution’s compliance with DEAC accreditation Standard XI; 2) the March 13, 2023 announcement by AU’s parent, Aspen Group, Inc."
454829,Aspen University,Arizona,Distance Education Accrediting Commission,show_cause,"St Arnauld: The Distance Education Accrediting Commission (the Commission) met on January 20, 2023 to review and evaluate the status of Aspen University’s teach-out of the Bachelor of Science in Nursing Pre-licensure (BSN) program, the institution’s position with respect to the Arizona Board of Nursing (AZ-BON) and the Arizona Board of Private Post-secondary Education (AZPPSE), and the institution’s ongoing compliance with DEAC accreditation standards.",active,2023-01-20,2023,,,DAPIP Institutional Accreditation Action,Probation or Equivalent or a More Severe Status: Show Cause,2026-06-07 21:22:19.415369,https://ope.ed.gov/dapip/#/institution-profile/183008,,183008,04080300,18,1,1,3,SC,1,14662,dapip_file_text,FALSE,show_cause,public_action_code,C:/Users/mv3031/Desktop/Financial_Health_Project/Financial Health Tracker - For Github/data_pipelines/accreditation/cache/dapip/pdfs/183008_action-3_file-14662.pdf,C:/Users/mv3031/Desktop/Financial_Health_Project/Financial Health Tracker - For Github/data_pipelines/accreditation/cache/dapip/text/183008_action-3_file-14662.txt,pdf_body,"St Arnauld: The Distance Education Accrediting Commission (the Commission) met on January 20, 2023 to review and evaluate the status of Aspen University’s teach-out of the Bachelor of Science in Nursing Pre-licensure (BSN) program, the institution’s position with respect to the Arizona Board of Nursing (AZ-BON) and the Arizona Board of Private Post-secondary Education (AZPPSE), and the institution’s ongoing compliance with DEAC accreditation standards."
455770,Providence Christian College,California,WASC Senior College and University Commission ,probation,"At that meeting, the Commission acted to place Providence Christian College on Probation.",active,2025-02-14,2025,,,DAPIP Institutional Accreditation Action,Probation or Equivalent or a More Severe Status: Probation,2026-06-07 21:22:21.642971,https://ope.ed.gov/dapip/#/institution-profile/209472,,209472,04153900,10,1,1,2,P,3,21036,dapip_file_text,FALSE,probation,public_action_code,C:/Users/mv3031/Desktop/Financial_Health_Project/Financial Health Tracker - For Github/data_pipelines/accreditation/cache/dapip/pdfs/209472_action-2_file-21036.pdf,C:/Users/mv3031/Desktop/Financial_Health_Project/Financial Health Tracker - For Github/data_pipelines/accreditation/cache/dapip/text/209472_action-2_file-21036.txt,pdf_body,Placed on Probation because it is out of compliance with standards concerning financial sustainability and quality assurance
459949,Texas A&M University-San Antonio,Texas,"Southern Association of Colleges and Schools, Commission on Colleges",notice,"Based only on those reviewed standards, the institution is requested to submit a Referral Report due April 1, 2026, addressing the standards of the Principles identified below.",active,2025-04-25,2025,,,DAPIP Institutional Accreditation Action,Heightened Monitoring or Focused Review,2026-06-07 21:22:25.722924,https://ope.ed.gov/dapip/#/institution-profile/246099,,246099,04248500,7,1,1,9,HM,9,27299,dapip_file_text,FALSE,monitoring_or_notice,public_action_code,C:/Users/mv3031/Desktop/Financial_Health_Project/Financial Health Tracker - For Github/data_pipelines/accreditation/cache/dapip/pdfs/246099_action-9_file-27299.pdf,C:/Users/mv3031/Desktop/Financial_Health_Project/Financial Health Tracker - For Github/data_pipelines/accreditation/cache/dapip/text/246099_action-9_file-27299.txt,pdf_body,Requested to submit a Referral Report documenting compliance with accreditation standards
459949,Texas A&M University-San Antonio,Texas,"Southern Association of Colleges and Schools, Commission on Colleges",notice,"Based only on those reviewed standards, the institution is requested to submit a Referral Report due April 1, 2026, addressing the standards of the Principles identified below.",active,2025-04-25,2025,,,DAPIP Institutional Accreditation Action,Heightened Monitoring or Focused Review,2026-06-07 21:22:25.802984,https://ope.ed.gov/dapip/#/institution-profile/246099,,246099,04248500,7,1,1,12,HM,6,29460,dapip_file_text,FALSE,monitoring_or_notice,public_action_code,C:/Users/mv3031/Desktop/Financial_Health_Project/Financial Health Tracker - For Github/data_pipelines/accreditation/cache/dapip/pdfs/246099_action-12_file-29460.pdf,C:/Users/mv3031/Desktop/Financial_Health_Project/Financial Health Tracker - For Github/data_pipelines/accreditation/cache/dapip/text/246099_action-12_file-29460.txt,pdf_body,Requested to submit a Referral Report documenting compliance with accreditation standards
459994,Strayer University-Global Region,District of Columbia,Middle States Commission on Higher Education,other,Grant Substantive Change: Ownership,active,2025-08-28,2025,,,DAPIP Institutional Accreditation Action,"Grant Substantive Change: Ownership | To include the change in legal status, form of control, and ownership within the institution's scope of accreditation, effective September 8, 2025. To note that the complex substantive change request includes Strayer University's acquisition, through stock transfer, of the Media Design School (MDS)",2026-06-07 21:22:27.060267,https://ope.ed.gov/dapip/#/institution-profile/108968,,108968,00145900,1,1,1,36,GO,99,0,dapip_action_description,FALSE,ownership_change,public_action_code,,,raw_title,Grant Substantive Change: Ownership
461883,Millennia Atlantic University,Florida,Accrediting Council for Independent Colleges and Schools,adverse_action,"Aristides Maza Duerto President Millennia Atlantic University 3801 NW 97th Avenue Doral, FL 33178 Subject: Acknowledgment of Notification to Voluntarily Withdraw Accreditation Dear Dr.",active,2022-06-24,2022,,,DAPIP Institutional Accreditation Action,Loss of Accreditation or Preaccreditation: Voluntary Withdrawal,2026-06-07 21:22:31.104694,https://ope.ed.gov/dapip/#/institution-profile/217174,,217174,04182500,16,1,1,4,R,10,13430,dapip_file_text,FALSE,withdrawal_or_loss,public_action_code,C:/Users/mv3031/Desktop/Financial_Health_Project/Financial Health Tracker - For Github/data_pipelines/accreditation/cache/dapip/pdfs/217174_action-4_file-13430.pdf,C:/Users/mv3031/Desktop/Financial_Health_Project/Financial Health Tracker - For Github/data_pipelines/accreditation/cache/dapip/text/217174_action-4_file-13430.txt,pdf_body,"Aristides Maza Duerto President Millennia Atlantic University 3801 NW 97th Avenue Doral, FL 33178 Subject: Acknowledgment of Notification to Voluntarily Withdraw accreditation Dear Dr."
480198,Warner Pacific University Professional and Graduate Studies,Oregon,Northwest Commission on Colleges and Universities,warning,"Accreditation Accept the Report, Issue a Sanction of Warning on Recommendation 2: Spring 2020 Evaluation of Institutional Effectiveness Status of Previous Recommendations Addressed in this Evaluation • Recommendation 2: Spring 2020 Evaluation of Institutional Effectiveness - Continued as Non-Compliant Recommendations Out of Compliance The Commission finds that the following Recommendations are areas where Warner Pacific University is out of compliance with the NWCCU Standards for Accreditation.",active,2024-07-12,2024,,,DAPIP Institutional Accreditation Action,Probation or Equivalent or a More Severe Status: Warning,2026-06-07 21:22:35.43979,https://ope.ed.gov/dapip/#/institution-profile/138530,,138530,00322500,6,1,1,2,PW,6,18870,dapip_file_text,FALSE,warning,public_action_code,C:/Users/mv3031/Desktop/Financial_Health_Project/Financial Health Tracker - For Github/data_pipelines/accreditation/cache/dapip/pdfs/138530_action-2_file-18870.pdf,C:/Users/mv3031/Desktop/Financial_Health_Project/Financial Health Tracker - For Github/data_pipelines/accreditation/cache/dapip/text/138530_action-2_file-18870.txt,pdf_body,Placed on Warning
480781,California Miramar University,California,Accrediting Council for Independent Colleges and Schools,adverse_action,Loss of Accreditation or Preaccreditation: Voluntary Withdrawal,active,2019-10-23,2019,,,DAPIP Institutional Accreditation Action,Loss of Accreditation or Preaccreditation: Voluntary Withdrawal | Voluntary Withdrawal,2026-06-07 21:22:35.825179,https://ope.ed.gov/dapip/#/institution-profile/211103,,211103,04189700,16,1,1,5,R,99,0,dapip_action_description,FALSE,withdrawal_or_loss,public_action_code,,,raw_title,Voluntarily Surrendered Accreditation
480781,California Miramar University,California,Distance Education Accrediting Commission,other,Grant Substantive Change: Ownership,active,2023-10-06,2023,,,DAPIP Institutional Accreditation Action,"Grant Substantive Change: Ownership | DEAC approved a change in ownership application from California Miramar University on October 6, 2023. The change in ownership/control took place November 1, 2023. A follow up on site visit will occur within six months.",2026-06-07 21:22:36.173018,https://ope.ed.gov/dapip/#/institution-profile/211103,,211103,04189700,18,1,2,8,GO,99,0,dapip_action_description,FALSE,ownership_change,public_action_code,,,raw_title,Grant Substantive Change: Ownership
480781,California Miramar University,California,Distance Education Accrediting Commission,removed,Removal of Show Cause Status,resolved,2022-06-22,2022,,,DAPIP Institutional Accreditation Action,Removal of Show Cause Status | The institution has made progress toward resolution of compliance issues.,2026-06-07 21:22:36.219308,https://ope.ed.gov/dapip/#/institution-profile/211103,,211103,04189700,18,1,2,6,RS,99,0,dapip_action_description,FALSE,removed,public_action_code,,,raw_title,Removal of Show Cause Status
480781,California Miramar University,California,Distance Education Accrediting Commission,show_cause,"Vazquez The Distance Education Accrediting Commission (the Commission) met on January 28, 2022 and considered its June 18, 2021 decision to direct California Miramar University (CMU) to show cause why its accreditation should not be withdrawn and its October 12, 2021 decision to continue the show cause directive.",active,2022-01-28,2022,,,DAPIP Institutional Accreditation Action,Probation or Equivalent or a More Severe Status: Show Cause,2026-06-07 21:22:36.265648,https://ope.ed.gov/dapip/#/institution-profile/211103,,211103,04189700,18,1,2,5,SC,1,12247,dapip_file_text,FALSE,show_cause,public_action_code,C:/Users/mv3031/Desktop/Financial_Health_Project/Financial Health Tracker - For Github/data_pipelines/accreditation/cache/dapip/pdfs/211103_action-5_file-12247.pdf,C:/Users/mv3031/Desktop/Financial_Health_Project/Financial Health Tracker - For Github/data_pipelines/accreditation/cache/dapip/text/211103_action-5_file-12247.txt,pdf_body,"Vazquez The Distance Education Accrediting Commission (the Commission) met on January 28, 2022 and considered its June 18, 2021 decision to direct California Miramar University (CMU) to show cause why its accreditation should not be withdrawn and its October 12, 2021 decision to continue the show cause directive."
480781,California Miramar University,California,Distance Education Accrediting Commission,show_cause,"Walker: The Distance Education Accrediting Commission (DEAC or the Commission) met on October 12, 2021 and considered the July 30, 2021 and September 2, 2021 submissions that California Miramar University (CMU) provided in response to the Commission’s July 16, 2021 Show Cause directive.",active,2021-10-12,2021,,,DAPIP Institutional Accreditation Action,Probation or Equivalent or a More Severe Status: Show Cause,2026-06-07 21:22:36.314174,https://ope.ed.gov/dapip/#/institution-profile/211103,,211103,04189700,18,1,2,4,SC,1,11318,dapip_file_text,FALSE,show_cause,public_action_code,C:/Users/mv3031/Desktop/Financial_Health_Project/Financial Health Tracker - For Github/data_pipelines/accreditation/cache/dapip/pdfs/211103_action-4_file-11318.pdf,C:/Users/mv3031/Desktop/Financial_Health_Project/Financial Health Tracker - For Github/data_pipelines/accreditation/cache/dapip/text/211103_action-4_file-11318.txt,pdf_body,"Walker: The Distance Education Accrediting Commission (DEAC or the Commission) met on October 12, 2021 and considered the July 30, 2021 and September 2, 2021 submissions that California Miramar University (CMU) provided in response to the Commission’s July 16, 2021 Show Cause directive."
480781,California Miramar University,California,Distance Education Accrediting Commission,show_cause,"Upon review of this record, the Commission voted to direct CMU to show cause why its accreditation should not be withdrawn.",active,2021-06-18,2021,,,DAPIP Institutional Accreditation Action,Probation or Equivalent or a More Severe Status: Show Cause,2026-06-07 21:22:36.35856,https://ope.ed.gov/dapip/#/institution-profile/211103,,211103,04189700,18,1,2,3,SC,1,10080,dapip_file_text,FALSE,show_cause,public_action_code,C:/Users/mv3031/Desktop/Financial_Health_Project/Financial Health Tracker - For Github/data_pipelines/accreditation/cache/dapip/pdfs/211103_action-3_file-10080.pdf,C:/Users/mv3031/Desktop/Financial_Health_Project/Financial Health Tracker - For Github/data_pipelines/accreditation/cache/dapip/text/211103_action-3_file-10080.txt,pdf_body,"Upon review of this record, the Commission voted to direct CMU to show cause why its accreditation should not be withdrawn."
481058,Grace Mission University,California,"Association for Biblical Higher Education, Commission on Accreditation",adverse_action,Loss of Accreditation or Preaccreditation: Voluntary Withdrawal,active,2024-08-27,2024,,,DAPIP Institutional Accreditation Action,Loss of Accreditation or Preaccreditation: Voluntary Withdrawal,2026-06-07 21:22:36.721516,https://ope.ed.gov/dapip/#/institution-profile/210702,,210702,04157800,13,1,1,3,R,10,0,dapip_action_description,FALSE,withdrawal_or_loss,public_action_code,,,raw_title,Voluntarily Surrendered Accreditation
482149,Augusta University,Georgia,"Southern Association of Colleges and Schools, Commission on Colleges",removed,"Keen: The following action regarding your institution was taken by the Board of Trustees of the Southern Association of Colleges and Schools Commission on Colleges (SACSCOC) during its meeting held on June 12, 2025: The SACSCOC Board of Trustees reviewed the institution’s Second Monitoring Report following submission of a Referral Report in June 2023.",resolved,2025-06-12,2025,,,DAPIP Institutional Accreditation Action,Removal of Monitoring Status,2026-06-07 21:22:40.22275,https://ope.ed.gov/dapip/#/institution-profile/231730,,231730,00157900,7,1,1,8,RM,9,25424,dapip_file_text,FALSE,removed,public_action_code,C:/Users/mv3031/Desktop/Financial_Health_Project/Financial Health Tracker - For Github/data_pipelines/accreditation/cache/dapip/pdfs/231730_action-8_file-25424.pdf,C:/Users/mv3031/Desktop/Financial_Health_Project/Financial Health Tracker - For Github/data_pipelines/accreditation/cache/dapip/text/231730_action-8_file-25424.txt,pdf_body,No additional report requested after the Second Monitoring Report
482149,Augusta University,Georgia,"Southern Association of Colleges and Schools, Commission on Colleges",notice,"Keel: The following action regarding your institution was taken by the Board of Trustees of the Southern Association of Colleges and Schools Commission on Colleges (SACSCOC) during its meeting held on June 13, 2024: The SACSCOC Board of Trustees reviewed the institution’s First Monitoring Report following submission of a Referral Report in June 2023.",active,2024-06-13,2024,,,DAPIP Institutional Accreditation Action,Heightened Monitoring or Focused Review,2026-06-07 21:22:40.377909,https://ope.ed.gov/dapip/#/institution-profile/231730,,231730,00157900,7,1,1,5,HM,6,25421,dapip_file_text,FALSE,monitoring_or_notice,public_action_code,C:/Users/mv3031/Desktop/Financial_Health_Project/Financial Health Tracker - For Github/data_pipelines/accreditation/cache/dapip/pdfs/231730_action-5_file-25421.pdf,C:/Users/mv3031/Desktop/Financial_Health_Project/Financial Health Tracker - For Github/data_pipelines/accreditation/cache/dapip/text/231730_action-5_file-25421.txt,pdf_body,Requested to Submit a Monitoring Report on Qualified Administrative/Academic Officers
482149,Augusta University,Georgia,"Southern Association of Colleges and Schools, Commission on Colleges",notice,Heightened Monitoring or Focused Review,active,2023-06-15,2023,,,DAPIP Institutional Accreditation Action,Heightened Monitoring or Focused Review,2026-06-07 21:22:40.417813,https://ope.ed.gov/dapip/#/institution-profile/231730,,231730,00157900,7,1,1,2,HM,6,0,dapip_action_description,FALSE,monitoring_or_notice,public_action_code,,,raw_title,Heightened monitoring or focused review
482149,Augusta University,Georgia,"Southern Association of Colleges and Schools, Commission on Colleges",notice,"Keel: The following action regarding your institution was taken by the Board of Trustees of the Southern Association of Colleges and Schools Commission on Colleges (SACSCOC)during its meeting held on June 15, 2023: The SACSCOC Board of Trustees reviewed the institution's Referral Report and requested a Monitoring Report due April 1, 2024, addressing the following referenced standards of the Principles of Accreditation: Standard 5.",active,2023-06-15,2023,,,DAPIP Institutional Accreditation Action,Heightened Monitoring or Focused Review,2026-06-07 21:22:40.460883,https://ope.ed.gov/dapip/#/institution-profile/231730,,231730,00157900,7,1,1,4,HM,6,25420,dapip_file_text,FALSE,monitoring_or_notice,public_action_code,C:/Users/mv3031/Desktop/Financial_Health_Project/Financial Health Tracker - For Github/data_pipelines/accreditation/cache/dapip/pdfs/231730_action-4_file-25420.pdf,C:/Users/mv3031/Desktop/Financial_Health_Project/Financial Health Tracker - For Github/data_pipelines/accreditation/cache/dapip/text/231730_action-4_file-25420.txt,pdf_body,Requested to Submit a Monitoring Report on Qualified Administrative/Academic Officers
482149,Augusta University,Georgia,"Southern Association of Colleges and Schools, Commission on Colleges",notice,Heightened Monitoring or Focused Review,active,2022-06-16,2022,,,DAPIP Institutional Accreditation Action,Heightened Monitoring or Focused Review,2026-06-07 21:22:40.52726,https://ope.ed.gov/dapip/#/institution-profile/231730,,231730,00157900,7,1,1,3,HM,6,25419,dapip_action_description,FALSE,monitoring_or_notice,public_action_code,C:/Users/mv3031/Desktop/Financial_Health_Project/Financial Health Tracker - For Github/data_pipelines/accreditation/cache/dapip/pdfs/231730_action-3_file-25419.pdf,C:/Users/mv3031/Desktop/Financial_Health_Project/Financial Health Tracker - For Github/data_pipelines/accreditation/cache/dapip/text/231730_action-3_file-25419.txt,raw_title,Heightened monitoring or focused review
482158,Middle Georgia State University,Georgia,"Southern Association of Colleges and Schools, Commission on Colleges",removed,Removal of Monitoring Status,resolved,2022-12-04,2022,,,DAPIP Institutional Accreditation Action,Removal of Monitoring Status,2026-06-07 21:22:41.325615,https://ope.ed.gov/dapip/#/institution-profile/234474,,234474,00158100,7,1,1,3,RM,10,0,dapip_action_description,FALSE,removed,public_action_code,,,raw_title,Removal of Monitoring Status
482158,Middle Georgia State University,Georgia,"Southern Association of Colleges and Schools, Commission on Colleges",notice,Heightened Monitoring or Focused Review,active,2022-06-15,2022,,,DAPIP Institutional Accreditation Action,Heightened Monitoring or Focused Review,2026-06-07 21:22:41.740909,https://ope.ed.gov/dapip/#/institution-profile/234474,,234474,00158100,7,1,1,20,HM,6,28862,dapip_action_description,FALSE,monitoring_or_notice,public_action_code,C:/Users/mv3031/Desktop/Financial_Health_Project/Financial Health Tracker - For Github/data_pipelines/accreditation/cache/dapip/pdfs/234474_action-20_file-28862.pdf,C:/Users/mv3031/Desktop/Financial_Health_Project/Financial Health Tracker - For Github/data_pipelines/accreditation/cache/dapip/text/234474_action-20_file-28862.txt,raw_title,Heightened monitoring or focused review
482680,University of North Georgia,Georgia,"Southern Association of Colleges and Schools, Commission on Colleges",notice,Heightened Monitoring or Focused Review,active,2023-12-03,2023,,,DAPIP Institutional Accreditation Action,Heightened Monitoring or Focused Review,2026-06-07 21:22:42.337793,https://ope.ed.gov/dapip/#/institution-profile/234492,,234492,00158500,7,1,1,3,HM,9,27819,dapip_action_description,FALSE,monitoring_or_notice,public_action_code,C:/Users/mv3031/Desktop/Financial_Health_Project/Financial Health Tracker - For Github/data_pipelines/accreditation/cache/dapip/pdfs/234492_action-3_file-27819.pdf,C:/Users/mv3031/Desktop/Financial_Health_Project/Financial Health Tracker - For Github/data_pipelines/accreditation/cache/dapip/text/234492_action-3_file-27819.txt,raw_title,Heightened monitoring or focused review
482680,University of North Georgia,Georgia,"Southern Association of Colleges and Schools, Commission on Colleges",notice,Heightened Monitoring or Focused Review,active,2022-12-04,2022,,,DAPIP Institutional Accreditation Action,Heightened Monitoring or Focused Review,2026-06-07 21:22:42.588603,https://ope.ed.gov/dapip/#/institution-profile/234492,,234492,00158500,7,1,1,7,HM,6,27827,dapip_action_description,FALSE,monitoring_or_notice,public_action_code,C:/Users/mv3031/Desktop/Financial_Health_Project/Financial Health Tracker - For Github/data_pipelines/accreditation/cache/dapip/pdfs/234492_action-7_file-27827.pdf,C:/Users/mv3031/Desktop/Financial_Health_Project/Financial Health Tracker - For Github/data_pipelines/accreditation/cache/dapip/text/234492_action-7_file-27827.txt,raw_title,Heightened monitoring or focused review
482680,University of North Georgia,Georgia,"Southern Association of Colleges and Schools, Commission on Colleges",notice,"Based only on those reviewed standards, the institution should submit a Referral Report due September 8, 2022, addressing the standards of the Principles identified below.",active,2022-06-16,2022,,,DAPIP Institutional Accreditation Action,Heightened Monitoring or Focused Review,2026-06-07 21:22:42.840324,https://ope.ed.gov/dapip/#/institution-profile/234492,,234492,00158500,7,1,1,11,HM,6,27835,dapip_file_text,FALSE,monitoring_or_notice,public_action_code,C:/Users/mv3031/Desktop/Financial_Health_Project/Financial Health Tracker - For Github/data_pipelines/accreditation/cache/dapip/pdfs/234492_action-11_file-27835.pdf,C:/Users/mv3031/Desktop/Financial_Health_Project/Financial Health Tracker - For Github/data_pipelines/accreditation/cache/dapip/text/234492_action-11_file-27835.txt,pdf_body,Requested to submit a Referral Report documenting compliance with accreditation standards
483036,Texas A&M University-Central Texas,Texas,"Southern Association of Colleges and Schools, Commission on Colleges",notice,Heightened Monitoring or Focused Review,active,2024-12-08,2024,,,DAPIP Institutional Accreditation Action,Heightened Monitoring or Focused Review,2026-06-07 21:22:44.8864,https://ope.ed.gov/dapip/#/institution-profile/232052,,232052,04229500,7,1,1,5,HM,9,27267,dapip_action_description,FALSE,monitoring_or_notice,public_action_code,C:/Users/mv3031/Desktop/Financial_Health_Project/Financial Health Tracker - For Github/data_pipelines/accreditation/cache/dapip/pdfs/232052_action-5_file-27267.pdf,C:/Users/mv3031/Desktop/Financial_Health_Project/Financial Health Tracker - For Github/data_pipelines/accreditation/cache/dapip/text/232052_action-5_file-27267.txt,raw_title,Heightened monitoring or focused review
483036,Texas A&M University-Central Texas,Texas,"Southern Association of Colleges and Schools, Commission on Colleges",notice,"Based only on those reviewed standards, the institution should submit a Referral Report due September 8, 2024, addressing the standards of the Principles identified below.",active,2024-04-24,2024,,,DAPIP Institutional Accreditation Action,Heightened Monitoring or Focused Review,2026-06-07 21:22:44.938266,https://ope.ed.gov/dapip/#/institution-profile/232052,,232052,04229500,7,1,1,6,HM,6,27270,dapip_file_text,FALSE,monitoring_or_notice,public_action_code,C:/Users/mv3031/Desktop/Financial_Health_Project/Financial Health Tracker - For Github/data_pipelines/accreditation/cache/dapip/pdfs/232052_action-6_file-27270.pdf,C:/Users/mv3031/Desktop/Financial_Health_Project/Financial Health Tracker - For Github/data_pipelines/accreditation/cache/dapip/text/232052_action-6_file-27270.txt,pdf_body,Requested to submit a Referral Report documenting compliance with accreditation standards
483780,Washington University of Science and Technology,Virginia,Accrediting Commission of Career Schools and Colleges,removed,Accreditation Reaffirmed:  Warning Removed,resolved,2024-03-13,2024,,,DAPIP Institutional Accreditation Action,Accreditation Reaffirmed: Warning Removed,2026-06-07 21:22:46.794747,https://ope.ed.gov/dapip/#/institution-profile/231174,,231174,04219000,15,1,1,4,WR,10,0,dapip_action_description,FALSE,removed,public_action_code,,,raw_title,Warning removed
483780,Washington University of Science and Technology,Virginia,Accrediting Commission of Career Schools and Colleges,notice,"Washington University of Science and Technology – Vienna, Virginia Continued Warning School #M073048 November 17, 2023 Page 9 of 1 ACCSC DISCLOSURE OF COMMISSION ACTION SUMMARY OF GROUNDS FOR WARNING ACTION Washington University of Science and Technology 8133 Leesburg Pike, #230 Vienna, Virginia 22182 The Accrediting Commission of Career School and Colleges has issued a Warning to Washington University of Science and Technology located in Vienna, Virginia.",active,2023-11-17,2023,,,DAPIP Institutional Accreditation Action,Warning or Equivalent-Factors Affecting Academic Quality | See Commission's Summary of Grounds for Warning Action,2026-06-07 21:22:46.851462,https://ope.ed.gov/dapip/#/institution-profile/231174,,231174,04219000,15,1,1,3,WE,99,17219,dapip_file_text,FALSE,monitoring_or_notice,public_action_code,C:/Users/mv3031/Desktop/Financial_Health_Project/Financial Health Tracker - For Github/data_pipelines/accreditation/cache/dapip/pdfs/231174_action-3_file-17219.pdf,C:/Users/mv3031/Desktop/Financial_Health_Project/Financial Health Tracker - For Github/data_pipelines/accreditation/cache/dapip/text/231174_action-3_file-17219.txt,pdf_body,"Washington University of Science and Technology – Vienna, Virginia Continued Warning School #M073048 November 17, 2023 Page 9 of 1 ACCSC DISCLOSURE OF COMMISSION ACTION SUMMARY OF GROUNDS FOR Warning ACTION Washington University of Science and Technology 8133 Leesburg Pike, #230 Vienna, Virginia 22182 The Accrediting Commission of Career School and Colleges has issued a Warning to Washington University of Science and Technology located in Vienna, Virginia."
483780,Washington University of Science and Technology,Virginia,Accrediting Commission of Career Schools and Colleges,notice,Warning or Equivalent-Factors Affecting Academic Quality,active,2023-04-25,2023,,,DAPIP Institutional Accreditation Action,Warning or Equivalent-Factors Affecting Academic Quality | See Commission's website for reasons.,2026-06-07 21:22:46.872943,https://ope.ed.gov/dapip/#/institution-profile/231174,,231174,04219000,15,1,1,1,WE,99,0,dapip_action_description,FALSE,monitoring_or_notice,public_action_code,,,raw_title,Warning or Equivalent-Factors Affecting Academic Quality
483780,Washington University of Science and Technology,Virginia,Accrediting Commission of Career Schools and Colleges,notice,Warning or Equivalent-Factors Affecting Academic Quality,active,2023-04-25,2023,,,DAPIP Institutional Accreditation Action,Warning or Equivalent-Factors Affecting Academic Quality | See Commission's website for reasons.,2026-06-07 21:22:46.898969,https://ope.ed.gov/dapip/#/institution-profile/231174,,231174,04219000,15,1,1,2,WE,99,0,dapip_action_description,FALSE,monitoring_or_notice,public_action_code,,,raw_title,Warning or Equivalent-Factors Affecting Academic Quality
485768,Atlantis University,Florida,Accrediting Commission of Career Schools and Colleges,removed,Accreditation Reaffirmed:  Warning Removed,resolved,2024-02-12,2024,,,DAPIP Institutional Accreditation Action,Accreditation Reaffirmed: Warning Removed,2026-06-07 21:22:49.449625,https://ope.ed.gov/dapip/#/institution-profile/232089,,232089,04233900,15,1,1,6,WR,10,0,dapip_action_description,FALSE,removed,public_action_code,,,raw_title,Warning removed
485768,Atlantis University,Florida,Accrediting Commission of Career Schools and Colleges,notice,"1 Despite the voluntary withdrawal of accreditation and the subsequent closure of Florida Palms University, Atlantis University bears the responsibility for Florida Palms University’s compliance with accrediting standards and for the information submitted to the Commission in the OER response.",active,2023-10-05,2023,,,DAPIP Institutional Accreditation Action,Warning or Equivalent-Factors Affecting Academic Quality | See Commission Letter,2026-06-07 21:22:49.509968,https://ope.ed.gov/dapip/#/institution-profile/232089,,232089,04233900,15,1,1,5,WE,99,18063,dapip_file_text,FALSE,monitoring_or_notice,public_action_code,C:/Users/mv3031/Desktop/Financial_Health_Project/Financial Health Tracker - For Github/data_pipelines/accreditation/cache/dapip/pdfs/232089_action-5_file-18063.pdf,C:/Users/mv3031/Desktop/Financial_Health_Project/Financial Health Tracker - For Github/data_pipelines/accreditation/cache/dapip/text/232089_action-5_file-18063.txt,pdf_body,"1 Despite the voluntary withdrawal of accreditation and the subsequent closure of Florida Palms University, Atlantis University bears the responsibility for Florida Palms University’s compliance with accrediting standards and for the information submitted to the Commission in the OER response."
486488,California Jazz Conservatory,California,"National Association of Schools of Music, Commission on Accreditation",adverse_action,Voluntary Withdrawal Received,active,2025-01-10,2025,,,DAPIP Institutional Accreditation Action,Voluntary Withdrawal Received,2026-06-07 21:22:52.030642,https://ope.ed.gov/dapip/#/institution-profile/238652,,238652,04237600,34,1,1,3,VR,10,0,dapip_action_description,FALSE,withdrawal_or_loss,public_action_code,,,raw_title,Voluntarily Surrendered Accreditation
486488,California Jazz Conservatory,California,"National Association of Schools of Music, Commission on Accreditation",adverse_action,Voluntary Withdrawal Received,active,2025-01-10,2025,,,DAPIP Institutional Accreditation Action,Voluntary Withdrawal Received,2026-06-07 21:22:52.048847,https://ope.ed.gov/dapip/#/institution-profile/238652,,238652,04237600,34,1,1,4,VR,10,0,dapip_action_description,FALSE,withdrawal_or_loss,public_action_code,,,raw_title,Voluntarily Surrendered Accreditation
486840,Kennesaw State University,Georgia,"Southern Association of Colleges and Schools, Commission on Colleges",notice,"Based only on those reviewed standards, the institution is requested to submit a Referral Report due September 8, 2025, addressing the following referenced standard(s) of the Principles: Standard 6.2.b (Program faculty) For each of its educational programs, this standard expects an institution to employ a sufficient number of full-time faculty members to ensure curriculum and program quality, integrity, and review.",active,2025-04-25,2025,,,DAPIP Institutional Accreditation Action,Heightened Monitoring or Focused Review,2026-06-07 21:22:52.478665,https://ope.ed.gov/dapip/#/institution-profile/111434,,111434,00157700,7,1,1,3,HM,6,24406,dapip_file_text,FALSE,monitoring_or_notice,public_action_code,C:/Users/mv3031/Desktop/Financial_Health_Project/Financial Health Tracker - For Github/data_pipelines/accreditation/cache/dapip/pdfs/111434_action-3_file-24406.pdf,C:/Users/mv3031/Desktop/Financial_Health_Project/Financial Health Tracker - For Github/data_pipelines/accreditation/cache/dapip/text/111434_action-3_file-24406.txt,pdf_body,Requested Referral Report on Program faculty
490045,Presbyterian Theological Seminary in America,California,Commission on Accrediting of the Association of Theological Schools,removed,Accreditation Reaffirmed:  Warning Removed,resolved,2025-06-03,2025,,,DAPIP Institutional Accreditation Action,Accreditation Reaffirmed: Warning Removed,2026-06-07 21:22:58.728472,https://ope.ed.gov/dapip/#/institution-profile/186627,,186627,04122800,29,1,1,4,WR,10,0,dapip_action_description,FALSE,removed,public_action_code,,,raw_title,Warning removed
490045,Presbyterian Theological Seminary in America,California,Commission on Accrediting of the Association of Theological Schools,warning,"Rationale if less than maximum period: In light of the warnings on evaluation and shared governance, the period of accreditation is reduced to seven years.",active,2023-06-23,2023,,,DAPIP Institutional Accreditation Action,"Probation or Equivalent or a More Severe Status: Warning | In June 2023, the Board of Commissioners placed the school on warning as it is at risk of not meeting one or more standard(s), specifically those dealing with Evaluation (Educational) and Governance.",2026-06-07 21:22:58.76233,https://ope.ed.gov/dapip/#/institution-profile/186627,,186627,04122800,29,1,1,3,PW,99,20030,dapip_file_text,FALSE,warning,public_action_code,C:/Users/mv3031/Desktop/Financial_Health_Project/Financial Health Tracker - For Github/data_pipelines/accreditation/cache/dapip/pdfs/186627_action-3_file-20030.pdf,C:/Users/mv3031/Desktop/Financial_Health_Project/Financial Health Tracker - For Github/data_pipelines/accreditation/cache/dapip/text/186627_action-3_file-20030.txt,pdf_body,"Rationale if less than maximum period: In light of the Warnings on evaluation and shared governance, the period of accreditation is reduced to seven years."
490124,Los Angeles Academy of Figurative Art,California,"National Association of Schools of Art and Design, Commission on Accreditation",adverse_action,Loss of Accreditation or Preaccreditation: Voluntary Withdrawal,active,2025-05-19,2025,,,DAPIP Institutional Accreditation Action,Loss of Accreditation or Preaccreditation: Voluntary Withdrawal | The institution voluntarily resigned from NASAD accredited institutional membership.,2026-06-07 21:22:59.143892,https://ope.ed.gov/dapip/#/institution-profile/235796,,235796,04248300,32,1,1,3,R,99,0,dapip_action_description,FALSE,withdrawal_or_loss,public_action_code,,,raw_title,Voluntarily Surrendered Accreditation
490133,Westcliff University,California,Distance Education Accrediting Commission,adverse_action,Loss of Accreditation or Preaccreditation: Voluntary Withdrawal,active,2020-03-31,2020,,,DAPIP Institutional Accreditation Action,Loss of Accreditation or Preaccreditation: Voluntary Withdrawal | voluntary withdrawal,2026-06-07 21:22:59.703283,https://ope.ed.gov/dapip/#/institution-profile/234678,,234678,04249600,18,1,1,2,R,99,0,dapip_action_description,FALSE,withdrawal_or_loss,public_action_code,,,raw_title,Voluntarily Surrendered Accreditation
490230,Reformed University,Georgia,"Transnational Association of Christian Colleges and Schools, Accreditation Commission",removed,Accreditation Reaffirmed: Probation Removed,resolved,2026-04-27,2026,,,DAPIP Institutional Accreditation Action,Accreditation Reaffirmed: Probation Removed,2026-06-07 21:23:00.78809,https://ope.ed.gov/dapip/#/institution-profile/236948,,236948,04256700,19,1,1,11,PR,9,0,dapip_action_description,FALSE,removed,public_action_code,,,raw_title,Probation removed
490230,Reformed University,Georgia,"Transnational Association of Christian Colleges and Schools, Accreditation Commission",probation,"TRANSNATIONAL ASSOCIATION OF CHRISTIAN COLLEGES AND SCHOOLS (TRACS) ACCREDITATION COMMISSION ACTION Public Disclosure Statement for Reformed University Lawrenceville, GA Continued Under ACCREDITED – PROBATION Status Issued by the Accreditation Commission on November 17, 2025 Reformed University: The following information is provided by the Transnational Association of Christian Colleges and Schools (TRACS) regarding the current status of Reformed University (RU).",active,2025-10-21,2025,,,DAPIP Institutional Accreditation Action,Probation or Equivalent or a More Severe Status: Probation,2026-06-07 21:23:00.825164,https://ope.ed.gov/dapip/#/institution-profile/236948,,236948,04256700,19,1,1,10,P,3,27512,dapip_file_text,FALSE,probation,public_action_code,C:/Users/mv3031/Desktop/Financial_Health_Project/Financial Health Tracker - For Github/data_pipelines/accreditation/cache/dapip/pdfs/236948_action-10_file-27512.pdf,C:/Users/mv3031/Desktop/Financial_Health_Project/Financial Health Tracker - For Github/data_pipelines/accreditation/cache/dapip/text/236948_action-10_file-27512.txt,pdf_body,"TRANSNATIONAL ASSOCIATION OF CHRISTIAN COLLEGES AND SCHOOLS (TRACS) accreditation COMMISSION ACTION Public Disclosure Statement for Reformed University Lawrenceville, GA Continued Under ACCREDITED – Probation Status Issued by the accreditation Commission on November 17, 2025 Reformed University: The following information is provided by the Transnational Association of Christian Colleges and Schools (TRACS) regarding the current status of Reformed University (RU)."
490230,Reformed University,Georgia,"Transnational Association of Christian Colleges and Schools, Accreditation Commission",probation,"TRANSNATIONAL ASSOCIATION OF CHRISTIAN COLLEGES AND SCHOOLS (TRACS) ACCREDITATION COMMISSION ACTION Public Disclosure Statement Regarding the Change of Status for Reformed University Lawrenceville, GA From ACCREDITED to ACCREDITED – PROBATION Issued by the Accreditation Commission on May 23, 2025 Reformed University: The following information is provided by the Transnational Association of Christian Colleges and Schools (TRACS) regarding the current status of Reformed University (RU).",active,2025-04-28,2025,,,DAPIP Institutional Accreditation Action,Probation or Equivalent or a More Severe Status: Probation,2026-06-07 21:23:00.85913,https://ope.ed.gov/dapip/#/institution-profile/236948,,236948,04256700,19,1,1,9,P,3,21772,dapip_file_text,FALSE,probation,public_action_code,C:/Users/mv3031/Desktop/Financial_Health_Project/Financial Health Tracker - For Github/data_pipelines/accreditation/cache/dapip/pdfs/236948_action-9_file-21772.pdf,C:/Users/mv3031/Desktop/Financial_Health_Project/Financial Health Tracker - For Github/data_pipelines/accreditation/cache/dapip/text/236948_action-9_file-21772.txt,pdf_body,"TRANSNATIONAL ASSOCIATION OF CHRISTIAN COLLEGES AND SCHOOLS (TRACS) accreditation COMMISSION ACTION Public Disclosure Statement Regarding the Change of Status for Reformed University Lawrenceville, GA From ACCREDITED to ACCREDITED – Probation Issued by the accreditation Commission on May 23, 2025 Reformed University: The following information is provided by the Transnational Association of Christian Colleges and Schools (TRACS) regarding the current status of Reformed University (RU)."
491631,Women's Institute of Torah Seminary and College,Maryland,Association of Institutions of Jewish Studies,adverse_action,Loss of Accreditation or Preaccreditation: Voluntary Withdrawal,active,2026-01-02,2026,,,DAPIP Institutional Accreditation Action,Loss of Accreditation or Preaccreditation: Voluntary Withdrawal,2026-06-07 21:23:04.654867,https://ope.ed.gov/dapip/#/institution-profile/237905,,237905,04265200,75,1,1,3,R,10,0,dapip_action_description,FALSE,withdrawal_or_loss,public_action_code,,,raw_title,Voluntarily Surrendered Accreditation
491631,Women's Institute of Torah Seminary and College,Maryland,Association of Institutions of Jewish Studies,adverse_action,Voluntary Withdrawal Received,active,2025-12-31,2025,,,DAPIP Institutional Accreditation Action,Voluntary Withdrawal Received,2026-06-07 21:23:04.674868,https://ope.ed.gov/dapip/#/institution-profile/237905,,237905,04265200,75,1,1,2,VR,10,0,dapip_action_description,FALSE,withdrawal_or_loss,public_action_code,,,raw_title,Voluntarily Surrendered Accreditation
498562,Commonwealth University of Pennsylvania,Pennsylvania,Middle States Commission on Higher Education,other,Grant Substantive Change: Ownership,active,2022-03-10,2022,,,DAPIP Institutional Accreditation Action,"Grant Substantive Change: Ownership | Change in Legal Status, Form of Control, or Ownership: Institution meets the requirements for this substantive change",2026-06-07 21:23:14.210179,https://ope.ed.gov/dapip/#/institution-profile/138910,,138910,00331500,1,1,1,2,GO,99,0,dapip_action_description,FALSE,ownership_change,public_action_code,,,raw_title,Grant Substantive Change: Ownership
498571,Pennsylvania Western University,Pennsylvania,Middle States Commission on Higher Education,other,Grant Substantive Change: Ownership,active,2022-03-10,2022,,,DAPIP Institutional Accreditation Action,"Grant Substantive Change: Ownership | Change in Legal Status, Form of Control, or Ownership: Institution meets the requirements for this substantive change",2026-06-07 21:23:14.696899,https://ope.ed.gov/dapip/#/institution-profile/139038,,139038,00331600,1,1,1,2,GO,99,0,dapip_action_description,FALSE,ownership_change,public_action_code,,,raw_title,Grant Substantive Change: Ownership
