cut_id,program_name,cut_type,announcement_date,announcement_year,effective_term,status,students_affected,faculty_affected,cip_code,notes,institution_id,institution_name_collegecuts,institution_city,institution_state_abbr,institution_state_full,institution_control,institution_url,institution_unitid,matched_unitid,match_method,in_financial_tracker,financial_warning_count,tracker_institution_name,tracker_control_label,tracker_sector,tracker_level,tracker_urbanization,tracker_category,tracker_enrollment_headcount_total,tracker_enrollment_pct_change_5yr,tracker_enrollment_decline_last_3_of_5,tracker_revenue_total,tracker_expenses_total,tracker_revenue_pct_change_5yr,tracker_revenue_decreased_5yr,tracker_revenue_10pct_drop_last_3_of_5,tracker_loss_amount,tracker_ended_2024_at_loss,tracker_losses_last_3_of_5,tracker_loss_years_last_5,tracker_loss_years_last_10,tracker_net_tuition_per_fte,tracker_net_tuition_per_fte_change_5yr,tracker_tuition_dependence_pct,tracker_staff_headcount_total,tracker_staff_headcount_instructional,tracker_staff_total_headcount_pct_change_5yr,tracker_staff_instructional_headcount_pct_change_5yr,tracker_pct_international_all,tracker_pct_international_undergraduate,tracker_pct_international_graduate,tracker_international_enrollment_pct_change_5yr,tracker_international_enrollment_pct_change_10yr,tracker_share_grad_students,tracker_federal_grants_contracts_pell_adjusted_pct_core_revenue,tracker_federal_grants_contracts_pell_adjusted_pct_change_5yr,tracker_state_funding_pct_core_revenue,tracker_state_funding_pct_change_5yr,tracker_endowment_value,tracker_endowment_pct_change_5yr,tracker_discount_rate,tracker_discount_pct_change_5yr,tracker_liquidity,tracker_liquidity_percentile_private_nfp,tracker_leverage,tracker_leverage_percentile_private_nfp,tracker_loan_pct_undergrad_federal_latest,tracker_loan_count_undergrad_federal_latest,tracker_loan_avg_undergrad_federal_latest,source_id,source_url,source_title,source_publication,source_published_at
d3ef03e4-55bd-4d89-af75-f4d4a652dd6c,80 vacant positions eliminated and filled faculty and staff cuts announced — FY2027 raises suspended,staff_layoff,2026-07-01,2026,2026-2027,confirmed,,80,,"80 vacant positions eliminated (35 open faculty + 45 open staff) plus unspecified cuts to filled faculty and staff positions. FY2027 merit salary increases suspended entirely. President Edward Feser announced July 1. Enrollment fell more than 2,000 students (15%) YoY — 13,307 undergraduate/post-baccalaureate students for year ending May 2026. S&P Global revised bond outlook to ""negative"" June 23 citing inability to maintain enrollment and revenue. Third consecutive round of SLU cuts: Round 1 (October 2024) — 23 layoffs + 130 vacancies frozen under Pestello; Round 2 — balanced budget FY2025 (no major new layoffs); Round 3 (this action). Feser: ""Revenue realities mean the university will need to operate with fewer people and resources."" Strategic plan draft forthcoming. Filled position cuts not quantified publicly — total impact higher than 80. Separate from April 2026 tennis program cuts also in database.",,Saint Louis University,,MO,Missouri,Private non-profit,,,179159,supabase,TRUE,2,Saint Louis University,Private not-for-profit,"Private not-for-profit, 4-year or above",Four or more years,City: Large,"Degree-granting, primarily baccalaureate or above",19321,18.91309699655342,No,704482523,633272630,-32.82446724010469,Yes,Yes,71209893,No,No,2,4,21348.454142567414,-30.36611153821435,40.34336704191028,3341,1218,-34.477348499705826,-28.93815635939323,0.19900626261580664,0.03253292021688613,0.4501428200467411,305.59071729957805,243.30357142857144,0.3986336110967341,0.07260906853262063,-2.3261400668604484,0,,1879430141,22.27711439730943,0.45171549920864373,27.31232895925838,0.5391534936118563,79.6,0.21636540400614496,35,30,3120,6434,,https://www.ksdk.com/article/news/local/business-journal/slu-cuts-faculty-and-staff-positions-forgoes-raises-structural-deficit/63-f5e9b675-1607-48e8-a44b-3ca4a2dc54b3,,KSDK / St. Louis Business Journal,
735963d7-031f-4b69-9a5a-a5c26c978614,43 academic majors and minors eliminated — replaced by dozens of workforce-focused certificates,program_suspension,2026-06-30,2026,2026-2027,confirmed,,,,"43 academic majors and minors eliminated as part of academic redesign at Pennsylvania Western University (formed from merger of Edinboro, California, and Clarion universities of Pennsylvania in 2022). Simultaneously adding dozens of new workforce-focused certificates. PennWest California campus arts programs specifically named in article headline. Part of broader restructuring of the system created by the 2022 merger of three PASSHE universities. Specific program names not available from metadata alone — article paywalled. PASSHE system facing enrollment and funding pressures across all campuses.",,Pennsylvania Western University,,PA,Pennsylvania,Public,,,498571,supabase,TRUE,0,Pennsylvania Western University,Public,"Public, 4-year or above",Four or more years,Town: Distant,"Degree-granting, primarily baccalaureate or above",13624,,No,387498874,256025642,,,No,131473232,No,No,0,0,7642.582595573441,,19.604513999181325,1506,569,,,0.01174398120963006,0.01162790697674418,0.01199261992619926,,,0.3182618907809748,0.03240717366832695,,0.4372317937691382,,123168203,,0.35796387166645605,,-0.8171886831428693,,1.4049230611439292,,60,4983,6172,,https://www.post-gazette.com/news/education/2026/06/30/pennwest-program-cuts-california-arts-certificates/stories/202606290046,,Pittsburgh Post-Gazette,
70d86d1b-2f99-49d9-8885-cfbc0fa8730d,"9 degree programs discontinued unanimously including Gender Studies, Urban Planning and Applied Math",program_suspension,2026-06-25,2026,2026-2027,confirmed,,,,"Board of Trustees voted unanimously June 25 (two separate motions) to discontinue all 9 programs identified by Provost Lorenzo Smith. Programs discontinued: BA Gender, Women's and Sexuality Studies (CIP 05.0207); BA Urban and Regional Planning (CIP 4.0201); BA International Affairs (CIP 45.0901); BA Applied Technology; BA Data Science (CIP 11.0401); BA English as a Second Language (CIP 13.1401); BA Early Childhood and Special Education (CIP 13.1001); MA Interdisciplinary Studies; MS Applied Mathematics (CIP 27.0301). Faculty Senate recommended saving GWSS, Urban Planning, International Affairs, and Applied Technology — overruled by provost and president. Provost Smith recommended all 9 discontinued June 18; President McMahan passed to board same day. Programs averaged under 10 graduates/year over past 5 years. Mathematics and Anthropology removed from original 11-program list early due to enrollment projections. Urban Planning had highest declared incoming freshmen: 2. Many courses will continue as minors. Current declared majors may complete degrees. Spokane Mayor Lisa Brown appeared in February in support of GWSS program — overruled. Part of second major round of EWU cuts; prior round took place 2024-25 school year. Fall 2025 enrollment: just under 10,000 students. EWU is only Spokane County-headquartered public university.",,Eastern Washington University,,WA,Washington,Public,,,235097,supabase,TRUE,1,Eastern Washington University,Public,"Public, 4-year or above",Four or more years,Town: Fringe,"Degree-granting, primarily baccalaureate or above",18373,15.111835098051502,No,296916578,252142410,-5.334289894958273,Yes,No,44774168,No,No,0,0,8207.83913965465,-13.002973801545108,27.37544381910531,1431,620,-7.974276527331189,-2.97339593114241,0.00364665541827681,0.00325166364186327,0.00466109924257137,-86.0125260960334,-85.86497890295358,0.28024819027921405,0.04398683152745662,97.62462787192464,0.31398709633672617,16.82205687758801,48340888,18.16554382986565,0.2684511504608429,-1.955335290561895,0.14373364848826967,,0.3187770328931466,,35,2539,6280,,https://www.inlander.com/news/eastern-washington-university-discontinues-nine-degree-programs-a-little-more-than-a-year-after-its/article_be95bad4-f092-4997-ac5e-c86495b938b0.html,,The Inlander,
898540a1-2393-4d00-823a-d65799a6e9b3,110 administrative staff laid off as federal research portfolio continues to shrink,staff_layoff,2026-06-25,2026,2026-2027,confirmed,,110,,"110 employees primarily in administrative functions laid off across Bloomberg School of Public Health, Carey Business School, and central administration. ""As our federal research portfolio shrinks the infrastructure around it must change in parallel"" — spokesperson Doug Donovan. Prior cost-management: hiring freeze, pausing raises for employees earning $80K+, reducing discretionary spending, eliminating vacant positions, 20% reduction in 5-year capital project spending — all proved insufficient. JHU simultaneously increasing in-house research awards by $50M and nearly doubled lobbying spending since 2024. Hiring freeze continues. Second distinct layoff round — separate from March 2025 USAID-driven 2,200 cuts also in database. Trump administration terminated $6.9B-$8.2B in university grants nationally per Center for American Progress.",,Johns Hopkins University,,MD,Maryland,Private non-profit,,,162928,supabase,TRUE,0,Johns Hopkins University,Private not-for-profit,"Private not-for-profit, 4-year or above",Four or more years,City: Large,"Degree-granting, primarily baccalaureate or above",39148,16.70989476194735,No,10989596000,8446036000,7.094297122660402,No,No,2543560000,No,No,1,1,30468.240158851808,-12.626387120987308,7.958630162564666,22100,4213,10.97162942505649,5.298675331167209,0.2657351588842342,0.1953133514986376,0.2872918960397691,48.08540925266904,140.36506469500924,0.7656329825278431,0.389819688783696,11.962801330430064,0.00692623891247656,125.21469796545465,13063073000,69.63874026143034,0.2912299160167373,-1.1830135901841228,0.2487524887997249,47.1,0.21346972284094257,34.1,9,567,5695,,https://www.usnews.com/news/politics/articles/2026-06-25/johns-hopkins-university-lays-off-over-100-employees-cites-federal-funding-cuts,,U.S. News & World Report,
2a7393fb-c793-4fa9-ba6c-d5115a559593,"Downtown Library, LibTech lending desk and Curriculum Materials Center closed with no notice",department_closure,2026-06-25,2026,2025-2026,confirmed,,,,"Three library units closed simultaneously June 25 with zero advance notice: Addition Financial Downtown Campus Library (served 20+ downtown-exclusive majors including Legal Studies and Health Informatics); LibTech desk at John C. Hitt Library (laptops, DSLR cameras, tablets, microphones, lighting kits, calculators — free equipment loans for students); Curriculum Materials Center on main campus (PreK-12 materials for education majors and local teachers). Staff informed by HR in person or by phone day-of — some mid-shift; told not to return. UCF HR explicitly planned to give no advance warning to ""limit the upset."" UCF cited ""comprehensive review of library usage, academic priorities, and available resources."" Actual reason per Florida Rep. Anna Eskamani: UCF did not receive expected preeminence status funding from Tallahassee ($10M+ annually for faculty raises and services). Prior closure: Universal Orlando Foundation Library at Rosen College of Hospitality Management permanently closed April 25, 2025. Student workers also terminated without notice. Main campus John C. Hitt Library and downtown tech lending desk remain open. Students directed to UCF Libraries feedback form and Board of Trustees meetings. 73,000+ student enrollment — one of the largest universities in the US.",,University of Central Florida,,FL,Florida,Public,,,132903,supabase,TRUE,2,University of Central Florida,Public,"Public, 4-year or above",Four or more years,Suburb: Large,"Degree-granting, primarily baccalaureate or above",80755,0.469033815223071,No,1506706333,1450962550,-7.927327836397,Yes,No,55743783,No,Yes,3,3,4732.775989180453,-25.901360009948228,19.045047778398104,6443,2399,1.273184533165671,4.622764936764065,0.04668441582564547,0.03415796970842175,0.11875888600819604,20.37037037037037,124.94033412887828,0.14806513528574083,0.1022591714460879,13.23719659643126,0.3464483819781988,2.6103338221536645,201916665,1.072129882742172,0.4592463211709514,16.427878660164748,-0.04938970797093485,,0.4541713440880822,,23,13429,6814,,https://www.orlandosentinel.com/2026/06/26/ucf-abruptly-shuts-down-some-campus-libraries-and-technology-resources/,,Orlando Sentinel,
7058231e-2108-4419-9210-575c11fada82,20 positions eliminated to close $6.5M FY2027 budget deficit,staff_layoff,2026-06-23,2026,2026-2027,confirmed,,20,,"Board approved FY2027 budget June 23 eliminating 20 currently occupied positions out of ~900 full-time employees (~2.2% of workforce). Budget gap: $4M projected revenue increase vs $10.5M expense increase = $6.5M deficit. Working group of faculty, staff and administrators found $12.9M in total cuts (exceeding deficit). Missouri facing $1.5-2B state general revenue shortfall; higher ed leadership advised to prepare for at least 10% state appropriations cut for FY2028 — equal to ~$5M for SEMO. President Hodson contract extended through June 30, 2030. Board also approved stadium Phase II design contract with OSPORTS (designs due December 2026). No academic programs eliminated in this round.",,Southeast Missouri State University,,MO,Missouri,Public,,,179557,supabase,TRUE,3,Southeast Missouri State University,Public,"Public, 4-year or above",Four or more years,City: Small,"Degree-granting, primarily baccalaureate or above",10995,-13.048635824436536,Yes,191099466,172655488,-11.067529936063067,Yes,No,18443978,No,No,1,4,6873.599611398964,-7.9877954263436175,27.76783740463199,1066,483,-13.684210526315791,-12.021857923497269,0.13096862210095497,0.05146977260122019,0.49292929292929294,86.04651162790698,38.996138996138995,0.1800818553888131,0.01626714017894145,-36.53310653810651,0.3193412224661267,-2.473922398639937,120375603,15.83894763133097,0.3292091633767306,7.977445174071608,0.00432054411405289,,0.5959716714171974,,33,2669,6377,,https://www.kfvs12.com/2026/06/23/semo-board-approves-budget-plan-cuts-20-jobs/,,KFVS12,
88943067-8061-4b5d-861e-89230e630c64,Health Sciences Division dissolved — 28 positions eliminated in final integration phase,department_closure,2026-06-23,2026,2026-2027,confirmed,,28,,"Health Sciences Division administrative structure permanently dissolved effective August 7, 2026 — final phase of year-long realignment. ~28 positions eliminated. All programs folded directly into existing university units: Interprofessional Clinical and Professional Skills Center + Center for Transformative Interprofessional Healthcare + Arizona Area Health Education Centers + Indigenous health programs → under new provost-selected supervisors. Clinical and Translational Science Institute + Arizona Center for Accelerated Biomedical Innovation → Office of Research and Partnerships. Clinical Placements and Partnerships → Mel and Enid Zuckerman College of Public Health. Interprofessional K-12 Initiatives + All of Us Research Program → College of Medicine Tucson. Room scheduling → Office of the Registrar. Interim VP Jennifer Barton returning to research (cancer imaging tools). Health Sciences budget $48.6M following 18% cut last year — unclear how funds will be allocated post-restructuring. Provost Prelock: ""reduce administrative redundancy and build a leaner structure."" HR offering affected employees assistance finding other UA positions. No academic programs eliminated — all health sciences programs continue under new administrative homes.",,University of Arizona,,AZ,Arizona,Public,,,104179,supabase,TRUE,0,University of Arizona,Public,"Public, 4-year or above",Four or more years,City: Large,"Degree-granting, primarily baccalaureate or above",61966,27.36316362814215,No,2791773000,2788403000,4.006114911528383,No,No,3370000,No,No,1,1,15484.526484101443,-24.601543631217428,27.403517406322074,13383,2953,-0.7858254874342055,4.42008486562942,0.06319594616402543,0.04224864600724844,0.14324618736383443,-7.379375591296121,2.944269190325973,0.2074040602911274,0.18748177486671433,15.57003461767228,0.1648268333456628,21.314096333970756,1387344636,8.915531782866559,0.3428157137899399,31.328731886255863,-0.1012278385677068,,0.6561338596638403,,26,10691,6299,,https://www.tucsonspotlight.org/ua-cuts-28-jobs-in-health-sciences-restructuring-plan/,,Tucson Spotlight,
7021b552-50ce-4ecf-9c0c-e468dd0da3e8,30+ positions eliminated including 14 faculty — 401(k) matching discontinued to save $4.4M,staff_layoff,2026-06-16,2026,2025-2026,confirmed,,14,,"30+ total employees severed including 14 of ~200 faculty members. 401(k) matching program also discontinued. Saves $4.4M against $5M projected budget shortfall. President Brian McAulay announced June 16 via email calling decisions ""difficult but necessary."" Root cause: chiropractic flagship program placed on CCE probation in 2024 for 77% licensing exam pass rate (below 80% threshold) — probation lifted January 2026 after 100% winter pass rate. But enrollment disruption persists: 2,289 students fall 2025 (lowest in 10+ years), down 11% YoY; chiropractic college enrollment down 16%. 90%+ of revenue comes from tuition; chiropractic program provides 75% of operating revenue — making university extremely sensitive to enrollment shifts. Doctor of Chiropractic costs ~$200K; undergraduate ~$55K. Moody's downgraded bond rating March 2026 with ""negative"" outlook. 439 full-time employees fall 2024 (federal data). One of the largest chiropractic programs nationally. Marietta GA; private non-profit. Prior actions: Rosen College library at UCF closed same week in similar dynamic of post-preeminence budget pressure.",,Life University,,GA,Georgia,Private non-profit,,,140252,supabase,TRUE,5,Life University,Private not-for-profit,"Private not-for-profit, 4-year or above",Four or more years,City: Small,"Degree-granting, primarily baccalaureate or above",3161,-9.53062392673154,Yes,85114418,86841769,-4.641461941215061,Yes,No,-1727351,Yes,Yes,3,8,22264.70555165144,-69.63504207940551,74.44725992251982,555,207,1.834862385321101,4.0201005025125625,0.08130338500474533,0.1518987341772152,0.04330900243309002,32.47422680412371,202.35294117647055,0.6501107244542866,8.156115283839797e-4,-87.68792926091277,0,,4714905,,0.09902262072396568,46.17202604780039,0.1435231194656713,33.9,0.779858948366175,90.8,52,457,9093,,https://www.ajc.com/education/2026/06/life-university-makes-difficult-but-necessary-cuts-amid-financial-challenges/,,Atlanta Journal-Constitution,
f129c289-7035-4c95-ab53-c4df71b51c83,31 positions eliminated across multiple units as part of budget reductions,staff_layoff,2026-06-11,2026,2026-2027,confirmed,,31,,"Internal emails obtained by Cap Times confirm 31 positions being eliminated across multiple UW-Madison units. Cuts include: Division of Information Technology (DoIT) — layoffs and position eliminations; University Communications — staff reductions; Office of Sustainability — significant cuts; Wisconsin Public Media (WPM) — positions eliminated including programming staff. Additional measures: travel restrictions, hiring freezes, reduced discretionary spending. Driven by flat state funding, federal research grant reductions, and rising operational costs. Separate from the 100-160 potential Extension layoffs (WARN Act court filing, April 2026) which remain contingent on court ruling over USDA funding freeze — those are captured in a separate database entry. Chancellor Jennifer Mnookin has not yet made a formal campus-wide announcement about the full scope of cuts.",,University of Wisconsin-Madison,,WI,Wisconsin,Public,,,240444,supabase,TRUE,0,University of Wisconsin-Madison,Public,"Public, 4-year or above",Four or more years,City: Large,"Degree-granting, primarily baccalaureate or above",53774,13.466407832545576,No,4541903107,4227555880,17.88615283090425,No,No,314347227,No,No,0,2,19181.314994629432,-13.773257102879713,19.65894454295764,21346,5218,14.125320786997433,10.41049513330512,0.16459627329192547,0.1175921487499054,0.29638537171960105,19.964760097587423,48.357358364063025,0.26289656711421877,0.21928306074862952,44.31739767786959,0.12582013992452018,15.914122630969288,6101887051,8.589396945361365,0.17945073535790912,9.882829108937845,0.07614112019342723,,0.3702997569805876,,20,7498,6248,,https://captimes.com/news/education/emails-show-uw-madison-to-lay-off-31-employees-among-other-cuts/article_e4f4c9b6-78e3-4f29-828c-f92fd002caec.html,,The Cap Times,
9549037a-ad72-4d54-a30e-67247a566987,7 degree and certificate programs discontinued as part of regular program review,program_suspension,2026-06-10,2026,2026-2027,confirmed,,,,"Board of Governors approved discontinuation of 7 programs June 10: BS Computer and Information Security, MS Cyber Forensics and Security, MA Journalism, Graduate Certificates in Digital Communications, Digital Forensics, Integrated Strategic Communications, and Media Management. 4 of the 7 (Journalism MA, Digital Communications, Media Management, Integrated Strategic Communications certificates) had enrollment suspended since 2022 and were already in teach-out. Part of routine program review process. Budget deficit reduced from $28M to $10M; projected to fall below $3M over next year with help of Huron consulting firm assessing organizational alignment, revenue opportunities, and inefficiencies. Metro Tuition rate expanded to all border states by 2028 to attract out-of-state students. President Smith cited ""three Ds"" — demographic cliff, digital disruption, and doubt about higher ed value — as challenges Marshall is navigating.",,Marshall University,,WV,West Virginia,Public,,,237525,supabase,TRUE,2,Marshall University,Public,"Public, 4-year or above",Four or more years,City: Small,"Degree-granting, primarily baccalaureate or above",12769,-22.38633600778021,Yes,388525630,350805428,8.971663239787954,No,No,37720202,No,No,2,4,7163.457040927559,-28.20831354607929,18.60532212508091,2112,1106,3.885882931628136,0.9124087591240876,0.01448821364241522,0.00971694127587663,0.02817328082399273,-68.69712351945854,-55.09708737864077,0.25851672018169003,0.1538344923547825,113.2500926619063,0.3326266885832198,47.21551955051523,226038119,25.09532202184752,0.37963208013079497,13.849740448839798,0.08876414023000308,,0.34007996872544516,,40,3255,7898,,https://wvpublic.org/story/education/marshall-university-cuts-seven-programs-as-it-eyes-growth/,,West Virginia Public Broadcasting,
752d14bc-5d13-47c7-9e5b-58fe399d488a,"Baking & Pastry Arts, Culinary Arts and Paralegal programs eliminated — 4 faculty affected",program_suspension,2026-06-09,2026,2025-2026,confirmed,,4,,"Board voted unanimously June 9 to eliminate 3 programs: Baking and Pastry Arts, Culinary Arts, and Paralegal. 3 faculty in food programs laid off via reduction-in-force vote (Culinary Arts Professor Emily Wallace, Baking and Pastry Arts Professor Melanie Shelton, Culinary Arts Professor J.P. Downey-McCarthy); Paralegal faculty member retired (4 total). Food programs cost college $618K/year combined; cited low enrollment and low earning potential for graduates — no formal education required for entry-level positions. Affected students may complete programs via teach-out. Nearly 20 students and community members spoke in favor of food programs at board meeting. Professors argued for restructuring not elimination — proposed changes would save $250K/year and create self-sustaining budget; board did not adopt. Programs described as serving marginalized communities including students of color, queer and trans students, neurodivergent students. Professor Wallace has already found new job at Bremerton School District launching culinary program for high school students. $3.4M-$4M budget shortfall driven by tuition not keeping pace with salary/benefits growth — personnel costs now 83% of budget. President Timothy Stokes called decisions ""incredibly difficult.""",,South Puget Sound Community College,,WA,Washington,Public,,,236656,supabase,FALSE,,,,,,,,,,,,,,,,,,,,,,,,,,,,,,,,,,,,,,,,,,,,,,,,,,https://www.aol.com/news/south-puget-sound-community-college-121500076.html,,The Olympian,
dc961b10-ca85-4ba2-88e9-e7ef359a91f0,5 majors and 4 minors sunsetted plus 15 voluntary separations under Doane Forward plan,program_suspension,2026-06-08,2026,2027-2028,confirmed,80,15,,"Majors sunsetted fall 2027: New Media, Strategic Communication, Policy and Values, Ethics and Interfaith Studies, Human Relations. Minors sunsetted: Film, Journalism, Communicating Quantitative Information, Communication/Environmental Communication. ~80 students affected on Crete campus and online — all may finish current pathways. 15 faculty/staff took voluntary separation packages; teaching faculty retained through 2026-27 to complete teach-out. Savings amount not disclosed; departments asked to prepare 13-20% budget reduction drafts (April 2026). Part of ""Doane Forward"" 6-month strategic plan developed with stakeholder input. Simultaneously building new innovation center covering engineering, business, AI, computer science, data analytics and mathematics — developed with input from CEOs. New 4-year engineering + 1-year MBA pathway in development. President Hughes cited national trend: ""every month, a school like Doane will close."" Private liberal arts institution in Crete NE. Also: Nebraska Wesleyan University (not in database) eliminated 14 staff and reduced 3 positions to part-time in October 2025.",,Doane University,,NE,Nebraska,Private non-profit,,,181020,supabase,TRUE,6,Doane University,Private not-for-profit,"Private not-for-profit, 4-year or above",Four or more years,Town: Distant,"Degree-granting, primarily baccalaureate or above",2427,-28.951990632318505,Yes,46797734,50943280,-24.373864598708256,Yes,Yes,-4145546,Yes,Yes,3,7,15771.751229796206,-0.5559578962259026,47.957881892315555,443,228,-20.75134168157424,-23.232323232323232,0.02637000412031314,0.04045801526717557,0.00984780662488809,100,700,0.46023897816234033,0.04420456545268952,-35.11296736146079,0,,102762340,-26.914118874759367,0.5001980615385436,40.27309805943626,0.3584754390578797,60.7,0.20237002856357583,32.2,66,789,6912,,https://nebraskapublicmedia.org/en/news/news-articles/doane-ending-five-majors-four-minors-in-fall-2027-current-students-able-to-finish-programs/,,Nebraska Public Media,
a0c4f5a8-90b4-47d3-b51c-4b7c578ca3e7,40 positions eliminated and athletic scholarships reduced to cut $10M in spending,staff_layoff,2026-06-08,2026,2026-2027,confirmed,,40,,"40 total positions eliminated as part of $10M spending reduction target. No major academic programs eliminated; biblical languages major discontinued; College of Online Learning restructured to integrate with main degree programs (May 2026). Athletic scholarships reduced — average scholarships for student athletes to near $16K starting 2026-27. University remains on federal watch list for shaky financial stability. Assemblies of God-affiliated institution; ~2,000 students; Springfield MO. Prior rounds: 2023 saw 44 employees affected (32 retirement buyouts + 12 layoffs); 2014 saw 25 positions cut in post-consolidation restructuring with Assemblies of God Theological Seminary and Central Bible College. Raised $117M+ in ""Here Now"" fundraising campaign over 4 years; invested in AGFinancial Arena and Walther Hall renovation. Discontinued employee tuition discount for dependents in 2025-26. Restructuring part of broader effort to grow enrollment using freed-up funds.",,Evangel University,,MO,Missouri,Private non-profit,,,177339,supabase,TRUE,0,Evangel University,Private not-for-profit,"Private not-for-profit, 4-year or above",Four or more years,City: Midsize,"Degree-granting, primarily baccalaureate or above",2510,8.752166377816291,No,50169667,47034307,13.286529366312994,No,No,3135360,No,No,0,4,11492.19163578613,-10.920695966005756,43.27066791174835,553,319,25.681818181818183,77.22222222222223,0.03027888446215139,0.0283322601416613,0.03343782654127482,204,375,0.3812749003984064,0.00861424106530918,-18.499851764008294,0,,27988292,12.541864774028952,0.4856727126158807,7.840491481101387,0.0696519910965045,24.3,0.4080491277571283,66,74,1060,7751,,"https://sbj.net/stories/evangel-cuts-40-positions-part-of-effort-to-reduce-spending-by-10m,104510",,Springfield Business Journal,
d15a24d4-a2c7-434d-978b-ebf6711c163f,"Political Science, Childhood Development and Music programs eliminated under SB 185 financial exigency law",program_suspension,2026-06-08,2026,2026-2027,confirmed,,,,"Board of Regents approved elimination of 3 programs June 8: Political Science, Childhood Development, and several Music areas. Affected students offered teach-out plans. CPE Academic and Strategic Initiatives Committee approved full recovery plan June 9. Undergraduate enrollment projected to drop 9% fall 2026 and 20% by spring 2027. Under Kentucky Senate Bill 185 (passed spring 2026 declaring KSU in ""financial exigency""): university transitioning to polytechnic institution focused on STEM and healthcare; limited to 10 academic areas of study (applied sciences, health sciences, natural sciences, humanities, engineering and technology). Many liberal arts programs shifting online and taught entirely by adjunct faculty. New admission requirements: minimum 2.5 GPA + 18 ACT composite score. Stricter tuition enforcement: students with $1,000+ outstanding balance for 30+ days barred from enrolling; debts referred to KY Dept of Revenue; federal/state tax refunds intercepted for debts over $1,000 past 60 days. President granted authority to terminate any employee including tenured faculty with 30 days notice. Two active lawsuits seeking to block SB 185; judge allowed academic changes to continue pending final ruling. Kentucky's only public HBCU; founded 1886; land grant institution. Polytechnic restructuring does not change HBCU status. CPE President Thompson: ""We are not just killing programs — we are reengineering liberal arts to work with our polytechnic focus.""",,Kentucky State University,,KY,Kentucky,Public,,,157058,supabase,TRUE,2,Kentucky State University,Public,"Public, 4-year or above",Four or more years,Town: Distant,"Degree-granting, primarily baccalaureate or above",2115,-20.33898305084746,Yes,122978226,95551931,52.48243971083383,No,No,27426295,No,No,2,6,14479.698713608666,75.00849448737017,17.390489109836402,505,171,-14.695945945945946,10.32258064516129,0.03593380614657211,0.00729166666666666,0.31794871794871793,137.5,137.5,0.09219858156028368,0.0647827969981575,-66.91629038170736,0.26598064692602685,-5.007635002724249,22486515,-1.0501031011147652,0.07107515575057131,-81.8205070732696,-0.23634969867425193,,0.8277514029188016,,56,867,7144,,https://www.kentucky.com/news/local/article316077228.html,,Lexington Herald-Leader,
e189a500-872c-4237-87e1-1062c3255480,Westminster Conservatory band and orchestral instrument departments discontinued after 56 years,department_closure,2026-06-08,2026,2025-2026,confirmed,,,50.0901,"Westminster Conservatory of Music (Princeton) band and orchestral instrument departments discontinued — all instructors effectively let go including 29-year clarinet/saxophone faculty Ken Ellison, 48-year flute faculty Amy Wolfe, 20-year piano/assistant director Marianne Lauffer, and others. Piano, voice, recorder, honors music, Opera Outings, and Westminster Community Orchestra programs relocated to Rider's Lawrence Township campus (not discontinued). Band and orchestral instrument instruction (strings, woodwinds, brass, percussion) eliminated entirely — no space at Lawrence Township campus. Conservatory founded 1970 on former Westminster Choir College campus; part of Rider since 1992. Municipality of Princeton acquired the 22-acre campus April 2025; stated it was not consulted and learned of decision simultaneously with general public June 8. Decision described as ""purely operational"" by Rider Senior Associate Dean Vodlicka — spending significantly more than revenue on the Princeton-based programs. Part of $21.8M deficit Rider has faced in recent years. Faculty given opportunity to meet with administration June 9; Rider exploring partnerships with other area organizations to continue private lessons.",,Rider University,,NJ,New Jersey,Private non-profit,,,186283,supabase,TRUE,5,Rider University,Private not-for-profit,"Private not-for-profit, 4-year or above",Four or more years,Suburb: Large,"Degree-granting, primarily baccalaureate or above",4932,-9.03725562523054,Yes,122877000,141042000,-34.88879682981189,Yes,No,-18165000,Yes,Yes,5,7,18456.616052060737,-28.707151248215705,55.39523263100499,788,338,-34.55149501661129,-34.1130604288499,0.040551500405515,0.03782505910165484,0.04977777777777777,-2.912621359223301,-14.893617021276595,0.2281021897810219,0.01685962984872813,-23.888685439062165,0.01608848136567227,1192.9658933689102,66827000,-18.213297849549978,0.4758290251635201,6.847708718824657,-0.1013289670706308,10.4,0.7164332950154191,88.6,58,1863,6513,,https://www.towntopics.com/2026/06/10/rider-cuts-several-westminster-conservatory-programs/,,Town Topics,
02f1959d-76fc-495a-89c9-30d637aef22e,Programs suspended,program_suspension,2026-06-05,2026,,confirmed,30,,,"MA in Literature (CIP 23.0101) eliminated — only 8 students enrolled at time of closure, down from 16 in 2018. Final cohort completing degrees; no new admissions. MA in Economics (CIP 45.0601) also eliminated. Moratorium on minors in Chinese Studies (~10 students) and Irish Studies (~7 students). Students in eliminated programs describe feeling abandoned mid-degree with limited job market options for humanities graduates. One student said she feels her degree is now ""worthless on paper."" Faculty acknowledged the difficult position students are in but noted financial pressures left no alternative. Originally proposed January 28, 2026 pending Faculty Senate and Commissioner of Higher Education approval — both approvals now confirmed. Part of broader UM response to $18M FY27 budget shortfall; university also cut fewer than 10 staff via layoffs. UM MFA in Creative Writing continues unaffected. UMaine System approved 10 other program suspensions/eliminations this fiscal year across other campuses.",,University of Montana,,MT,Montana,Public,,,180489,supabase,TRUE,2,The University of Montana,Public,"Public, 4-year or above",Four or more years,City: Small,"Degree-granting, primarily baccalaureate or above",12702,-3.3333333333333335,No,454201946,426212098,6.376409230177507,No,No,27989848,No,Yes,3,3,11808.257105637138,0.4559449235552797,21.95255301702296,2528,628,11.611479028697572,-9.510086455331413,0.01865847897968824,0.01131753149690369,0.03926858513189448,-51.63265306122449,-63.76146788990825,0.26263580538497877,0.2479288336455479,45.029310615160945,0.19378478162286852,-1.4276311072589434,287380104,12.405352817966344,0.2110780944355972,-10.877646337886874,0.04519372472217204,,0.6015805098588809,,41,3109,7498,,https://montanafreepress.org/2026/01/28/university-of-montana-proposes-cutting-masters-programs-in-literature-and-economics/,,Montana Free Press,
b3230f7f-5c2e-44cd-b5d1-26dda73a32d9,11 positions eliminated campuswide amid enrollment and cost pressures,staff_layoff,2026-06-03,2026,2025-2026,confirmed,,11,,"11 employees laid off across several departments and programs campuswide. University cited ""operational and financial pressures"" including enrollment realities and rising costs. Affected employees informed directly and privately. Simultaneous dining services transition to Sodexo Campus partnership (effective June 1) impacted 45 workers — ~90% hired by Sodexo. These are separate from the 11 direct layoffs. Private university founded 1836; ~1,843 students; $203M endowment. President Mark Zupan. Part of broader NY private institution financial pressures.",,Alfred University,,NY,New York,Private non-profit,,,188641,supabase,TRUE,2,Alfred University,Private not-for-profit,"Private not-for-profit, 4-year or above",Four or more years,Rural: Distant,"Degree-granting, primarily baccalaureate or above",2300,-34.32324386065106,Yes,113100142,88289406,14.475909909850374,No,No,24810736,No,No,1,1,10638.334624697336,-8.065325395787504,19.423636974744028,652,189,0.7727975270479135,-5.970149253731343,0.06608695652173913,0.07336139506915214,0.04709576138147567,-17.391304347826086,74.71264367816092,0.27695652173913043,0.04383871934535774,79.30422378491195,0,,193793251,14.240462093569766,0.5263066830976274,10.117861503975965,0.34450274525901053,58.6,0.215549701685074,34.8,64,912,10217,,https://www.eveningtribune.com/story/news/education/campus/2026/06/03/alfred-university-announces-job-cuts-on-allegany-county-campus/90385799007/,,The Evening Tribune,
c4fffe8a-4358-40ec-9289-cce0d2dd244f,16 positions eliminated — roughly 1% of workforce — as part of strategic restructuring,staff_layoff,2026-06-02,2026,2026-2027,confirmed,,16,,"~16 employees laid off week of June 2 — roughly 1% of ~1,600-person total workforce. University may also eliminate additional vacant positions as restructuring continues. Part of broader reallocation toward functions aligned with long-term strategy. Provost announced required 15% budget cut for Academic Affairs by end of FY2028 (November 2025). Library collections budget decreasing from $2.6M to lower level as part of same cuts. Driven by federal and state funding cuts, enrollment shifts, and industry demand changes. Specialist STEM institution in Golden CO; known for engineering, applied sciences, and energy research. Separate from CSU Fort Collins ($35.8M cuts) and CSU Pueblo (9 positions) also in database — all part of Colorado higher ed funding squeeze.",,Colorado School of Mines,,CO,Colorado,Public,,,126775,supabase,TRUE,0,Colorado School of Mines,Public,"Public, 4-year or above",Four or more years,Suburb: Large,"Degree-granting, primarily baccalaureate or above",8103,22.05151378219611,No,439312300,425805990,16.05779736377669,No,No,13506310,No,No,0,3,24661.11977559607,-11.156468159821472,40.0247805490536,1652,503,19.020172910662826,3.925619834710744,0.08305565839812415,0.03046184081231575,0.24386579869804703,-11.910994764397904,-5.610098176718092,0.24645193138343824,0.2250467423512031,47.13388047572805,0.00982922800886803,2.7655187829269368,386363861,25.131309081059527,0.2461386811303629,10.55243420388946,-0.08039996511520575,,0.846723514324887,,32,1846,6387,,https://www.denverpost.com/2026/06/09/colorado-school-of-mines-layoffs/,,Denver Post,
f8a71e2a-c51a-4d56-b3e6-68b336237601,Staff layoff,staff_layoff,2026-06-02,2026,2026-2027,confirmed,,400,,"15% of full-time workforce laid off — 400-460 total positions eliminated through layoffs and vacant position cuts. Layoff notices handed out June 2, 2026. Four colleges consolidated into two: Eugene Lang + New School for Social Research merged into one unit; Parsons + College of Performing Arts + Schools of Media merged into second unit. PhD admissions paused across nearly all doctoral programs for 2026-27 including sociology, philosophy, economics, politics. Student medical services gutted. Prior actions: 7% reduction via voluntary buyouts (Dec 2025); 40% of full-time faculty received voluntary separation/early retirement offers (169 academics — AAUP called it largest attempted faculty firing in the nation); S&P downgraded bond rating February 2026 citing deep deficits. Deficit variously reported as $48M structural deficit / $60M operating deficit. Mandate from board: balanced budget by FY2028. 20% enrollment decline since 2021. Parsons + College of Performing Arts alumni rallied repeatedly throughout year. Full-time faculty facing 15% reduction. President Joel Towers; Provost Richard Kessler. Originally in database from March 2026 Hyperallergic article when status was rumor.",,The New School,,NY,New York,Private non-profit,,,193654,supabase,TRUE,3,The New School,Private not-for-profit,"Private not-for-profit, 4-year or above",Four or more years,City: Large,"Degree-granting, primarily baccalaureate or above",10813,-13.475234056173482,Yes,485251000,475138000,-10.335350193251784,Yes,No,10113000,No,No,2,3,36071.19422572178,-7.136973331710193,67.97203921269612,3126,2023,-11.344299489506524,-15.918536990856197,0.37834088597059096,0.33570536828963793,0.5001783803068142,-5.103224309904895,-1.7531219980787704,0.25922500693609546,0.01329450322557377,28.183433145567736,0.00164321682798292,-8.874834257610507,486977000,-0.5936084088230579,0.31888384771555073,10.45427968550134,0.19528957242096665,40,0.6459543238769807,85,25,1711,6419,,https://www.chronicle.com/article/its-just-been-agony-facing-a-big-deficit-the-new-school-begins-layoffs,,The Chronicle of Higher Education,
ac06b45c-88c3-46b6-b35c-fa2989d27262,Center for a Regenerative Future closed after 3 years of budget-driven decline,department_closure,2026-06-01,2026,2025-2026,confirmed,,,,"Center for a Regenerative Future (CRF, formerly Center for Sustainability) closing June 30 after 3 years of budget-driven decline. Formerly housed thrift store, bike shop, gear garage, food pantry, climate cafes, community dinners, graduate gown recycling, and 40-student paid internship program (now reduced to 2 interns). Undergraduate program director position cut spring 2024 triggering collapse of thrift store. Bike shop and gear garage absorbed by Basecamp. Food pantry restructured under Student Affairs and Inclusive Excellence. Part of DU administration effort to reduce $10M from non-academic units amid $20-30M budget deficit. Faculty senate passed no-confidence vote in Chancellor Haefner (May 2026). Remaining staff hosting ""Living Funeral"" June 5 to redistribute materials to campus organizations.",,University of Denver,,CO,Colorado,Private non-profit,,,127060,supabase,TRUE,0,University of Denver,Private not-for-profit,"Private not-for-profit, 4-year or above",Four or more years,City: Large,"Degree-granting, primarily baccalaureate or above",16004,10.915517360870467,No,667814684,610615066,1.0417889526935438,No,No,57199618,No,No,1,1,31600.383456041574,-19.518477598107285,54.629889959113264,3205,1457,-3.405666063893912,0.9002770083102494,0.05823544113971507,0.02759562841530054,0.08406264394288346,-7.631318136769079,-35.32269257460097,0.5426143464133967,0.0669453402378236,26.14170958900633,0,,1088971768,12.85413083931109,0.3500808492461364,7.845967773793443,0.43132882857151233,69.9,0.15988838006763445,23.7,28,1790,6238,,https://duclarion.com/2026/06/center-for-a-regenerative-future-to-close-june-30/,,The Denver Clarion,
80464cbd-5661-488f-9af8-3d5e11ed306c,36 nonfaculty staff eliminated — 15% of nonfaculty workforce in second round of cuts,staff_layoff,2026-06-01,2026,2026-2027,confirmed,,36,,"26 full-time + 10 part-time nonfaculty staff eliminated June 1 — 15% of nonfaculty workforce. Saves ~$3.5M. Combined with faculty cuts ($3M) and contract/other savings ($1M+) = ~$7.5M of $10M goal reached. Additional savings: Berman Museum annual funding cut from $600K to $300K; advertising and cleaning contracts changed; software changes; consultants eliminated; annual alumni awards ceremony ended; family and homecoming weekends combined; staff credit card purchasing tightened. President Graml: ""We have to be leaner in order to really focus on the student mission."" Running total of Ursinus cuts in 2025-26: 29 faculty + 36 staff = 65 total positions eliminated.",,Ursinus College,,PA,Pennsylvania,Private non-profit,,,216524,supabase,TRUE,1,Ursinus College,Private not-for-profit,"Private not-for-profit, 4-year or above",Four or more years,Suburb: Large,"Degree-granting, primarily baccalaureate or above",1519,3.192934782608696,No,81399555,81190336,7.108695772846524,No,No,209219,No,Yes,3,5,19635.611447811447,-15.632556160081544,35.821919419584056,437,175,-3.532008830022075,3.5502958579881656,0.00460829493087557,0.00460829493087557,,-78.125,-78.78787878787878,,0.01715531795810682,-11.265105004285148,0,,167639430,-0.9117060901688064,0.6495940757182175,4.798239554753463,0.3195793108422034,56,0.244108859173393,40.2,65,976,6722,,https://www.inquirer.com/education/ursinus-college-layoffs-president-gundulf-graml-20260601.html,,Philadelphia Inquirer,
e573694e-5f48-4a05-878e-d0eb437e2c1a,32 academic advising positions eliminated as part of advising system redesign,staff_layoff,2026-05-31,2026,2026-2027,confirmed,,32,,"32 academic advising positions eliminated as part of university advising system redesign. Notably some employees were previously laid off, then rehired, and are now losing their jobs again in this second round. University stated ""any reductions in force are difficult."" Cuts are administrative staff positions — advisers who support student academic planning and degree completion. No academic programs eliminated.",,University of Utah,,UT,Utah,Public,,,230764,supabase,TRUE,0,University of Utah,Public,"Public, 4-year or above",Four or more years,City: Midsize,"Degree-granting, primarily baccalaureate or above",41068,6.250646797060955,No,8578040000,7843361000,23.756946777294853,No,No,734679000,No,No,0,0,14226.50398647016,-12.52893045087701,5.491557511972432,17202,2914,16.75037328627664,17.54739814441307,0.08541930456803351,0.05825242718446602,0.1776541095890411,31.484257871064468,6.303030303030304,0.22752508035453395,0.14847586455486256,23.46306245070702,0.15340003696660173,10.90113670611514,1650635000,24.49667367550199,0.2031854449253961,-4.011611549494843,0.2792176626528097,,0.31070545656627285,,21,5503,6484,,https://www.sltrib.com/news/education/2026/05/31/university-utah-lays-off-32-total/,,Salt Lake Tribune,
4fc8fa52-f2ce-43d7-b7a2-51f55b1c5472,66 positions eliminated including 29 layoffs to address $20M structural deficit,staff_layoff,2026-05-28,2026,2026-2027,confirmed,,29,,"29 employees laid off + 37 vacant positions eliminated (66 total). Reorganization follows 2-year Huron Consulting Group assessment and Operation Excellence Initiative. Work groups identified $18M in savings across academic programs, compensation/benefits, technology and endowment. Prior signals: hiring freeze Dec 2025-May 2026 for vacant positions; 2025 benefit cuts; graduate revenue below projections; insurance and utility costs rose sharply. Second-largest private university in Maryland (~4,000 undergrad, 1,900 grad). Jesuit institution. President Sawyer said Loyola is ""well-positioned for the future."" Part of Maryland higher ed wave: UMD College Park (150 jobs), Bowie State ($18M deficit), UMB (60 positions), Morgan State all cutting simultaneously due to $111M state funding reduction.",,Loyola University Maryland,,MD,Maryland,Private non-profit,,,163046,supabase,TRUE,3,Loyola University Maryland,Private not-for-profit,"Private not-for-profit, 4-year or above",Four or more years,City: Large,"Degree-granting, primarily baccalaureate or above",5540,-12.618296529968454,Yes,228515181,213103260,-12.140371873783172,Yes,No,15411921,No,No,2,2,18668.01083180053,-37.3718977180524,39.97221392481578,1114,472,-4.213241616509028,-0.2114164904862579,0.0223826714801444,0.02338749384539635,0.01962110960757781,63.1578947368421,121.42857142857142,0.2667870036101083,0.00692239738189652,9.00502172216001,0,-100,320584222,16.3144799598973,0.6040871159025287,47.37888705335076,0.5050458110370172,76.9,0.22335463117912852,36,52,2092,6226,,https://www.thebanner.com/education/higher-education/loyola-university-maryland-deficit-HG4AZKIQERF7HGOV6NQR55WR3M/,,The Baltimore Banner,
da211730-39e1-4e22-96fa-9d0c62db2e98,6 tenured faculty laid off — fourth round of cuts since January 2025,staff_layoff,2026-05-27,2026,2026-2027,confirmed,,6,,"Wednesday May 27 layoffs fell on 6 tenured faculty in School of Communication and Culture and School of Design. Fourth round of faculty layoffs since January 2025 — prior rounds: 48 full-time faculty total (32 tenured) since Jan 2025, plus 70 staff in 2024. Part of ongoing effort to close $40M+ deficit amid declining enrollment. Layoff notices described as coming without prior warning to affected faculty. Running total since 2024: 70 staff + 54 faculty laid off. President Bolton simultaneously hiring new senior leadership (5 new VP-level hires in spring 2026) — Chronicle noted tension between cuts and new hires. Admin restructured May 2 into 5-dean oversight model. No further rounds ruled out.",,Columbia College Chicago,,IL,Illinois,Private non-profit,,,144281,supabase,TRUE,5,Columbia College Chicago,Private not-for-profit,"Private not-for-profit, 4-year or above",Four or more years,City: Large,"Degree-granting, primarily baccalaureate or above",6888,-8.221185876082611,Yes,169594198,184954163,-22.934596269732054,Yes,No,-15359965,Yes,Yes,3,5,17134.249336870027,-34.131369601122884,60.94182066299225,1036,619,-30.8411214953271,-28.190255220417633,0.04965156794425087,0.04125412541254125,0.30180180180180183,-18.181818181818183,41.90871369294606,0.03222996515679442,0.00770020355999243,-32.749055204689206,0,,191973543,-18.072705062609735,0.4385516523705365,107.43723474102242,0.5922714113566757,83.4,0.36091420013706577,59.5,56,3523,6617,,https://columbiachronicle.com/campus/breaking-college-lays-off-6-tenured-faculty-in-fourth-round-of-cuts/,,Columbia Chronicle,
c7a0c377-3148-42c9-aa25-8f69d881139b,Men's and women's tennis programs discontinued following coach departure,program_suspension,2026-05-22,2026,2026-2027,confirmed,,1,,Men's tennis ended immediately; women's tennis continues through 2026-27 then discontinued. Longtime head coach Bert Poole departing for another coaching opportunity — his exit triggered the decision to end both programs. Division III institution; member of ODAC (Old Dominion Athletic Conference). Women's tennis recently fell 4-0 to No. 13 Washington and Lee in ODAC championship.,,Averett University,,VA,Virginia,Private non-profit,,,231420,supabase,TRUE,2,Averett University,Private not-for-profit,"Private not-for-profit, 4-year or above",Four or more years,Town: Distant,"Degree-granting, primarily baccalaureate or above",1762,76.37637637637637,No,32561742,40960483,0.3080733289801352,No,No,-8398741,Yes,Yes,3,4,12946.239296636086,-33.295449768009156,52.00483745617787,361,156,42.68774703557312,75.28089887640449,0.06356413166855845,0.07837648705388384,0,93.10344827586206,67.16417910447761,0.18898978433598185,0,-100,0,,5687825,-82.29772732916126,0.5598914496389288,9.85283321677574,-0.00374758034735474,16.8,0.473957756280157,71.9,63,747,7132,,https://godanriver.com/sports/college/other/article_f27f6da8-4d06-43fe-a16f-409246bfacda.html,,Danville Register & Bee,
f5f01521-88e3-46e3-a544-fd6e5cc1db3f,BA in Religious Studies eliminated; multiple zero-enrollment minors and certificates closed,program_suspension,2026-05-22,2026,2026-2027,confirmed,15,,38.0201,"UH System Board of Regents approved closure of BA in Religious Studies at May 22 quarterly meeting. 15 students enrolled; 5 not actively pursuing degree. Failed to meet Texas Higher Education Coordinating Board threshold of 25 graduates over 5 years. Religious studies minor remains; religion courses continue in core curriculum and as electives. No faculty layoffs — professors retained. Part of Texas SB 37 compliance review: additional closure of multiple minors and certificates across UH System (UH, UH-Clear Lake) with zero enrollments for past 5 years. Simultaneously approved new BA in Philosophy, Politics and Economics and new BS in Biological Sciences. Provost Chase cited statewide and national trend of declining religion/biblical studies enrollment. Prior language program cuts at UH: German, Italian, French (over past 10 years). Board also delegated expanded contracting authority to Chancellor Khator.",,University of Houston,,TX,Texas,Public,,,225511,supabase,TRUE,3,University of Houston,Public,"Public, 4-year or above",Four or more years,City: Large,"Degree-granting, primarily baccalaureate or above",51967,-0.06153964499317295,Yes,1530302441,1324177323,-5.06329302099701,Yes,No,206125118,No,No,0,0,10809.626664949115,-17.315134701318613,27.417825898900205,5882,2006,4.513148542999289,10.098792535675084,0.10321935074181691,0.05226505680467747,0.31992317800464976,25.005826147751108,14.493062966915687,0.19037081224623317,0.0711828061625749,18.768555513668943,0.17635356454970627,3.4879180895704542,1313224792,24.276048940515334,0.28883095493008953,17.87088039406712,0.22773364636507143,,0.370969545402454,,32,12021,6427,,https://www.houstonchronicle.com/news/houston-texas/education/article/uh-religious-studies-major-22270999.php,,Houston Chronicle,
e686248e-a862-459c-9544-76b677303670,11 core faculty and ~40 instructor positions eliminated to address structural deficit,staff_layoff,2026-05-21,2026,2026-2027,confirmed,,51,,"President Paul Burkhardt sent letter to staff and faculty announcing elimination of 11 core faculty positions and ~40 instructor jobs to correct long-term structural operating deficit. Burkhardt acknowledged ""these sorts of reductions are very difficult, and they cause suffering."" Separate April 17, 2026 announcement introduced tuition reset for fall 2026 (lower per-credit rate for new students, flat for current) and new Ponderosa Plan strategic framework for long-term sustainability. New online and low-residency programs added simultaneously. Buddhist-inspired nonsectarian liberal arts institution founded 1974; ~1,100 students. Known as birthplace of modern mindfulness movement.",,Naropa University,,CO,Colorado,Private non-profit,,,127653,supabase,TRUE,2,Naropa University,Private not-for-profit,"Private not-for-profit, 4-year or above",Four or more years,City: Midsize,"Degree-granting, primarily baccalaureate or above",1237,14.43108233117484,No,30151061,30434759,19.286700979429465,No,No,-283698,Yes,Yes,4,8,21637.51760939167,-12.309811355725756,67.24258890922611,357,186,-6.7885117493472595,18.471337579617835,0.02344381568310428,0.02336448598130841,0.02348578491965389,-14.705882352941178,-17.142857142857142,0.6540016168148747,0.06050616334852097,599.2858425901615,0,,4686183,-54.22491447706093,0.24879817407149293,-18.504483422034134,0.2639018892687132,49.1,0.5779294976089897,80.7,54,200,10598,,https://www.dailycamera.com/2026/05/21/naropa-boulder-layoff-faculty-budget/,,Daily Camera,
d55d72d7-b6a3-4e7a-b0fa-3248452b4488,21 programs and minors eliminated — second round of cuts in 3 years to close $8.1M deficit,program_suspension,2026-05-19,2026,2026-2027,confirmed,171,,,"10 undergraduate programs, 4 graduate programs, and 7 minors discontinued. Named programs: Mathematics (BA/BS), Physics (BA/BS), Economics (BA/BS), and others. 171 total students affected (111 majors + 60 minor students) — less than 5% of total enrollment; only 25 are incoming fall 2026 students. All current and incoming accepted students can complete degrees via teach-out. Second major round of cuts: prior 2024 round eliminated 12 programs including French, Spanish, Philosophy, and Early Childhood Education. $8.1M structural deficit being addressed through program cuts and enrollment growth strategy. Deficit reduced by nearly half since 2023. Graduate enrollment up ~50% over 3 years driven by new programs (Clinical Mental Health Counseling: 65 students). Courses required for other majors will continue to be offered. President Stephen H. Kolison Jr. cited need to focus resources on high-demand growing programs.",,SUNY Fredonia,,NY,New York,Public,,,196158,supabase,TRUE,5,SUNY at Fredonia,Public,"Public, 4-year or above",Four or more years,Town: Distant,"Degree-granting, primarily baccalaureate or above",3582,-28.20204449789537,Yes,117737812,121905622,-23.287662979753755,Yes,No,-4167810,Yes,Yes,5,10,4746.754229467856,-17.389028031041317,13.106832663070042,787,381,-11.073446327683616,-12.211981566820276,0.01702959240647682,0.01568,0.0262582056892779,-59.06040268456376,-76.171875,0.12758235622557232,0.01400325744481699,-9.872649570584656,0.6640135485241281,-4.182971562406836,51473172,17.718471976076234,0.45026782156381634,15.491338402706353,0.02212771723978839,,0.8285522186746115,,65,1873,6285,,https://www.wkbw.com/news/local-news/suny-fredonia-cutting-additional-programs-as-it-takes-next-steps-in-addressing-structural-deficit,,WKBW,
4fc53eab-fd00-4de9-97fb-cd55be7994e0,Campus Closure,campus_closure,2026-05-15,2026,2026-2027,confirmed,,167,,"WARN Act notice filed April 1 for 167 employees (110 full-time, 57 adjunct/part-time) effective June 1 — ~34% of workforce. Board of Trustees voted May 15 to suspend all residential undergraduate in-person classes while continuing online programs. Students given 48 hours notice to vacate campus housing. ~350 traditional undergrad students told to find alternative arrangements. Graduate and online programs continue. University simultaneously exploring sale of carbon capture patent and seeking investor group to acquire institution. President Dempsey said board hopes to reopen traditional programs fall 2026 but could not guarantee it. Indiana Commission for Higher Education notified; transfer pathways being developed. Private General Baptist institution founded 1885. Financial collapse attributed to years of enrollment decline, deferred maintenance, and failed fundraising campaigns.",,Oakland City University,,IN,Indiana,Private non-profit,,,152099,supabase,TRUE,6,Oakland City University,Private not-for-profit,"Private not-for-profit, 4-year or above",Four or more years,Rural: Distant,"Degree-granting, primarily baccalaureate or above",780,-58.620689655172406,Yes,13076792,17396639,-64.9192867978913,Yes,Yes,-4319847,Yes,Yes,3,7,3690.424924924925,-87.26275499324493,18.79530545412055,201,76,-51.44927536231883,-56.57142857142857,0.08461538461538462,0.10720268006700168,0.01092896174863388,247.3684210526316,50,0.2346153846153846,0,,0,,5368595,-20.73781541443257,0.752326889712042,258.8516721974248,0.4690461037107383,74,0.3960081131287088,64.3,42,226,5994,,https://www.courierpress.com/story/news/local/2026/04/02/oakland-city-university-warns-employees-of-mass-layoff/89435291007/,,Evansville Courier & Press,
6cb3ff17-478b-46af-9290-86047ff34774,3 programs discontinued and 2 paused amid 7% budget reduction and Washington funding crisis,program_suspension,2026-05-13,2026,2026-2027,confirmed,,,,"Programs discontinued: Administrative Office Systems, Paralegal, Multimedia. Programs paused fall 2026 pending enrollment strategy review: Automotive Service Technician, Family Life Education. Construction Trades program (previously under review) retained with updated curriculum, expanded lab, new equipment, and community donations. Furloughs planned July 2026 for exempt and classified employees earning $90K+/year as one-year stabilization measure. College already reduced overall budget ~7% over past year including closure of Fort Worden campus. New programs proceeding despite cuts: Dental Hygiene, K-8 Teacher Education, and mobile workforce training — all supported by external grants, partnerships, and philanthropy. Driven by rising operating costs and Washington state community college funding challenges. President Suzy Ames said review involved Board of Trustees, President's Cabinet, faculty leadership, and employees. Serves Clallam and Jefferson counties.",,Peninsula College,,WA,Washington,Public,,,236258,supabase,FALSE,,,,,,,,,,,,,,,,,,,,,,,,,,,,,,,,,,,,,,,,,,,,,,,,,,https://www.myclallamcounty.com/2026/05/15/peninsula-college-announces-program-cuts-and-pauses/,,MyClallamCounty / KONP Radio,
dd20c953-9f89-4ac5-b02d-0112332e9db7,35 programs eliminated and 10 faculty laid off to address $20M deficit,program_suspension,2026-05-09,2026,2026-2027,confirmed,,10,,"35 total programs eliminated: 28 undergraduate majors and minors + 7 graduate programs. Named majors cut: Health Education, Economics, Human Resources, International Business, Mild/Moderate Educational Needs, Music Theory, Physics, Sociology, Sustainability. 10 faculty laid off as a result. Deficit grew from initial $3M estimate to $20M. Second major round: prior cuts in late 2024 saw 35 faculty/staff laid off or offered buyouts (~7% of teaching base). Former faculty cited toxic work environment, HR complaints not followed up, secretive reasoning for cuts. President Lee Fisher announced via May 9 email to faculty/staff following May 8 board meeting. Private liberal arts and conservatory institution in Berea, OH.",,Baldwin Wallace University,,OH,Ohio,Private non-profit,,,201195,supabase,TRUE,5,Baldwin Wallace University,Private not-for-profit,"Private not-for-profit, 4-year or above",Four or more years,Suburb: Large,"Degree-granting, primarily baccalaureate or above",3646,-16.94760820045558,Yes,110854361,117958845,-14.111536920794906,Yes,No,-7104484,Yes,Yes,4,5,16783.498465316145,-16.339623002664215,49.32655558765072,888,373,-8.641975308641975,-6.982543640897755,0.01234229292375205,0.00922761449077238,0.025,-28.57142857142857,-54.54545454545454,0.1974766867800329,0.02452003855542881,4.972355539569465,0,,179867612,-18.348097598229995,0.4585283869969679,20.71581581664199,0.20805933973441496,41.7,0.15511997353296406,22.7,82,2309,6762,,https://www.clevescene.com/news/baldwin-wallace-announces-another-round-of-program-and-budget-cuts/,,Cleveland Scene,
0aaddcfc-32b3-4993-b5fb-e247aecbaed2,3 majors eliminated and 66 positions cut to close $5M deficit after Deloitte review,department_closure,2026-05-09,2026,2026-2027,confirmed,125,66,,"Board voted May 9 to approve restructuring plan. 3 academic programs permanently eliminated: Music, International Studies, and Gender/Sexuality/Women's Studies (125 combined student majors). Creative Writing merged into English department. 9 other academic units consolidated. ~66 total positions eliminated: faculty in eliminated/consolidated programs + administrative restructuring. Saves $5M annually — satisfying Oregon HECC requirement for balanced long-term plan tied to $15M emergency state funding (approved February 2026). Deloitte analysis found top 3 units (business, education, psychology) represent 45% of headcount; top 10 programs = 78% of enrollment; 10 units operated at a loss. Outsourcing of administrative functions to Oregon flagship universities or third-party providers also approved. Average course enrollment minimum raised from 16 to 22 students. 56 faculty had signed letter disputing Deloitte data quality prior to vote. Board chair thanked community for input during ""difficult but necessary"" process. Part of Oregon higher ed funding crisis — state ranks 14th from bottom in per-FTE spending. Prior year: SOU cut 23 programs and laid off 18 employees.",,Southern Oregon University,,OR,Oregon,Public,,,210146,supabase,TRUE,4,Southern Oregon University,Public,"Public, 4-year or above",Four or more years,Suburb: Midsize,"Degree-granting, primarily baccalaureate or above",7070,-10.889841189815982,Yes,103080039,108793176,-9.175265359806897,Yes,No,-5713137,Yes,No,2,4,7090.948135688253,-17.54865327999366,24.53764302514476,616,231,-16.076294277929154,-20.069204152249135,0.00777934936350777,0.00757575757575757,0.00851900393184797,-57.03125,-71.35416666666666,0.21584158415841584,0.02578010117328512,58.138779830243145,0.32287576894699616,12.931429506911748,39813671,5.950340666994667,0.33474274850371505,25.48141659389182,-0.08235911722127806,,0.510304943574688,,28,1202,9495,,https://www.highereddive.com/news/southern-oregon-university-plan-would-cut-or-consolidate-13-academic-units/819654/,,Higher Ed Dive,
8cd1e98d-9d64-4d9a-af9e-07ab8d097a0b,"Energy and Environmental Research Center cuts 27 positions, furloughs 13 amid federal funding delays",staff_layoff,2026-05-08,2026,2025-2026,confirmed,,40,,"EERC (Energy and Environmental Research Center) at UND cut 27 positions and furloughed 13 (full or temporary basis) from ~210-person workforce. Furloughed employees may be reinstated based on operational needs and funding. Cuts driven by multi-year delays in federal funding — primarily from U.S. Dept of Energy — compounded by Trump administration spending curbs. FY2025 budget ~$85M: $40M competitive federal grants, $30M private sector, remainder state sources. COO Tom Erickson told legislators in January: ""We are waiting for the funds that were promised to us over a year ago."" EERC designated North Dakota's State Energy Research Center; research spans coal, oil, natural gas, biomass, carbon capture, geothermal, nuclear, and EVs. Hosted Energy Secretary Chris Wright in 2025. UND and NDSU representatives previously told legislators Trump-era spending cuts already cost ND millions in research funding.",,University of North Dakota,,ND,North Dakota,Public,,,200280,supabase,TRUE,0,University of North Dakota,Public,"Public, 4-year or above",Four or more years,City: Small,"Degree-granting, primarily baccalaureate or above",18449,8.205278592375366,No,683365582,650156569,19.31649362639975,No,No,33209013,No,No,1,1,15925.964214046822,2.4164395141708663,27.87300634055053,3025,1118,6.252195293291184,1.1764705882352942,0.05756409561493848,0.03797840299713509,0.11269644334160464,-14.76725521669342,-21.68141592920354,0.26212802861943735,0.16132467750072269,31.187652792618632,0.20716579700706717,9.941119844170084,402798000,24.12551927086109,0.1292104105883922,-0.3528277631684694,0.14333116045390662,,0.45984066951859426,,41,4198,6666,,https://www.minotdailynews.com/uncategorized/2026/05/north-dakota-energy-research-center-cuts-affect-40-staff/,,Minot Daily News,
9843c73e-c0ee-4380-a9ca-093d876ba133,Programs suspended,program_suspension,2026-05-08,2026,,confirmed,200,,,"UTA confirmed via email to faculty/staff and statement to WFAA that it will suspend new admissions into some programs and consolidate overlapping degree pathways in others. Changes affect fewer than 200 of 42,700+ enrolled students. All currently enrolled/admitted students can complete degrees without disruption; individualized advising and transition options will be provided. Suspending new admissions: BA in Art History, MS in Sustainable Building Technology, MS in Taxation (certificates, elective courses, and minors in these programs remain available). Consolidations/mergers: BA Chemistry → BS Chemistry, BA Geology → BS Geology, BA Mathematics → BS Mathematics, BA Theatre Arts → BFA Theatre Arts, MA Mathematics → MS Mathematics. Admissions suspended pending interdisciplinary curriculum revision: BA Anthropology, Master of Engineering, MS in Materials Science and Engineering. UTA cited faculty engagement and data-driven analysis. Review conducted by a representative faculty group. UT System Board of Regents policy ""Abandonment of Academic Positions or Programs"" permits the university president to eliminate programs absent financial exigency, citing low enrollment, redundancy, program quality, and student outcomes. Academic program review initiated in 2025 to align offerings with student demand, workforce needs, and long-term institutional sustainability.",,University of Texas at Arlington,,TX,Texas,Public,,,228769,supabase,TRUE,2,The University of Texas at Arlington,Public,"Public, 4-year or above",Four or more years,City: Large,"Degree-granting, primarily baccalaureate or above",53946,-10.142416923461314,Yes,1086711672,871207751,15.666608416795537,No,No,215503921,No,No,0,1,9188.174768518518,-5.218959020390828,32.87313868107603,4658,1776,14.672575086164452,0,0.11845178511845178,0.03488649307303117,0.31324482865081815,23.837209302325583,42.79329608938547,0.3002076150224298,0.08323572210006021,31.279636479404022,0.1814420709897698,16.105350771796047,223230170,11.900459810731084,0.32546044310144207,19.572258503290183,0.415597803697497,,0.14525693444165555,,31,9706,6631,,https://www.wfaa.com/article/news/local/tarrant-county/ut-arlington-cutting-consolidating-degree-programs/287-ecc4df30-16bd-4781-836a-06e9ba6003a7,,WFAA,
f3ccbb29-e2ee-4a35-a46a-7e3d27815607,79 positions eliminated amid second consecutive multimillion-dollar deficit,staff_layoff,2026-05-07,2026,2026-2027,confirmed,,79,,"President Aminta Breaux announced elimination of 79 total positions through reorganization, vacancy cuts, and direct layoffs — ~6% of 1,175-person workforce. Second consecutive deficit: $13.6M shortfall in prior year (resolved via hiring delays and vacant position cuts); now facing $18M deficit for 2026-27. Maryland's oldest HBCU, founded 1865. Prior year deficit addressed without layoffs; this round requires direct workforce reduction. Breaux stated decisions made ""with care, thoughtfulness and deep respect for faculty, staff and students."" Specific breakdown of faculty vs staff positions not disclosed in available reporting.",,Bowie State University,,MD,Maryland,Public,,,162007,supabase,TRUE,1,Bowie State University,Public,"Public, 4-year or above",Four or more years,Suburb: Large,"Degree-granting, primarily baccalaureate or above",7274,2.899985853727543,Yes,236538746,184113414,52.68731913764428,No,No,52425332,No,No,2,3,5099.262991503655,-23.73602175179874,10.910419724639954,1177,545,19.129554655870447,6.862745098039216,0.03326917789386857,0.0164797825348284,0.10446685878962536,-17.4061433447099,8.035714285714286,0.19081660709375856,0.10314154382582884,93.4651772447884,0.4041367257168765,50.919138794735474,47305844,267.240014092497,0.44695265035790055,24.92399688438445,0.1059173747012418,,0.19274668264654635,,44,2329,11198,,https://wtop.com/education/2026/05/bowie-state-university-to-lay-off-employees-amid-18-million-deficit/,,WTOP / The Banner,
fc1fd693-602e-4c01-9f75-4bb4ba01d1b7,$35.8M in strategic cuts including staff layoffs and 0.5% workforce reduction,staff_layoff,2026-05-07,2026,2026-2027,confirmed,,,,"CSU System board approved FY2027 budget May 7-8 with $35.8M in strategic cuts at Fort Collins campus: staff layoffs (0.5% of workforce) + $3M from eliminating vacant positions. Financial aid tied to tuition costs preserved; 3% merit raise pool maintained for faculty/staff. Driven by Colorado state budget flat-funding higher ed to close $1.5B state deficit (constitutional balanced budget requirement). Tuition for in-state students capped at 3.5% increase by state. President Parsons called flat funding ""a real reduction in resources"" due to cost increases. Fall headcount rose 2% to 34,096 students between 2019-2024 — one of the healthier enrollment pictures in Colorado.",,Colorado State University,,CO,Colorado,Public,,,126818,supabase,TRUE,1,Colorado State University-Fort Collins,Public,"Public, 4-year or above",Four or more years,City: Midsize,"Degree-granting, primarily baccalaureate or above",37218,-0.3694185672984259,No,1923798263,1636173275,19.27287069305833,No,No,287624988,No,No,1,4,18489.070310325635,-8.73368995245408,27.625029464952792,8625,2333,11.925772125616405,1.3466550825369243,0.05526895588156268,0.0253475935828877,0.1468150087260035,-8.780487804878048,11.91512513601741,0.24633241979687248,0.2040956343213324,9.171492583445133,0.01112043596827528,,643276118,33.79191573712729,0.20020793095248252,0.19978377676302417,0.02681840027697036,,0.6458784075403757,,32,8152,6167,,https://www.highereddive.com/news/colorado-state-university-turns-to-layoffs-and-other-cuts-to-manage-budget/819906/,,Higher Ed Dive,
fa00ac44-597c-4ebc-887d-4e1ed4429e74,96 UK employees laid off due to federal grant terminations in medicine and HIV programs,staff_layoff,2026-05-07,2026,2026-2027,confirmed,,96,,"96 employees in UK College of Medicine Department of Behavioral Science and UK Healthcare HIV Program Operations laid off effective June 30 due to discontinuation of federal grant funding. UK will try to help affected employees find other positions at the university; all employees receive 60 days notice and pay per WARN Act. Separate from 926 Aramark Campus LLC dining/concessions contractor layoffs (also effective June 30) — those are third-party contractor employees, not UK staff, and Aramark/UK expect most to transition to new provider. UK ending 12-year Aramark partnership and exploring new enterprise services provider for dining and concessions.",,University of Kentucky,,KY,Kentucky,Public,,,157085,supabase,TRUE,0,University of Kentucky,Public,"Public, 4-year or above",Four or more years,City: Large,"Degree-granting, primarily baccalaureate or above",35216,13.669668506503989,No,7362312453,6245595578,63.40026552411309,No,No,1116716875,No,No,0,0,13780.9315347162,-21.38124863707515,5.612842644726586,12831,2289,2.689075630252101,6.514657980456026,0.0355804179918219,0.01594387755102041,0.08422195892575039,-18.74189364461738,-27.193492155723415,0.28759654702407994,0.14533395899763385,14.265999171205303,0.11557057636096714,0.7876960638887197,2038771493,19.927338617513257,0.35170656857297417,3.5682477765423153,0.33791032467608556,,0.23714179077678077,,34,8054,6182,,https://www.wdrb.com/news/education/university-of-kentucky-restructuring-leads-to-hundreds-of-employee-layoffs/article_9d0325bd-1964-41a3-95d1-586172425025.html,,WDRB,
95947e91-1e2b-423d-b023-5a491949ac2b,INSPIRE first-year student success program shut down due to lack of funding,program_suspension,2026-05-05,2026,2025-2026,confirmed,,,,"INSPIRE (Incoming Student Program for Inclusion, Retention, and Excellence) shutting down after spring 2026 semester. Established 2022; served first-year students with small cohorts, GE course support, financial planning, schedule planning, and faculty/peer connections. Particularly impactful for first-generation college students. Shut down due to lack of funding amid CSU system-wide budget crisis ($1B+ projected CSU deficit for 2026-27). CSUEB enrollment down ~26% since 2016. Mock funeral protest held by students and staff on campus. Separate ongoing cuts include Theater and Dance department merger/closure threat (1,400+ signature petition), Art program course cuts, and ART 242 elimination affecting graduating students.",,"California State University, East Bay",,CA,California,Public,,,110574,supabase,TRUE,3,California State University-East Bay,Public,"Public, 4-year or above",Four or more years,Suburb: Large,"Degree-granting, primarily baccalaureate or above",15103,-18.57782090678743,Yes,346609687,317260763,-3.9514532941418032,Yes,No,29348924,No,No,0,4,6041.448081264109,-13.386653507833309,20.076011031970957,1493,701,-14.977220956719815,-16.94312796208531,0.07779911275905449,0.02394413036248753,0.2884552845528455,-21.770972037283624,-29.302045728038507,0.20360193339071708,6.401059020666834e-4,,0.4487245760554619,0.794581432079316,21440172,33.85615050036675,0.40594572820955094,6.5409503118096985,-1.427975794877533,,1.95649403594452,,26,2757,7351,,https://thepioneeronline.com/49990/features/cal-state-east-bay-to-shut-down-inspire-program-raising-concerns-for-incoming-first-year-students/,,The Pioneer,
4aa05028-c565-447c-9a5b-b24be15c249a,Permanent institution closure after 43 years due to enrollment challenges,institution_closure,2026-05-04,2026,2025-2026,confirmed,211,,,"Physical campus at 1725 E. David Road closed May 4, 2026; instruction ends June 2; permanent closure June 23, 2026. Founded 1983 by Tim Potter as School of Advertising Art; rebranded to Modern College of Design in 2017-18 following $6M expansion adding 23,000 sq ft. President Jessica Barry (since 2007, purchased college 2013) cited inability to support operations due to enrollment challenges despite efforts to evolve. ~211 students enrolled (federal data); 92% acceptance rate; 59% graduation rate. Offered bachelor's and associate degrees in graphic design. Record enrollment of 214 in 2024-25 school year — closure came despite recent enrollment growth. No summer semester; summer tuition/fees to be refunded. Transfer agreements with local/online design programs being developed. Virtual commencement June 7; diplomas mailed after. Students unable to complete may apply for Closed School Discharge (federal student loan forgiveness). Career services available through June 23. Building valued at ~$3.8M per county records.",,Modern College of Design,,OH,Ohio,Private for-profit,,,205391,supabase,FALSE,,,,,,,,,,,,,,,,,,,,,,,,,,,,,,,,,,,,,,,,,,,,,,,,,,https://www.daytondailynews.com/community/kettering/modern-college-of-design-in-kettering-to-close/article_b262efe7-4c2c-55e4-aa4a-58fce47cb580.html,,Dayton Daily News,
9c7b5d91-e7ee-4e3b-8a24-72483f93a1af,"4 programs eliminated under Ohio SB1 mandate, 19 total cut since 2024",program_suspension,2026-05-04,2026,2026-2027,confirmed,,,,"Most recent round eliminated 4 programs: BA Public Health (merged into BS Public Health), Regional Studies graduate certificate (0 enrolled), School Nurse graduate certificate (0 enrolled), MA International Relations (declining enrollment; new track in MPA being developed). Part of ongoing Ohio SB1 compliance requiring elimination of programs with fewer than 15 graduates over 3 years. WSU previously eliminated 15 programs under SB1 including BA African-American Studies, BA Women and Gender Studies, BA Philosophy, BA Chemistry, and others. 5 new programs approved simultaneously: BS Accelerated Health Sciences, STEM MBA, Classical Cultures minor, Manufacturing and Logistics minor, Operations and Data Analytics minor. Provost James Denniston cited enrollment trends, workforce needs, incoming student interests, HS pathways, and peer institution offerings as decision factors. Spring 2026 commencement: 1,650+ graduates, up YoY in College of Liberal Arts and Lake Campus (+20%).",,Wright State University,,OH,Ohio,Public,,,206604,supabase,TRUE,3,Wright State University-Main Campus,Public,"Public, 4-year or above",Four or more years,Suburb: Large,"Degree-granting, primarily baccalaureate or above",11442,-30.75107426012225,Yes,301939348,262660944,-27.936966271732484,Yes,No,39278404,No,No,0,3,12580.126269592476,1.256937998967594,33.22737088244623,1733,797,-22.84060552092609,-26.678932842686297,0.13310610033210976,0.03068013799901429,0.3830426939266386,62.02127659574468,-25.3797158255757,0.29068344694983395,0.06786747927328511,-49.68219297358124,0.2749458147683836,-29.431407846061724,153809620,0.3290726972079534,0.276433518549146,11.902605440478183,0.042586853840174,,0.44732400813411755,,42,2927,6653,,https://www.daytondailynews.com/local/education/wright-state-cuts-low-enrolled-programs-and-creates-new-majors/article_35b2597d-64e9-5fb3-a1e9-f588a45163f8.html,,Dayton Daily News,
e9837fc2-439f-4979-8c0b-e26e04ec3b97,19 positions eliminated across IT Services and Luddy School of Informatics,staff_layoff,2026-05-01,2026,2026-2027,confirmed,,19,,"13 IT Services (UITS) positions eliminated May 1 per VP Kendra Ketchum email — driven by need to align resources with university priorities and ensure long-term financial sustainability. 6 additional Luddy School of Informatics, Computing and Engineering positions eliminated May 29 per Dean Joanna Millunchick email — part of school restructuring to align with evolving university priorities. 19 total confirmed cuts; university declined to confirm broader scope despite social media reports of additional departmental cuts. IU policy requires 30 days written notice; WARN Act 60-day notice applies if total exceeds 50. No WARN filing on Indiana DWD website as of publication. Separate from Indiana HEA 1001 program cuts (April 2026) also in database. Also: IU-licensed public media station WFIU/WTIU cut 4 full-time + 14 part-time positions the same week.",,Indiana University Bloomington,,IN,Indiana,Public,,,151351,supabase,TRUE,2,Indiana University-Bloomington,Public,"Public, 4-year or above",Four or more years,City: Small,"Degree-granting, primarily baccalaureate or above",62701,35.064515434159794,No,2090518827,2130537776,2.183607189776045,No,No,-40018949,Yes,Yes,4,5,19614.511441319744,-13.849493403058242,45.841529271240574,9598,2600,2.041250265787795,4.543626859670286,0.0890575907880257,0.03882348308855377,0.30335097001763667,-9.87734021949645,-18.26697892271663,0.18990127749158703,0.08910506912100062,12.797471839552054,0.13390196019968786,-14.931332806785376,2087993958,45.09646954519614,0.19915973518717944,-7.079250143213121,0.2214693496372325,,0.34503302082709153,,27,9926,5947,,https://www.ipm.org/news/2026-05-29/luddy-school-adds-to-ius-layoffs-eliminating-six-positions,,Indiana Public Media,
3eea45ac-ec4e-470f-aa60-2b4c5d5f9d2a,Up to 45 staff layoffs to close $18M FY2027 budget shortfall,staff_layoff,2026-05-01,2026,2026-2027,confirmed,,45,,"President Diacon announced up to 45 layoffs in April 30 ""Talk with Todd"" campus address; notices going out in coming weeks pending FY2027 budget board approval. VP budgets cut 5-10%. $18M shortfall driven by expected state funding reduction, anticipated enrollment decline, inflation, and significant drop in international students due to federal visa policy changes. 2% raise for all non-union employees also announced. KSU has been reducing budget gradually for 10+ years. Strong enrollment continues in College of Aeronautics and Engineering and fashion design. Total Ohio public university enrollment today roughly same as 2005 but state support (inflation-adjusted) is 27% lower. Diacon cited Penn State (50 major closures), UMD (150 positions), ECU ($25M shortfall), and Clemson as peer institutions facing similar pressures.",,Kent State University,,OH,Ohio,Public,,,203517,supabase,TRUE,4,Kent State University at Kent,Public,"Public, 4-year or above",Four or more years,Suburb: Large,"Degree-granting, primarily baccalaureate or above",32919,-0.28473631599672855,Yes,726890000,729112001,-13.252187303219406,Yes,No,-2222001,Yes,No,2,4,10732.35028817863,-17.282381237128693,36.63282518675453,3819,1560,-11.330392384490365,-13.859745996686916,0.0826574318782466,0.03937728937728937,0.2516763522574877,38.051750380517504,-5.717255717255718,0.203864029891552,0.05610178690572486,14.757885423747055,0.2239184244595508,-17.087717371314636,202182612,11.033950738777207,0.2685731635477419,18.02170182637265,-0.00210170048607579,,0.6353156517538255,,50,9849,6541,,https://www.wosu.org/2026-05-04/kent-state-university-says-it-will-lay-off-up-to-45-staff-in-the-coming-weeks,,WOSU Public Media,
900406df-423d-4140-98d2-e03e40fbca36,44 academic programs discontinued as part of $25M savings plan,program_suspension,2026-04-30,2026,2026-2027,confirmed,,,,"44 total programs discontinued: 33 voluntarily identified by faculty/administrators + 11 recommended by APRO oversight committee last year. Named programs include: BA Sociology (CIP 45.1101), MAED Middle Grades, MS Software Engineering (CIP 14.0903), MS Sustainable Tourism and Hospitality, PB Sustainable Tourism and Hospitality, Minor Ethnic Studies, Minor Physics (CIP 40.0801), Minor Speech and Hearing, PB Gerontology, BS Family and Consumer Sciences, PB Medical Family Therapy. Currently enrolled students may finish degrees via teach-out. Part of 3-year $25M savings target; first-year goal of $6M+ already exceeded. Additional restructuring: new College of Health and Human Sciences created, library services changed, financial aid and summer school operations updated. Chancellor Philip Rogers cited long-term financial sustainability. Full APRO report at fiscalhealth.ecu.edu.",,East Carolina University,,NC,North Carolina,Public,,,198464,supabase,TRUE,3,East Carolina University,Public,"Public, 4-year or above",Four or more years,City: Small,"Degree-granting, primarily baccalaureate or above",29704,-7.256150867990509,Yes,1145362959,1054792905,-1.6737507601413495,Yes,No,90570054,No,No,0,0,8117.542227348456,-15.9538457843724,16.590683722294184,5708,1703,-6.655764513491415,-3.6219581211092247,0.01057096687314839,0.00732773397326019,0.02245603015075377,15.867158671586717,-3.9755351681957185,0.21438190142741717,0.05962457051521483,75.38082607324779,0.4615972985222079,-2.8799326074640046,320106984,22.73262061862689,0.20796377438457592,2.1472419680977426,-0.2107403768513955,,0.6802426788512034,,39,8254,6370,,https://wcti12.com/news/local/ecu-to-cut-33-academic-programs-including-sociology-software-engineering-and-physics,,WCTI News 12,
417f7267-e390-4fc1-8eb2-89cad03117e0,Radcliffe Institute staff layoffs and role reductions,staff_layoff,2026-04-30,2026,2025-2026,confirmed,,,,"Radcliffe Institute for Advanced Study laid off 4 employees, shifted 3 to part-time, and eliminated 8 vacant positions (15 total roles affected). Institute employs ~100 people. Announced by Dean Tomiko Brown-Nagin via Wednesday email citing ""wide range of federal actions targeting Harvard, cost pressures, and market volatility."" Harvard central administration directed all units to pursue ""structural cuts."" Follows prior hiring freeze, salary freeze for non-union employees, and vacant role eliminations. Radcliffe endowment-dependent (86% of revenue). Harvard reported $113M deficit in FY2025 on $6.7B revenue — first deficit since pandemic. New 8% endowment tax (Big Beautiful Bill) projected to cost Harvard $200M+/year. DOJ lawsuit filed alleging Title VI Civil Rights Act violations. FAS departments already asked to plan for up to 20% budget cuts. Brown-Nagin noted uncertainty will last ""years, not months.""",,Harvard University,,MA,Massachusetts,Private non-profit,,,166027,supabase,TRUE,3,Harvard University,Private not-for-profit,"Private not-for-profit, 4-year or above",Four or more years,City: Midsize,"Degree-granting, primarily baccalaureate or above",37558,-9.137534776823514,Yes,9433391000,6426911000,-0.07297201215334967,Yes,No,3006480000,No,No,1,2,32405.288650346905,-23.63164688997779,10.496501205133976,21201,2445,8.639508070714836,-2.589641434262948,0.26894403322860644,0.18821590440873504,0.3074774810211226,-1.7985611510791366,24.182444061962137,0.6768997284200436,0.07595803976184899,-12.062970624833198,0,,53235205000,6.003149274815278,0.1601594777239137,3.772471404308498,0.21596857455701143,42.5,0.1621688950596885,24.5,4,404,7926,,https://www.thecrimson.com/article/2026/4/30/radcliffe-layoffs/,,The Harvard Crimson,
02e6c326-bcb3-4d2b-b88d-6331e811f767,Susan Polgar Institute for Chess Excellence (SPICE) program eliminated,program_suspension,2026-04-30,2026,2025-2026,confirmed,,1,,"SPICE (Susan Polgar Institute for Chess Excellence) eliminated after 14 years at Webster (moved from Texas Tech 2012). Program accolades: 2 world championships, 3 Olympiad gold medals, 90+ national titles, 10 Pan-American Intercollegiate championships, 7 Final Four titles; just won 2026 Pan-Am for 13th consecutive President's Cup berth. Head coach GM Liem Le confirmed departure April 30. Program cost $1M+/year from operating budget; university says it raised $0 in outside endowments in 14 years. Reasons cited: unsustainable operating cost during years of losses, enrollment declines (Webster campus enrollment declined by half), and Trump-era visa restrictions (most team members attended on visas; Webster ranks 2nd in Missouri for enrollment decline due to visa restrictions). University posted first net-positive revenue in 10+ years after recent restructuring; chess savings to contribute to fiscal year goals. Program founder Susan Polgar publicly disputed university's account, saying she was never contacted and could have launched fundraising campaign; called closure equivalent to Alabama eliminating football. Program alumni include GMs Wesley So, Ray Robson, and Awonder Liang.",,Webster University,,MO,Missouri,Private non-profit,,,179894,supabase,TRUE,5,Webster University,Private not-for-profit,"Private not-for-profit, 4-year or above",Four or more years,Suburb: Large,"Degree-granting, primarily baccalaureate or above",10103,-30.71119950620671,Yes,149717337,169447696,-21.397862582284176,Yes,No,-19730359,Yes,Yes,4,9,16095.30290632054,-25.066326506248437,76.199262748041,1098,700,-35.2212389380531,-35.42435424354243,0.3732554686726715,0.11178939336131248,0.4648489708634055,817.5182481751825,507.24637681159425,0.7405721072948629,0.01026731916778302,-42.60819100599057,0,,66675742,-57.92972290792895,0.2341294595408954,16.317966724545347,0.468763557095449,73.9,0.4935444501527224,73.3,46,1011,6907,,https://www.ksdk.com/article/news/local/webster-university-eliminates-chess-team-amid-financial-and-immigration-hurdles/63-ff4e30ec-8751-4eca-b204-1bb8a514afd1,,KSDK,
1abcf82b-0f47-4136-ba22-b381b843c14b,9 FTE staff positions eliminated to close $2.4M structural deficit,staff_layoff,2026-04-29,2026,2026-2027,confirmed,,9,,"CSU Pueblo eliminated equivalent of ~9 full-time staff positions plus closed 8 vacant positions, reorganized units, and cut athletics budget by $1M to close $2.4M structural deficit. In-state tuition raised 3.5%, out-of-state 5%. Announced by President Rhonda Epper in April 29 budget update. Enrollment fell 3.2% to 6,851 students between 2019-2024. Epper cited ""tight competitive market and some negative narratives about the value of higher education"" alongside budgetary constraints. Part of broader Colorado higher ed flat-funding crisis driving cuts across the state system.",,Colorado State University Pueblo,,CO,Colorado,Public,,,128106,supabase,TRUE,1,Colorado State University Pueblo,Public,"Public, 4-year or above",Four or more years,City: Midsize,"Degree-granting, primarily baccalaureate or above",11999,-12.307242563765255,No,125780029,106614666,16.218025445358013,No,No,19165363,No,No,1,3,3994.639261452709,-40.87023521781176,18.232802283739336,706,317,-0.8426966292134831,6.0200668896321075,0.00766730560880073,0.01248767663489977,0.00270590224928124,-39.869281045751634,-42.857142857142854,0.49279106592216015,0.06135125880218747,23.36167127804683,0.02905135112042146,52.46880203906842,27145639,-1.5451200120868347,0.5201460024124914,51.03832393211747,-0.06007945568729336,,0.69761760046372,,23,1119,6729,,https://www.highereddive.com/news/colorado-state-university-turns-to-layoffs-and-other-cuts-to-manage-budget/819906/,,Higher Ed Dive,
48038bac-72f7-4c1e-8e09-dd700eff4f73,Men's NCAA Division I tennis program discontinued,program_suspension,2026-04-28,2026,2025-2026,confirmed,8,,,"Men's tennis discontinued effective end of spring 2026 semester. 8-member roster (2025-26); 5 are seniors with completed eligibility; 3 remaining eligible for transfer portal (opens May 4). Scholarships honored through degree completion. Head coach Maja Kovacek continues coaching women's team (which won MVC championship 2026). Program competed in Summit League for 9 years after MVC dropped men's tennis in 2017; prior 36 years in MVC. Finished 2026 season 9-14, eliminated in Summit League Championship semifinals. Third Division I school to cut tennis in 5 days (after Arkansas April 24 and SLU April 27). Reason: thorough analysis of multiple factors per AD Jeri Beggs; no additional details disclosed. Women's program unaffected.",,Illinois State University,,IL,Illinois,Public,,,145813,supabase,TRUE,2,Illinois State University,Public,"Public, 4-year or above",Four or more years,Suburb: Midsize,"Degree-granting, primarily baccalaureate or above",22892,-0.06548216702318069,No,617979477,603752296,-10.54383746693689,Yes,No,14227181,No,No,0,1,10012.80452920143,-23.227441094275864,31.26593943507286,3659,1278,3.713151927437642,6.58882402001668,0.03756770924340381,0.00912206430803346,0.22262295081967212,24.277456647398843,76.22950819672131,0.13323431766556,0.0366603011616225,-7.682145306124716,0.150866144675277,-3.897917410683635,224309967,26.645591470139983,0.30854686031205814,33.78364501935515,0.10839448690399352,,0.2834040691985234,,43,7949,6065,,https://goredbirds.com/news/2026/4/28/general-illinois-state-athletics-discontinuing-mens-tennis-program.aspx,,Illinois State Redbirds Athletics,
e48d1e1f-4b66-4bef-ac3c-6077b3643ac3,Men's and women's NCAA Division I tennis programs discontinued,program_suspension,2026-04-27,2026,2025-2026,confirmed,19,2,,"Men's (est. 1975) and women's (est. 1976) NCAA Division I tennis programs discontinued effective immediately following completion of 2025-26 season at Atlantic 10 Conference Championships. 19 total student-athletes (10 men, 9 women); 5 graduating spring 2026; remaining 14 eligible for immediate transfer portal entry under discontinuation-of-sport exception. 2 coaching positions eliminated: head coach James Tobin (full-time, 2nd year) and assistant Emilien Burnel (part-time); staff member Lizzie Barlow also thanked. No on-campus facility; teams played at Dwight Davis Tennis Center and Missouri Athletic Club West. Operating expenses: $173,199 for 2023-24 per Dept. of Education filing. SLU drops to 16 Division I sports (minimum 14 required). First programs cut since men's and women's golf in 2006. Part of national wave: University of Arkansas also dropped tennis same week. Driven by NIL/revenue-sharing era budget pressures.",,Saint Louis University,,MO,Missouri,Private non-profit,,,179159,supabase,TRUE,2,Saint Louis University,Private not-for-profit,"Private not-for-profit, 4-year or above",Four or more years,City: Large,"Degree-granting, primarily baccalaureate or above",19321,18.91309699655342,No,704482523,633272630,-32.82446724010469,Yes,Yes,71209893,No,No,2,4,21348.454142567414,-30.36611153821435,40.34336704191028,3341,1218,-34.477348499705826,-28.93815635939323,0.19900626261580664,0.03253292021688613,0.4501428200467411,305.59071729957805,243.30357142857144,0.3986336110967341,0.07260906853262063,-2.3261400668604484,0,,1879430141,22.27711439730943,0.45171549920864373,27.31232895925838,0.5391534936118563,79.6,0.21636540400614496,35,30,3120,6434,,https://www.bizjournals.com/stlouis/news/2026/04/28/saint-louis-university-drops-tennis-programs.html,,St. Louis Business Journal,
4d9865ec-d4ac-4677-8850-4e2452ae28d9,Up to 150 positions eliminated amid 10% state funding cut and federal research losses,staff_layoff,2026-04-27,2026,2026-2027,confirmed,,150,,"Hiring freeze effective immediately April 27; up to 150 positions eliminated through layoffs, retirements and vacancy eliminations. No new positions created until at least June 30; positions at offer stage may proceed. Travel restricted; contracted services require CFO approval; capital projects limited to essential operations. Driven by 10%+ state funding reduction ($111M cut across University System of Maryland to close $3.3B state deficit) + reduced federal support + rising costs. Total state funding $2.21B for FY2026. UMD among 12 USM schools absorbing cuts alongside UMB (60 positions), UMES, Morgan State, Towson (hiring pause), Bowie State ($18M deficit). Part of systemic Maryland higher ed funding crisis.",,University of Maryland,,MD,Maryland,Public,,,163286,supabase,TRUE,1,University of Maryland-College Park,Public,"Public, 4-year or above",Four or more years,Suburb: Large,"Degree-granting, primarily baccalaureate or above",44110,-0.8452097289034753,No,2808244734,2722745329,7.750632458750675,No,No,85499405,No,No,1,1,15147.58443361555,-19.16892776925603,19.81366553503524,11025,2657,6.893542757417102,1.9570222563315427,0.1149399229199728,0.03762569917779748,0.33696129202141667,-8.068902991840435,11.28182616330114,0.25828610292450693,0.21072114582994425,16.65897297258567,0.35186038057356,32.66844044954749,1171369937,38.10364095216529,0.21707966982020804,29.086498386477587,0.1018197619740098,,0.3669710520781296,,22,6588,6188,,https://dbknews.com/2026/04/27/umd-hiring-freeze-layoffs-funding-cuts/,,The Diamondback,
701fb2fc-1071-4753-b37b-e5beb9bcee14,Institution closure,institution_closure,2026-04-24,2026,2025-2026,confirmed,1202,,,"Governing board voted to permanently close at end of spring 2026 term. Founded 1946 by Sisters of Saint Anne; Catholic liberal arts institution known for music and art. Enrollment 1,202 as of fall 2024, down 16.6% since 2019. $18.4M long-term debt as of June 2025; endowment assets under $1.4M (all donor-restricted); investments fell ~80% in FY2025. Despite $2M in cost cuts, 7.5% spring enrollment increase, improved fall deposits, and fundraising beating projections, the progress was insufficient. Massachusetts Dept of Higher Education flagged as closure risk in early April 2026 citing inability to verify sufficient resources. Had explored mergers, partnerships, and alternative revenue streams before board vote. Transfer agreements in place with 5 regional colleges. Employees laid off in waves by role. Announcement made on 80th anniversary of founding.",,Anna Maria College,,MA,Massachusetts,Private non-profit,,,164492,supabase,TRUE,4,Anna Maria College,Private not-for-profit,"Private not-for-profit, 4-year or above",Four or more years,Rural: Fringe,"Degree-granting, primarily baccalaureate or above",1573,-3.9095907147220528,No,29334451,32721432,-10.30472060886626,Yes,No,-3386981,Yes,Yes,4,5,11487.397868561278,-30.15058935545622,44.09426309018021,298,164,-10.240963855421686,-17.17171717171717,0.07183725365543547,0.08453237410071943,0.04121475054229935,5550,2725,0.2930705657978385,0,,0,,1525372,-77.64555672106097,0.6246336440608348,13.348403114557318,0.28035030834817537,51,0.6135320681981681,82.7,65,658,6846,,https://www.highereddive.com/news/anna-maria-college-massachusetts-closure/818492/,,Higher Ed Dive,
8e9214e4-7dac-403d-9157-b83d9ad699b8,All varsity sports discontinued,program_suspension,2026-04-24,2026,2026-2027,confirmed,68,13,,"All varsity sports discontinued effective fall 2026 except esports: men's and women's basketball, men's and women's cross country, men's and women's soccer, and women's volleyball eliminated. 13 coaching positions cut this month; no full-time staff affected (coaches with full-time roles retain them). Saves ~$351K annually. 130 total student-athletes; 62 in esports (retained). 68 non-esports athletes affected. Students informed after enrollment deadlines had passed, sparking petition and pushback. College will expand intramural, club sports and wellness programs; women's flag football club retained. Part of broader $5M deficit mitigation for 2026-27; separate actions include 87 staff layoffs, 41 vacant position cuts, 2 faculty retrenchments, and 15 academic program restructurings/eliminations. $128M operating budget adopted April 7. New president Daniel Lufkin begins June 2026.",,Harrisburg Area Community College,,PA,Pennsylvania,Public,,,212878,supabase,FALSE,,,,,,,,,,,,,,,,,,,,,,,,,,,,,,,,,,,,,,,,,,,,,,,,,,https://theburgnews.com/news/hacc-eliminates-several-sports-teams-positions-as-college-continues-to-navigate-budget-cuts,,TheBurg,
18308136-6cd0-4cde-afec-adea5aab34cf,Four degree programs eliminated amid $4.5M budget cuts,program_suspension,2026-04-24,2026,2026-2027,confirmed,,19,,"Board of Regents approved elimination of 4 degrees: MS in Education - Higher Education (opposed by Regent Wilmot); BA in Modern Languages - German emphasis (CIP 16.0501); BM in Music Business emphasis; BA in Education - Modern Languages 7-12 German Teaching Endorsement. Chosen for low/declining enrollment and poor long-term viability. ~19 faculty roles cut via voluntary separations, eliminations, and unfilled openings. Additional $2.3M in operational/administrative reductions including graduate assistant reductions and vacating buildings. Part of $40M+ NU system-wide reductions; UNK's share proportional at $4.5M. Enrolled students may finish degrees via teach-out. Third round of UNK program cuts since 2023 (theatre and others eliminated then). UNL separately had 4 departments cut in December 2025.",,University of Nebraska at Kearney,,NE,Nebraska,Public,,,181215,supabase,TRUE,2,University of Nebraska at Kearney,Public,"Public, 4-year or above",Four or more years,Town: Distant,"Degree-granting, primarily baccalaureate or above",7218,-8.156253976332867,Yes,164120874,138471466,1.774770836065511,No,No,25649408,No,No,1,1,6276.874898621249,-17.97679560993991,18.86265058520222,906,439,-0.6578947368421052,-3.303964757709251,0.04364089775561097,0.06129447063866267,0.01136363636363636,-32.25806451612903,-51.162790697674424,0.35356054308672763,0.02782985267014936,1.0993404402352007,0.344429171819799,-9.019257161519564,88189670,20.546043614063723,0.37459545230624586,28.875822233728236,0.08593622684196486,,0.24432567057703608,,35,1495,5957,,https://nebraskapublicmedia.org/en/news/news-articles/board-of-regents-eliminates-four-degrees-at-unk-months-after-department-cuts-for-unl/,,Nebraska Public Media,
e0a80355-15ec-4c0e-a773-9bf0e54aa758,7 programs approved for elimination by Iowa Board of Regents,program_suspension,2026-04-23,2026,2026-2027,confirmed,,,,"7 programs approved for elimination by Iowa Board of Regents: BA in African American Studies (CIP 05.0201), BA in Classical Languages, BA in Gender Women's and Sexuality Studies (CIP 05.0207), BA in Italian (CIP 16.0902), BA in Russian (CIP 16.0402), BS in Applied Physics (CIP 40.0801), and MA in African American World Studies (suspended since 2021; no enrolled students for 5 years). Also dissolves two admin units: African American Studies Program and Dept of Gender Women's and Sexuality Studies in College of Liberal Arts and Sciences. Minors in African American and women's studies will continue. French program exempted after faculty grew enrollment above 30. UI found 13 undergrad and 16 grad programs underenrolled but only requested closure of 7. Financial savings described as minimal by regents.",,University of Iowa,,IA,Iowa,Public,,,153658,supabase,TRUE,2,University of Iowa,Public,"Public, 4-year or above",Four or more years,City: Small,"Degree-granting, primarily baccalaureate or above",32864,-7.003593763264382,Yes,5800272000,5043165000,19.77638804977003,No,No,757107000,No,No,0,0,16247.203771896617,-13.998689201674305,8.139187265700642,11786,2995,6.8443477472577285,2.9209621993127146,0.05078505355404089,0.01664505875956672,0.14196358762426003,-47.72940808017538,-57.61808024377857,0.2724257546251217,0.21435602886084396,19.75748413531956,0.1199939421289119,-15.737274936654124,3505385000,80.93826471688273,0.22031174648054805,6.37907295363439,0.31659315420075096,,0.27160577318554185,,42,9261,6441,,https://www.highereddive.com/news/iowa-regents-approve-10-program-cuts-at-2-universities/818384/,,Higher Ed Dive,
8a35d40f-31ac-42f4-aff4-4a1024340466,3 graduate programs approved for closure by Iowa Board of Regents,program_suspension,2026-04-23,2026,2026-2027,confirmed,,,,"3 graduate programs approved for closure by Iowa Board of Regents: MA in Psychology (suspended Fall 2024; no enrolled students), Professional Science Master's in Industrial Mathematics (lost lead faculty 2021; no students since Fall 2019), and a third graduate program (not named in available reporting). Part of board-mandated low-enrollment review (graduate threshold: 10 or fewer students). Financial savings described as minimal. Current enrolled students may finish degrees; no new admissions.",,University of Northern Iowa,,IA,Iowa,Public,,,154095,supabase,TRUE,3,University of Northern Iowa,Public,"Public, 4-year or above",Four or more years,City: Small,"Degree-granting, primarily baccalaureate or above",10303,-20.989263803680984,Yes,294706480,252439611,-18.643306383119533,Yes,No,42266869,No,No,0,0,6428.108151044849,-19.79580051556364,17.84867743661422,1770,569,-5.6503198294243075,-10.954616588419404,0.02115888576142871,0.01387406616862326,0.05401069518716577,-65.66929133858268,-69.72222222222221,0.18150053382509948,0.06872870173606692,2.9912013001113205,0.4245720517412129,-18.120329792091212,224410285,42.08585556491835,0.413200747565065,36.97167152880254,0.1593764862519335,,0.2131716550465313,,46,3588,5963,,https://www.highereddive.com/news/iowa-regents-approve-10-program-cuts-at-2-universities/818384/,,Higher Ed Dive,
4d2d548a-0c48-4182-b8f9-6df2726d527c,Board voted 4-3 to close two degree programs,program_suspension,2026-04-22,2026,2026-2027,confirmed,74,,,"Board voted 4-3 to close two degree programs: Criminal Justice (15 students; program supervisor said it generates $100K/year and enrollment was increasing) and Health Information Management (59 students; teach-out arrangement with Klamath Community College). Part of $4.2M budget cuts package for 2026-27 to rebuild ending fund balance to 10% of general fund (currently projected to drop to 3.1% without action). Supervisors of both programs publicly disputed the rationale, calling the process flawed and claiming the programs operate in the black. Student government president criticized lack of student input. College also facing $550K shortfall in current fiscal year. Three-year mitigation plan overall.",,Lane Community College,,OR,Oregon,Public,,,209038,supabase,FALSE,,,,,,,,,,,,,,,,,,,,,,,,,,,,,,,,,,,,,,,,,,,,,,,,,,https://lookouteugene-springfield.com/story/education/2026/04/24/lcc-board-votes-4-3-to-close-two-degree-programs/,,Lookout Eugene-Springfield,
c0cd2740-1ba6-49ad-9b28-3d1e48b61cd6,Gender and Sexuality Center closed,department_closure,2026-04-22,2026,2025-2026,confirmed,,,,"Director position (vacant since Pat Tetreault 2024 retirement, budgeted $102K) eliminated. Remaining staff absorbed into Student Culture and Community under Office of Student Life, relocating to Jackie Gaughan Multicultural Center fall 2026. GSC established 2023 via merger of LGBTQA+ Center and Women's Center. Services redistributed: safer sex kits to University Health Center; menstrual products to Husker Pantry; Lavender Closet to Husker Closet; library content to University Library. Monthly STI drop-in testing discontinued entirely. Follows August 2024 elimination of UNL Office of Diversity and Inclusion. Part of broader NU system DEI restructuring.",,University of Nebraska-Lincoln,,NE,Nebraska,Public,,,181464,supabase,TRUE,2,University of Nebraska-Lincoln,Public,"Public, 4-year or above",Four or more years,City: Large,"Degree-granting, primarily baccalaureate or above",25883,-9.771317018754791,Yes,1453397255,1288046268,6.623764093438851,No,No,165350987,No,No,1,1,10276.370657276995,-23.763863031614505,15.06034872757483,6481,1480,-2.2031084955485136,-10.897049969897653,0.06962098674805857,0.03102153724560363,0.2081929420109949,-41.493506493506494,-27.014985824220332,0.21786500792025656,0.15748520976301444,6.392917899695676,0.2597531010789405,-4.53528694245927,1479930187,-7.892284508593421,0.3845756321042677,27.91997272656581,0.12460644811632,,0.19426046019188636,,33,6295,5783,,https://www.dailynebraskan.com/news/unl-s-gender-and-sexuality-center-to-shut-down/article_3860c048-34b3-4a53-83ba-f17f64f8e53a.html,,Daily Nebraskan,
7f287969-863e-4b9d-91bf-e9272ea4677b,Staff layoff,staff_layoff,2026-04-11,2026,2026-2027,confirmed,,20,,"Cal Athletics laid off ~25 staff in marketing, athletic communications and creative services units, effective early June 2026. Framed as ""complete redefinition"" of external operations transitioning to new ""Strawberry Creek Studios"" revenue generation model. Driven by $24.3M projected shortfall for 2024-25 fiscal year and broader college sports landscape changes (conference realignment, transfer portal, NIL). Co-ADs Jenny Simon-O'Neill and Jay Larson announced cuts April 11. Athletics department action; no academic programs affected. New football coach Tosh Lupoi hired December 2025.",,"University of California, Berkeley",,CA,California,Public,,,110635,supabase,TRUE,2,University of California-Berkeley,Public,"Public, 4-year or above",Four or more years,City: Midsize,"Degree-granting, primarily baccalaureate or above",48556,7.465197087400129,No,3792982000,4267606418,3.1367539104592517,No,No,-474624418,Yes,Yes,4,7,23722.03521491455,-15.43396693609583,28.98442439220645,13954,3133,12.143373784457124,14.468396054073803,0.17429359914325726,0.11568278396692316,0.32298951048951047,6.842570382527459,42.09200805910007,0.2827251009144081,0.1130547833767143,-0.9512310463217116,0.1318679121966227,-0.05747063718480551,3176106000,20.74746837476965,0.20112654314361347,15.255202231879576,,,,,17,5567,5380,,https://www.essentiallysports.com/ncaa-college-football-news-college-athletics-to-cut-twenty-staffers-despite-twenty-two-million-dollars-raised-after-hiring-new-football-hc-california-tosh-lupoi/,,Essentially Sports,
d512d748-0d0f-4388-8c99-248db8943f97,Staff layoff,staff_layoff,2026-04-10,2026,2026-2027,confirmed,,87,,"Additionally cutting 41 already-vacant positions. Driven by flat state appropriations (3 consecutive years), 1.8% projected enrollment decline, and 11% rising healthcare costs. York campus buildings being sold. Budget deficit projected near $10M without intervention.",,Harrisburg Area Community College,,PA,Pennsylvania,Public,,,212878,supabase,FALSE,,,,,,,,,,,,,,,,,,,,,,,,,,,,,,,,,,,,,,,,,,,,,,,,,,https://www.aol.com/articles/hacc-announces-87-job-cuts-090545856.html,,York Daily Record,
da80844e-6c81-4d34-9c30-cdfaeb5296dc,"Main campus in Fort Pierce, FL closed",campus_closure,2026-04-09,2026,2025-2026,confirmed,260,45,,"Main campus in Fort Pierce, FL closed April 15, 2026 with 40-50 layoffs (instructors, administrators, facilities staff). Students notified April 9 — just 6 days before closure. ~260 students enrolled fall 2024. Programs offered: 1-year commercial pilot ($68K+) and 2-year aviation associate degree ($115K+). Parent company attributed closure to lawsuit by former student's family, failed sale, and possible bankruptcy. Accrediting Commission of Career Schools and Colleges (ACCSC) had voted to withdraw accreditation fall 2025 following two fatal flight crashes (2023, 2024) and anonymous complaints of widespread violations including safety, faculty qualifications, enrollment agreements, and student services. As of Jan 2025, 91% of students were 100+ days behind on required flight time. College was appealing accreditation withdrawal. Kissimmee branch campus (aviation maintenance program) remains open; its accreditation withdrawal also under appeal. College said refunds to be provided and working with other schools for student transfer options.",,Aviator College of Aeronautical Science and Technology,,FL,Florida,Private for-profit,,,447847,supabase,FALSE,,,,,,,,,,,,,,,,,,,,,,,,,,,,,,,,,,,,,,,,,,,,,,,,,,https://www.highereddive.com/news/florida-for-profit-flight-college-shuts-down-suddenly/818137/,,Higher Ed Dive,
3c52cfb3-2269-4efe-bdbd-c39b84d69613,10 degree programs eliminated and 13 consolidated under Iowa Board of Regents mandate,program_suspension,2026-04-02,2026,2026-2027,confirmed,,,,"Provost Jason Keith announced April 2 elimination of 10 degree programs and consolidation of 13 others following Iowa Board of Regents Workforce Alignment Review. Programs closed include undergrad: BS Bioinformatics and Computational Biology (CIP 26.1103), BS Environmental Studies (CIP 03.0103), BS Interdisciplinary Design, BS Religious Studies (CIP 38.0201), BS Women's and Gender Studies (CIP 05.0207); grad: MS/PhD Accounting Analytics, PhD Biophysics, PhD Energy Systems Engineering, PhD Interdisciplinary Graduate Studies, PhD Toxicology. Programs consolidated/merged: 4 physics PhDs (applied, condensed matter, high energy, nuclear) → 1 degree; Sociology + Rural Sociology → 1 graduate program; Earth Science + Geology → 1 program at each level; Rhetoric Composition and Professional Communication merged into larger program; graduate Gerontology merged into College of Health and Human Sciences program; Experiential Graphic Design consolidated into multi-credential pathway. 7 programs exempted despite low enrollment (nursing, veterinary science, math/science education). 15 programs given 2-year extension. Board of Regents approval June 15 meeting. Courses in many closed subjects continue via minors/certificates. Part of same Iowa Board of Regents review that cut programs at University of Iowa (7 programs) and University of Northern Iowa (3 programs) — both already in database.",,Iowa State University,,IA,Iowa,Public,,,153603,ipeds_name_match,TRUE,3,Iowa State University,Public,"Public, 4-year or above",Four or more years,City: Small,"Degree-granting, primarily baccalaureate or above",32133,-15.314674256799494,Yes,1558481767,1475332821,-6.925127546236529,Yes,No,83148946,No,No,0,0,13529.59978757302,-5.622414849171159,24.520244900625777,6878,1691,2.5495750708215295,-8.44612885760693,0.09566489278934429,0.03719830336699073,0.379278951201748,-25.712904784920248,-29.333333333333332,0.17091463604394236,0.15963132651470058,3.0065863826431243,0.18696549271599716,-19.60636329685852,1559640740,20.27351954619284,0.30419993632033687,7.534309772872645,0.20715181019616932,,0.28402833492252155,,43,10979,5945,,https://www.highereddive.com/news/iowa-state-university-program-cuts-review-regents/817262/,,Higher Ed Dive,
3ceedaec-67c3-4af1-b344-1d86ead0401a,11 programs suspended or eliminated under Indiana HEA 1001 mandate,program_suspension,2026-04-01,2026,2026-2027,confirmed,,,,"Indiana Commission for Higher Education voted April 1 to act on 11 Indiana State programs. Named cuts include: Master of Music, MA Geography, MS Genetic Counseling, MA Industrial Technology. Part of statewide HEA 1001 compliance cutting 584 programs across 7 Indiana public universities. Students enrolled in suspended/eliminated programs may finish degrees; new admissions cease fall 2026; full elimination by fall 2027.",,Indiana State University,,IN,Indiana,Public,,,151324,supabase,TRUE,4,Indiana State University,Public,"Public, 4-year or above",Four or more years,City: Small,"Degree-granting, primarily baccalaureate or above",9502,-38.25058487132831,Yes,228373745,222587578,-33.47572575117119,Yes,Yes,5786167,No,No,2,2,6324.81529687043,-12.925365184417531,18.93785426166217,1520,534,-19.61924907456372,-19.457013574660635,0.0329404335929278,0.0138739224137931,0.10105871029836382,-47.30639730639731,-70.27540360873694,0.21869080193643445,0.02782777111598056,-18.6992906414046,0.4655706417229712,-10.356267628249867,95008842,64.93917920014303,0.4341422091224796,8.808138653602164,0.15509953200430063,,0.34021950848666827,,26,1733,11843,,,,,
03978c5f-9d7e-4da5-b956-2eb7fb61bc03,10 programs suspended or eliminated under Indiana HEA 1001 mandate,program_suspension,2026-04-01,2026,2026-2027,confirmed,,,,"Indiana Commission for Higher Education voted April 1 to act on 10 Ivy Tech programs. Named cuts include: associate degrees in public safety, nanotechnology, and machine repair. Ivy Tech had fewest programs flagged statewide (47 reviewed; only 10 acted upon). Part of statewide HEA 1001 compliance cutting 584 programs across 7 Indiana public universities. New Indiana law also updates Ivy Tech governance and doubles down on workforce mission.",,Ivy Tech Community College,,IN,Indiana,Public,,,150987,supabase,FALSE,,,,,,,,,,,,,,,,,,,,,,,,,,,,,,,,,,,,,,,,,,,,,,,,,,,,,
cd64be19-048f-4290-bb37-a42cc32bd1d0,Programs suspended,program_suspension,2026-04-01,2026,2026-2027,confirmed,258,,,"93 programs sunsetted (closed or paused) out of ~460 total following 7-month academic portfolio review begun August 2025. Breakdown: 41 bachelor's degrees, 19 graduate degrees, 33 certificates (28 advanced). 55 of the 93 had zero enrolled students. 258 students affected (1.2% of 22K+ enrollment); all may complete degrees via teach-out. No positions eliminated. Affected programs include classics, ceramics, sculpture, painting, German, Italian, French, Russian, Middle Eastern studies, African American studies, digital humanities, Modern Jewish studies, and others. Driven by enrollment concentration: 34% of programs serve 80% of students. Explicitly not a cost-cutting exercise per provost. Chancellor Kent Syverud departing May 10 for University of Michigan.",,Syracuse University,,NY,New York,Private non-profit,,,196413,supabase,TRUE,1,Syracuse University,Private not-for-profit,"Private not-for-profit, 4-year or above",Four or more years,City: Midsize,"Degree-granting, primarily baccalaureate or above",37243,-2.2749934400419836,No,1561671857,1276490219,10.518869516750986,No,No,285181638,No,No,1,2,33035.821993332764,-4.1646488218426905,49.496452121823694,5934,1771,5.343511450381679,2.07492795389049,0.1184920656230701,0.06457571005401638,0.29948525970987366,-6.006389776357827,15.766002098635887,0.22951964127487048,0.04484656481529356,11.835066244296538,0.00113169720272476,-15.555434689724873,2074832074,21.41894753149841,0.3490258607850839,6.4575036966876915,0.4452362710860424,71.5,0.2887990592106354,48.5,32,5102,6232,,https://www.nytimes.com/2026/04/01/nyregion/syracuse-university-degrees-eliminated.html,,New York Times,
71cdee54-e08c-45ee-8203-a3042c87079a,MADE Program,program_suspension,2026-04-01,2026,2025-2026,confirmed,,1,,"MADE (Minorities Achieving Dreams of Excellence) student support program closing end of spring 2026 semester after 7 years. Founded 2019 as a president's office initiative to support underserved first-year students. Program coordinator Jason Perry also departing after graduation. Program offered early orientation, scholarships, monthly meetings, coaching, mentoring, study space, ambassadorships, and internships. Had 200+ students with 90%+ retention rate as of 2023. Cited reasons: UM financial crisis and broader national trend of state bills targeting DEI/equity programs. Separate from February 2026 board vote eliminating 16 minors and concentrations.",,University of Montevallo,,AL,Alabama,Public,,,101709,supabase,TRUE,0,University of Montevallo,Public,"Public, 4-year or above",Four or more years,Town: Fringe,"Degree-granting, primarily baccalaureate or above",3860,35.867652235128475,No,96651983,93989235,15.50866657371626,No,No,2662748,No,No,0,4,7645.286205414697,-21.310265285811703,18.40684531014744,640,232,9.401709401709402,4.0358744394618835,0.02512953367875647,0.0273889227023737,0.01219512195121951,40.57971014492754,162.16216216216216,0.14870466321243522,0.08162079124945654,66.50327032027377,0.3353726899167557,14.202253233318125,45439205,64.9156708915695,0.5211538517957934,15.62869527437529,-0.4706657451797162,,1.0770265436340307,,41,1055,6479,,https://www.wbrc.com/2026/04/23/made-program-closing-university-montevallo-after-7-years-coordinator-says/,,WBRC,
a1650707-d0fb-4419-a489-7f8662eefe6f,Programs suspended,program_suspension,2026-04-01,2026,2026-2027,confirmed,,,,"Multiple program discontinuations and restructurings as UNO transitions to LSU New Orleans in 2026. Discontinued: BA International Studies (→ minor), BS Elementary Ed & Special Ed (Grades 1-5), MAT Elementary Ed & Special Ed (Grades 1-5), MAT Secondary Ed & Special Ed (Grades 6-12), MFA theatre-related tracks/concentrations. Restructured: BA Art History → BA Studio Art (Art History as minor); BA Film and Theatre → BA Film Arts (Theatre Arts as minor); MFA renamed. Taught out: BS Mathematics (while new BS Data Science is developed); MS Tax Accounting (existing teach-out continues). MA Arts Administration merged into MPA. Less than 2% of students affected. All faculty retained during transition. New programs under development: engineering management, hospitality and tourism, data science, healthcare management.",,University of New Orleans,,LA,Louisiana,Public,,,159939,supabase,TRUE,3,University of New Orleans,Public,"Public, 4-year or above",Four or more years,City: Large,"Degree-granting, primarily baccalaureate or above",8114,-19.575775597185057,Yes,179849343,176584266,-12.5750831207324,Yes,No,3265077,No,No,2,3,6959.223650886422,-35.528076388725545,19.862010282684217,1372,363,11.635475996745322,-12.106537530266344,0.08417549913729357,0.07865835559513208,0.11119186046511628,53.1390134529148,7.221350078492936,0.16958343603648016,0.04751669231816163,-9.984247568022996,0.2106183908289486,-1.0316066908270571,27749072,1.3900523809110557,0.3450057056243994,71.40846660151496,-0.6491359993815847,,1.0667617828088498,,28,1513,6485,,https://www.fox8live.com/2026/04/01/uno-announces-degree-cuts-program-changes-lsu-new-orleans-transition-begins/,,Fox 8 WVUE,
c9c03630-3fd9-4251-bc82-db72c42199c3,4 programs suspended or eliminated under Indiana HEA 1001 mandate,program_suspension,2026-04-01,2026,2026-2027,confirmed,,,,"Indiana Commission for Higher Education voted April 1 to act on 4 USI programs — fewest of any Indiana institution. Named cuts include: AS Early Childhood Education, MA Liberal Studies, undergraduate Electronic Business degree, Master in Social Health Services and Allied Professions. Part of statewide HEA 1001 compliance cutting 584 programs across 7 Indiana public universities.",,University of Southern Indiana,,IN,Indiana,Public,,,151306,supabase,TRUE,3,University of Southern Indiana,Public,"Public, 4-year or above",Four or more years,Suburb: Midsize,"Degree-granting, primarily baccalaureate or above",11111,-13.09346890887759,Yes,176019323,172125553,-18.029122807567138,Yes,No,3893770,No,No,0,0,6624.426994406829,-10.148173684649503,25.56898653677926,1180,491,-13.362701908957415,-16.49659863945578,0.01593015930159301,0.01386711684553237,0.0220014194464159,-13.23529411764706,-38.96551724137931,0.25362253622536224,2.8663435215520655e-4,-50.61654184547526,0.4242234159498957,-6.678659480677314,160211786,6.91752902809105,0.4087187710318586,12.106467271186824,0.2958734172185378,,0.3378830823187607,,26,1916,6077,,,,,
b8036a2e-9ffd-4d50-89d6-97d8066e1363,Programs suspended or eliminated under Indiana HEA 1001 mandate,program_suspension,2026-04-01,2026,2026-2027,confirmed,,,,Indiana Commission for Higher Education voted April 1; Vincennes University participated in statewide HEA 1001 compliance review. Specific program names not detailed in available reporting. Part of statewide action cutting 584 programs across all 7 Indiana public universities. Vincennes reported costs by cost center rather than individual program level per CHE reporting options.,,Vincennes University,,IN,Indiana,Public,,,152637,supabase,FALSE,,,,,,,,,,,,,,,,,,,,,,,,,,,,,,,,,,,,,,,,,,,,,,,,,,,,,
545e9f63-6e2a-461f-bebc-a384f7e6b80a,Senior leadership layoffs and executive restructuring to close $40M deficit,staff_layoff,2026-03-31,2026,2025-2026,confirmed,,3,,"Three senior administrators laid off March 31: Jerry Tarrer (former interim president/CEO, at college since 2017), Laurent Pernot (VP of strategic partnerships, previously chief of staff for 8 years), Jeffrey Reuter (associate VP of budget, planning and analysis since 2019). CIO Kathie Koch also departed same month. Part of broader restructuring announced by President Shantay Bolton including hiring freeze for nonessential admin positions and further spending cuts. Since January 2025: 48 full-time faculty laid off (32 tenured); year prior: 70 staff cut. Total deficit: $40M. Bolton also simultaneously added new administrators: Emmanuel Lalande (SVP enrollment strategy), Adriel Hilton (chief of staff), Maryann Schaefer (AVP admissions), Aubrie Willaert (VP development), Jeffrey Bethke (interim CFO), Adam Weiss (VP legal affairs). Restructuring shifting oversight to five deans per May 2, 2026 follow-up article. Implementation continues through fiscal year ending August 31, 2026. No further faculty layoffs currently planned per Provost McBride, though not ruled out if enrollment declines.",,Columbia College Chicago,,IL,Illinois,Private non-profit,,,144281,supabase,TRUE,5,Columbia College Chicago,Private not-for-profit,"Private not-for-profit, 4-year or above",Four or more years,City: Large,"Degree-granting, primarily baccalaureate or above",6888,-8.221185876082611,Yes,169594198,184954163,-22.934596269732054,Yes,No,-15359965,Yes,Yes,3,5,17134.249336870027,-34.131369601122884,60.94182066299225,1036,619,-30.8411214953271,-28.190255220417633,0.04965156794425087,0.04125412541254125,0.30180180180180183,-18.181818181818183,41.90871369294606,0.03222996515679442,0.00770020355999243,-32.749055204689206,0,,191973543,-18.072705062609735,0.4385516523705365,107.43723474102242,0.5922714113566757,83.4,0.36091420013706577,59.5,56,3523,6617,,https://columbiachronicle.com/campus/exclusive-columbia-cuts-former-interim-president-two-other-senior-leaders-amid-40-million-deficit/,,Columbia Chronicle,
8f5ca122-adfe-4e42-b6cc-d9c8498cb317,Staff layoff,staff_layoff,2026-03-27,2026,2025-2026,confirmed,,,,"Non-renewal letters sent by Provost Dr. Ryan Sandefer citing ""current financial constraints"" and institutional restructuring. Sources indicate more than a dozen faculty affected; college declined to confirm any personnel figures. College described cuts as ""necessary budget adjustments."" Letters stated non-renewals do not reflect negatively on performance. Catholic Benedictine private institution in Duluth, MN. Student sit-in protest reported following cuts including a popular philosophy professor.",,College of St. Scholastica,,MN,Minnesota,Private non-profit,,,174899,ipeds_name_match,TRUE,3,The College of Saint Scholastica,Private not-for-profit,"Private not-for-profit, 4-year or above",Four or more years,City: Small,"Degree-granting, primarily baccalaureate or above",3847,-23.942269671807036,Yes,76514016,69996221,-25.06425369517538,Yes,No,6517795,No,No,2,2,14220.693451439418,-29.037976390683067,58.74951329178696,569,302,-25.523560209424083,-31.519274376417233,0.01949571094359241,0.03416003743565746,0.00116959064327485,-37.5,-48.97959183673469,0.44450220951390695,0.06623453914766227,-18.66786287144376,0,,87878218,-22.614523119035233,0.4399190638638297,15.87968868156002,0.4468491001753973,71.7,0.301636154682489,50.4,53,935,7215,,https://www.fox21online.com/news/cuts-at-college-of-st-scholastica/article_fd38acf1-b26b-4178-8784-6feded1605ea.html,,Fox 21,
d0ca41b6-7d38-4c15-aa48-0318d550cfc9,Programs suspended,program_suspension,2026-03-26,2026,2026-2027,confirmed,,,,"Board unanimously voted to eliminate 10 career and technical education (CTE) programs, including all architecture programs and one certificate each from several other academic areas. Reasons cited: low enrollment, non-transferable credits, low completion rates, and lack of industry demand. No full-time faculty negatively impacted; no adjuncts losing jobs as they typically teach across multiple programs. Budget pressures driven by statewide tuition freeze and declining property tax revenue from appraisal freeze. Chancellor LeBlanc described cuts as addressing ""obsolete"" programs amid a ""new reality"" for the college budget.",,Tarrant County College,,TX,Texas,Public,,,228547,supabase,FALSE,,,,,,,,,,,,,,,,,,,,,,,,,,,,,,,,,,,,,,,,,,,,,,,,,,https://fortworthreport.org/2026/03/31/tarrant-county-college-cuts-10-career-technical-programs/,,Fort Worth Report,
6dacb975-b4a3-43e5-9d72-81c9e42011de,Staff layoff,staff_layoff,2026-03-24,2026,2025-2026,confirmed,,9,,"All 9 staff at Keller Center for Innovation in Engineering Education laid off. Tenured faculty salaries frozen; all other staff raises capped at 1%. All departments cut 5-10% of budgets. Most staff hiring frozen. Driven by revised endowment return projection (8% vs historical 10.2-12%), translating to ~$11.3B less in endowment value over 10 years and ~$500M less in annual payouts. Additional pressures: rising healthcare costs, federal research grant suspensions, new 8% endowment tax. Endowment funds 65% of operating budget ($36.4B total). President Eisgruber warned more cuts are coming. Graduate stipends and undergraduate financial aid commitments preserved.",,Princeton University,,NJ,New Jersey,Private non-profit,,,186131,supabase,TRUE,3,Princeton University,Private not-for-profit,"Private not-for-profit, 4-year or above",Four or more years,City: Small,"Degree-granting, primarily baccalaureate or above",9042,3.692660550458716,No,2446195000,2468072000,-20.497778967582352,Yes,No,-21877000,Yes,Yes,3,4,1512.625834445928,-81.19344882307851,0.5557807533741178,8184,1242,17.501794687724338,5.2542372881355925,0.23811103738111036,0.12623719395728425,0.4343588181541273,-1.6445865692096848,28.460620525059667,0.3630833886308339,0.11084830454156362,-1.1901025914609282,0,,33401865000,6.240104730624277,0.2215529440909463,98.780804026532,0.38604694396081696,64.1,0.15611806062821698,22.9,2,112,6140,,https://www.nj.com/education/2026/03/princeton-u-cuts-jobs-freezes-professors-salaries-even-though-it-has-a-36b-endowment.html,,NJ.com,
a6d1c4f4-ef89-45a5-a858-93e63e940354,Staff layoff,staff_layoff,2026-03-19,2026,2026-2027,confirmed,,1,,"Library Director Dan McClure (9-year tenure) laid off effective March 19 with no reason given — college's only credentialed librarian (MLS degree). College plans to hire a part-time replacement; no timeline given. Around the same time, Automotive Repair and Historic Preservation & Restoration programs also eliminated. ~800 students enrolled. Driven by budget shortfall as costs rise faster than incoming funds. McClure taught Library Research Skills (1-credit information literacy course each quarter) and managed interlibrary loans, Open Educational Resources compliance (Oregon law), vendor contracts, and consortium memberships (Oregon Community College Library Association, Chinook Library Network).",,Clatsop Community College,,OR,Oregon,Public,,,208415,supabase,FALSE,,,,,,,,,,,,,,,,,,,,,,,,,,,,,,,,,,,,,,,,,,,,,,,,,,https://www.orartswatch.org/clatsop-community-college-abruptly-lays-off-library-director-dan-mcclure/,,Oregon ArtsWatch,
b3a97f93-11f1-483c-a139-0516cabb197b,Programs suspended,program_suspension,2026-03-19,2026,2026-2027,confirmed,,,,"70+ programs, minors and certificates cut or consolidated to address $45M deficit. Major cuts: all linguistics degrees phased out (dept merged with World Languages, Literatures and Cultures effective Sept. 1); BA in Latino and Latin American Studies eliminated; MA in Women's and Gender Studies cut. 25 undergraduate minors eliminated including women's and gender studies, LGBTQ studies, Mexican American studies, Africana studies, Asian studies, dance, geology, and special education. 40+ certificate programs cut (avg. fewer than 2 students/year). Driven by sharp decline in international enrollment and reduced state funding. Faculty buyouts offered to those with 15+ years service (deadline April 10). Linguistics dept chair said faculty were not consulted. Faculty and staff impact TBD. Enrolled students may complete degrees; no new admissions to affected programs. ~47,000 total enrollment.",,University of North Texas,,TX,Texas,Public,,,227216,supabase,TRUE,1,University of North Texas,Public,"Public, 4-year or above",Four or more years,City: Midsize,"Degree-granting, primarily baccalaureate or above",52668,19.80074153265246,No,1148959489,1043352219,-0.1754455789344387,Yes,No,105607270,No,No,0,0,11409.60967040744,-6.005547522040372,39.28857382020368,4517,1815,4.318706697459584,10.267314702308628,0.1872104503683451,0.04053036415469851,0.539390417150975,234.46404341926728,277.0554493307839,0.29403053087263614,0.04788783911991996,68.36532336105522,0.16902327758161073,9.187841575262718,327779886,37.533349913273426,0.24688943809785255,-1.6225130131233052,0.2199997298576673,,0.20075341643819364,,36,12230,6224,,https://www.texastribune.org/2026/03/20/university-north-texas-deficit-program-cuts/,,Texas Tribune,
9a478997-e54f-4893-ab6c-d169d3c6e6fb,Programs suspended,program_suspension,2026-03-16,2026,2026-2027,confirmed,,,,"17 programs sunset per Ohio Advance Higher Education Act (SB1) mandate requiring 5+ annual degree conferrals averaged over 3 years. Originally 36 programs fell below threshold; 16 approved to merge with similar programs, 3 received ODHE waivers, 17 sunset. Programs closed include BA in African American Studies, BA in French, BA in Chemistry, BA in Dance, BFA in Interdisciplinary Arts, BM in Music Therapy, BA in Mathematics, BA in Physics, BA in Geological Sciences, and several associate degrees. Most disciplines continue via minors, BS alternatives or related programs. 16 additional programs being merged/combined. Currently enrolled students may complete degrees as outlined. Incoming applicants to be notified of alternatives.",,Ohio University,,OH,Ohio,Public,,,204857,supabase,TRUE,3,Ohio University-Main Campus,Public,"Public, 4-year or above",Four or more years,Town: Distant,"Degree-granting, primarily baccalaureate or above",28654,-15.524764150943396,Yes,832076966,752755844,-13.73144316126245,Yes,No,79321122,No,No,1,1,11887.394127516778,-20.709261581313218,34.05880556486886,4048,1323,-4.708097928436912,-9.507523939808484,0.04009911356180638,0.01193658401696008,0.12794709603220242,-15.514705882352942,-46.25818521983162,0.24275842814266768,0.06440181659612691,41.26962808404214,0.2424967548868146,-10.528877725228856,779546455,9.416043132805578,0.23597755755816804,40.974622456686014,0.1797306303624664,,0.5047873352582151,,48,9079,6248,,https://www.ohio.edu/news/2026/03/following-review-state-ohio-university-will-sunset-select-academic-programs-graduating,,Ohio University News,
5062330c-a3ca-4c65-a3d5-380c74eb5acd,14 classified positions eliminated across 3 campuses amid $1.8M structural deficit,staff_layoff,2026-03-15,2026,2026-2027,confirmed,,14,,"Board approved 9 classified positions eliminated at Contra Costa College (CCC): academic scheduling specialist, instructional assistant counseling/matriculation, office assistant II fine/media arts, program assistant welcome center/outreach, program coordinator dramatic arts, dean of enrollment services (cut next year), learning disabilities specialist DSPS, wellness coordinator, plus additional vacant positions. 6 positions cut at Diablo Valley (2 grant-funded), 1 at Los Medanos (14 total across district). Undocumented students program coordinator position initially included then reversed after student/community pressure. 120 layoff notices issued via bumping process; 69 subsequently rescinded as of April 30. Structural deficit $1.8M current year, worsening in future years. District gave 8% merit raises to top administrators in 2025 — criticized by union. Contra Costa College serves more vulnerable population (San Pablo area) but received disproportionate cuts. Wellness coordinator loss also eliminates 3 student worker positions. Local 1 SEIU represents classified staff. Board failed first vote March 13, called emergency meeting March 15 to approve under deadline.",,Contra Costa College,,CA,California,Public,,,112826,supabase,FALSE,,,,,,,,,,,,,,,,,,,,,,,,,,,,,,,,,,,,,,,,,,,,,,,,,,https://richmondside.org/2026/04/13/contra-costa-community-college-district-approves-layoffs/,,Richmondside,
7fd5cebe-0d57-43e9-8e77-5cf572afa8fd,Institution closure,institution_closure,2026-03-14,2026,2026-2027,confirmed,,,,"Board of Trustees voted to permanently close the college at the end of Fall 2026. Announced by President Jennifer Chrisler on March 14, 2026. Driven by $20M+ in debt, $3.7M operating deficit (2025), chronic enrollment decline since 2019 (when college did not admit an incoming class), and NECHE accreditor sustainability requirement. Five-year sustainability plan (2019-2024) fell short: raised $55M of $60M goal but could not grow enrollment sufficiently. Two student pathways offered: Completion (Division III students finish at Hampshire through Dec 2026) and Transfer (to Five College Consortium partners and others). Founded 1965; known for independent liberal arts model. Board stated closure decision came only after exhausting all alternatives; nearly all trustees are alumni.",,Hampshire College,,MA,Massachusetts,Private non-profit,,,166018,supabase,TRUE,5,Hampshire College,Private not-for-profit,"Private not-for-profit, 4-year or above",Four or more years,Rural: Fringe,"Degree-granting, primarily baccalaureate or above",771,-37.469586374695865,Yes,29663833,43914097,-58.686202600104586,Yes,No,-14250264,Yes,Yes,4,5,12804.23735955056,-53.607355269741575,30.733105192440902,249,58,-11.702127659574469,-33.33333333333333,0.06744487678339818,0.06744487678339818,,-26.76056338028169,-35.80246913580247,,0.02878061012862898,-43.85841803232224,0,,27241084,-61.11386174293991,0.7625420437647701,39.55095641654095,0.13601941680340027,32.8,0.3884715699640785,63.2,62,442,5797,,https://www.amherstindy.org/2026/04/14/hampshire-college-to-close-permanently-at-years-end/,,Amherst Indy,
b3650f1e-0764-4fbf-b8e8-27b255d4df36,School of Public Health staff and lecturer layoffs amid FY2027 budget shortfall,staff_layoff,2026-03-13,2026,2026-2027,confirmed,,,,"School of Public Health conducting Reduction in Force (RIF) including mid-contract lecturer layoffs and staff cuts. Lecturer Lex Eisenberg received layoff notice March 13 mid-contract. ~50 students, faculty and staff demonstrated April 22 outside annual awards ceremony demanding halt to cuts and financial transparency. Compensation allocation cut from $39.3M (FY2025) to $37M (FY2026); FY2027 shortfall projected. Root causes: 65-student drop in international enrollment 2024-25 (accelerating due to Trump travel ban affecting 19 countries and visa scrutiny); declining indirect cost recovery from federal research disruptions; 2023 one-time $2M investment in faculty/staff pay (including 19 new tenure-track faculty) created unsustainable compensation baseline. School relies ~80% on tuition and indirect cost recovery. Dean Corliss stated school remains committed to ""world-class education and research."" Interim Associate Dean Kidwell confirmed compensation increases and layoffs are structurally separate decisions. Epidemiology PhD admissions also paused for 2025-26 cycle due to NIH grant terminations (separate prior action).",,University of Michigan,,MI,Michigan,Public,,,170976,supabase,TRUE,0,University of Michigan-Ann Arbor,Public,"Public, 4-year or above",Four or more years,City: Midsize,"Degree-granting, primarily baccalaureate or above",54262,12.534738064623168,No,14752836000,13149419000,28.625714427672733,No,No,1603417000,No,No,2,3,29213.5456058085,-10.939596900416287,10.47287450358697,27648,9062,10.991569650742674,8.371203061468547,0.17262541004754708,0.08769521194439678,0.3264766839378238,27.87713310580205,49.108564151544094,0.3556816925288415,0.20862412513486064,7.632015585040257,0.05636585664660388,-9.40840015474749,18894762000,25.464129943730956,0.2562962634933685,3.586246773670353,0.16323961749988025,,0.349991887346782,,24,7995,6114,,https://www.mlive.com/news/ann-arbor/2026/05/university-of-michigan-school-of-public-health-lays-off-staff-amid-budget-issues.html,,MLive,
f0aaa945-86b1-4549-b897-1105d6924146,Spanish degree (eliminated) and Medical Laboratory Science degree (suspended),program_suspension,2026-03-12,2026,2026-2027,confirmed,,,,"UMaine announced it will end its Spanish degree program and suspend new admissions to the Medical Laboratory Science degree, citing an $18M structural deficit. The university is also cutting $5.6M in costs and laying off staff. A Budget Town Hall was held March 23, 2026.",,University of Maine,,ME,Maine,Public,,,161253,ipeds_name_match,TRUE,0,University of Maine,Public,"Public, 4-year or above",Four or more years,Suburb: Small,"Degree-granting, primarily baccalaureate or above",13960,6.638148346192041,No,529147000,495270000,10.374587783144706,No,No,33877000,No,No,0,0,11856.209150326797,-17.324358728622844,20.911769319300685,2635,780,-1.347809809060277,-1.7632241813602016,0.04749283667621776,0.02364958130118708,0.13126414484319432,35.30612244897959,14.904679376083187,0.22156160458452723,0.15641272902603665,68.14797933099548,0.25055733557304466,0.39301316102196654,479309000,17.06179330913494,0.4082072510041127,17.57798149847347,0.06751888406160027,,0.2017086746774042,,42,3932,6306,,https://themainemonitor.org/umaine-end-spanish-degree-suspend-medical-lab-degree/,,The Maine Monitor,
53cf3543-1512-4609-ba95-32e6aeb292f8,7 classified positions eliminated gutting College to Career and Student Success programs,staff_layoff,2026-03-10,2026,2026-2027,confirmed,23,7,,"Board voted March 10 to eliminate 7 classified positions: 2 from College to Career (C2C) program (Mary Schexnaydre, student success coach 15 years; Noah Morris, employment services advisor 13 years) and 5 from Student Success program. C2C program goes from coordinator + 2 specialists to coordinator only. 23 new students joining C2C fall 2026 who were promised services that no longer exist. Program was named most successful in California in 2018, placing students into 400+ jobs. Budget driven: combined Morris/Schexnaydre salaries ($124,139) replaced by upgraded coordinator role costing $205,429 — net loss of 2 specialists with no budget savings. Part of $10M deficit multi-year strategy including executive pay cuts, hiring freeze, furloughs. Driven by declining enrollment and state funding. SEIU Local 1021 involved. Staff said DOR contract compliance at risk without specialized disability expertise.",,Santa Rosa Junior College,,CA,California,Public,,,123013,supabase,FALSE,,,,,,,,,,,,,,,,,,,,,,,,,,,,,,,,,,,,,,,,,,,,,,,,,,https://www.theoakleafnews.com/news/2026/05/12/classified-staff-layoffs-and-coordinator-position-changes-leaves-college-to-career-program-questioning-future-of-specialized-support-for-students/,,The Oak Leaf,
85eca4c1-85e8-42b6-95e3-6c403cda5bbe,Dance program eliminated; two legacy programs cut; 52 staff laid off,department_closure,2026-03-09,2026,2026-2027,confirmed,,52,,"Portland State declared a financial crisis amid a $35M deficit and declining enrollment (down ~25% since 2010). PSU eliminated dance programming (April 2026), cut two additional legacy programs, and laid off 52 faculty and staff (confirmed May 14, 2026 by OPB). The university is also evaluating cuts or consolidations across 19 academic departments.",,Portland State University,,OR,Oregon,Public,,,209807,supabase,TRUE,3,Portland State University,Public,"Public, 4-year or above",Four or more years,City: Large,"Degree-granting, primarily baccalaureate or above",24869,-23.350285097857913,Yes,603760692,585854574,-19.28124322107132,Yes,No,17906118,No,No,0,2,9402.774538964904,-20.666899574946157,23.561417277559368,2978,1304,-7.773304428615671,-12.483221476510067,0.05589287868430576,0.02873713360154658,0.14659685863874344,-38.38652482269504,-53.8971807628524,0.23040733443242592,0.0953383768164462,-9.964956184294236,0.2478042020949847,9.184221443479863,123171915,3862.125893685392,0.18811884827191305,-6.42216831268201,0.03847339309860888,,0.49674620091574434,,32,5151,7166,,https://www.opb.org/article/2026/03/09/portland-state-university-cuts-layoffs-retrenchment/,,OPB,
9b8ac08f-031a-4cbe-bcf2-5d17859088ce,Downtown Center campus closed after 47 years,campus_closure,2026-03-06,2026,2026-2027,confirmed,1052,,,"Downtown Center at 88 Fourth St (Fourth and Mission) closing after spring 2026; no classes scheduled for fall 2026. Campus opened 1979; 47 years old. Enrollment of 152 full-time equivalent students — far below California state minimum of 1,000 required to receive $2.2M annual state funding. 900 part-time students also affected. Culinary, fashion, and language classes relocated to under-enrolled campuses including Chinatown/North Beach Center. No employee job losses. College owns 84,000 sq ft building; exploring partnerships with educational institutions, community orgs, and the city. Downtown location increasingly isolated near shuttered SF Centre mall; English learners also scattered by ICE enforcement fears. CCSF enrollment has fallen from ~22,000 full-time equivalent students a decade ago to ~9,000 currently.",,City College of San Francisco,,CA,California,Public,,,112190,supabase,FALSE,,,,,,,,,,,,,,,,,,,,,,,,,,,,,,,,,,,,,,,,,,,,,,,,,,https://www.msn.com/en-us/money/careersandeducation/this-downtown-sf-college-campus-to-close-after-low-enrollment-triggers-loss-of-state-funds/ar-AA1XGLdB,,San Francisco Chronicle,
b286155b-2127-427d-9437-bf8f8d3e777e,Various Programs,staff_layoff,2026-02-27,2026,,confirmed,,33,,"NJCU announced the reduction of its academic portfolio by 37 percent, which involved sunsetting 48 undergraduate programs, 24 minors, 28 graduate programs, 10 certificate programs, and one doctoral program.",,New Jersey City University,,NJ,New Jersey,Public,,,185129,supabase,TRUE,3,New Jersey City University,Public,"Public, 4-year or above",Four or more years,City: Large,"Degree-granting, primarily baccalaureate or above",7008,-26.732880292733924,Yes,148883297,141773603,-24.95886392939567,Yes,No,7109694,No,No,1,5,9285.89705263158,-8.07712974107161,29.62589618095306,1089,569,-25.103163686382395,-29.228855721393032,0.02368721461187214,0.02111801242236025,0.02938475665748393,-3.488372093023256,25.75757575757576,0.3107876712328767,0.0268485550143228,-15.1960898987524,0.4184712232732543,-11.933947703356052,18493002,14.352143337023795,0.4763965641423664,6.724220688940871,-0.3624859661222371,,1.0631702604891828,,28,1193,6991,,https://www.nj.com/education/2026/02/nj-university-will-lay-off-151-employees-ahead-of-massive-merger-report-says.html,,nj.com,
a82051be-4c64-42df-a662-bdf788dd63a3,Staff layoff,staff_layoff,2026-02-20,2026,2025-2026,confirmed,,16,,"At least 16 faculty laid off, mostly in humanities, effective end of academic year (pay and benefits through August). Board of trustees approved cuts in early February 2026. Driven by Ohio Advance Higher Education Act (SB1) compliance — requires eliminating programs with fewer than 5 graduates/year over 3 years — and ongoing fiscal distress including a $26M student tuition/fee backlog. Ohio Dept. of Higher Education placed CSU on fiscal watch in 2024. Prior year cuts included 33 staff and 7 faculty. HBCU; secured $400K+ in emergency student aid via UNCF partnership in January 2026.",,Central State University,,OH,Ohio,Public,,,201690,supabase,TRUE,1,Central State University,Public,"Public, 4-year or above",Four or more years,Rural: Fringe,"Degree-granting, primarily baccalaureate or above",4238,86.04038630377524,No,104407220,113109160,22.16231076953474,No,No,-8701940,Yes,No,2,2,4456.939346323067,8.013025723471536,13.583333604706649,542,201,23.74429223744292,13.559322033898304,0.04789995280792827,0.04803804994054696,0.0303030303030303,125.55555555555556,2800,0.00778669183577159,0.2608326162125602,116.07553848466767,0.16183573692984138,-17.283044587045914,1859458,-74.46353463450478,0.6450832870416912,64.3647570462463,-0.18151819059250637,,0.5117335164426899,,42,1428,6632,,https://www.wyso.org/news/2026-02-20/csu-to-lay-off-faculty-amid-financial-strain-complying-with-new-ohio-law,,WYSO,
2c5fd439-48fc-44c3-9a61-25f03afa62ad,Institution closure,institution_closure,2026-02-13,2026,2025-2026,confirmed,530,,,"Labouré College of Healthcare (founded 1892, 134 years) will cease all academic operations August 31, 2026. Board of Directors unanimously approved merger/acquisition agreement with Curry College (~4 miles away in Milton, MA). Nursing programs will transfer to Curry's School of Nursing and Health Sciences under a new unit called the Labouré Center for Advancing Healthcare Opportunity. Reasons cited: persistent financial and enrollment challenges, and regulatory hurdles (state regulators voted to shut down nursing program in 2023 after students failed 80% first-time NCLEX pass rate threshold; decision overturned on appeal; scores restored to full approval by May 2024). Enrollment declined from peak of 1,188 (fall 2020) to 530 (fall 2024), roughly a 55% drop. Only 168 new students enrolled in 2025 vs. goal of 300. ASN nursing students (majority of enrollment) will transfer to Curry's Milton campus in fall 2026; tuition and fees held at 2026-2027 Labouré rates; credits transfer seamlessly. Students in other programs (e.g. respiratory care) being directed to articulation agreements at other institutions if unable to complete by Aug. 31. Curry plans to hire ~15 Labouré nursing faculty and ~20 staff (35-40 total of ~100 total Labouré employees). As of Nov. 1, 2024: 23 FT instructional employees, 49 noninstructional staff at Labouré. Labouré endowment pledged to support the new Center. Labouré plans to sell its physical property (303 Adams St, Milton — former Aquinas College campus) and use proceeds to fund the Center. Curry enrolled ~2,000 students in fall 2024 and also faced enrollment declines; acquisition expected to potentially double Curry nursing enrollment. Deal subject to regulatory approval at time of announcement.",,Labouré College of Healthcare,,MA,Massachusetts,Private non-profit,,,,unmatched,FALSE,,,,,,,,,,,,,,,,,,,,,,,,,,,,,,,,,,,,,,,,,,,,,,,,,,https://www.laboure.edu/hubfs/Joint%20Press%20Release.pdf,,Labouré College of Healthcare / Curry College,
2a893ffc-bef3-4f49-b458-0bfa1f12d804,Programs suspended,program_suspension,2026-02-13,2026,2026-2027,confirmed,,,,"Board unanimously voted to eliminate 9 minors and 7 concentrations (16 total), saving ~$400K. Minors cut include African American Studies, Cybersecurity, Economics, Latin American Studies, Management Information Systems, Non-profit Studies, Peace and Justice Studies, Philosophy and Religion, and Professional Writing. Current students with declared minors/concentrations may finish via teach-out. Second round of cuts after 6 programs were eliminated in May 2025. Part of effort to close ~$8M shortfall. Combined with fee increases, generates ~$800K. 4 athletic teams (men's/women's swimming and tennis) also recommended for elimination but decision deferred to May 2026 board meeting. Tuition increase not pursued for 2026-27.",,University of Montevallo,,AL,Alabama,Public,,,101709,supabase,TRUE,0,University of Montevallo,Public,"Public, 4-year or above",Four or more years,Town: Fringe,"Degree-granting, primarily baccalaureate or above",3860,35.867652235128475,No,96651983,93989235,15.50866657371626,No,No,2662748,No,No,0,4,7645.286205414697,-21.310265285811703,18.40684531014744,640,232,9.401709401709402,4.0358744394618835,0.02512953367875647,0.0273889227023737,0.01219512195121951,40.57971014492754,162.16216216216216,0.14870466321243522,0.08162079124945654,66.50327032027377,0.3353726899167557,14.202253233318125,45439205,64.9156708915695,0.5211538517957934,15.62869527437529,-0.4706657451797162,,1.0770265436340307,,41,1055,6479,,https://www.shelbycountyreporter.com/news/um-board-of-trustees-approves-elimination-of-16-minors-concentrations-b0bf5602,,Shelby County Reporter,
869387ab-70e1-407c-8ad0-9351aa620ef5,Programs suspended,program_suspension,2026-02-12,2026,2026-2027,confirmed,200,,,"Board voted 4-2 to lay off 16 non-faculty workers and eliminate 17 vacant positions (33 total). Adaptive Physical Education (APE) program discontinued beginning 2026-27; offered for 40+ years serving ~200 disabled students. Cuts also include 3 Disability Support Programs roles. Driven by loss of HSI federal grants, stagnating state funding, and local property tax underperformance. Projected deficit of $3.75M in 2027 and $4.4M in 2028 without action. Board declared financial hardship via resolution.",,Napa Valley College,,CA,California,Public,,,119331,supabase,FALSE,,,,,,,,,,,,,,,,,,,,,,,,,,,,,,,,,,,,,,,,,,,,,,,,,,https://www.pressdemocrat.com/2026/02/13/layoffs-napa-valley-college-physical-education-program-disabled-students/,,Press Democrat,
7f372b93-9079-432c-bbfd-3b264318e655,Permanent institution closure after 68 years,institution_closure,2026-02-11,2026,2025-2026,confirmed,1200,132,,"387 total employees losing jobs via WARN filing: 26 assistant professors, 106 adjuncts, 14 head coaches, ~31 federal work-study students, ~49 student employees, and remaining admin/staff. Terminations begin May 15 through Sept. 30, 2026. Founded 1958 by Sisters of St. Francis of Sylvania; owned and subsidized by Sisters for nearly 25 years. Closure driven by declining enrollment, rising costs, and unsustainable funding model. President William Bisset stepped down; Sister Nancy Linenkugel named 13th and final president. Teach-out agreements with University of Toledo (dedicated transfer process), Walsh University, Trine University, and Marietta College. ~1,200 students affected. No bumping rights or union representation for laid-off staff.",,Lourdes University,,OH,Ohio,Private non-profit,,,203757,supabase,TRUE,5,Lourdes University,Private not-for-profit,"Private not-for-profit, 4-year or above",Four or more years,Suburb: Large,"Degree-granting, primarily baccalaureate or above",1353,-3.080229226361032,Yes,27977693,30331471,-19.66143417082385,Yes,No,-2353778,Yes,Yes,5,9,14776.60653409091,-24.716306751903865,37.182233002556714,239,139,-11.152416356877325,-4.794520547945205,0.04730229120473023,0.05347091932457786,0.02439024390243902,146.15384615384613,2033.3333333333333,0.21212121212121213,0,-100,0,,9442304,-8.986780013840047,0.45009693799969586,35.190184758081166,0.1681699086110169,36.4,0.47496044769355833,72.1,81,670,5024,,https://www.wtol.com/article/news/local/lourdes-university-387-employees-to-lose-jobs-permanent-closure/512-a4e5f0bc-ad9c-4adf-b694-a64c2ca4c6f1,,WTOL,
d560d8dc-c84a-4515-8c0a-9a741b0d23e3,60 staff layoffs and 10 vacant positions eliminated to address $17.5M structural deficit,staff_layoff,2026-02-09,2026,2026-2027,confirmed,,60,,Board voted February 9 to lay off ~60 classified staff and eliminate equivalent of ~10 vacant positions. All 49 classified management and 46 academic administrator positions also opened to potential elimination in coming weeks restructuring. Structural deficit projected to reach $17.5M in FY2027 nearly wiping out reserves. College scraped together $6.3M in one-off funds reducing current deficit to $5.8M. Trustee blowback during Feb 9 meeting. Part of broader California community college funding crisis.,,Santa Monica College,,CA,California,Public,,,122977,supabase,FALSE,,,,,,,,,,,,,,,,,,,,,,,,,,,,,,,,,,,,,,,,,,,,,,,,,,https://www.highereddive.com/news/santa-monica-college-layoffs-deficit/811552/,,Higher Ed Dive,
1e452028-bcc4-42d2-a379-91ab55250e9a,Programs suspended,program_suspension,2026-02-07,2026,2026-2027,confirmed,48,,,"Deactivating 1 undergraduate program (Environmental Geography, B.S.), 2 graduate programs (Conflict Analysis and Resolution, M.S.; Higher Education and Student Affairs Administration, M.S.), 2 minors, and 3 certificates. 19 students in impacted bachelor's programs, 29 in master's programs (48 total; 0.8% of enrollment). Enrolled students may complete degrees via teach-out. Part of SUNY-mandated Framework for Fiscal Stability Plan targeting elimination of $16-17M structural deficit by 2027-28. Deficit attributed to Great Recession-era state cuts and COVID-19 financial losses. Prior year cuts included sociology. Faculty union UUP held campus rally March 10 demanding state funding.",,Buffalo State University,,NY,New York,Public,,,196130,supabase,TRUE,5,SUNY Buffalo State University,Public,"Public, 4-year or above",Four or more years,City: Large,"Degree-granting, primarily baccalaureate or above",8083,-22.776344702398013,Yes,229218019,238274929,-21.01050437208567,Yes,No,-9056910,Yes,Yes,5,9,4263.277680754453,-19.578293433909295,10.649916662965314,1319,558,-25.438100621820237,-32.11678832116788,0.01620685389088209,0.01507464849978257,0.02280405405405405,-26.81564245810056,-93.20891653706585,0.14648026722751453,0.02303268201947732,-66.07512798062916,0.635772526154274,2.102081144549159,96391605,48.62283329033447,0.5199231799304973,10.970341585455786,0.00556501850291387,,0.9260087140452352,,50,2759,6181,,https://www.wivb.com/news/local-news/buffalo-state-program-cuts-spark-strong-reactions-from-students/,,WIVB News 4,
8693231e-a88f-4fb0-b9ef-82f032c33952,Permanent institution closure after 20 years of operation,institution_closure,2026-02-07,2026,2025-2026,confirmed,,,,"Board of Trustees voted February 7, 2026 to cease academic operations at end of 2025-2026 academic year. Founded 2002, incorporated in CA; first class admitted 2005; Reformed Christian liberal arts institution in Old Town Pasadena. Closure driven by declining enrollment, rising operational costs (Southern California), heightened accreditation expectations, and loss of federal funds. Accreditation held by WASC Senior (on probation at time of closure). Over half of full-time students scheduled to graduate May 2026; teach-out agreements established with local Christian colleges and sister institutions for underclassmen. Staff and faculty given advance notice to find next positions. Board explored decreased operational expenses, additional student recruitment, and campus relocation before concluding closure was only remaining option. Source is the official college closure announcement page.",,Providence Christian College,,CA,California,Private non-profit,,,455770,supabase,TRUE,4,Providence Christian College,Private not-for-profit,"Private not-for-profit, 4-year or above",Four or more years,City: Midsize,"Degree-granting, primarily baccalaureate or above",154,-13.966480446927374,Yes,8369549,9311107,-14.087369155010098,Yes,No,-941558,Yes,No,2,4,10821.440251572329,-17.955581389000212,20.5579655486813,50,15,-15.254237288135592,-31.818181818181817,0.00649350649350649,0.00649350649350649,,-87.5,-66.66666666666666,,0.07384100653906436,,0,,25322,-24.7960515402747,0.6646389703226727,,-0.08247359127713116,11.3,1.071982560028619,96.3,53,78,10251,,https://www.providencecc.edu/announcement/,,Providence Christian College,
7037ad4d-3f25-4f05-ade7-73aa5ae82dc1,Staff layoff,staff_layoff,2026-02-06,2026,2025-2026,confirmed,,22,,"22 staff laid off (18 full-time, 4 part-time) via reorganizations, staffing consolidations and reductions across administrative offices. Majority are non-student-facing roles. No faculty affected. Enrollment has dropped from 2,033 in 2011-12 to 1,600+ currently. Driven by declining birth rates, fewer students choosing college, and reduced international enrollment. Endowment remains strong at ~$370M. Board of Trustees approved to return college to balanced budget.",,College of Wooster,,OH,Ohio,Private non-profit,,,206589,supabase,TRUE,2,The College of Wooster,Private not-for-profit,"Private not-for-profit, 4-year or above",Four or more years,Town: Distant,"Degree-granting, primarily baccalaureate or above",1912,-10.318949343339586,Yes,136356148,105056479,4.979890430364971,No,No,31299669,No,No,2,3,18840.01904243743,-17.40112474642696,25.395228237160232,569,199,-28.785982478097623,-13.852813852813853,0.14748953974895398,0.14748953974895398,,-10.476190476190476,73.00613496932516,,0.0093046142960802,-9.48412214470508,0,,437822692,8.483802966588245,0.5981868172347312,14.248177541725893,0.4540910129645699,72.6,0.10940708882861816,15.8,45,838,6326,,https://www.ideastream.org/education/2026-02-09/the-college-of-wooster-lays-off-staff-as-it-adjusts-to-a-smaller-student-body,,Ideastream Public Media,
063f09da-fef1-46ac-b1bf-fde15f9a03ed,Department closure,department_closure,2026-02-06,2026,2026-2027,confirmed,,12,,"45 total positions eliminated (12 faculty, 21 staff, 11 administrators; ~40% currently vacant). College of Education (est. 1958) dissolved and absorbed into new College of Humanities, Education and Social Science (CHESS), saving ~$1.8M. Biology dept split: biochemistry, microbiology, and anatomy & physiology merged with pharmacy's pharmaceutical sciences into new Dept of Biomedical Sciences under Kasiska Division of Health Sciences. Driven by $8M deficit from 3% state-mandated budget cut plus $3M health insurance increases and $2.2M in unfunded cost adjustments. Accreditation concerns raised by former College of Education dean.",,Idaho State University,,ID,Idaho,Public,,,142276,supabase,TRUE,0,Idaho State University,Public,"Public, 4-year or above",Four or more years,City: Small,"Degree-granting, primarily baccalaureate or above",15249,1.8637274549098195,No,356238550,324960151,11.959525955311516,No,No,31278399,No,No,0,0,6845.061062317022,-30.594690811162344,18.37705773280292,2005,806,0.7537688442211055,-0.12391573729863692,0.02485408879270772,0.01712111604311984,0.06190657045195594,-32.92035398230089,-69.36135812449474,0.17266706013509084,0.0734605496139553,131.50506670256104,0.29916343945417934,-13.523173065379607,100217964,38.26232431164649,0.4271689483892643,46.692815989816545,0.14391045144899037,,0.31700424487761286,,23,2400,6906,,https://www.idahostatejournal.com/freeaccess/45-layoffs-as-isu-axes-college-of-education-splits-biology-department-in-mass-restructuring/article_11660917-46c1-4ff9-b34c-b1c942eb4910.html,,Idaho State Journal,
02f6e71c-973b-47c4-8932-1d0871f9f26c,Staff layoff,staff_layoff,2026-02-02,2026,2026-2027,confirmed,,,,"All ~40 college-employed dining staff positions eliminated after spring 2026 semester; staff may apply to continue with dining contractor Bon Appétit. Early retirement incentive offered to all employees 60+ with 10+ years of service (2 weeks pay per year worked, up to 18 months). Driven by missed enrollment goals for 2 consecutive years. No faculty positions affected. Tuition benefit preserved for early retirees with currently enrolled dependents.",,Union College,,NY,New York,Private non-profit,,,196866,supabase,TRUE,2,Union College,Private not-for-profit,"Private not-for-profit, 4-year or above",Four or more years,City: Small,"Degree-granting, primarily baccalaureate or above",2118,-4.594594594594595,Yes,201920937,153283521,8.89846573411324,No,No,48637416,No,No,1,2,29033.829928741092,-30.38381067411317,30.26739718427515,805,249,-10.852713178294572,-0.4,0.10387157695939564,0.10387157695939564,,13.989637305699482,37.5,,0.01404141876679076,12.072896463263866,7.271208760396441e-4,-30.870537210290216,567467656,-1.6612841098644464,0.4612610542977226,30.3650841532332,0.2682512816825876,49.4,0.2269962803380612,36.5,44,917,6069,,https://www.timesunion.com/education/article/union-college-laying-dozens-offering-early-21350169.php,,Times Union,
219ae70f-a462-4d9d-aa49-8c13c05de091,Staff layoff,staff_layoff,2026-01-31,2026,2026-07-01,confirmed,,74,,"SMC eliminating ~70 classified and management positions in response to $16.7M projected deficit that could deplete financial reserves by 2026-27, after already implementing $8.6M in prior budget reductions. Declining enrollment drives the shortfall. Cuts target classified staff and management; no faculty layoffs announced at this stage.",,Santa Monica College,,CA,California,Public,,,122977,supabase,FALSE,,,,,,,,,,,,,,,,,,,,,,,,,,,,,,,,,,,,,,,,,,,,,,,,,,https://www.smdp.com/layoffs-coming-to-santa-monica-college-as-the-school-runs-out-of-money-next-year/,,SMDP,
9d4dc3b2-9398-49d6-8723-dd93ce30a1b9,Department closure,department_closure,2026-01-30,2026,,confirmed,56,,05.0207,"Women's and Gender Studies (WGST) program closed effective immediately per Interim President Tommy Williams. Impacts BA/BS degrees, undergraduate minor, and graduate certificate. 25 enrolled majors and 31 enrolled minors (56 total) will be taught out over up to 6 semesters. 50+ affiliated faculty employment status unaffected. Cited Texas A&M System policy compliance and limited enrollment. Part of broader spring 2026 course review covering ~5,400 syllabi; 6 courses also canceled for non-compliance.",,Texas A&M University,,TX,Texas,Public,,,228723,supabase,TRUE,0,Texas A&M University-College Station,Public,"Public, 4-year or above",Four or more years,City: Midsize,"Degree-granting, primarily baccalaureate or above",81239,10.88075122497168,No,5260172042,4503983572,5.247610193392868,No,No,756188470,No,No,1,1,13323.792788722212,-10.44018276510374,16.817825328459097,12783,4051,13.7884991988606,5.8808154730789335,0.07448393013207942,0.01283508041930063,0.27988695744907754,0.581781914893617,13.59113947813028,0.23084971503834364,0.11942238362022868,24.536593274256767,0.24645650680377876,34.71834495783951,19114830674,23.325686425819843,0.22589868429668783,12.988457294272711,0.36429428200376857,,0.13055439356297135,,26,15374,6006,,https://www.kbtx.com/2026/01/30/texas-am-ends-womens-gender-studies-program-comply-with-system-policies/,,KBTX,
346a58e4-5bf0-46c3-bda4-05f58e2b2332,Staff layoff,staff_layoff,2026-01-27,2026,,confirmed,,5,,"WSU Athletics eliminated five staff positions in late January 2026 to ""structure and right-size"" its operations. Cuts driven by financial pressures from the House vs. NCAA settlement, which requires universities to directly compensate student-athletes. AD Kevin Saal had requested $1M in NIL donations in April 2025 to support men's basketball. Cuts coincided with KU and K-State also seeking government assistance for athletic funding. Broader context: WSU also announced a 7% general use budget cut ($7.9M reduction for next fiscal year), and the College of Engineering had eliminated at least seven employees in December 2025. WSU had record enrollment but noted headcount alone does not translate to revenue growth.",,Wichita State University,,KS,Kansas,Public,,,156125,supabase,TRUE,0,Wichita State University,Public,"Public, 4-year or above",Four or more years,City: Large,"Degree-granting, primarily baccalaureate or above",19283,11.006850497956364,No,655953363,626551975,49.52676403731783,No,No,29401388,No,No,0,1,8953.351878429718,-17.756277487235323,16.167681878322803,3134,890,20.81727062451812,57.801418439716315,0.18508530830265,0.13511650351578658,0.3368222733933431,93.12770562770562,96.53083700440529,0.24773116216356375,0.31956776130380454,251.35958875590316,0.17181328384093117,12.891207551107406,335902000,-0.8623722839478111,0.2482993902463357,20.12445507143902,0.04789347075505158,,0.47526953816178424,,32,4078,7507,,https://www.kansas.com/sports/college/wichita-state/article315647702.html,,The Wichita Eagle (kansas.com),
de8c4406-240e-4326-9bf4-eddf2a7d7f19,Admissions paused for 5 Ph.D. programs for fall 2026,program_suspension,2026-01-19,2026,2026-2027,confirmed,,,,"Admissions paused for fall 2026 in 5 Ph.D. programs: Clinical Psychology, Anthropology, Human Paleobiology, Political Science, and Mathematics. Applicants notified week of Jan 19; application fees refunded; offered consideration for master's programs instead. University cited need to limit new funding commitments to protect existing Ph.D. student packages. Not described as permanent closure. Separately, total Ph.D. packages across all Columbian College of Arts & Sciences departments also slashed (GWU declined to confirm details). Clinical Psych admitted record-low 3 students fall 2025 (typical: 8-9); APA cohort size requirements led to zero admits rather than partial cohort. Math had zero remaining funding after covering continuing students. Human Paleobiology admits ~3/year; timing tied to current student graduation. International enrollment down ~13% of total fall 2025; Trump-era visa/travel changes cited. President Granberg ordered all schools to prepare FY2027 budget contingency plans.",,George Washington University,,DC,District of Columbia,Private non-profit,,,131469,supabase,TRUE,5,George Washington University,Private not-for-profit,"Private not-for-profit, 4-year or above",Four or more years,City: Large,"Degree-granting, primarily baccalaureate or above",28729,-9.203248949148255,Yes,1745224000,1877566000,-6.408958576374579,Yes,No,-132342000,Yes,Yes,3,5,35276.49728967432,-20.487177545444727,45.8656883013298,6604,2699,-3.4644057886273933,-2.8087864602088586,0.14490584426885725,0.08764391113993839,0.18798414150655687,-5.963406370002259,4.755913437342728,0.5706777124160256,0.1237147694341286,0.9312014280608588,0,,2639708000,20.961178853067683,0.3299218105430935,8.434212345730323,0.25699629806881635,48.1,0.534672765453492,77,32,3596,6438,,https://www.insidehighered.com/news/students/graduate-students-and-postdocs/2026/01/26/george-washington-u-pauses-admissions-5-phd,,Inside Higher Ed,
97ee17d8-a96e-4bdc-9354-f0dc8074afe4,Adaptive Athletics Program (Wheelchair Basketball) Discontinued,department_closure,2026-01-15,2026,2025-26,confirmed,,,,Eastern Washington University announced the discontinuation of its Division I adaptive athletics program (wheelchair basketball) at the end of the 2025-26 academic season due to sustainability and financial challenges. The program was the first of its kind in the Pacific Northwest.,,Eastern Washington University,,WA,Washington,Public,,,235097,supabase,TRUE,1,Eastern Washington University,Public,"Public, 4-year or above",Four or more years,Town: Fringe,"Degree-granting, primarily baccalaureate or above",18373,15.111835098051502,No,296916578,252142410,-5.334289894958273,Yes,No,44774168,No,No,0,0,8207.83913965465,-13.002973801545108,27.37544381910531,1431,620,-7.974276527331189,-2.97339593114241,0.00364665541827681,0.00325166364186327,0.00466109924257137,-86.0125260960334,-85.86497890295358,0.28024819027921405,0.04398683152745662,97.62462787192464,0.31398709633672617,16.82205687758801,48340888,18.16554382986565,0.2684511504608429,-1.955335290561895,0.14373364848826967,,0.3187770328931466,,35,2539,6280,,https://www.kxly.com/news/eastern-washington-university-cuts-wheelchair-basketball-program/article_d29f0032-c281-47df-aebb-d8a207afbc3a.html,,KXLY,
395262f9-eff4-4965-94ee-102c03b8b431,Institution closure,institution_closure,2026-01-13,2026,2026-2027,confirmed,,28,,"California College of the Arts closing permanently end of 2026-27 academic year after 119 years. Founded 1907 in East Bay; moved to SF Design District campus ($123M building opened 2025). Vanderbilt University acquiring SF campus and original Oakland property; will establish own undergraduate and graduate programming. CCA Institute and Wattis Institute of Contemporary Arts museum preserved at campus. No current CCA faculty guaranteed jobs under Vanderbilt. 28 non-faculty staff positions eliminated end of spring 2026 semester (mostly union workers). Driven by $20M structural deficit, years of enrollment decline, and tuition-dependent model unsustainable at ~$100M operating budget. Despite $22.5M in private donations in 2025 (matched by Nvidia CEO Jen-Hsun Huang Foundation) and $20M gift — all stop-gap measures. Students graduating by end of 2026-27 receive CCA degrees; others must transfer. No new students admitted fall 2027. Closes same year as prior Bay Area art school wave: SFAI (2022), Mills College merger with Northeastern (2022). Mayor Daniel Lurie attended press conference alongside Vanderbilt Chancellor Diermeier. Last standalone art and design college in San Francisco.",,California College of the Arts,,CA,California,Private non-profit,,,110370,supabase,TRUE,3,California College of the Arts,Private not-for-profit,"Private not-for-profit, 4-year or above",Four or more years,City: Large,"Degree-granting, primarily baccalaureate or above",1632,-23.59550561797753,Yes,80423000,75954000,-25.15915434541202,Yes,No,4469000,No,No,2,2,33880.50981818182,-17.78677281784389,57.92584335326959,578,330,-21.891891891891895,-28.879310344827587,0.3700980392156863,0.31093117408906884,0.5541561712846348,-30.73394495412844,29.336188436830835,0.24325980392156865,0.00468994562272056,-77.64511351977711,0,,42631000,-3.8884420622804297,0.3476423702897424,77.5820807779845,0.1562557166725612,35.2,0.5382971328219325,77.4,48,511,7175,,https://www.sfchronicle.com/entertainment/article/california-college-arts-layoffs-21307770.php,,SF Chronicle,
990d9d98-5fc7-4bb8-bb94-a822f38007cd,NCAA Division I women's equestrian program eliminated — replaced by STUNT varsity program,program_suspension,2026-01-09,2026,2026-2027,confirmed,33,,,"Athletic Director Rocko DeLuca announced January 9 elimination of NCAA Division I women's equestrian team effective end of 2025-26 season — team had just won its third conference championship (undefeated season). 33 student-athletes affected. Program transitioned to club sport; STUNT simultaneously elevated from club to NCAA varsity status. Decision made primarily on budget grounds citing $1M+ annual savings. Three active lawsuits alleging fraud and misrepresentation: parents' suit (filed Feb 9), wire fraud investigation by UC Davis police department (AD DeLuca continued soliciting donations after decision was made internally), Title IX concerns (program elevated to D1 as part of Title IX settlement, then eliminated despite championship success while men's programs retained). Independent audit commissioned by parents found original cost report over-estimated expenses by 120%+ ($850K+) — alleged budget inflation through misrepresenting operating expenses, removing legitimate revenue, counting fictional offset as real expense. Metadata on consultant report shows it was completed after the decision was made — used to justify not inform. UC Davis chancellor ordered 10% budget cuts February 2025; equestrian placed on chopping block March 2025 internally; public announcement January 2026 after months of continued recruiting and donation solicitation. UC Davis reviewing its own financial records; findings due June 30 (team's final day). 30 horses donated to program by community members face uncertain future. Parents offered privately funded endowment to sustain program — university rejected offer.",,"University of California, Davis",,CA,California,Public,,,110644,supabase,TRUE,0,University of California-Davis,Public,"Public, 4-year or above",Four or more years,Suburb: Small,"Degree-granting, primarily baccalaureate or above",41916,3.182925928661103,No,7571478000,6971993569,20.83595164920603,No,No,599484431,No,No,2,3,20509.921585436576,-13.564047681396902,10.743529862993723,15029,3262,8.442167544555884,7.126436781609195,0.15025288672583262,0.13153667678029626,0.22607857315015667,-15.644253951245645,107.44400527009223,0.1979673632980246,0.14551107140086297,8.168661051831663,0.13709780062807325,2.783973915001469,773217000,31.88695183803873,0.17503379686167764,-6.670925009973271,,,,,20,6263,5176,,https://nypost.com/2026/06/28/us-news/uc-davis-cuts-entire-equestrian-team-then-furious-parents-investigated/,,New York Post,
d7db3ff3-4741-413c-bb09-c525c31f7d28,Football Program Suspended,program_suspension,2026-01-05,2026,2026-27,confirmed,,,,"Program suspended after multiple seasons of losses, financial unsustainability, and media investigations. Head coach Desmond Gumbs stepped down; intent to return in Division II.",,Lincoln University,,CA,California,Private non-profit,,,213598,supabase,TRUE,5,Lincoln University,Public,"Public, 4-year or above",Four or more years,Suburb: Large,"Degree-granting, primarily baccalaureate or above",1953,-22.376788553259143,Yes,69802286,72729275,-11.056933208123567,Yes,No,-2926989,Yes,Yes,3,4,10281.83224043716,18.903489550064783,26.95578336789715,420,176,-3.0023094688221708,-11.55778894472362,0.02406554019457245,0.0257703081232493,0.00595238095238095,-29.850746268656714,-49.46236559139785,0.08602150537634409,0.14813799246776846,25.449088054108852,0.3524705704504695,0.8597906846784045,56324821,4.004071386114478,0.23102066896192608,-15.386392413720715,0.13457179486395926,,0.10917304463516889,,79,1357,6709,,https://www.usatoday.com/story/sports/2026/01/08/lincoln-university-football-oakland-coach-program-suspend/88088321007/,,USA Today,
c81ed45f-a114-4ff9-8ea5-6bcd2fdc86b6,Staff Layoffs,staff_layoff,2025-12-26,2025,,confirmed,,33,,"Restructuring to address structural budget imbalances, cutting 33 positions and redesigning 30 others as part of $4 million realignment.",,Western Wyoming Community College,,WY,Wyoming,Public,,,,unmatched,FALSE,,,,,,,,,,,,,,,,,,,,,,,,,,,,,,,,,,,,,,,,,,,,,,,,,,https://www.wyomingnews.com/rocketminer/western-president-kirk-young-explains-where-rifs-occurred-reasoning-behind-decisions/article_dad6fbe4-fb28-42fe-8ebc-a79a8b7faea3.html,,Rocket Miner,
05b33f52-a722-4e2c-b1e1-e86fc28a6759,109 positions eliminated including 45 teaching faculty amid $18M budget cuts,staff_layoff,2025-12-18,2025,2025-2026,confirmed,,45,,"109 total positions reduced: 47 eliminated/non-renewed Dec 18 (25 teaching faculty incl. 5 tenured, 22 admin faculty), plus 31 from hiring freeze since May 2025, 22 voluntary separations/incentivized retirements, 9 recent retirements. 45 teaching faculty + 64 admin faculty/staff total. Non-tenured staff/admin conclude June 30, 2026; tenured faculty conclude June 30, 2027 (or early retirement option). Earlham was Wayne County's 7th-largest employer (388 total employees pre-cuts). Enrollment dropped from ~1,200 students (2007) to 671 fall 2025. Structural cash-flow deficit of ~$15M/year for nearly a decade; board mandated balanced budget by 2030 requiring $18M in recurring expense cuts. Specific academic programs/majors to be reduced or discontinued TBD by faculty committees spring 2026. Quaker-affiliated liberal arts institution founded 1847. Follow-up April 2026: some majors confirmed ended per March 30 president email.",,Earlham College,,IN,Indiana,Private non-profit,,,150455,supabase,TRUE,3,Earlham College,Private not-for-profit,"Private not-for-profit, 4-year or above",Four or more years,Town: Distant,"Degree-granting, primarily baccalaureate or above",820,-28.819444444444443,Yes,93076362,64210925,49.20611964280291,No,No,28865437,No,Yes,3,6,12655.304285714286,-2.68034774763145,9.517682910726572,368,111,-2.6455026455026456,-20.714285714285715,0.1353658536585366,0.1392235609103079,0.0958904109589041,-54.50819672131148,-52.56410256410257,0.08902439024390243,0.01085945258236454,-16.47042782156255,0,,416198021,-19.0148951570296,0.5129718786194928,-22.72714026628339,0.11760694449580451,29.9,0.14628581651724504,21.4,43,275,5779,,https://westernwaynenews.com/earlham-staffing-reductions-109-positions/,,Western Wayne News,
028e6be7-2dd3-464d-9447-8c775ff7312d,Staff layoff,staff_layoff,2025-12-17,2025,,confirmed,,16,,16 full-time faculty members issued non-renewal notices effective end of spring 2026 semester as university targets a 12:1 student-faculty ratio. Layoffs follow the lifting of financial probation by the Southern Association of Colleges and Schools (SACSCOC). Affected faculty represent multiple academic departments at the Memphis institution.,,Christian Brothers University,,TN,Tennessee,Private non-profit,,,219833,supabase,TRUE,2,Christian Brothers University,Private not-for-profit,"Private not-for-profit, 4-year or above",Four or more years,City: Large,"Degree-granting, primarily baccalaureate or above",2366,1.5450643776824031,Yes,47273825,46791550,-0.12573780056209655,Yes,No,482275,No,No,2,3,12249.568503937007,-10.701046058489371,49.36225913600179,364,190,-6.905370843989769,-10.7981220657277,0.28402366863905326,0.06961077844311377,0.5621359223300971,622.5806451612902,1192.3076923076924,0.4353338968723584,0.01345111274243043,,0,,44330912,-12.403584823275448,0.4510142294472672,-9.963782251670212,0.42697617982333774,69.4,0.15177477592720648,22.3,29,350,8848,,https://www.actionnews5.com/2025/12/17/christian-brothers-university-announces-faculty-layoffs/,,Action News 5,
3e920bc0-bb34-4097-a007-f70dfb1b3954,Staff layoff,staff_layoff,2025-12-15,2025,,confirmed,,114,,"114 staff members laid off effective December 12, 2025, representing 7.6% of 1,493 full-time and part-time employees. Cuts announced jointly by President Robert L. Manuel, Provost Salma Ghanem, and CFO. DePaul has faced declining enrollment and rising costs for several years; layoffs framed as necessary for structural financial sustainability.",,DePaul University,,IL,Illinois,Private non-profit,,,144740,supabase,TRUE,3,DePaul University,Private not-for-profit,"Private not-for-profit, 4-year or above",Four or more years,City: Large,"Degree-granting, primarily baccalaureate or above",24433,-8.562553796639346,Yes,704466000,577824000,-5.2740136193508205,Yes,No,126642000,No,No,1,1,22960.233029381965,-24.137529093081778,64.3373846289246,3282,1721,-5.553956834532374,-6.314643440391943,0.11509024679736422,0.03731107316764687,0.2577726218097448,75.96996245306633,73.36621454993835,0.35280153890230426,0.02613024346319169,39.726338453233446,0,,1025211000,19.97215669302306,0.3953662259708675,24.07650189553177,0.7143507519402094,90.3,0.21251849833860045,33.8,46,6591,6317,,https://www.yahoo.com/news/articles/depaul-university-lays-off-114-194000783.html,,Yahoo News,
6f986cb3-eaef-4d6a-975c-19be150e973e,MBA program and institution permanently closing after 80 years,institution_closure,2025-12-13,2025,2025-2026,confirmed,196,,52.0201,"Ceasing all MBA academic operations and closing as an accredited institution June 30, 2026. Founded 1946 to serve WWII veterans; 80 years of operation. Enrollment dropped ~50% between 2020 and 2024 (393 graduate students at peak, ~196 at closure). President and CEO Carrie Buchwald cited declining enrollment making program ""unsustainable"" after considering multiple strategic options. Current students offered seamless transfer to Excelsior University (nonprofit, Albany NY; Middle States accredited) to complete MBA online. Eligible students may apply for Closed School Loan Discharge. Institution continues non-academic operations via Lake Forest Center for Leadership (leadership development consulting). Announced via LinkedIn post and letter to students and faculty December 13-14, 2025. Closing same month as Anna Maria College, Hampshire College, Lourdes University, Providence Christian College, and Modern College of Design — part of accelerating 2026 small-institution closure wave.",,Lake Forest Graduate School of Management,,IL,Illinois,Private non-profit,,,146490,supabase,FALSE,,,,,,,,,,,,,,,,,,,,,,,,,,,,,,,,,,,,,,,,,,,,,,,,,,https://www.chicagobusiness.com/education/lake-forest-graduate-school-management-closing-next-year/,,Crain's Chicago Business,
99ca38ea-837c-4ed5-90e5-c90503f029cd,Program suspension and Staff layoff,program_suspension,2025-12-09,2025,,confirmed,,10,,"The private liberal arts college announced it will cut theater, communication arts, and philosophy majors — all programs with low enrollment numbers.",,College of Idaho,,ID,Idaho,Private non-profit,,,142294,supabase,TRUE,0,The College of Idaho,Private not-for-profit,"Private not-for-profit, 4-year or above",Four or more years,Suburb: Midsize,"Degree-granting, primarily baccalaureate or above",1116,11.488511488511488,No,44819209,41180134,24.37520129047383,No,No,3639075,No,No,2,5,8833.22752293578,-24.301339568878415,21.482346999921393,321,137,1.2618296529968454,3.787878787878788,0.1406810035842294,0.14538676607642126,0.02325581395348837,24.6031746031746,78.4090909090909,0.03853046594982079,0.01450938433697367,10.30160122677847,0,,125614956,-2.5349202368634214,0.5950300820791088,10.150715805683742,0.26029926062597525,48.5,0.15217295030934533,22.4,47,496,6294,,https://www.kivitv.com/canyon-county/college-of-idaho-cuts-three-majors-lays-off-10-employees-in-academic-restructuring,,Idaho6 News,
7ed928be-cea6-49e5-bf0d-21ed03f01aee,Institution closing,institution_closure,2025-12-09,2025,2025FA,confirmed,,,,"Indianapolis HBCU paused all campus operations at end of fall 2025 semester, discontinuing all classes. University cited financial challenges and enrollment decline. Pause described as indefinite; students advised to seek transfer options. Martin serves a predominantly adult, low-income student population and is one of few HBCUs in Indiana.",,Martin University,,IN,Indiana,Private non-profit,,,151810,supabase,TRUE,2,Martin University,Private not-for-profit,"Private not-for-profit, 4-year or above",Four or more years,City: Large,"Degree-granting, primarily baccalaureate or above",298,-27.669902912621357,Yes,7618377,6369299,35.864706340591454,No,No,1249078,No,No,1,2,13431.606741573034,-12.047724277772708,31.382353485525854,41,9,7.894736842105263,28.57142857142857,0.0134228187919463,0.01298701298701298,0.01492537313432835,100,100,0.22483221476510068,0,,0,,,,0.01479521825666637,,0.42049497396421104,68.4,0.2480865741500252,41.1,51,91,7900,,https://www.wthr.com/article/news/education/martin-university-pausing-operations-end-2025-semester-college-indianapolis/531-de213904-c26d-443e-a54c-b62bebd2a2ea,,WTHR,
d58a321e-7a7e-4ca3-b029-4f227791a46e,29 faculty positions eliminated — nearly 25% of full-time faculty to close $10M deficit,staff_layoff,2025-12-01,2025,2025-2026,confirmed,,29,,"29 total faculty positions cut: 16 non-tenure-track contracts not renewed (leaving December 2026), 9 tenured faculty took voluntary separation packages (paid research sabbatical fall 2026-spring 2027 then depart), 4 other departures. Faculty-to-student ratio shifts from 1:9 to 1:12. Saves ~$3M. Operating losses ran for 9 of last 10 years; $13.4M loss in 2024, reduced to $4M in 2025. President Hannigan ousted October 2025; Gundolf Graml (Austrian-born German studies scholar, formerly provost) named permanent president April 8, 2026. Faculty council co-chair Riley described process as collaborative. Part of $10M deficit closure plan alongside Berman Museum funding cut ($300K eliminated), contract savings ($1M), and June 2026 staff layoffs. 1,406 students enrolled; $165M endowment. Collegeville PA private liberal arts college founded 1869.",,Ursinus College,,PA,Pennsylvania,Private non-profit,,,216524,supabase,TRUE,1,Ursinus College,Private not-for-profit,"Private not-for-profit, 4-year or above",Four or more years,Suburb: Large,"Degree-granting, primarily baccalaureate or above",1519,3.192934782608696,No,81399555,81190336,7.108695772846524,No,No,209219,No,Yes,3,5,19635.611447811447,-15.632556160081544,35.821919419584056,437,175,-3.532008830022075,3.5502958579881656,0.00460829493087557,0.00460829493087557,,-78.125,-78.78787878787878,,0.01715531795810682,-11.265105004285148,0,,167639430,-0.9117060901688064,0.6495940757182175,4.798239554753463,0.3195793108422034,56,0.244108859173393,40.2,65,976,6722,,https://www.inquirer.com/education/gundolf-graml-new-president-ursinus-college-20260408.html,,Philadelphia Inquirer,
d7e36650-2dac-46c4-93c6-878580966d57,The college will drop the 11 majors and associated courses in the upcoming semester,program_suspension,2025-11-24,2025,2026-27,confirmed,,,,"Cornell College (Mount Vernon, IA) announced elimination of 11 majors and associated courses for 2026-27 academic year, including programs in music and world languages, citing declining student enrollment and data-driven program review. Current students in affected majors can complete degrees. No faculty layoffs immediately announced.",,Cornell College,,IA,Iowa,Private non-profit,,,153162,supabase,TRUE,2,Cornell College,Private not-for-profit,"Private not-for-profit, 4-year or above",Four or more years,Town: Fringe,"Degree-granting, primarily baccalaureate or above",1142,-0.08748906386701663,Yes,59548249,49380988,19.496242607799868,No,No,10167261,No,No,1,3,14480.365619546248,-16.433541093655716,27.867316468029145,297,94,2.061855670103093,-1.0526315789473684,0.02802101576182136,0.02807017543859649,0,-57.89473684210527,-51.51515151515152,0.00175131348511383,0.00208576954703165,-85.72294004937085,0,,100874798,7.766607073402462,0.6590651066301179,25.179548159696203,0.40041584491932697,65.9,0.14938062719398945,21.8,65,707,6861,,https://www.kcrg.com/2025/11/24/cornell-college-cut-courses-citing-student-enrollment/,,KCRG,
3574aefe-4cd6-4ab3-a877-f18993c30d58,Layoffs at Florida Solar Energy Center,staff_layoff,2025-11-21,2025,,confirmed,,57,,Layoffs due to decline in external research funding and federal energy research priorities shift; resulted in elimination of 57 positions at FSEC.,,University of Central Florida,,FL,Florida,Public,,,132903,supabase,TRUE,2,University of Central Florida,Public,"Public, 4-year or above",Four or more years,Suburb: Large,"Degree-granting, primarily baccalaureate or above",80755,0.469033815223071,No,1506706333,1450962550,-7.927327836397,Yes,No,55743783,No,Yes,3,3,4732.775989180453,-25.901360009948228,19.045047778398104,6443,2399,1.273184533165671,4.622764936764065,0.04668441582564547,0.03415796970842175,0.11875888600819604,20.37037037037037,124.94033412887828,0.14806513528574083,0.1022591714460879,13.23719659643126,0.3464483819781988,2.6103338221536645,201916665,1.072129882742172,0.4592463211709514,16.427878660164748,-0.04938970797093485,,0.4541713440880822,,23,13429,6814,,https://www.orlandosentinel.com/2025/11/21/ucf-lays-off-65-employees-most-tied-to-shifting-federal-priorities-school-says,,Orlando Sentinel,
5ef8341b-9178-4087-9d9f-0c0794f229b8,Voluntary early retirement accepted by 10-16 of 200 faculty to rightsize amid 6.5% enrollment decline,staff_layoff,2025-11-20,2025,2025-2026,confirmed,,16,,"Voluntary Separation Incentive Program (VSIP) offered November 20, 2025 to ~80 eligible tenured faculty (those meeting age+years-of-service threshold of 65+). Between 10-20% accepted = roughly 8-16 faculty departing June 30, 2026 or June 30, 2027. Package: one year post-separation salary + emeritus status. Enrollment dropped 6.5% 2019-2026 (1,837 → 1,717 students); projected to fall another ~100 in 2026-27. Faculty grew 8% over same period — unsustainable 8:1 student-faculty ratio. Center for Innovative Pedagogy abruptly closed spring 2026. Salary freeze announced for FY2027. No general salary increases. Further cuts to both occupied and vacant positions signaled. President Kornfeld: ""I want to be clear that we will have to make some reductions."" S&P credit rating downgraded. Private liberal arts; ~1,700 students; Gambier OH. Additional cuts to filled positions anticipated beyond VSIP.",,Kenyon College,,OH,Ohio,Private non-profit,,,203535,supabase,TRUE,0,Kenyon College,Private not-for-profit,"Private not-for-profit, 4-year or above",Four or more years,Rural: Fringe,"Degree-granting, primarily baccalaureate or above",2473,35.06280720917531,No,243454854,146504274,42.360133058720955,No,No,96950580,No,No,0,1,32916.98401598402,-16.50785376534291,27.06859235593635,707,221,0.8559201141226819,1.376146788990826,0.08532147189648201,0.08532147189648201,,58.64661654135338,177.63157894736844,,0.00809957696051699,-2.5185102880048005,0,,626603453,21.009407972860306,0.4045625545592298,23.796179854047235,0.35722445706082856,60.3,0.2414870635713272,39.4,21,463,5988,,https://kenyoncollegian.com/news/2026/01/bowman-gives-details-on-the-new-faculty-retirement-plan/,,The Kenyon Collegian,
d492b6b1-f2e0-487f-b8e3-28a166ee0907,Staff reduction at Video Data Bank,staff_layoff,2025-11-17,2025,,confirmed,,20,,"Staff reductions affecting the Video Data Bank at SAIC eliminated 3 of 5 staff roles including the director, citing institutional financial pressures linked to declining international student enrollment; concern raised about the long-term viability of the collection and services.",,School of the Art Institute of Chicago,,IL,Illinois,Private non-profit,,,143048,ipeds_name_match,TRUE,3,School of the Art Institute of Chicago,Private not-for-profit,"Private not-for-profit, 4-year or above",Four or more years,City: Large,"Degree-granting, primarily baccalaureate or above",3597,-10.030015007503753,Yes,161747345,148902072,-18.02259300631981,Yes,No,12845273,No,No,0,0,37286.50107460854,-13.03217213230594,75.08137706989874,1096,681,-5.760963026655202,-6.584362139917696,0.3060884070058382,0.2967032967032967,0.345985401459854,-18.50481125092524,10.21021021021021,0.19043647484014456,0.00736706088549156,109.77457673994996,0,,416852000,41.4454501993006,0.2682042801495731,9.27840027430734,,,,,37,1033,7023,,https://hyperallergic.com/1057696/school-of-the-art-institute-of-chicago-lays-off-20-workers/,,HyperAllergic,
7a3b959f-8db6-4389-8b76-dd62524eec1c,University-wide IT and Research Support Staff,staff_layoff,2025-11-14,2025,,confirmed,38,,,"Harvard University laid off 38 IT workers on Nov 4, 2025 in HUIT amid broader university staffing reductions driven by federal funding cuts and endowment tax increases.",,Harvard University,,MA,Massachusetts,Private non-profit,,,166027,supabase,TRUE,3,Harvard University,Private not-for-profit,"Private not-for-profit, 4-year or above",Four or more years,City: Midsize,"Degree-granting, primarily baccalaureate or above",37558,-9.137534776823514,Yes,9433391000,6426911000,-0.07297201215334967,Yes,No,3006480000,No,No,1,2,32405.288650346905,-23.63164688997779,10.496501205133976,21201,2445,8.639508070714836,-2.589641434262948,0.26894403322860644,0.18821590440873504,0.3074774810211226,-1.7985611510791366,24.182444061962137,0.6768997284200436,0.07595803976184899,-12.062970624833198,0,,53235205000,6.003149274815278,0.1601594777239137,3.772471404308498,0.21596857455701143,42.5,0.1621688950596885,24.5,4,404,7926,,https://www.thecrimson.com/article/2025/11/14/huit-layoffs-financial/,,The Harvard Crimson,
f2b49142-2bd8-4964-a339-f4c9dd13fc47,Institution closure,institution_closure,2025-11-12,2025,Spring 2026,confirmed,,,,100% environmentally-focused work college closing after 65+ years due to enrollment declines (38% drop 2021-2023) and persistent financial challenges.,,Sterling College,,VT,Vermont,Private non-profit,,,231095,ipeds_name_match,TRUE,4,Sterling College,Private not-for-profit,"Private not-for-profit, 4-year or above",Four or more years,Rural: Remote,"Degree-granting, primarily baccalaureate or above",103,-54.22222222222223,Yes,6753613,6304606,-24.194481217894808,Yes,Yes,449007,No,No,1,2,12188.472972972972,-16.520636330507124,13.355029374647318,42,8,-12.5,-57.89473684210527,0.04854368932038835,0.04854368932038835,,-16.666666666666664,,,0,,0,,1155851,-9.446899883572325,0.6838869608676726,7.358181914531565,0.2381072531873532,45.8,0.25541376015053113,42.4,37,29,6979,,https://www.insidehighered.com/news/quick-takes/2025/11/14/vermonts-sterling-college-close,,Inside Higher Ed,
2478811b-b93c-4cb0-a471-c790f9bc0396,Staff layoff,staff_layoff,2025-11-10,2025,,confirmed,,40,,"Rider University will eliminate 35 to 40 full-time faculty positions, cut salaries 14% across the board, and suspend retirement contributions as part of sweeping cost-saving measures.",,Rider University,,NJ,New Jersey,Private non-profit,,,186283,supabase,TRUE,5,Rider University,Private not-for-profit,"Private not-for-profit, 4-year or above",Four or more years,Suburb: Large,"Degree-granting, primarily baccalaureate or above",4932,-9.03725562523054,Yes,122877000,141042000,-34.88879682981189,Yes,No,-18165000,Yes,Yes,5,7,18456.616052060737,-28.707151248215705,55.39523263100499,788,338,-34.55149501661129,-34.1130604288499,0.040551500405515,0.03782505910165484,0.04977777777777777,-2.912621359223301,-14.893617021276595,0.2281021897810219,0.01685962984872813,-23.888685439062165,0.01608848136567227,1192.9658933689102,66827000,-18.213297849549978,0.4758290251635201,6.847708718824657,-0.1013289670706308,10.4,0.7164332950154191,88.6,58,1863,6513,,"https://philanthropynewsdigest.org/news/other-sources/article/?id=16657194&title=Major-N.J.-univeristy-put-on-accreditation-probation,-plans-40-faculty-layoffs",,Philanthropy News Digest,
b61c1961-4902-4827-b53f-846cd0e25052,4 departments eliminated saving $6.74M — 51.5 positions cut despite 100+ speakers opposing,department_closure,2025-11-10,2025,Fall 2026,confirmed,541,4,,"Board of Regents voted 8-0 to 7-1 to eliminate 4 departments at UNL: Earth and Atmospheric Sciences ($1.85M savings, 13 positions); Statistics ($1.75M, 12 positions); Educational Administration ($1.69M, 15.5 positions); Textiles Merchandising and Fashion Design ($1.45M, 11 positions). 541 students in affected programs. 51.5 total positions eliminated — majority faculty. Part of $27.5M budget reduction plan ($40M NU system-wide). 100+ speakers testified over 5 hours; motion to delay failed 4-4. Statistics dept particularly notable: brand-new undergraduate program set to graduate its first class spring 2026; NSF CAREER award faculty member laid off. 4 additional departments merged into 2 combined areas (plant pathology + entomology; agricultural economics + agricultural leadership/education/communication) saving additional ~$2M. Chancellor Rodney Bennett resigned January 2026 following faculty no-confidence votes; interim Chancellor Kathy Ankerson appointed. AAUP-UNL filed grievances citing faulty data and flawed process. Nebraska Legislature increased NU funding only 0.625% in 2025 — below inflation. ASA (American Statistical Association) formally opposed Statistics elimination",,University of Nebraska-Lincoln,,NE,Nebraska,Public,,,181464,supabase,TRUE,2,University of Nebraska-Lincoln,Public,"Public, 4-year or above",Four or more years,City: Large,"Degree-granting, primarily baccalaureate or above",25883,-9.771317018754791,Yes,1453397255,1288046268,6.623764093438851,No,No,165350987,No,No,1,1,10276.370657276995,-23.763863031614505,15.06034872757483,6481,1480,-2.2031084955485136,-10.897049969897653,0.06962098674805857,0.03102153724560363,0.2081929420109949,-41.493506493506494,-27.014985824220332,0.21786500792025656,0.15748520976301444,6.392917899695676,0.2597531010789405,-4.53528694245927,1479930187,-7.892284508593421,0.3845756321042677,27.91997272656581,0.12460644811632,,0.19426046019188636,,33,6295,5783,,https://www.highereddive.com/news/unl-chancellor-reduces-program-cuts-final-proposal/805361,,Higher ED Drive,
f45efee8-ef58-43e9-8cf0-1f0a59534bc5,Performing Arts Department Closure,department_closure,2025-11-07,2025,Fall 2026,confirmed,,,,Huntington University will suspend enrollment for all performing arts programs effective Fall 2026 due to a 21% decline in enrollment since 2020. Current students will be allowed to complete their degrees.,,Huntington University,,IN,Indiana,Private non-profit,,,150941,supabase,TRUE,2,Huntington University,Private not-for-profit,"Private not-for-profit, 4-year or above",Four or more years,Town: Distant,"Degree-granting, primarily baccalaureate or above",1716,9.090909090909092,No,38326710,38427288,5.325826256678864,No,No,-100578,Yes,Yes,4,6,15707.374306106263,-27.945435168036237,51.67936146880335,364,209,25.951557093425603,17.415730337078653,0.03846153846153846,0.03342428376534789,0.068,32,50,0.1456876456876457,0.00397544045233581,-56.95843716284135,0,,30269864,-14.022694848910245,0.2963306915704408,10.56995582959842,0.3213015687677601,56.3,0.3545460441392265,58.6,39,502,6461,,https://www.21alivenews.com/2025/11/07/huntington-university-students-react-performing-arts-cuts/#$0,,21alivenews,
0578f96c-f70e-4dcd-a2a6-9dc8829608be,Staff Reduction,staff_layoff,2025-11-07,2025,Spring 2026,confirmed,,15,,~17 staff positions eliminated (including 2 already-vacant roles) following NH state-level budget cuts that created a significant financial gap to close by end of the next fiscal year. College also urged eligible faculty to consider early retirement. Part of the broader New Hampshire University System budget response to reduced state appropriations.,,Keene State College,,NH,New Hampshire,Public,,,183062,supabase,TRUE,5,Keene State College,Public,"Public, 4-year or above",Four or more years,Town: Distant,"Degree-granting, primarily baccalaureate or above",3123,-19.840862422997947,Yes,101697280,102393164,-16.705432391770998,Yes,No,-695884,Yes,Yes,4,6,9132.01282916948,-28.893626911019123,26.59758648412229,598,244,-25.806451612903224,-36.29242819843342,0.00608389369196285,0.00544588155207624,0.01621621621621621,72.72727272727273,,0.05923791226384886,0.03902507218953507,13.5806147502131,0.21748873963912616,16.277192415723928,61452755,26.849093655370027,0.48794091324922706,26.772714600745584,-0.02154636101185556,,0.4093833136268438,,67,1809,6194,,https://vnews.com/2025/11/14/keene-state-staff-reductions,,Valley News,
0c9fc3ee-860b-4cd3-abaf-f4199d0a846e,"Faculty, Staff Positions Eliminated",program_suspension,2025-11-07,2025,,confirmed,,36,,"Campus consolidation prompted closure of PA program in Albuquerque, NM; 18 faculty received non-renewal notices.",,University of St. Francis,,IL,Illinois,Private non-profit,,,148584,supabase,TRUE,4,University of St Francis,Private not-for-profit,"Private not-for-profit, 4-year or above",Four or more years,Suburb: Large,"Degree-granting, primarily baccalaureate or above",5174,-22.75306061510899,Yes,47166337,48144414,-24.371125355628575,Yes,No,-978077,Yes,No,2,2,12612.394001643386,-27.447338102254193,65.08575597040746,441,245,-23.4375,-21.221864951768488,0.0102435253189022,0.02580645161290322,0.00259440761026232,-48.54368932038835,-7.017543859649122,0.6704677232315424,0.03212066017144407,49.65313593466165,0,,31326661,17.034762962747724,0.37976622253386577,20.0920987573728,0.36003508509325444,60.9,0.4051586814691773,65.7,76,1063,4637,,https://patch.com/illinois/joliet/university-st-francis-36-job-cuts-revealed-these-faculty-staff-positions-eliminated,,Patch,
772b6502-6c03-4ba8-a141-b285433d6093,Institution closure,institution_closure,2025-11-06,2025,2025-2026,confirmed,,107,,The college announced it will close after the 2025–26 academic year due to financial challenges leaving 107 staff out of work and hundreds of students to finish their studies elsewhere.,,Trinity Christian College,,IL,Illinois,Private non-profit,,,149505,supabase,TRUE,4,Trinity Christian College,Private not-for-profit,"Private not-for-profit, 4-year or above",Four or more years,Suburb: Large,"Degree-granting, primarily baccalaureate or above",915,-37.199725463280714,Yes,33048723,32906308,-6.461392343780497,Yes,No,142415,No,Yes,3,6,13440.93605292172,-19.51440526952684,36.88774601064011,251,121,-16.05351170568562,-16.551724137931036,0.07759562841530054,0.08275058275058275,0,65.11627906976744,57.77777777777777,0.06229508196721312,0.01013752010270973,-14.839042132243948,0,,11047055,-27.88670751522797,0.45457052450530594,23.22893731278247,0.4855439624965202,75.1,0.309433382639607,51.7,56,459,6575,,https://patch.com/illinois/palos/shock-resignation-sadness-wake-trinity-christian-colleges-closure,,Patch,
b8f8aae3-2c23-4f3c-bc64-0e3c870e7ece,"Multiple departments including Campus Ministry, Office of Social Justice, and Mass Communication",staff_layoff,2025-10-29,2025,Fall 2025,confirmed,,46,,"46 full-time employees laid off Oct. 30, 2024 (5.8% of full-time staff). Affected departments include Campus Ministry, Office of Social Justice, and other administrative units. University stated no further separations are planned. Restructuring aimed at long-term financial health while maintaining core academic mission; XULA is the only HBCU in Louisiana.",,Xavier University of Louisiana,,LA,Louisiana,Private non-profit,,,160904,supabase,TRUE,0,Xavier University of Louisiana,Private not-for-profit,"Private not-for-profit, 4-year or above",Four or more years,City: Large,"Degree-granting, primarily baccalaureate or above",3580,2.5787965616045847,No,152132715,152082963,10.856491246428956,No,No,49752,No,No,2,4,9256.826221224032,-55.015465205223215,21.673717582704025,809,314,1.125,15.441176470588236,0.02541899441340782,0.02716823406478578,0.01833568406205923,31.88405797101449,-15.74074074074074,0.19804469273743017,0.29611575021740943,20.86339025532032,0,,182857477,-12.861442792706582,0.4457470630711667,37.20773546309367,0.5912687185311051,83.2,0.1723878088288366,26.8,56,1457,6376,,https://wgno.com/news/louisiana/orleans-parish/xavier-university-experiences-layoffs-among-full-time-staff/amp,,HBCU Digest,
f295fb4d-35db-4493-a313-2a7abc74ddea,Staff layoff,staff_layoff,2025-10-24,2025,,confirmed,,70,,"Interim President Jamie Hebert announced 70 positions affected across all divisions: 51 eliminated (28 unclassified, 23 classified employees) and 19 reclassified. Cuts span academics, student services, and administration as part of plan to resolve $25M structural budget deficit driven by declining state appropriations and enrollment.",,University of Louisiana at Lafayette,,LA,Louisiana,Public,,,160658,supabase,TRUE,2,University of Louisiana at Lafayette,Public,"Public, 4-year or above",Four or more years,City: Midsize,"Degree-granting, primarily baccalaureate or above",16810,-12.543572134644398,Yes,458324623,425524697,10.190972183402174,No,No,32799926,No,No,1,4,9124.718135190997,-24.86099854559351,26.006936354366456,2296,879,6.148867313915858,3.53356890459364,0.02873289708506841,0.00789622109419063,0.14127951256664129,-0.6172839506172839,-34.106412005457024,0.15621653777513386,0.1103596839765605,49.85478876197464,0.2332424584077377,61.04842004974343,177999227,9.17045488593454,0.26751184242885,41.0330971166313,-0.5878759872270002,,1.0552254174642597,,44,5762,6245,,https://www.klfy.com/local/lafayette-parish/ul-lafayette-cuts-70-jobs-to-help-resolve-25m-deficit-interim-president/,,The Advocate,
dbf5dfa6-5cf0-4909-960b-1c6b56bcd8bf,Staff layoff,staff_layoff,2025-10-22,2025,2025FA,confirmed,,50,,University announced 50 staff layoffs and elimination of 30 to 50 vacant positions due to $7 million projected shortfall driven by enrollment decline and state funding cuts.,,University of Northern Colorado,,CO,Colorado,Public,,,127741,supabase,TRUE,3,University of Northern Colorado,Public,"Public, 4-year or above",Four or more years,City: Midsize,"Degree-granting, primarily baccalaureate or above",10404,-34.771159874608145,Yes,232468000,229362022,-20.592831898273506,Yes,No,3105978,No,No,0,4,12149.430216426194,-6.298037069861875,37.6710312817248,1504,689,-12.405358182877112,-16.07795371498173,0.02239523260284506,0.01705170517051705,0.03480204342273307,-47.40406320541761,-51.15303983228512,0.30103806228373703,0.04508770829934489,29.619192022837233,0,,119815567,8.120189242585372,0.24280060843582155,13.188890533942358,-0.04028950035968239,,0.6202225290431916,,37,2416,6675,,https://www.highereddive.com/news/university-of-northern-colorado-plans-to-lay-off-50-employees/803556/,,Colorado Higher Ed News,
4947e181-b84c-4546-b060-107805b74f71,Staff layoff,staff_layoff,2025-10-20,2025,Fall 2025,confirmed,,99,,"Michigan State University cut $85 million from its general fund budget over two years, eliminating 99 filled faculty and staff positions as part of restructuring due to a structural budget deficit.",,Michigan State University,,MI,Michigan,Public,,,171100,supabase,TRUE,0,Michigan State University,Public,"Public, 4-year or above",Four or more years,City: Small,"Degree-granting, primarily baccalaureate or above",55377,0.08132726089785296,No,3670558146,3328505032,4.1941843620797465,No,No,342053114,No,No,2,3,19590.274439254303,-21.12285119716669,25.36528086374578,14002,3640,8.190387884407356,6.682297772567409,0.09029019267927116,0.05844533997996692,0.20011246786632392,-28.23309889478972,-36.09406952965235,0.22478646369431352,0.16733873724147963,13.051529164324114,0.10122961382122274,-8.98955289007058,4986233000,18.334845352933876,0.2022590833588975,38.48240012872918,0.11909116870879384,,0.4300224840015489,,34,13613,6308,,https://msutoday.msu.edu/news/2025/budget-updates-from-president-guskiewicz-oct,,MSUToday,
3b5bee2b-671c-419f-be48-8011e656243e,Campus closure,campus_closure,2025-10-17,2025,Spring 2026,confirmed,126,,,Declining enrollment cited as primary reason; enrollment dropped from nearly 500 in 2018 to 126 in fall 2025. Eighth UW branch campus closure since 2023.,,University of Wisconsin-Platteville Baraboo Sauk County,,WI,Wisconsin,Public,,,240462,manual_alias,TRUE,3,University of Wisconsin-Platteville,Public,"Public, 4-year or above",Four or more years,Town: Distant,"Degree-granting, primarily baccalaureate or above",7393,-27.040363169841115,Yes,139927290,135426091,-11.1260044600082,Yes,No,4501199,No,No,1,4,6881.955929896206,-7.462981593767029,28.90447960508633,811,330,-26.138433515482696,-18.7192118226601,0.01744893818476937,0.00861188147715662,0.12915129151291513,-40.825688073394495,-49.01185770750988,0.0733125929933721,0.01607773485685333,-34.63787975787419,0.29914020999009056,22.43079399341033,66038596,51.4893948042993,0.23798397133081844,27.644641146965288,0.04853933951123365,,0.4660547401665958,,42,2652,5777,,https://www.wpr.org/news/uw-platteville-baraboo-sauk-county-campus-closing,,Wisconsin Public Radio,
ff8499eb-c3b5-4c6f-a3b9-818c0a64ac00,Institution-wide staff reductions,staff_layoff,2025-10-16,2025,"December 31, 2025 / January 31, 2026",confirmed,,44,,"17 staff eliminated, 23 instructors not renewed, 4 academic support professionals not renewed, 19 vacant positions unfilled. Caused by revenue declines including international enrollment drop and federal funding cuts.",,Eastern Illinois University,,IL,Illinois,Public,,,144892,supabase,TRUE,2,Eastern Illinois University,Public,"Public, 4-year or above",Four or more years,Town: Remote,"Degree-granting, primarily baccalaureate or above",10734,12.681083350829308,No,183331463,187599408,-6.8370119939385745,Yes,No,-4267945,Yes,No,2,5,5593.13337597953,-17.717800071771578,19.07684716398079,1269,528,6.638655462184874,7.099391480730223,0.09539780137879636,0.01583272903069857,0.3630081300813008,150.36674816625916,273.7226277372263,0.2291783119060928,0.00178333368334306,-53.93340673148319,0.3057941065212649,-2.8284065995642957,73316539,2.5471973179822016,0.5096539689063821,12.387795907948238,0.13530858683390068,,0.2865414390858759,,31,2149,7358,,https://www.dailyeasternnews.com/2025/10/14/breaking-eastern-eliminates-44-staff-positions/,,The Daily Eastern News,
fe45a421-50c0-43a3-9c6d-39b97b51c72b,Staff positions (non-faculty),staff_layoff,2025-10-10,2025,,confirmed,,,,"14 positions eliminated, 3 converted to part-time due to enrollment decline; no faculty affected; advisory group formed to review academic programs",,Nebraska Wesleyan University,,NE,Nebraska,Private non-profit,,,181446,ipeds_name_match,TRUE,0,Nebraska Wesleyan University,Private not-for-profit,"Private not-for-profit, 4-year or above",Four or more years,City: Large,"Degree-granting, primarily baccalaureate or above",4462,9.68534906588004,No,54505000,42535000,0.00147631982008512,No,No,11970000,No,No,2,2,11787.688442211056,-24.21876464670326,47.34106962663976,394,159,-24.952380952380953,-36.4,0.01456745853877185,0.01509078047630276,0.00452488687782805,109.6774193548387,35.41666666666667,0.04952935903182429,0.0328130116799476,83.92601020825154,0,,82773000,15.426934671441735,0.5684477952829309,22.697626211074265,0.4095464741299499,67,0.10121847408024158,13.8,54,832,6541,,https://www.klkntv.com/nebraska-wesleyan-university-eliminates-positions-amid-rising-costs-declining-enrollment/,,KLKN-TV,
2bed88a2-f1f1-4587-aa3e-3f1c76db0ee0,John A. Paulson School of Engineering and Applied Sciences,staff_layoff,2025-10-09,2025,,confirmed,,40,,"~40 staff laid off (25% of union staff) due to federal funding cuts, 8% endowment tax increase, and reduced indirect cost recovery rates. Dean cited 'enormous financial pressure.'",,Harvard University,,MA,Massachusetts,Private non-profit,,,166027,supabase,TRUE,3,Harvard University,Private not-for-profit,"Private not-for-profit, 4-year or above",Four or more years,City: Midsize,"Degree-granting, primarily baccalaureate or above",37558,-9.137534776823514,Yes,9433391000,6426911000,-0.07297201215334967,Yes,No,3006480000,No,No,1,2,32405.288650346905,-23.63164688997779,10.496501205133976,21201,2445,8.639508070714836,-2.589641434262948,0.26894403322860644,0.18821590440873504,0.3074774810211226,-1.7985611510791366,24.182444061962137,0.6768997284200436,0.07595803976184899,-12.062970624833198,0,,53235205000,6.003149274815278,0.1601594777239137,3.772471404308498,0.21596857455701143,42.5,0.1621688950596885,24.5,4,404,7926,,https://www.ndtv.com/world-news/harvard-university-to-lay-off-school-staff-amid-enormous-pressure-9430297,,NDTV,
aab4cac3-407b-42ad-b12c-e285efacfb9e,Software Engineering Institute,staff_layoff,2025-10-08,2025,,confirmed,,75,,75 staff positions eliminated (10% of SEI workforce). Part of $33M university-wide expense reduction amid federal funding uncertainty and enrollment declines.,,Carnegie Mellon University,,PA,Pennsylvania,Private non-profit,,,211440,supabase,TRUE,0,Carnegie Mellon University,Private not-for-profit,"Private not-for-profit, 4-year or above",Four or more years,City: Large,"Degree-granting, primarily baccalaureate or above",16795,10.909331044046754,No,1895891534,1598943607,5.936367169658677,No,No,296947927,No,No,0,0,47654.23965734777,14.018643318853693,37.851595522763695,6451,1782,7.373501997336884,6.578947368421052,0.42869901756475143,0.19523688232297504,0.633679973163368,14.158871095608056,46.40097600650671,0.5324799047335517,0.18906540155519416,18.297066497786833,0,,3231995579,32.79285670869657,0.1986882779613158,-2.231700760479149,0.33924267964906674,58,0.1820707404878466,28.2,34,2447,4785,,https://www.post-gazette.com/news/education/2025/10/08/carnegie-mellon-staff-lay-offs/stories/202510080077,,Pittsburgh Post-Gazette,
4b03f228-87b8-4864-a88b-70fa50429cb8,University-wide staff layoffs,staff_layoff,2025-10-04,2025,Fall 2025,confirmed,,55,,"A state filing confirmed 55 additional job cuts, including SEIU union members, career services staffers and professors.",,University of Southern California,,CA,California,Private non-profit,,,123961,supabase,TRUE,2,University of Southern California,Private not-for-profit,"Private not-for-profit, 4-year or above",Four or more years,City: Large,"Degree-granting, primarily baccalaureate or above",51953,-2.3182792464182302,Yes,8215984000,7619619000,22.682321501020432,No,No,596365000,No,No,1,2,41569.82552667777,-14.10383807060628,20.966593897943326,17359,4025,4.045792375929034,5.228758169934641,0.27059072623332625,0.1487148368081141,0.3679454331417492,11.288790373654212,47.142558090852,0.5559255480915443,0.15917552496879722,28.26811597338058,0,,8092846000,14.916051765430394,0.2754010317624687,19.779347956576608,0.27480516138784344,50.3,0.3270408041107868,54.5,24,4956,6197,,https://www.uscannenbergmedia.com/2025/10/03/at-least-55-more-employees-let-go-usc-reports-692-total-layoffs-as-deficit-reductions-continue/,,USC Annenberg Media,
b441a888-0eca-4282-9513-6da3f452103e,Layoffs at Berklee College of Music,staff_layoff,2025-10-03,2025,,confirmed,,70,,"70 staff members laid off amid budget crunch and enrollment concerns, representing ~3% of total Berklee workforce (or ~7.5% of non-faculty staff, as faculty contracts prohibit layoffs). No faculty positions eliminated. Cuts affect administrative and operational roles across the Boston institution.",,Berklee College of Music,,MA,Massachusetts,Private non-profit,,,164748,supabase,TRUE,0,Berklee College of Music,Private not-for-profit,"Private not-for-profit, 4-year or above",Four or more years,City: Large,"Degree-granting, primarily baccalaureate or above",9705,20.844228614120283,No,393017914,351654785,10.822491361120775,No,No,41363129,No,No,2,3,32930.59732576027,-28.647745654307418,70.81012546415378,2193,1151,28.32065535400819,29.617117117117115,0.29860896445131374,0.29435437507186385,0.3353174603174603,29.722470904207697,65.03416856492026,0.10386398763523956,0.0142902582278199,235.37424026801267,0,,426384464,-2.403490838330349,0.270359508582382,37.64826050074782,0.4092441328960514,66.9,0.4322397473131816,68,34,2581,6851,,https://www.allsides.com/news/2025-10-02-1400/business-layoffs-berklee-college-music-70-staff-members-let-go-wake-budget,,AllSides,
9e1810aa-6523-46aa-a80b-1a7a5b214665,Staff layoffs across multiple departments,staff_layoff,2025-10-02,2025,,confirmed,,316,,"316 staff positions eliminated, 198 vacant positions closed, $52M annual savings. Cuts due to budget pressures and potential federal research funding reductions.",,Washington University in St. Louis,,MO,Missouri,Private non-profit,,,179867,supabase,TRUE,1,Washington University in St Louis,Private not-for-profit,"Private not-for-profit, 4-year or above",Four or more years,Suburb: Large,"Degree-granting, primarily baccalaureate or above",18015,1.241991682589637,Yes,5759130000,5083159000,19.322403824242368,No,No,675971000,No,No,2,3,22233.73812672839,-33.094261478262986,6.421733838270711,21794,2389,27.130607244939625,7.661108607480847,0.2798223702470164,0.08980582524271845,0.4722377388001341,22.86132098464538,102.28731942215089,0.4968637246738829,0.15171591476403146,20.92294254218522,0,,12006026000,20.34868023525424,0.4060680941636424,-0.0423063457731014,0.3907242841698074,64.7,0.2163104772744723,35,12,972,6271,,https://www.highereddive.com/news/washington-university-layoffs-300-federal-cuts-andrew-martin/801729/,,Higher Ed Dive,
5c8c78de-df78-46ad-b17f-0d1d50e7ee74,Administrative and staff positions,staff_layoff,2025-09-23,2025,,confirmed,,48,,48 layoffs plus 55 vacant positions eliminated as part of $30M budget reduction following federal funding pressure and student exposé of administrative bloat,,Brown University,,RI,Rhode Island,Private non-profit,,,217156,ipeds_name_match,TRUE,0,Brown University,Private not-for-profit,"Private not-for-profit, 4-year or above",Four or more years,City: Midsize,"Degree-granting, primarily baccalaureate or above",12261,13.949814126394052,No,2069324000,1431914000,13.624104279574428,No,No,637410000,No,No,1,2,37245.9205391983,-23.140894674719924,20.29575842159082,5711,1164,21.278403057974092,10.857142857142858,0.19354049425006117,0.132829373650108,0.32238349885408707,19.54659949622166,48.96421845574388,0.3202838267678003,0.1313670922273866,15.519625661295647,0,,6718785000,37.69778953717775,0.2788094418716822,8.423906606649748,0.16726166566801948,36.3,0.17176377455060132,26.5,10,742,5885,,https://www.foxbusiness.com/media/brown-cut-48-jobs-scrap-55-openings-following-federal-pressure-students-expose-ivy-league-bloat,,Fox Business,
84ee0c50-ebcb-4143-80a0-fa17988da1a6,Biosciences Collaborative for Research Engagement (BioCoRE) program,program_suspension,2025-09-23,2025,,confirmed,87,,,"Graduate support program in School of Medicine closed abruptly in August 2025 alongside IDEALS office closure, citing financial constraints amid federal funding cuts",,Duke University,,NC,North Carolina,Private non-profit,,,198419,supabase,TRUE,1,Duke University,Private not-for-profit,"Private not-for-profit, 4-year or above",Four or more years,City: Large,"Degree-granting, primarily baccalaureate or above",18360,1.106889145878077,No,11446363000,10317041000,29.28085140397493,No,No,1129322000,No,Yes,3,4,34514.86519017814,-12.154419932810622,5.010316377350605,19085,4506,-3.028301407448809,5.725011731581417,0.2559368191721133,0.09674011469966798,0.3458326231464121,22.913941930421135,54.725057622653935,0.6391067538126362,0.2274941573825252,20.383631922121175,0,,11889994000,12.560787929132337,0.2856441256837284,-3.080318064727955,0.43966857859445185,70.5,0.25689042451157656,42.9,14,885,4972,,https://afrotech.com/duke-university-closes-graduate-support-program-dei-office,,afrotech.com,
b88d4d1e-9cd4-49b1-9efe-c3be5f924d12,Institution-wide staff reductions,staff_layoff,2025-09-23,2025,,confirmed,,30,,UMB laying off 30 full-time staff and eliminating 30 vacant positions due to $33.8M budget deficit from state cuts and reduced federal research funding,,"University of Maryland, Baltimore",,MD,Maryland,Public,,,163259,supabase,TRUE,1,"University of Maryland, Baltimore",Public,"Public, 4-year or above",Four or more years,City: Large,"Degree-granting, primarily baccalaureate or above",7440,-1.7562392710946784,No,1568701621,1486987727,1.7979542643118402,No,No,81713894,No,No,1,1,20237.34011584732,-54.512294998169295,8.686037495973238,7774,3084,7.897293546148508,14.095449500554938,0.06061827956989247,0.03624382207578253,0.06537102473498234,37.08206686930091,57.692307692307686,0.8368279569892473,0.2187712999215775,-15.266109339980767,0.23759633419859355,25.94705612060189,521552835,18.350372098293192,0.2339095507218737,21.671638689336262,0.12632681955075542,,0.3996008352627408,,20,200,7462,,https://www.cbsnews.com/baltimore/news/federal-funding-cuts-dei-maryland-universities/,,CBS Baltimore,
70829ef9-5ab3-4229-9c92-6bb6bfeeb5e1,Multiple programs (6 programs curtailed),program_suspension,2025-09-18,2025,,confirmed,,,,Part of $25M budget reduction over 3 years. Six programs recommended for curtailment by Fiscal Health Committee due to low productivity. Teach-out plans being developed.,,East Carolina University,,NC,North Carolina,Public,,,198464,supabase,TRUE,3,East Carolina University,Public,"Public, 4-year or above",Four or more years,City: Small,"Degree-granting, primarily baccalaureate or above",29704,-7.256150867990509,Yes,1145362959,1054792905,-1.6737507601413495,Yes,No,90570054,No,No,0,0,8117.542227348456,-15.9538457843724,16.590683722294184,5708,1703,-6.655764513491415,-3.6219581211092247,0.01057096687314839,0.00732773397326019,0.02245603015075377,15.867158671586717,-3.9755351681957185,0.21438190142741717,0.05962457051521483,75.38082607324779,0.4615972985222079,-2.8799326074640046,320106984,22.73262061862689,0.20796377438457592,2.1472419680977426,-0.2107403768513955,,0.6802426788512034,,39,8254,6370,,https://wcti12.com/news/local/title-09-12-2025,,WCTI12,
d7d3040f-2803-4df4-9606-426ba45afcc7,WPSU (NPR/PBS public broadcasting station),department_closure,2025-09-11,2025,"June 30, 2026",confirmed,,44,,"Board rejected $17M transfer to WHYY. Federal CPB funding cut ($1.3M) and Penn State subsidy reduction ($800K) made station unsustainable. Serves 24 counties TV, 13 counties radio in central PA.",,Pennsylvania State University,,PA,Pennsylvania,Public,,,214777,supabase,TRUE,0,Pennsylvania State University-Main Campus,Public,"Public, 4-year or above",Four or more years,City: Small,"Degree-granting, primarily baccalaureate or above",53053,6.244117352558326,No,9539406000,8548778000,14.118369511185918,No,No,990628000,No,No,1,1,36813.33919895949,-18.92771841394402,20.17604660080512,17649,4623,-26.253551729901385,-38.95417932127294,0.1576725161630822,0.10260767122046265,0.43033430558671754,-0.7239496795632566,24.98132377110414,0.16802065858669632,0.19675566985621015,33.34593541772195,0.07321535867401904,-16.096895547859518,4750032000,22.32121968677952,0.08895915778141723,25.261747636481314,0.4488762883989787,,0.3345777015793615,,40,16852,6407,,https://www.insidehighered.com/news/quick-takes/2025/09/15/penn-state-close-npr-pbs-affiliate-station-wpsu,,Inside Higher Ed,
cd885cdb-0e84-4f79-97bf-ff7248e8fd14,SNAP-Ed (Supplemental Nutrition Assistance Program Education),staff_layoff,2025-09-10,2025,Fall 2025,confirmed,,43,,"Federal funding eliminated by Congress. Program provided nutrition education across 12 Arizona counties through AZ Health Zone collaboration. Ends Sept 30, 2025.",,University of Arizona,,AZ,Arizona,Public,,,104179,supabase,TRUE,0,University of Arizona,Public,"Public, 4-year or above",Four or more years,City: Large,"Degree-granting, primarily baccalaureate or above",61966,27.36316362814215,No,2791773000,2788403000,4.006114911528383,No,No,3370000,No,No,1,1,15484.526484101443,-24.601543631217428,27.403517406322074,13383,2953,-0.7858254874342055,4.42008486562942,0.06319594616402543,0.04224864600724844,0.14324618736383443,-7.379375591296121,2.944269190325973,0.2074040602911274,0.18748177486671433,15.57003461767228,0.1648268333456628,21.314096333970756,1387344636,8.915531782866559,0.3428157137899399,31.328731886255863,-0.1012278385677068,,0.6561338596638403,,26,10691,6299,,https://www.kgun9.com/news/local-news/university-of-arizona-laying-of-43-after-federal-funding-for-snap-ed-eliminated,,KGUN 9,
df3a979b-ecb5-487a-93d7-aec28b77cf87,Mitchell-West Center for Social Inclusion,department_closure,2025-09-08,2025,Summer 2025,confirmed,,,,LGBTQ+ support center closed due to Alabama SB 129 law banning DEI programs at public institutions. Center provided resources and programming for LGBTQ+ and underrepresented students.,,University of North Alabama,,AL,Alabama,Public,,,101879,supabase,TRUE,0,University of North Alabama,Public,"Public, 4-year or above",Four or more years,City: Small,"Degree-granting, primarily baccalaureate or above",12537,40.849342770475225,No,193628872,164849899,21.003245492609807,No,No,28778973,No,No,1,4,8235.569572560738,-13.657385710790592,32.73746231398797,1160,575,30.04484304932735,36.57957244655582,0.04961314509053202,0.05059288537549407,0.04725692558392178,92.56965944272446,64.1160949868074,0.29369067560022333,0.01639383062964168,34.916387562397674,0.4402190424077107,72.72061608817985,63919879,39.93719157291559,0.3462180851229509,18.571381784875708,-0.0957706107214702,,0.7970755977538805,,32,2407,6550,,https://www.campusreform.org/article/university-north-alabama-shutters-lgbt-center/28575,,Campus Reform,
5d2de109-b5ad-4e03-8888-be911bd7abeb,University-wide staff reductions,staff_layoff,2025-09-08,2025,Fall 2025,confirmed,,20,,60 employee layoffs including 20 career faculty to address $29.2M deficit. No tenured faculty or degree programs eliminated per official announcement.,,University of Oregon,,OR,Oregon,Public,,,209551,supabase,TRUE,0,University of Oregon,Public,"Public, 4-year or above",Four or more years,City: Midsize,"Degree-granting, primarily baccalaureate or above",25432,0.9086219894457008,No,1444279032,1317915991,5.991606524946789,No,No,126363041,No,No,1,3,20483.378956147662,-4.480567646775743,32.308982243813396,5740,1470,10.405847278322751,5.0750536097212295,0.03625353884869456,0.01724705108322759,0.13363833373464964,-66.26417855836078,-74.64246424642465,0.1632982069833281,0.10681977265841994,4.5550973462109265,0.08288271449297384,10.31196080757698,1613595472,38.857702887831586,0.20446344847239228,17.025685224335696,0.03000070403485909,,0.497113017636215,,29,5847,6351,,https://lookouteugene-springfield.com/story/university-of-oregon/2025/09/08/uo-to-cut-60-employees-this-fall-including-some-faculty-members/,,Lookout Eugene-Springfield,
e2536a49-42c9-4e63-8348-b968791510f4,WVU Research Corporation employee restructuring,staff_layoff,2025-09-08,2025,Fall 2025,confirmed,,507,,Mass layoff of 507 WVURC employees who will transition to direct WVU employment with identical positions. Restructuring to reduce administrative burden.,,West Virginia University,,WV,West Virginia,Public,,,238032,ipeds_name_match,TRUE,3,West Virginia University,Public,"Public, 4-year or above",Four or more years,City: Small,"Degree-granting, primarily baccalaureate or above",27150,-10.802286615414944,Yes,1335225081,1266670775,-2.700559515321493,Yes,No,68554306,No,No,1,1,16061.773125452062,-20.414284105398515,29.936022898898795,6309,1630,-2.6689293427954333,-11.987041036717065,0.04707182320441989,0.0209547123623011,0.12639405204460966,-46.5495608531995,-38.85167464114833,0.24769797421731124,0.11719727226873072,25.585388491088224,0.21890398840673625,15.746407405656388,861602738,-1.3899326998313382,0.2156451592251668,26.967166157663343,0.07467300078946149,,0.4951033962399496,,45,8328,6084,,https://ground.news/article/university-transitioning-507-research-corporation-employees-dominion-post,,WBOY,
87dd54e8-2af3-4d57-8ced-c5ba2758a17c,30 associate degree programs,program_suspension,2025-09-04,2025,Fall 2025,confirmed,,,,Programs cut due to Senate Bill 1 requirement to eliminate programs graduating ≤5 students annually. About half were apprenticeship programs. Current students can finish.,,Cuyahoga Community College,,OH,Ohio,Public,,,202356,supabase,FALSE,,,,,,,,,,,,,,,,,,,,,,,,,,,,,,,,,,,,,,,,,,,,,,,,,,https://signalcleveland.org/tri-c-cut-30-programs-comply-senate-bill-1/,,Signal Cleveland,
0fd8ffea-76e8-4840-bfd6-79599343b42a,"16 degree programs including Leadership Studies, English, Spanish, Sociology, Chemistry, Creative Writing, Theology",department_closure,2025-09-04,2025,Fall 2025,confirmed,200,19,,16 degree programs discontinued due to budget deficits and declining enrollment. Students report inadequate teach-out options to complete degrees.,,Our Lady of the Lake University,,TX,Texas,Private non-profit,,,227331,supabase,TRUE,5,Our Lady of the Lake University,Private not-for-profit,"Private not-for-profit, 4-year or above",Four or more years,City: Large,"Degree-granting, primarily baccalaureate or above",2425,-35.795604977495366,Yes,56777188,58629906,-34.08316577462575,Yes,No,-1852718,Yes,Yes,3,4,16024.509792626728,-28.74961014107425,48.99599642025244,444,206,-29.96845425867508,-31.103678929765888,0.01938144329896907,0.03392568659127625,0.004212299915754,56.666666666666664,135,0.4894845360824742,0.08660908126892963,84.8747176979556,0,,50673849,36.37021262042225,0.3705965904359967,25.738478789660725,0.3857538979988101,64,0.3255655586684623,54.4,59,679,6505,,https://www.youtube.com/watch?v=Fnkr48w8R8s,,KSAT,
d4059c1f-c4b1-4b5e-b365-4d5aca339958,Satellite campuses (Oxnard and Westlake Village locations),program_suspension,2025-09-03,2025,Summer 2026,confirmed,,,,CLU satellite campuses in Oxnard and Westlake Village closing summer 2026 due to sustained enrollment decline. Both sites served working-adult undergraduates and graduate students. Main Thousand Oaks campus unaffected. Impacted students offered pathways to complete degrees via online or main-campus options.,,California Lutheran University,,CA,California,Private non-profit,,,110413,supabase,TRUE,4,California Lutheran University,Private not-for-profit,"Private not-for-profit, 4-year or above",Four or more years,City: Midsize,"Degree-granting, primarily baccalaureate or above",3925,-23.71234207968902,Yes,119647514,125938071,-21.326061162404184,Yes,No,-6290557,Yes,No,2,2,21122.242189824457,-12.572614273909316,59.33416719381231,822,402,-11.422413793103448,-16.075156576200417,0.09579617834394905,0.038671875,0.20293040293040293,-28.6527514231499,-47.04225352112676,0.34777070063694265,0.04900876983108159,-8.715433405649046,0,,144984195,10.268797135232242,0.4446880984161882,8.538569640351682,0.44227276429745566,71,0.22174265198037413,35.6,50,1185,6438,,https://www.vcstar.com/story/news/education/schoolwatch/2025/09/03/clus-satellite-campuses-in-oxnard-westlake-village-to-close/85957259007/,,VC Star,
237db960-d67d-4e8d-94a4-43511018d30c,"Diversity, Equity, and Inclusion (DEI) programs and offices",department_closure,2025-09-03,2025,,confirmed,,,,Discontinued in response to Trump administration federal mandates against DEI programs. Interim President Leah Ward Sears announced the closure to comply with federal laws.,,Emory University,,GA,Georgia,Private non-profit,,,139658,supabase,TRUE,0,Emory University,Private not-for-profit,"Private not-for-profit, 4-year or above",Four or more years,City: Large,"Degree-granting, primarily baccalaureate or above",16189,1.029705441837244,No,10401518000,9499041000,26.299102416526704,No,No,902477000,No,No,2,3,29425.906479708443,-24.28356028644652,4.579869976670713,15092,2060,19.34208445358216,-24.12523020257827,0.182037185743406,0.17475976937860346,0.18881202290076335,3.3309957924263673,21.525773195876287,0.5178825128173451,0.2222150694655027,33.2621930988634,0,,12396185000,17.118231556454468,0.39499621466424784,15.411129401059044,0.2955338942880243,53,0.3422036584042435,56.6,11,781,6419,,https://www.emorywheel.com/article/2025/09/emory-ends-dei-programs,,The Emory Wheel,
710e4489-3193-4e4c-ad73-e1ac0e605aa4,Community Writing Center,department_closure,2025-09-03,2025,Summer 2026,confirmed,,,,"Community service center operating for 25 years, offering writing coaching and workshops. Closure saves $210,435 as part of HB 265 budget reallocation requirements.",,Salt Lake Community College,,UT,Utah,Public,,,,unmatched,FALSE,,,,,,,,,,,,,,,,,,,,,,,,,,,,,,,,,,,,,,,,,,,,,,,,,,https://www.kuer.org/arts-culture-entertainment/2025-09-03/after-nearly-25-years-slcc-community-writing-center-will-close-due-to-budget-cuts,,KUER,
08b1cd81-2963-4a91-97b7-5d9ecbe61bec,Staff layoffs,staff_layoff,2025-08-31,2025,Fall 2025,confirmed,,15,,15 staff positions eliminated to place college on more sustainable financial path. No regular faculty positions were cut.,,Bennington College,,VT,Vermont,Private non-profit,,,230816,ipeds_name_match,TRUE,1,Bennington College,Private not-for-profit,"Private not-for-profit, 4-year or above",Four or more years,Town: Distant,"Degree-granting, primarily baccalaureate or above",943,6.433408577878104,No,54039554,53767398,-10.303245199905236,Yes,No,272156,No,No,2,3,27185.323692992213,-24.397158188519615,45.22540285954248,381,148,7.323943661971831,22.31404958677686,0.12513255567338283,0.13598074608904934,0.04464285714285714,-11.278195488721805,114.54545454545456,0.11876988335100742,0.0478289837517942,336.75797445587415,0,,48929885,-1.6769128687436266,0.580847653641825,22.62346227100798,0.13360893708456867,32.4,0.4026554783941274,65.3,50,379,6181,,https://vtdigger.org/2025/08/19/bennington-college-announces-layoffs-of-15-staff-members/,,VTDigger,
284bcbf4-e2a1-4474-9522-a0b6ef0af65b,Institution-wide staff reduction,staff_layoff,2025-08-31,2025,,confirmed,,45,,45 staff layoffs due to Trump administration policies limiting international students; international students contributed $172M to budget in 2023,,Stevens Institute of Technology,,NJ,New Jersey,Private non-profit,,,186867,ipeds_name_match,TRUE,0,Stevens Institute of Technology,Private not-for-profit,"Private not-for-profit, 4-year or above",Four or more years,Suburb: Large,"Degree-granting, primarily baccalaureate or above",9650,20.77596996245307,No,438372000,382464000,26.674879387704415,No,No,55908000,No,No,0,0,30314.8989272944,-8.091225240967253,58.019673245554,1413,532,11.25984251968504,13.9186295503212,0.36393782383419687,0.03181818181818181,0.6177330895795247,51.18381403357727,112.46218995765275,0.566839378238342,0.15765189852420652,70.49319892908669,0.00502479220736135,2530.7178996175026,374598000,36.10899729343222,0.31825623851283324,13.520887135317578,0.29185356116241673,52.8,0.3980017472407132,64.5,53,2157,6280,,https://patch.com/new-jersey/hoboken/stevens-institute-technology-lays-45-employees-amid-trump-policy-changes,,Patch,
b5f601b6-e995-47f4-ad1c-08224d8f9f0d,Middlebury Institute of International Studies at Monterey campus and programs wound down,campus_closure,2025-08-28,2025,June 2027,confirmed,526,,,"Middlebury Institute of International Studies at Monterey (MIIS) winding down all programs by summer 2027. In-person programs ended 2025 after 15 years of fluctuating enrollment and steep post-COVID decline. Remaining online programs to sunset summer 2027. 526 students enrolled fall 2024, down 23.5% from five years prior. Programs cited operating at ""significant deficits for the last several years."" Founded 1955; acquired by Middlebury 2010. Soka University of America now in exclusive negotiations to acquire the Monterey campus and rights to continue programs in nonproliferation studies, threat intelligence, translation and localization management, and international policy and development. Both boards approved letter of intent; due diligence underway. If deal closes, campus to be renamed ""Monterey Institute of International Studies at Soka University of America."" SUA could begin recruiting students summer 2026. All current MIIS students guaranteed path to degree completion through summer 2027 regardless of deal outcome.'",,Middlebury College,,VT,Vermont,Private non-profit,,,230959,supabase,TRUE,5,Middlebury College,Private not-for-profit,"Private not-for-profit, 4-year or above",Four or more years,Town: Distant,"Degree-granting, primarily baccalaureate or above",4726,-0.5262050094716901,Yes,317559000,328127000,-13.12208184680436,Yes,No,-10568000,Yes,Yes,3,4,58005.66215791129,-10.696416552109955,58.067949577873726,1267,394,4.624277456647398,8.539944903581267,0.11701227253491324,0.11675493500240731,0.11888111888111888,12.627291242362526,16.42105263157895,0.12103258569614896,0.03773910491963707,103.20134889893096,0,,1597984000,12.4870510428896,0.2368788431390966,6.342759349222776,0.08996573644109823,26.3,0.2306753527794058,37.3,23,636,5965,,https://www.middleburycampus.com/article/2025/08/middlebury-to-close-miis-by-june-2027,,The Middlebury Campus,
fb2e8ebe-fac8-4416-be64-c6621a3100a9,"Multiple PhD programs across Arts & Humanities, Social Sciences, and professional schools",program_suspension,2025-08-28,2025,Fall 2026,confirmed,,400,,"$100M budget cut, 400 staff layoffs, PhD admissions paused in most humanities depts, federal funding cuts cited as primary cause",,University of Chicago,,IL,Illinois,Private non-profit,,,144050,supabase,TRUE,3,University of Chicago,Private not-for-profit,"Private not-for-profit, 4-year or above",Four or more years,City: Large,"Degree-granting, primarily baccalaureate or above",21145,7.558878884989063,No,5307925800,5326554945,-11.059762987078232,Yes,No,-18629145,Yes,Yes,4,6,35412.86689303905,-14.19251744208869,11.788886687149995,13908,3435,12.451487710219922,21.206774876499647,0.3187987703948924,0.19946362722091857,0.4063627418825845,25.390625,102.12893553223388,0.5767793804681958,0.1784628694529723,22.457363131374784,0,,9124340657,2.646772741520043,0.39746337031296974,8.442596286063866,0.05300653084580306,22.6,0.4250756422409422,67.5,5,359,6147,,https://www.universityherald.com/articles/79750/20250829/university-chicago-cut-100m-lay-off-400-employees-amid-federal-policy-shifts.htm,,University Herald,
53d0acd9-b519-40ab-b4bb-c82d6ad8e6bf,Bachelor of Arts in Chemistry & 10 Others,program_suspension,2025-08-26,2025,,confirmed,,,,11 programs suspended due to Advance Ohio Higher Education Act requiring 5+ annual graduates. Students can complete degrees. No immediate faculty impact expected.,,Ohio University,,OH,Ohio,Public,,,204857,supabase,TRUE,3,Ohio University-Main Campus,Public,"Public, 4-year or above",Four or more years,Town: Distant,"Degree-granting, primarily baccalaureate or above",28654,-15.524764150943396,Yes,832076966,752755844,-13.73144316126245,Yes,No,79321122,No,No,1,1,11887.394127516778,-20.709261581313218,34.05880556486886,4048,1323,-4.708097928436912,-9.507523939808484,0.04009911356180638,0.01193658401696008,0.12794709603220242,-15.514705882352942,-46.25818521983162,0.24275842814266768,0.06440181659612691,41.26962808404214,0.2424967548868146,-10.528877725228856,779546455,9.416043132805578,0.23597755755816804,40.974622456686014,0.1797306303624664,,0.5047873352582151,,48,9079,6248,,https://www.ohio.edu/news/2025/08/ohio-university-will-suspend-future-entry-11-academic-programs-comply-advance-ohio,,Ohio University,
80fdc926-a198-49b4-ac0d-222d12c28467,Staff Layoffs,staff_layoff,2025-08-23,2025,August 2025,confirmed,,30,,5% staff reduction (30+ employees) due to enrollment and revenue falling below projections for second consecutive year. 12 union members affected.,,Emerson College,,MA,Massachusetts,Private non-profit,,,165662,supabase,TRUE,0,Emerson College,Private not-for-profit,"Private not-for-profit, 4-year or above",Four or more years,City: Large,"Degree-granting, primarily baccalaureate or above",5988,19.09307875894988,No,301422092,268215335,12.023184261616448,No,No,33206757,No,No,1,2,33657.96002170767,-14.9642775453882,61.72779233447826,1341,725,21.687840290381125,40.77669902912621,0.1372745490981964,0.1636828644501279,0.06994665085951393,35.86776859504132,120.37533512064344,0.2817301269205077,0.00596577532925262,1049.4506130265377,0,,264747512,19.53398533167961,0.276186677711396,20.046283409309407,0.42978916723695393,69.8,0.49574844821827185,73.4,43,1800,6531,,https://berkeleybeacon.com/emerson-lays-off-5-of-staff-due-to-budget-reductions-offers-benefits-for-those-who-voluntarily-resign/,,The Berkeley Beacon,
8a0e9882-2511-4745-beb2-e2ed01b11950,Staff layoffs across multiple departments,staff_layoff,2025-08-22,2025,,confirmed,,30,,"Approximately 30 staff laid off due to financial challenges; enrollment dropped from 4016 to 3812 affected library, undergraduate, graduate and support staff across departments",,School of Visual Arts,,NY,New York,Private for-profit,,,197151,supabase,TRUE,1,School of Visual Arts,Private for-profit,"Private for-profit, 4-year or above",Four or more years,City: Large,"Degree-granting, primarily baccalaureate or above",4198,-7.553402334287602,No,210938754,201443686,1.394170125685585,No,No,9495068,No,No,1,1,44094.38385583807,-5.304219932114813,84.68161758459993,1506,940,-10.03584229390681,-14.700544464609798,0.5333492139113863,0.5215068878268203,0.5990639625585024,2.5183150183150182,60.73223259152907,0.15269175797999046,,,,,,,,,,,0.8561747700100312,,26,884,6946,,https://www.theartnewspaper.com/2025/08/22/new-york-school-of-visual-arts-lays-off-30-employees,,The Art Newspaper,
91cc2dc7-a197-4e45-bb9c-57de383064e4,Public Defender Project,program_suspension,2025-08-22,2025,,confirmed,,1,,"Clinical program providing experiential learning in public defense work. Professor John Gross, director and Clinical Associate Professor, facing layoff.",,University of Wisconsin Law School,,WI,Wisconsin,Public,,,,unmatched,FALSE,,,,,,,,,,,,,,,,,,,,,,,,,,,,,,,,,,,,,,,,,,,,,,,,,,https://www.instagram.com/p/DNqcDOotzmf/,,Instagram,
ddc23cea-20b3-4ad7-a4ff-ad26befc5955,"Diversity, Equity and Inclusion positions",staff_layoff,2025-08-21,2025,,confirmed,,4,,Four DEI positions eliminated in response to Trump administration federal DEI guidelines from U.S. Department of Education,,Milwaukee Area Technical College,,WI,Wisconsin,Public,,,239248,supabase,FALSE,,,,,,,,,,,,,,,,,,,,,,,,,,,,,,,,,,,,,,,,,,,,,,,,,,https://drwebdomain.blog/2025/08/21/matc-cuts-four-positions-under-trumps-federal-dei-guidelines/,,DrWeb Domain Blog,
786bd5e3-f1ed-417e-b486-c726e9e1a99b,Institution-wide staff reduction,staff_layoff,2025-08-21,2025,,confirmed,,50,,University of Texas Health Science Center at Houston laying off dozens (0.5% of staff) amid hiring freeze and cost controls due to financial headwinds. Part of broader healthcare industry layoff trend.,,University of Texas HSCH,,TX,Texas,Public,,,229300,manual_alias,TRUE,2,The University of Texas Health Science Center at Houston,Public,"Public, 4-year or above",Four or more years,City: Large,"Degree-granting, primarily baccalaureate or above",5855,-10.651609949641388,Yes,2822039213,2553301895,27.10748518282855,No,No,268737318,No,No,1,2,14852.752452515131,-32.79553495734456,2.521564430153792,13432,2491,30.18026749370033,14.370982552800736,0.13065755764304013,0.00719424460431654,0.14728682170542637,31.896551724137932,10.709117221418236,0.8812980358667806,0.11601169220611111,53.17704092579785,0.10626549571374908,2.129820194106674,1025924655,51.456476929587105,0.0313499845662938,35.67593479631113,0.34160839727075876,,0.2165713385243367,,72,329,7894,,https://www.houstonchronicle.com/health/article/uthealth-houston-layoffs-freeze-20826193.php,,Houston Chronicle,
b073465e-9d3b-44a7-a03d-7c2e510b7ca8,"Multiple programs: journalism, film, computer science, cybersecurity, information systems, Master of Arts in Coaching and Sports Management",program_suspension,2025-08-19,2025,Fall 2025,confirmed,,,,Six programs discontinued due to enrollment challenges and market changes. Current students can complete degrees.,,Milligan University,,TN,Tennessee,Private non-profit,,,486901,supabase,TRUE,1,Milligan University,Private not-for-profit,"Private not-for-profit, 4-year or above",Four or more years,Suburb: Midsize,"Degree-granting, primarily baccalaureate or above",1299,-5.458515283842795,No,41803112,32403892,20.06769348811911,No,No,9399220,No,No,1,1,14168.21897810219,-18.04868219072581,41.78974522279585,317,155,3.594771241830065,-9.883720930232558,0.06851424172440339,0.0811764705882353,0.04454342984409799,34.84848484848485,,0.34565050038491146,0.00445813993612613,-10.006594951174216,0,,56151084,30.615397873933485,0.4774187281910022,12.721193613807058,0.35964458300459945,60.8,0.1090216927572997,15.6,45,376,6512,,https://wcyb.com/news/local/milligan-to-no-longer-accept-students-into-multiple-programs-including-journalism,,WCYB,
fe79272d-ed7d-4015-886b-a9a745c4870d,Rossier School of Education,staff_layoff,2025-08-19,2025,,confirmed,,19,,"Part of university-wide layoffs due to $200+ million budget deficit. 4 faculty and 15 staff laid off, including career services specialist. Multiple USC schools affected.",,University of Southern California,,CA,California,Private non-profit,,,123961,supabase,TRUE,2,University of Southern California,Private not-for-profit,"Private not-for-profit, 4-year or above",Four or more years,City: Large,"Degree-granting, primarily baccalaureate or above",51953,-2.3182792464182302,Yes,8215984000,7619619000,22.682321501020432,No,No,596365000,No,No,1,2,41569.82552667777,-14.10383807060628,20.966593897943326,17359,4025,4.045792375929034,5.228758169934641,0.27059072623332625,0.1487148368081141,0.3679454331417492,11.288790373654212,47.142558090852,0.5559255480915443,0.15917552496879722,28.26811597338058,0,,8092846000,14.916051765430394,0.2754010317624687,19.779347956576608,0.27480516138784344,50.3,0.3270408041107868,54.5,24,4956,6197,,https://www.uscannenbergmedia.com/2025/08/19/rossier-school-of-education-lays-off-19-including-lone-career-services-specialist/,,USC Annenberg Media,
b3eaab9f-3711-4c74-ab20-03845acb3123,World Language Education (BSED),program_suspension,2025-08-15,2025,Fall 2025,confirmed,,,,"Program suspended for new students due to low enrollment. Offered teacher licensure in 8 languages: Chinese, French, German, Italian, Japanese, Latin, Russian, Spanish.",,Bowling Green State University,,OH,Ohio,Public,,,201441,supabase,TRUE,5,Bowling Green State University-Main Campus,Public,"Public, 4-year or above",Four or more years,Town: Fringe,"Degree-granting, primarily baccalaureate or above",19958,-2.805103730398364,Yes,445556597,448602556,-7.232525012916041,Yes,No,-3045959,Yes,Yes,3,5,10744.175386834511,-9.006319674125116,36.7787536091627,2312,1087,-4.225352112676056,-7.568027210884354,0.0545144804088586,0.03318667504714016,0.1383399209486166,3.225806451612903,39.84575835475578,0.202825934462371,0.02186292496344014,7.0569798633145595,0.2415833984669724,-11.74752852609319,236601000,10.079976935138442,0.30929367055128,7.744891917988256,0.03016620802407688,,0.5996482183178738,,48,6718,6358,,https://www.threads.com/@13abc/post/DNZQKFwK_vm/bowling-green-state-university-will-no-longer-offer-the-world-language-education,,13abc Action News,
b489e06b-9a55-4119-a9f8-7a73ce28371d,Wintersession and Office of Campus Engagement,program_suspension,2025-08-14,2025,September 2025,confirmed,,4,,"Two-week noncredit program discontinued due to budget cuts from federal funding reassessment and economic uncertainty. Office of Campus Engagement also closing. The 2025 edition of Wintersession drew 4,359 attendees, an increase of more than 2,000 from the program’s inaugural year in 2021",,Princeton University,,NJ,New Jersey,Private non-profit,,,186131,supabase,TRUE,3,Princeton University,Private not-for-profit,"Private not-for-profit, 4-year or above",Four or more years,City: Small,"Degree-granting, primarily baccalaureate or above",9042,3.692660550458716,No,2446195000,2468072000,-20.497778967582352,Yes,No,-21877000,Yes,Yes,3,4,1512.625834445928,-81.19344882307851,0.5557807533741178,8184,1242,17.501794687724338,5.2542372881355925,0.23811103738111036,0.12623719395728425,0.4343588181541273,-1.6445865692096848,28.460620525059667,0.3630833886308339,0.11084830454156362,-1.1901025914609282,0,,33401865000,6.240104730624277,0.2215529440909463,98.780804026532,0.38604694396081696,64.1,0.15611806062821698,22.9,2,112,6140,,https://www.dailyprincetonian.com/article/2025/08/princeton-news-adpol-university-discontinues-wintersession-in-wake-of-recent-budget-cuts,,The Daily Princetonian,
3fc84917-f3c3-447f-b408-2877edac91b0,Multiple programs including mathematics majors consolidation and medieval studies graduate programs,program_suspension,2025-08-12,2025,Fall 2025,confirmed,,,,"7 programs permanently closed after low-enrollment review, including graduate certificates in global health, obesity prevention, and bachelor's/master's programs in mathematics and medieval studies",,University of Connecticut,,CT,Connecticut,Public,,,129020,supabase,TRUE,2,University of Connecticut,Public,"Public, 4-year or above",Four or more years,Town: Fringe,"Degree-granting, primarily baccalaureate or above",47445,59.838965064178154,No,3231198767,3278056108,3.2545781086812915,No,No,-46857341,Yes,Yes,3,4,16823.558887171563,-21.80299325188072,15.1590153475693,11395,3077,13.14665872306623,7.137883008356546,0.0763410264516809,0.04336999377464204,0.2192735859664905,-12.406287787182588,40.87903539478802,0.18743808620507957,0.14918977219991325,27.13831387760704,0.2183913630449105,-45.307463198804534,622770599,12.783549119826755,0.411156526991476,10.094327227431013,-0.7225507721800417,,1.1579884449298443,,42,8057,6446,,https://hartfordbusiness.com/article/uconn-closes-7-academic-programs-after-low-enrollment-review/,,Hartford Business Journal,
1ab37118-cfc8-4e77-bcbf-148fbf5cb58d,Iowa Summer Writing Festival,program_suspension,2025-08-12,2025,"December 31, 2025",confirmed,,,,Both Iowa Summer Writing Festival (since 1987) and Iowa Youth Writing Project discontinued simultaneously due to ongoing funding challenges,,University of Iowa,,IA,Iowa,Public,,,153658,supabase,TRUE,2,University of Iowa,Public,"Public, 4-year or above",Four or more years,City: Small,"Degree-granting, primarily baccalaureate or above",32864,-7.003593763264382,Yes,5800272000,5043165000,19.77638804977003,No,No,757107000,No,No,0,0,16247.203771896617,-13.998689201674305,8.139187265700642,11786,2995,6.8443477472577285,2.9209621993127146,0.05078505355404089,0.01664505875956672,0.14196358762426003,-47.72940808017538,-57.61808024377857,0.2724257546251217,0.21435602886084396,19.75748413531956,0.1199939421289119,-15.737274936654124,3505385000,80.93826471688273,0.22031174648054805,6.37907295363439,0.31659315420075096,,0.27160577318554185,,42,9261,6441,,https://littlevillagemag.com/iowa-youth-writing-project-and-iowa-summer-writing-festival-ending/,,Little Village Magazine,
830d339e-6ebc-4b11-8685-69f8cbb5179b,USC Annenberg School for Communication and Journalism,staff_layoff,2025-08-12,2025,,confirmed,,13,,13 employees laid off to help meet $6.5 million budget cut required by USC as part of university-wide deficit reduction efforts exceeding $200 million,,University of Southern California,,CA,California,Private non-profit,,,123961,supabase,TRUE,2,University of Southern California,Private not-for-profit,"Private not-for-profit, 4-year or above",Four or more years,City: Large,"Degree-granting, primarily baccalaureate or above",51953,-2.3182792464182302,Yes,8215984000,7619619000,22.682321501020432,No,No,596365000,No,No,1,2,41569.82552667777,-14.10383807060628,20.966593897943326,17359,4025,4.045792375929034,5.228758169934641,0.27059072623332625,0.1487148368081141,0.3679454331417492,11.288790373654212,47.142558090852,0.5559255480915443,0.15917552496879722,28.26811597338058,0,,8092846000,14.916051765430394,0.2754010317624687,19.779347956576608,0.27480516138784344,50.3,0.3270408041107868,54.5,24,4956,6197,,https://www.uscannenbergmedia.com/2025/08/11/annenberg-lays-off-13-employees-to-make-65-million-budget-cut/,,USC Annenberg Media,
6fc764c3-c473-435e-b5fa-14af66790357,SNAP-Ed / Eat.Move.Save program (Illinois Extension),staff_layoff,2025-08-09,2025,,confirmed,,217,,"Federal funding eliminated for SNAP-Education program, affecting over 200 Extension jobs and 1 million Illinois residents served",,University of Illinois Urbana-Champaign,,IL,Illinois,Public,,,145637,ipeds_name_match,TRUE,1,University of Illinois Urbana-Champaign,Public,"Public, 4-year or above",Four or more years,City: Small,"Degree-granting, primarily baccalaureate or above",62797,14.207511139401657,No,3348027322,3113616210,-4.180202142249705,Yes,No,234411112,No,No,0,1,16073.88307102502,-15.041228810931282,28.552514124315746,13499,3014,12.472921179803366,12.9261895841139,0.21894358010733,0.14884701612042275,0.32263413478621344,13.253706754530478,32.90478492025133,0.4033472936605252,0.1884825847993055,3.5272308314981378,0.09986713148045222,-4.879175325313702,2606081833,19.844903316544997,0.2348466908096584,-0.07621559963147363,0.1283708498598981,,0.3328525057637605,,27,9736,5882,,https://www.wandtv.com/news/illinois/hundreds-of-illinois-extension-jobs-lost-after-federal-funding-cuts/article_c491d090-b357-4c42-b2ef-f8737bb11475.html,,WANDTV,
7c9ead5e-3a63-4534-80df-1c03b997f430,36 staff positions eliminated,staff_layoff,2025-08-08,2025,,confirmed,,36,,"23 employees laid off, 13 unfilled positions cut, 10 employees hours reduced. Part of $17.5M budget reduction due to state funding cuts and declining enrollment.",,University of New Hampshire,,NH,New Hampshire,Public,,,183044,supabase,TRUE,3,University of New Hampshire-Main Campus,Public,"Public, 4-year or above",Four or more years,Town: Fringe,"Degree-granting, primarily baccalaureate or above",14676,-11.977448569543574,Yes,747378839,677515727,-2.803012824138789,Yes,No,69863112,No,No,0,0,13413.555053888727,-22.50776212523082,24.64545801784468,3650,945,-4.174323969545812,-5.31062124248497,0.03331970564186427,0.01064449064449064,0.13617502829121086,-44.620611551528874,-5.961538461538462,0.18063505042245845,0.2048362507963285,47.77300703315607,0.11106664999984572,1.9542541149278645,525445726,5.160098119443242,0.4613635028904593,24.3645793682956,0.13524181596128293,,0.1964195305745294,,57,6449,6539,,https://www.nhpr.org/nh-news/2025-08-08/university-new-hampshire-unh-to-cut-36-positions-chilton-says,,NHPR,
cda5fb31-6e3b-46e3-8f73-23362f9e92c6,Retirement and Disability Research Center,department_closure,2025-08-08,2025,August 2025,confirmed,,,,"Closure due to Social Security Administration funding cuts affecting retirement research centers at 6 institutions, part of $15M in terminated research funding",,University of Wisconsin-Madison,,WI,Wisconsin,Public,,,240444,supabase,TRUE,0,University of Wisconsin-Madison,Public,"Public, 4-year or above",Four or more years,City: Large,"Degree-granting, primarily baccalaureate or above",53774,13.466407832545576,No,4541903107,4227555880,17.88615283090425,No,No,314347227,No,No,0,2,19181.314994629432,-13.773257102879713,19.65894454295764,21346,5218,14.125320786997433,10.41049513330512,0.16459627329192547,0.1175921487499054,0.29638537171960105,19.964760097587423,48.357358364063025,0.26289656711421877,0.21928306074862952,44.31739767786959,0.12582013992452018,15.914122630969288,6101887051,8.589396945361365,0.17945073535790912,9.882829108937845,0.07614112019342723,,0.3702997569805876,,20,7498,6248,,https://www.plansponsor.com/university-of-wisconsins-retirement-research-center-closes/,,Plan Sponsor,
e6ecfd45-1eae-4778-bd59-7e0826f8f998,Office of Diversity and Inclusion,department_closure,2025-08-08,2025,,confirmed,,,,Closed to comply with Trump administration guidance from Departments of Justice and Education. Centers moved to Campus Life division.,,Wake Forest University,,NC,North Carolina,Private non-profit,,,199847,supabase,TRUE,0,Wake Forest University,Private not-for-profit,"Private not-for-profit, 4-year or above",Four or more years,City: Large,"Degree-granting, primarily baccalaureate or above",9843,8.979185119574845,No,2544876000,2260637000,25.73337959280499,No,No,284239000,No,No,2,2,37516.61002083105,-14.920651719220754,13.446195413843345,9326,3426,24.14802981895634,55.16304347826087,0.07873615767550543,0.07557932263814617,0.08291991495393337,-12.62683201803833,80.65268065268066,0.43005181347150256,0.09788489287023248,9.762042611961816,0,,1997300000,18.351376162933377,0.2598582294611923,-7.84113245454474,0.3712563629928357,62.1,0.3290119322981403,54.7,14,765,6083,,https://www.thecollegefix.com/wake-forest-university-closes-dei-office/,,The College Fix,
30592db7-2afa-4fad-86f1-8d0fc1a56c1a,Keck Medicine of USC and Keck School of Medicine,staff_layoff,2025-08-07,2025,Fall 2025,confirmed,,89,,89 employees laid off from Keck healthcare system and medical school as part of addressing $200 million university budget deficit,,University of Southern California,,CA,California,Private non-profit,,,123961,supabase,TRUE,2,University of Southern California,Private not-for-profit,"Private not-for-profit, 4-year or above",Four or more years,City: Large,"Degree-granting, primarily baccalaureate or above",51953,-2.3182792464182302,Yes,8215984000,7619619000,22.682321501020432,No,No,596365000,No,No,1,2,41569.82552667777,-14.10383807060628,20.966593897943326,17359,4025,4.045792375929034,5.228758169934641,0.27059072623332625,0.1487148368081141,0.3679454331417492,11.288790373654212,47.142558090852,0.5559255480915443,0.15917552496879722,28.26811597338058,0,,8092846000,14.916051765430394,0.2754010317624687,19.779347956576608,0.27480516138784344,50.3,0.3270408041107868,54.5,24,4956,6197,,https://www.uscannenbergmedia.com/2025/08/08/usc-keck-medicine-and-school-of-medicine-lay-off-89-employees/,,USC Annenberg Media,
80f8f466-ed60-41b1-b881-fd297bb1ecc6,School of Computer Science,staff_layoff,2025-08-05,2025,,confirmed,,18,,"18 employees laid off from several departments including marketing/communications, program support, computing support and outreach. Dean cited financial pressures despite school being in good health.",,Carnegie Mellon University,,PA,Pennsylvania,Private non-profit,,,211440,supabase,TRUE,0,Carnegie Mellon University,Private not-for-profit,"Private not-for-profit, 4-year or above",Four or more years,City: Large,"Degree-granting, primarily baccalaureate or above",16795,10.909331044046754,No,1895891534,1598943607,5.936367169658677,No,No,296947927,No,No,0,0,47654.23965734777,14.018643318853693,37.851595522763695,6451,1782,7.373501997336884,6.578947368421052,0.42869901756475143,0.19523688232297504,0.633679973163368,14.158871095608056,46.40097600650671,0.5324799047335517,0.18906540155519416,18.297066497786833,0,,3231995579,32.79285670869657,0.1986882779613158,-2.231700760479149,0.33924267964906674,58,0.1820707404878466,28.2,34,2447,4785,,https://www.post-gazette.com/news/education/2025/08/08/cmu-lays-off-18/stories/202508080044,,Pittsburgh Post-Gazette,
9f2bbd07-c039-4e3e-aba9-9ea4a34a8304,Staff layoffs university-wide,staff_layoff,2025-08-05,2025,Fall 2025,confirmed,,363,,363 positions cut due to $140M budget shortfall from federal policy changes including research funding cuts and endowment tax increases,,Stanford University,,CA,California,Private non-profit,,,243744,supabase,TRUE,1,Stanford University,Private not-for-profit,"Private not-for-profit, 4-year or above",Four or more years,Suburb: Large,"Degree-granting, primarily baccalaureate or above",21132,0.6621254703948936,No,8642231000,8417092000,-7.526145918344811,Yes,No,225139000,No,No,1,1,20336.261177840097,-25.44399112343354,4.447173420844687,20394,4977,21.392857142857142,20.39187227866473,0.252129471890971,0.13977806231327358,0.3416666666666667,-6.031746031746032,1.2350370511115334,0.5565019875070982,0.1920975608578161,18.362496599980567,0,,37631059000,10.720406727973517,0.23464876337188,36.3609632575839,0.42745442967280695,69.4,0.17155127562810338,26.4,6,499,5873,,https://www.sfchronicle.com/bayarea/article/stanford-university-layoffs-cuts-20803037.php,,SF Chronicle,
1ed72bf3-9d25-41e7-8ce3-8b22d29830c2,Men's and Women's Tennis,program_suspension,2025-08-04,2025,Immediately,confirmed,,,,"Part of broader strategic realignment within the athletic department due to rising costs, facility demands, and need for programmatic focus",,Prairie View A&M University,,TX,Texas,Public,,,227526,ipeds_name_match,TRUE,1,Prairie View A & M University,Public,"Public, 4-year or above",Four or more years,Rural: Distant,"Degree-granting, primarily baccalaureate or above",11004,4.155229531471841,Yes,425891413,309780579,35.822501765127846,No,No,116110834,No,No,1,2,5821.895742541066,-5.227343907489502,12.233199216909313,1381,532,9.42947702060222,6.827309236947792,0.01608505997818975,0.00688946015424164,0.08600469116497264,-31.92307692307692,59.45945945945946,0.11623046165030898,0.09243058918454251,49.10370098275472,0.1843668911519712,3.722470147582804,150054853,45.02605819640159,0.534140615624578,0.43674294116892026,0.3040891594471868,,0.12717978922730447,,68,5808,6437,,https://www.pvpanther.com/news/2025/8/4/general-prairie-view-am-announces-tennis-program-cuts.aspx,,PVPanther.com,
9aaf14fa-1897-4201-9520-97d2bc6ab773,Institutional staff layoffs,staff_layoff,2025-08-01,2025,,confirmed,,,,8-9% of staff laid off in broader restructuring; also ended local radio programming at 64 stations June 2025 as part of strategic realignment,,Moody Bible Institute,,IL,Illinois,Private non-profit,,,147369,supabase,TRUE,3,Moody Bible Institute,Private not-for-profit,"Private not-for-profit, 4-year or above",Four or more years,City: Large,"Degree-granting, primarily baccalaureate or above",2614,-28.559715769335885,Yes,139728864,128576836,-1.3044007254996663,Yes,No,11152028,No,No,2,5,6979.83062254627,-20.686185911580797,8.90656206866464,872,213,48.80546075085324,0.4716981132075472,0.10290742157612852,0.09410492157923202,0.12418300653594772,-8.813559322033898,-37.149532710280376,0.29265493496557,0,,0,,53980101,6.437565423931589,0.00743740645527964,200.2905597823837,0.4739391236717955,74.2,0.3287955499116126,54.6,42,676,6850,,https://www.chicagotribune.com/2025/08/01/moody-bible-layoffs-religious-colleges/,,Chicago Tribune,
e80b8a22-6e42-4483-8168-ef95db29877d,Non-instructional Staff,staff_layoff,2025-07-31,2025,,confirmed,,77,,"77 full-time staff laid off in collegewide restructuring, no faculty affected, came 3 weeks after antisemitism lawsuit settlement",,Barnard College,,NY,New York,Private non-profit,,,189097,supabase,TRUE,0,Barnard College,Private not-for-profit,"Private not-for-profit, 4-year or above",Four or more years,City: Large,"Degree-granting, primarily baccalaureate or above",3711,36.28351083363937,No,325168000,280741000,34.05114040112774,No,No,44427000,No,No,1,1,44926.11736089997,-3.540820527484306,45.4417408847119,1168,427,19.30541368743616,18.61111111111111,0.14012395580706008,0.14012395580706008,,102.33463035019454,103.125,,0.0177618427238893,-4.352802082067122,2.727621836766189e-4,-66.87694510194989,503444000,12.838738552073451,0.21744575295619295,-10.073975415632388,0.1199445697106351,30.2,0.31010898158586997,51.8,26,881,4903,,https://nypost.com/2025/07/31/us-news/barnard-college-lays-off-dozens-of-employees-weeks-after-antisemitism-suit-settlement/,,NY Post,
aa550c6d-940b-47dc-99df-abc88e5ccf0b,Track & Field and Cross-Country,department_closure,2025-07-30,2025,Fall 2025,confirmed,,,,Budget constraints and lack of on-campus facilities prompted discontinuation of indoor/outdoor track and cross-country programs,,University of Texas at Dallas,,TX,Texas,Public,,,228787,supabase,TRUE,0,The University of Texas at Dallas,Public,"Public, 4-year or above",Four or more years,City: Midsize,"Degree-granting, primarily baccalaureate or above",33405,6.321015945765302,No,1506048575,1247545937,47.42267739077475,No,No,258502638,No,No,0,0,13880.984874139293,2.720330354816899,24.4955535381719,4058,1322,-8.521190261496844,5.76,0.2193384223918575,0.04486505432877673,0.5956903884320953,16.430955029397744,39.00588123695694,0.3167489896722048,0.06008579365341725,36.84029155529104,0.13276844077740868,41.79933273856762,858859362,25.33820381900106,0.28405991643774636,-3.5975494390378846,0.25329602788635464,,0.11025598022522112,,33,7080,7773,,https://www.dallasnews.com/sports/other-schools/2025/07/30/ut-dallas-cuts-track-and-cross-country-programs-citing-budget-and-facility-constraints/,,The Dallas Morning News,
06e3b33a-7a90-4c38-a936-c70d321f4dae,Staff layoffs across multiple schools and units,staff_layoff,2025-07-29,2025,,confirmed,,425,,"425 positions eliminated (5% of staff budget), nearly half currently vacant, due to budget gap and $790M federal funding freeze",,Northwestern University,,IL,Illinois,Private non-profit,,,147767,ipeds_name_match,TRUE,0,Northwestern University,Private not-for-profit,"Private not-for-profit, 4-year or above",Four or more years,City: Small,"Degree-granting, primarily baccalaureate or above",26847,4.813773717498243,No,3944600000,3274748000,40.092175109482895,No,No,669852000,No,No,2,3,36785.76620213773,-17.732984656369528,20.67765537697105,12106,2918,13.034547152194213,9.823108769288671,0.20363541550266323,0.10440456769983689,0.26658955314744914,31.16602687140115,51.23098201936376,0.6118374492494506,0.20093260255135317,20.778248944765497,0,,10981265000,8.549967424230283,0.33316705153120174,2.691261165710736,0.4927097742122491,75.9,0.18823502690864927,29.4,17,1564,5773,,https://www.cbsnews.com/chicago/news/northwestern-university-to-cut-425-positions-budget-crisis/,,CBS Chicago,
4ac1fa9e-da78-46fe-a949-325890a5da7f,Institution closure,institution_closure,2025-07-29,2025,,confirmed,,,,"Christian liberal arts college lost accreditation in 2023, suspended operations, failed to secure financial backing by July 15 deadline set by NY State Education Department",,The King's College,,NY,New York,Private non-profit,,,454184,manual_alias,FALSE,,,,,,,,,,,,,,,,,,,,,,,,,,,,,,,,,,,,,,,,,,,,,,,,,,https://www.campusreform.org/article/kings-college-announces-permanent-closure-imminent-dissolution/28348,,Campus Reform,
6edb1371-7d91-40f8-934b-91ffa58de956,Staff layoffs,staff_layoff,2025-07-28,2025,,confirmed,,600,,Voluntary buyouts (599 staff) accompanied by impending involuntary layoffs due to federal funding threats. Separate facultye retirement incentives target ~250 members.,,Duke University,,NC,North Carolina,Private non-profit,,,198419,supabase,TRUE,1,Duke University,Private not-for-profit,"Private not-for-profit, 4-year or above",Four or more years,City: Large,"Degree-granting, primarily baccalaureate or above",18360,1.106889145878077,No,11446363000,10317041000,29.28085140397493,No,No,1129322000,No,Yes,3,4,34514.86519017814,-12.154419932810622,5.010316377350605,19085,4506,-3.028301407448809,5.725011731581417,0.2559368191721133,0.09674011469966798,0.3458326231464121,22.913941930421135,54.725057622653935,0.6391067538126362,0.2274941573825252,20.383631922121175,0,,11889994000,12.560787929132337,0.2856441256837284,-3.080318064727955,0.43966857859445185,70.5,0.25689042451157656,42.9,14,885,4972,,https://www.insidehighered.com/news/quick-takes/2025/07/28/nearly-600-duke-employees-take-buyouts,,Inside Higher Ed,
569545b2-9e57-45ec-9534-4ba2d3b3c30b,FoodWIse nutrition education program,program_suspension,2025-07-25,2025,"September 30, 2025",confirmed,,90,,"Federal SNAP-Ed funding eliminated by congressional budget bill; program served 133,000+ people annually across Wisconsin",,University of Wisconsin-Madison,,WI,Wisconsin,Public,,,240444,supabase,TRUE,0,University of Wisconsin-Madison,Public,"Public, 4-year or above",Four or more years,City: Large,"Degree-granting, primarily baccalaureate or above",53774,13.466407832545576,No,4541903107,4227555880,17.88615283090425,No,No,314347227,No,No,0,2,19181.314994629432,-13.773257102879713,19.65894454295764,21346,5218,14.125320786997433,10.41049513330512,0.16459627329192547,0.1175921487499054,0.29638537171960105,19.964760097587423,48.357358364063025,0.26289656711421877,0.21928306074862952,44.31739767786959,0.12582013992452018,15.914122630969288,6101887051,8.589396945361365,0.17945073535790912,9.882829108937845,0.07614112019342723,,0.3702997569805876,,20,7498,6248,,https://www.wpr.org/news/uw-extension-foodwise-nutrition-education-federal-funds-eliminated,,Wisconsin Public Radio,
ab65ff15-ca6c-47df-b225-02d0e5555c04,Staff positions across multiple divisions,staff_layoff,2025-07-22,2025,,confirmed,,11,,"11 staff positions eliminated due to financial pressures, shifting demographics, inflation. 3 positions modified with reduced appointments.",,Kalamazoo College,,MI,Michigan,Private non-profit,,,170532,supabase,TRUE,2,Kalamazoo College,Private not-for-profit,"Private not-for-profit, 4-year or above",Four or more years,City: Small,"Degree-granting, primarily baccalaureate or above",1384,-6.801346801346801,Yes,107469617,69575450,58.96122482328781,No,No,37894167,No,No,2,5,16229.49781341108,-22.96429806092709,20.719224299459444,397,125,-7.242990654205607,-13.79310344827586,0.04624277456647398,0.04624277456647398,,-40.74074074074074,-49.60629921259843,,0.00904235113427361,-24.546779687490776,0,,304294691,3.185861804735112,0.6204439504203668,13.765864624717093,0.2839208617093211,51.3,0.13473306623934828,19.6,45,538,6181,,https://wwmt.com/news/local/kalamazoo-college-reduces-staff-financial-challenges-student-demographics-inflationary-environment,,WWMT,
5b00c4b8-ba06-47b4-aa87-2b16167587fb,Staff layoffs across multiple departments,staff_layoff,2025-07-22,2025,2025-26 academic year,confirmed,,25,,6% workforce reduction (25 employees) for budget alignment. No faculty or departments eliminated. Strategic cuts across campus departments to preserve financial strength.,,Meredith College,,NC,North Carolina,Private non-profit,,,198950,supabase,TRUE,3,Meredith College,Private not-for-profit,"Private not-for-profit, 4-year or above",Four or more years,City: Large,"Degree-granting, primarily baccalaureate or above",1705,-16.748046875,Yes,64928700,56077787,-9.525116856448754,Yes,No,8850913,No,No,1,1,18789.19417475728,-24.434189843069596,44.70951212637863,529,215,-4.856115107913669,-3.587443946188341,0.0281524926686217,0.02327272727272727,0.04848484848484848,65.51724137931035,-33.33333333333333,0.1935483870967742,0.0059509279809983,,0,,138962671,-2.1148303168557736,0.4074288451089492,4.768075229112048,0.10423089765660176,28.3,0.2567711547667094,42.8,55,718,6700,,https://abc11.com/post/meredith-college-raleigh-nc-laying-off-6-workforce/17246168/,,ABC11,
296a09a3-6a09-4d3a-ae49-3e3c86071334,SNAP-Ed Program / MSU Extension,staff_layoff,2025-07-22,2025,Fall 2025,confirmed,,120,,"Federal SNAP-Ed funding cuts resulting in $10M annual loss, affecting nutrition education services for low-income families across Michigan",,Michigan State University,,MI,Michigan,Public,,,171100,supabase,TRUE,0,Michigan State University,Public,"Public, 4-year or above",Four or more years,City: Small,"Degree-granting, primarily baccalaureate or above",55377,0.08132726089785296,No,3670558146,3328505032,4.1941843620797465,No,No,342053114,No,No,2,3,19590.274439254303,-21.12285119716669,25.36528086374578,14002,3640,8.190387884407356,6.682297772567409,0.09029019267927116,0.05844533997996692,0.20011246786632392,-28.23309889478972,-36.09406952965235,0.22478646369431352,0.16733873724147963,13.051529164324114,0.10122961382122274,-8.98955289007058,4986233000,18.334845352933876,0.2022590833588975,38.48240012872918,0.11909116870879384,,0.4300224840015489,,34,13613,6308,,https://wkzo.com/2025/08/01/820776/,,WKZO,
55d8f944-c8e3-4d04-8b51-22ef3e980afd,Administrative and Support Staff,staff_layoff,2025-07-22,2025,,confirmed,,14,,21 total positions eliminated (14 filled roles + 7 unfilled positions) at main campus. Part of broader restructuring including residence hall sale.,,Sullivan University,,KY,Kentucky,Private for-profit,,,157793,supabase,FALSE,,,,,,,,,,,,,,,,,,,,,,,,,,,,,,,,,,,,,,,,,,,,,,,,,,https://www.courier-journal.com/story/news/education/2025/07/22/sullivan-university-in-louisville-announces-layoffs-selling-residence-hall/84485854007/#$0,,Courier Journal,
93094c6a-a529-482a-b7e6-1fb4c9420188,Institution-wide cost reductions (some faculty layoffs),staff_layoff,2025-07-18,2025,FY 2025-26,confirmed,,50,,"Temple University to lay off 50 employees
The public institution is cutting 190 positions in an effort to slash more than $30 million from its deficit",,Temple University,,PA,Pennsylvania,Public,,,216339,supabase,TRUE,3,Temple University,Public,"Public, 4-year or above",Four or more years,City: Large,"Degree-granting, primarily baccalaureate or above",32591,-24.47745284330537,Yes,4366846000,4079765000,-2.531668069657284,Yes,No,287081000,No,No,1,1,25827.796634650105,-16.847053552732902,16.37967081962588,7749,3451,-15.945330296127564,-12.477808775044382,0.06415881685127796,0.04018202112131879,0.12423362374959664,-39.35614849187935,-19.82361963190184,0.28526280261421866,0.09642597551386566,-21.1117029918058,0.0445293944396858,-43.091306813606025,960929000,14.798631408678467,0.16049629391643744,18.666620183715654,0.5154898929519373,,0.3390626822728786,,53,11582,6532,,https://news.temple.edu/announcements/2025-07-18/results-rcm-review,,Temple Now,
e90fa74c-9bc1-4724-8ecf-a5330d6402f5,Staff positions,staff_layoff,2025-07-18,2025,Fall 2025,confirmed,,34,,Budget shortfall of $6M due to enrollment declines and rising costs,,Texas A&M University–Kingsville,,TX,Texas,Public,,,228705,ipeds_name_match,TRUE,5,Texas A&M University-Kingsville,Public,"Public, 4-year or above",Four or more years,Town: Distant,"Degree-granting, primarily baccalaureate or above",7468,-23.51495288816059,Yes,204350067,210357978,-3.824645347362115,Yes,No,-6007911,Yes,Yes,3,4,6822.363404410425,-18.156085713980712,18.31871579469558,1118,427,9.393346379647747,-16.110019646365423,0.0997589716122121,0.01905421791096483,0.3746312684365782,-36.7034834324554,-47.23796033994334,0.22696839850026784,0.12213334485469692,74.89546284511907,0.276615073620004,-9.170364254019574,164847431,402.9070175074633,0.4002489121169695,42.614957572747194,0.2064569011699544,,0.13245687089975788,,38,1975,6859,,https://www.kiiitv.com/article/news/education/texas-a-and-m-kingsville-lays-off-34-employees-following-budget-shortfall/503-548f6c64-bf51-4019-aa51-6b747cb81816,,KIII TV,
f18a63e7-fcd5-4c23-ba15-3dee190ca7d7,Workforce reduction,staff_layoff,2025-07-18,2025,Fall 2025,confirmed,,,,Job cuts affect temporary workers and two executive positions due to declining enrollment. Full-time faculty not impacted. Freshman class expected to drop from ~1000 to ~800.,,Xavier University,,OH,Ohio,Private non-profit,,,206622,supabase,TRUE,2,Xavier University,Private not-for-profit,"Private not-for-profit, 4-year or above",Four or more years,City: Large,"Degree-granting, primarily baccalaureate or above",6731,-18.648779308677785,Yes,309315000,219590000,7.134223036551597,No,No,89725000,No,No,1,1,20282.505105513956,-9.756783918921622,38.53030082601878,1257,665,-14.489795918367346,-19.975932611311674,0.01604516416580003,0.01393249607535321,0.02262996941896024,-28.000000000000004,-67.85714285714286,0.24290595751002825,0.007336192645524,-10.354491432027393,0,,269006000,10.018963123177445,0.4671709455018858,17.507383699810468,0.31834831527974233,56,0.2439400292113399,40.2,53,2500,6876,,https://local12.com/news/local/university-cut-jobs-as-it-sees-declining-enrollment-numbers-enroll-xavier-workforce-workers-jobs-money-tuition-students-education-executives-freshmen-cincinnati-ohio-norwood-impact,,Local 12,
a88eab36-c17c-4906-a092-382c51b77d21,SNAP-Ed Nutrition Program,staff_layoff,2025-07-16,2025,Fall 2025,confirmed,,60,,"Federal funding elimination terminates SNAP-Ed, a nutrition education program for low-income families, resulting in 60 statewide layoffs including a half-time Lyon County position.",,University of Minnesota Extension,,MN,Minnesota,Public,,,,unmatched,FALSE,,,,,,,,,,,,,,,,,,,,,,,,,,,,,,,,,,,,,,,,,,,,,,,,,,https://www.marshallindependent.com/news/local-news/2025/07/federal-cuts-eliminate-extension-nutrition-program/,,Marshall Independent,
6e7ca7fa-f705-4460-b310-04fae28be240,ROTC Program,program_suspension,2025-07-16,2025,Fall 2025,confirmed,,,,ROTC suspension due to federal funding cuts. New enrollments prohibited; military science classes restricted to scholarship/contracted cadets. Part of nationwide reductions affecting 10 universities.,,University of Wisconsin-Green Bay,,WI,Wisconsin,Public,,,240277,supabase,TRUE,0,University of Wisconsin-Green Bay,Public,"Public, 4-year or above",Four or more years,City: Midsize,"Degree-granting, primarily baccalaureate or above",12903,26.686303387334316,No,138566187,137119310,15.410966199562894,No,No,1446877,No,No,1,4,5638.197698135198,-3.1970926183178983,27.92931655108616,895,371,5.046948356807512,3.3426183844011144,0.0351856157482756,0.03506916192026037,0.03752039151712887,160.91954022988506,176.82926829268294,0.04750833139579943,0.01725646704303386,77.67008481508998,0.26108828995290734,24.945897139498737,63937536,25.554045977690254,0.22517088375844144,-13.603377663919062,0.19675146613924893,,0.24219918581874064,,27,2699,6387,,https://news.uwgb.edu/phlash/mediacoverage/07/16/uw-green-bay-st-norbert-rotc-programs-will-end-amid-federal-cuts-green-bay-press-gazette/,,Green Bay Press-Gazette,
b0b3a313-3433-4e7c-a77b-f4224560fd89,Maine SNAP-Ed (Supplemental Nutrition Assistance Program - Education),program_suspension,2025-07-11,2025,2025-07-11,confirmed,,,,"Federal funding eliminated through Public Law 119-21 budget reconciliation bill. Program served communities across Maine for over 30 years, losing $4.8M/year.",,University of New England,,ME,Maine,Private non-profit,,,161457,supabase,TRUE,2,University of New England,Private not-for-profit,"Private not-for-profit, 4-year or above",Four or more years,Suburb: Midsize,"Degree-granting, primarily baccalaureate or above",11153,-17.010194210878783,Yes,276693062,208424670,0.5254544483618513,No,No,68268392,No,No,0,0,27262.41942746864,-22.103707079589032,61.2656214704798,1353,563,3.125,6.427221172022684,0.00358647897426701,0.00100666918333962,0.00998128509045539,-20,5.263157894736842,0.2874562897875011,0.04836814914517255,34.063854033735616,0,,330754456,603.7171531557492,0.20596241977723215,2.345882948729495,0.6476146950758042,87.2,0.2577928735969629,43.2,41,1581,6528,,https://www.maine.gov/dhhs/blog/federal-budget-reconciliation-law-now-effect-impacts-mainecare-snap-covermegov-2025-07-11,,Maine.gov,
a5f1ca39-6257-454a-83c3-608a556d8540,China Scholarship Council Partnership,program_suspension,2025-07-10,2025,,confirmed,3,,,Terminated due to national security concerns raised by U.S. House Select Committee on Chinese Communist Party infiltration risks,,"University of Tennessee, Knoxville",,TN,Tennessee,Public,,,221759,supabase,TRUE,0,The University of Tennessee-Knoxville,Public,"Public, 4-year or above",Four or more years,City: Midsize,"Degree-granting, primarily baccalaureate or above",39187,24.494075038917305,No,2058323690,1798917239,20.96505024881505,No,No,259406451,No,No,0,0,14223.822327088725,-7.601858208604645,24.308683829995665,10896,2355,16.11253196930946,28.75888463641334,0.03733380968178222,0.00958236583052621,0.13588850174216027,9.752438109527382,-13.071895424836605,0.21971572205068007,0.0950707613905054,6.432677670037923,0.2919834844817808,15.405488146762266,1187949666,23.881288573872535,0.33863162275040903,8.522410906625371,0.23352467407993288,,0.27594934177266817,,29,8343,6357,,https://www.wbir.com/video/news/local/downtown-ut/ut-ends-agreement-with-china-scholarship-council-after-receiving-letter-from-trump-administration/51-a6f49111-9d1d-46ac-af88-2c552de3b924,,WBIR,
d4b9b12e-0881-49f5-b53c-de5064eae92b,"Division of Diversity, Equity & Educational Achievement",department_closure,2025-07-09,2025,,confirmed,,10,,DEI division sunset announced 2025-07-09. Programs relocated to Teaching & Learning division. <10 staff laid off. Scholarships and student support programs continue under new structure.,,University of Wisconsin–Madison,,WI,Wisconsin,Public,,,240444,supabase,TRUE,0,University of Wisconsin-Madison,Public,"Public, 4-year or above",Four or more years,City: Large,"Degree-granting, primarily baccalaureate or above",53774,13.466407832545576,No,4541903107,4227555880,17.88615283090425,No,No,314347227,No,No,0,2,19181.314994629432,-13.773257102879713,19.65894454295764,21346,5218,14.125320786997433,10.41049513330512,0.16459627329192547,0.1175921487499054,0.29638537171960105,19.964760097587423,48.357358364063025,0.26289656711421877,0.21928306074862952,44.31739767786959,0.12582013992452018,15.914122630969288,6101887051,8.589396945361365,0.17945073535790912,9.882829108937845,0.07614112019342723,,0.3702997569805876,,20,7498,6248,,https://www.fox6now.com/news/uw-madison-dei-division-close-move-programs-other-divisions,,Fox6 Milwaukee,
41a4ed38-f6ad-4d62-bc3c-c46a25bbc3f9,Staff layoff amid budget challenges,staff_layoff,2025-07-07,2025,,confirmed,,120,,"Announced 120 staff layoffs and elimination of 120 vacant positions due to 5% budget cuts, citing federal funding uncertainty and operational challenges.",,Boston University,,MA,Massachusetts,Private non-profit,,,164988,supabase,TRUE,1,Boston University,Private not-for-profit,"Private not-for-profit, 4-year or above",Four or more years,City: Large,"Degree-granting, primarily baccalaureate or above",45380,6.080086023516211,Yes,2842523000,2537997000,2.8537991620497105,No,No,304526000,No,No,1,1,35345.69124856018,-18.12225572226152,46.419677167080096,11532,4381,9.65104117143672,9.634634634634637,0.28052005288673426,0.2150857542877144,0.3469188421239567,20.78944871429927,57.14109369213677,0.4963420008814456,0.14481742473275533,3.436504478717705,0,,3528624000,24.42020944518099,0.3175475598513842,22.106176482183667,0.4302296091603834,69.9,0.2983145095277736,50,23,4276,5428,,https://www.highereddive.com/news/boston-university-staff-layoffs-120-budget-federal-funding/752499/,,Higher Ed Dive,
390e19fb-1437-4a94-9c79-9f8eebbca5fe,"Programs affected include a Master of Arts in Political Science, an associate degree in Chemical Technology, and multiple degrees in German and Visual Arts.",program_suspension,2025-07-05,2025,Fall 2025,confirmed,,,,Part of 51 program modifications due to Indiana state mandate requiring low-enrollment program reductions. Includes suspension/elimination of 9 programs with teach-out plans for current students.,,Ball State University,,IN,Indiana,Public,,,150136,supabase,TRUE,3,Ball State University,Public,"Public, 4-year or above",Four or more years,City: Small,"Degree-granting, primarily baccalaureate or above",23638,-5.072085458415325,Yes,571804612,487764680,-14.337227240849964,Yes,No,84039932,No,No,0,0,8870.580850351524,-14.24448009496132,27.80294993493337,3429,1297,-6.972327726532828,-0.5368098159509203,0.0147643624672138,0.00611658968917738,0.03295693277310924,-24.458874458874455,-66.50671785028791,0.3221930789406887,0.02472933219887126,110.05323458332346,0.28753216953067645,-15.839926163900902,260813964,-0.23805807446060456,0.3409929514495114,2.8516421305129573,0.1239547297375005,,0.2952689835723377,,43,6339,6260,,https://www.ballstatedaily.com/article/2025/07/ball-state-adjusts-51-degree-programs-amid-statewide-enrollment-mandate-daily-news,,The Ball State Daily News,
151a6702-06e9-459d-8cfe-9fb2da8a015e,Administrative Staff Reductions,staff_layoff,2025-07-04,2025,,confirmed,,75,,75 positions eliminated through 5% administrative expense reduction to save $20M. Includes Office of Sustainability closure (3 jobs) and Health Science Center PST program (15 positions).,,University of Florida,,FL,Florida,Public,,,408844,supabase,TRUE,2,Florida National University-Main Campus,Private for-profit,"Private for-profit, 4-year or above",Four or more years,Suburb: Large,"Degree-granting, primarily baccalaureate or above",6132,-26.421886249100073,No,57147787,47598375,-22.289919815976624,Yes,No,9549412,No,No,0,0,10624.91256502601,-1.168571806768228,92.9227810693702,456,215,7.801418439716312,14.97326203208556,0.05887149380300065,0.05676934097421203,0.08029197080291971,-70.1158940397351,29.39068100358423,0.08936725375081539,,,,,,,,,,,0.5955185510874907,,77,1820,11981,,https://www.alligator.org/article/2025/08/uf-shuts-down-office-of-sustainability,,The Independent Florida Alligator,
8b66837c-5cb2-4a95-8929-cf2a79e4a9d9,"Liberal Arts programs (Political Science, Communications majors; Art, Music minors; Environmental Science concentration)",program_suspension,2025-07-02,2025,Fall 2025,confirmed,,,,Cuts address $6M deficit from alleged endowment mismanagement. University maintains introductory liberal arts courses but eliminates upper-level programs to reallocate resources.,,Averett University,,VA,Virginia,Private non-profit,,,231420,supabase,TRUE,2,Averett University,Private not-for-profit,"Private not-for-profit, 4-year or above",Four or more years,Town: Distant,"Degree-granting, primarily baccalaureate or above",1762,76.37637637637637,No,32561742,40960483,0.3080733289801352,No,No,-8398741,Yes,Yes,3,4,12946.239296636086,-33.295449768009156,52.00483745617787,361,156,42.68774703557312,75.28089887640449,0.06356413166855845,0.07837648705388384,0,93.10344827586206,67.16417910447761,0.18898978433598185,0,-100,0,,5687825,-82.29772732916126,0.5598914496389288,9.85283321677574,-0.00374758034735474,16.8,0.473957756280157,71.9,63,747,7132,,https://wset.com/news/local/averett-university-cuts-liberal-arts-programs-amid-financial-crisis-thomas-powell-president-july-2025,,WSET,
6cd4d8c0-6b93-45dd-b471-54a42644fc2d,"B.A. in French, B.A. in Art History, B.A. in Italian, M.A. in Japanese, M.A. in Theater and Drama, M.A. in Chinese",program_suspension,2025-07-01,2025,Fall 2025,confirmed,,,,Eliminated as part of 116 degree program cuts at IU Bloomington due to state-mandated graduation thresholds (minimum 15 graduates annually for bachelor degrees).,,Indiana University Bloomington,,IN,Indiana,Public,,,151351,supabase,TRUE,2,Indiana University-Bloomington,Public,"Public, 4-year or above",Four or more years,City: Small,"Degree-granting, primarily baccalaureate or above",62701,35.064515434159794,No,2090518827,2130537776,2.183607189776045,No,No,-40018949,Yes,Yes,4,5,19614.511441319744,-13.849493403058242,45.841529271240574,9598,2600,2.041250265787795,4.543626859670286,0.0890575907880257,0.03882348308855377,0.30335097001763667,-9.87734021949645,-18.26697892271663,0.18990127749158703,0.08910506912100062,12.797471839552054,0.13390196019968786,-14.931332806785376,2087993958,45.09646954519614,0.19915973518717944,-7.079250143213121,0.2214693496372325,,0.34503302082709153,,27,9926,5947,,https://www.idsnews.com/article/2025/07/indiana-higher-education-degrees-eliminated-suspended,,Indiana Daily Student,
56709c63-5e4d-4a93-9782-2c9aca6b57f5,"Bachelor's in Microbiology, Bachelor’s in Mathematics, Bachelor’s in Design and Production, Master’s in Health Sciences",program_suspension,2025-07-01,2025,Fall 2026,confirmed,,,,Suspended with teach-out toward elimination due to low enrollment under Indiana's new degree program thresholds requiring 15+ annual graduates for bachelor's degrees.,,Purdue University,,IN,Indiana,Public,,,243780,supabase,TRUE,0,Purdue University-Main Campus,Public,"Public, 4-year or above",Four or more years,City: Small,"Degree-granting, primarily baccalaureate or above",57417,21.10225259427993,No,3103287662,2516129650,14.311267170855022,No,No,587158012,No,No,0,0,18498.334304867385,-14.2102132933514,30.677683756408396,12999,2546,12.070006035003017,4.730563554092966,0.17576675897382307,0.1012282138261785,0.3929252998909488,6.838873597289859,6.624405705229794,0.2555340752738736,0.13114545869681546,19.81769210388695,0.1186755179854866,-10.3528630560651,3971950988,27.485233775077216,0.09505876658487444,-15.00231899943458,0.25676103251239685,,0.17244999605541889,,22,8949,6136,,https://www.basedinlafayette.com/p/heres-what-purdue-degree-programs,,Based in Lafayette,
d6fd691c-552b-4e46-a3f7-6180ee6928e9,Staffing reductions,staff_layoff,2025-06-30,2025,,confirmed,,202,,"Statewide layoffs impacting 5.3% of full-time staff across 45 campuses due to $2.4B state funding cuts. Tuition frozen through 2026-2027 at $2,577/semester.",,Ivy Tech Community College,,IN,Indiana,Public,,,150987,supabase,FALSE,,,,,,,,,,,,,,,,,,,,,,,,,,,,,,,,,,,,,,,,,,,,,,,,,,https://www.therepublic.com/2025/06/02/ivy-tech-will-lay-off-202-employees-statewide-including-14-in-columbus-due-to-state-funding-cuts/,,The Republic,
79602a45-bd21-4aac-95d6-5644f5aae297,Institution closure,institution_closure,2025-06-30,2025,End of 2026 Academic Year,confirmed,2300,,,Closure due to financial instability from declining enrollment (33% drop over a decade) and rising operational costs.,,Siena Heights University,,MI,Michigan,Private non-profit,,,172264,supabase,TRUE,5,Siena Heights University,Private not-for-profit,"Private not-for-profit, 4-year or above",Four or more years,Town: Distant,"Degree-granting, primarily baccalaureate or above",2192,-26.566164154103856,Yes,35737922,37745621,-26.00350753374061,Yes,No,-2007699,Yes,Yes,3,3,12217.01749837978,-20.022405143046115,52.74749326499734,337,142,-20.14218009478673,-28.999999999999996,0.03239051094890511,0.03296703296703297,0.02631578947368421,61.36363636363637,545.4545454545454,0.08667883211678833,0.05517575506982527,3.3360997699592687,0,,14838766,-18.845154968516862,0.5010907281228285,31.26139449184705,0.5479164230567111,80.2,0.2140831787397723,34.5,68,1166,7226,,https://universitybusiness.com/tracking-college-closings-in-higher-ed-2025/,,University Business,
aa83188d-211d-47ac-acb2-fd1279eafb40,UCLA Extension Staff Positions,staff_layoff,2025-06-30,2025,Summer 2025,confirmed,,23,,Layoffs due to federal budget cuts targeting continuing education programs.,,"University of California, Los Angeles",,CA,California,Public,,,110662,supabase,TRUE,1,University of California-Los Angeles,Public,"Public, 4-year or above",Four or more years,City: Large,"Degree-granting, primarily baccalaureate or above",49388,4.851071057045199,No,12676004000,11701713120,21.010802346386377,No,No,974290880,No,Yes,4,8,20382.61263300883,-20.87658600990666,7.812635590837617,30136,5628,17.958352904336934,8.314087759815243,0.13606544099781323,0.07837590719469684,0.2763724808895066,-8.980089394555058,8.82591093117409,0.29136632380335303,0.10554814393717894,13.264804875525249,0.08083773458877373,10.818258471425349,3529545000,27.544243764683152,0.21664943834101696,15.26983421632257,,,,,19,6202,5715,,https://dailybruin.com/2025/07/21/ucla-extension-lays-off-employees-eliminates-positions-amid-federal-budget-cuts,,Daily Bruin,
749a7554-61e9-41b6-8886-fa69c97a97e7,Deficit reduction: 20 positions eliminated (16 occupied),staff_layoff,2025-06-26,2025,,confirmed,,16,,Part of effort to close $23 M shortfall; earlier 2025 cuts preceded this.,,Western Washington University,,WA,Washington,Public,,,237011,supabase,TRUE,2,Western Washington University,Public,"Public, 4-year or above",Four or more years,City: Small,"Degree-granting, primarily baccalaureate or above",16137,-10.180340643437605,Yes,429108942,385468361,4.370139554318898,No,No,43640581,No,No,1,3,9081.34307342922,-7.688491248622344,27.95666327549986,2192,968,-0.408905043162199,-1.1235955056179776,0.0131375100700254,0.01210830949371299,0.02712477396021699,-6.607929515418502,12.76595744680851,0.06853814215777405,0.02875083198885208,64.51232496040235,0.3277758589528993,13.712202431328532,125985155,12.736573706095806,0.24607887244818735,13.964978006981877,-0.06152916936649329,,0.3852744724592207,,29,4003,5951,,https://mybellinghamnow.com/news/297792-more-layoffs-hit-staff-at-western-washington-university-amidst-23-million-budget-deficit/,,My Bellingham Now,
c9144208-32f4-45bf-83e3-d8334be60a64,University-wide staff reductions (8 departments),staff_layoff,2025-06-25,2025,,confirmed,,60,,"60 positions eliminated across HR, marketing and other units; no faculty affected.",,Southern New Hampshire University,,NH,New Hampshire,Private non-profit,,,183026,supabase,TRUE,0,Southern New Hampshire University,Private not-for-profit,"Private not-for-profit, 4-year or above",Four or more years,Suburb: Midsize,"Degree-granting, primarily baccalaureate or above",255134,65.79739152472983,No,1480231395,1291311307,42.87344748890842,No,No,188920088,No,No,0,0,11081.757257657013,-9.638015290401494,91.8578984740423,14914,9887,54.854116914131446,58.040281329923275,0.0072863671639217,0.00577966557139018,0.01471716537629908,129.22318125770653,37.601776461880085,0.1685820000470341,0.00686484674759594,263.07851072266754,0,,64647512,34.904920254244544,0.04420143265844079,-47.962359785169696,0.7196996223929986,90.5,0.2412604096819752,39.4,58,92934,7181,,https://www.wmur.com/article/snhu-southern-new-hampshire-university-job-cuts/65227741,,WMUR-TV,
13dfd831-8f29-4dfe-a528-751acc397e5a,Budget shortfall: 10 staff layoffs,staff_layoff,2025-06-25,2025,,confirmed,,10,,Additional measures include salary freezes and admin pay cuts.,,Whitman College,,WA,Washington,Private non-profit,,,237057,supabase,TRUE,1,Whitman College,Private not-for-profit,"Private not-for-profit, 4-year or above",Four or more years,City: Small,"Degree-granting, primarily baccalaureate or above",1598,-0.43613707165109034,No,185518231,107319099,52.39693159072797,No,No,78199132,No,No,1,2,29630.727513227514,-27.075421338309287,24.149464857715248,564,230,-8.589951377633712,-12.547528517110266,0.1376720901126408,0.1376720901126408,,81.81818181818183,279.3103448275862,,0.01474304031154783,86.35594451230833,0,,785977679,13.324469701556014,0.3737088945175561,37.294773367993734,0.3464361417195917,59,0.1370164574435309,19.9,54,827,5726,,https://www.nwpb.org/2025/06/25/whitman-college-lays-off-10-staffers-citing-3-million-budget-shortfall/,,Northwest Public Broadcasting,
b93d7df1-2d44-4b40-bdcd-ef5788a1ecd6,Academic restructure: up to 30 % faculty & 5 % staff cuts,staff_layoff,2025-06-20,2025,,confirmed,,99,,"Clark University (Worcester, MA) announced June 3, 2025 it will reduce faculty by 25–30% over 2–3 years and staff by ~5% within one year. Enrollment shortfall of ~80–100 students in the 2025 fall class cost ~$7M in revenue; lost federal grants added ~$1.5M. Hiring freeze in place since September 2024. President Fithian framed cuts as strategic reinvestment rather than crisis response.",,Clark University,,MA,Massachusetts,Private non-profit,,,165334,supabase,TRUE,1,Clark University,Private not-for-profit,"Private not-for-profit, 4-year or above",Four or more years,City: Midsize,"Degree-granting, primarily baccalaureate or above",4611,32.76706017852001,No,205695000,162136000,66.21065616444724,No,No,43559000,No,Yes,3,5,23808.463863698817,-6.996859396033268,42.12012931767909,924,421,6.944444444444445,7.672634271099745,0.3838646714378659,0.0551500405515004,0.7617715617715618,109.71563981042654,102.05479452054796,0.4651919323357189,0.0114865304176329,-35.7216092781613,0,,486846000,-4.9791132019908435,0.4621680288834252,3.205060142919123,0.18268283060802268,38.3,0.25499090550448084,42.3,58,1368,6455,,https://www.masslive.com/news/2025/06/clark-university-to-lay-off-30-of-faculty-amid-enrollment-woes.html,,MassLive,
8323184f-e02e-4c7b-a8f8-7a9080109eb4,"Programs across colleges (7% cut), 350 positions eliminated",staff_layoff,2025-06-20,2025,Fall 2025,confirmed,,350,,UMN is cutting 7% of program budgets and eliminating 350 positions to cover a $115M revenue gap.,,University of Minnesota,,MN,Minnesota,Public,,,174066,supabase,TRUE,2,University of Minnesota-Twin Cities,Public,"Public, 4-year or above",Four or more years,City: Large,"Degree-granting, primarily baccalaureate or above",59339,-3.9619984786443743,Yes,4329939840,4104955674,1.0621076651095749,No,No,224984166,No,No,0,2,14846.36963121802,-23.92811870278543,16.149851541586315,20210,5291,6.609695626945192,6.373140329714516,0.09474376042737492,0.04921553978333956,0.21287938450354396,-16.001792917974004,-18.32049978207177,0.27818129729183166,0.1675479047338931,11.86427910869812,0.17374326999038267,-5.9802430391223425,5512426113,20.942877421258277,0.3145467329687539,19.93419549232211,0.18766510855870017,,0.3509275221078103,,28,11193,6217,,https://www.chronicle.com/article/u-of-minnesota-tries-to-soften-the-blow-of-tuition-hikes-budget-cuts-with-faculty-benefits,,University of Minnesota,
46a33afd-6137-4b74-a873-b0fa994c5a31,Institution workforce reduction,staff_layoff,2025-06-20,2025,,confirmed,,650,,"650 layoffs (2% of workforce) primarily impacting research, administration, and support roles due to federal budget reductions and $300M operational cuts",,Vanderbilt University Medical Center,,TN,Tennessee,Private non-profit,,,221999,supabase,TRUE,1,Vanderbilt University,Private not-for-profit,"Private not-for-profit, 4-year or above",Four or more years,City: Large,"Degree-granting, primarily baccalaureate or above",14360,5.3249229866510195,No,2360303618,1685508835,14.693259073319414,No,No,674794783,No,Yes,3,4,28847.748223514212,-14.53697375571536,15.135786399493623,7170,1602,14.738358137301969,1.7789072426937738,0.12534818941504178,0.10171585449553878,0.14968197879858658,22.866894197952217,42.29249011857708,0.49268802228412256,0.13492557843826714,5.310695587610775,0,,10247727490,33.1857364737979,0.4075454374731757,2.9613333342626333,0.4217278515055477,68.8,0.25252718490614645,42,10,684,6117,,https://www.fiercehealthcare.com/providers/vanderbilt-university-medical-center-announces-650-layoffs-300m-budget-cut,,FierceHealthcare,
3b066871-7d44-43c7-b20e-02c6f0acdde4,"Multiple low-enrollment degree programs (TBA, system-wide)",department_closure,2025-06-19,2025,Fall 2025,confirmed,,,,Regents-approved FY25 budget directs campuses to retire low-productivity majors; specific lists due July.,,University of Minnesota System,,MN,Minnesota,Public,,,174066,supabase,TRUE,2,University of Minnesota-Twin Cities,Public,"Public, 4-year or above",Four or more years,City: Large,"Degree-granting, primarily baccalaureate or above",59339,-3.9619984786443743,Yes,4329939840,4104955674,1.0621076651095749,No,No,224984166,No,No,0,2,14846.36963121802,-23.92811870278543,16.149851541586315,20210,5291,6.609695626945192,6.373140329714516,0.09474376042737492,0.04921553978333956,0.21287938450354396,-16.001792917974004,-18.32049978207177,0.27818129729183166,0.1675479047338931,11.86427910869812,0.17374326999038267,-5.9802430391223425,5512426113,20.942877421258277,0.3145467329687539,19.93419549232211,0.18766510855870017,,0.3509275221078103,,28,11193,6217,,https://www.startribune.com/university-of-minnesota-proposes-7-budget-cuts-and-largest-tuition-hike-in-more-than-a-decade/601367825,,Star Tribune,
cb2cc901-49c4-4179-9338-3cd506bddc1b,Budget cuts: 42 positions terminated (11 faculty),staff_layoff,2025-06-19,2025,,confirmed,,42,,"42 positions eliminated in College of Arts and Sciences on June 18, 2025, including 11 faculty, to cover the college budget shortfall. Additional fall 2025 university-wide layoffs planned to address $25.7M structural deficit for FY 2026. Cuts concentrated in humanities and social sciences; UO faculty union filed grievance over process.",,University of Oregon,,OR,Oregon,Public,,,209551,supabase,TRUE,0,University of Oregon,Public,"Public, 4-year or above",Four or more years,City: Midsize,"Degree-granting, primarily baccalaureate or above",25432,0.9086219894457008,No,1444279032,1317915991,5.991606524946789,No,No,126363041,No,No,1,3,20483.378956147662,-4.480567646775743,32.308982243813396,5740,1470,10.405847278322751,5.0750536097212295,0.03625353884869456,0.01724705108322759,0.13363833373464964,-66.26417855836078,-74.64246424642465,0.1632982069833281,0.10681977265841994,4.5550973462109265,0.08288271449297384,10.31196080757698,1613595472,38.857702887831586,0.20446344847239228,17.025685224335696,0.03000070403485909,,0.497113017636215,,29,5847,6351,,https://lookouteugene-springfield.com/story/education/2025/06/19/42-uo-college-of-arts-and-sciences-staff-and-faculty-get-layoff-notices/,,Lookout Eugene-Springfield,
5af0a66a-4bda-4600-9e68-27968958eea0,Layoff of 20 full-time faculty (18 tenured),staff_layoff,2025-06-18,2025,,confirmed,,20,,"Another round of cuts amid $40 M deficit; enrollment down to 5,570.",,Columbia College Chicago,,IL,Illinois,Private non-profit,,,144281,supabase,TRUE,5,Columbia College Chicago,Private not-for-profit,"Private not-for-profit, 4-year or above",Four or more years,City: Large,"Degree-granting, primarily baccalaureate or above",6888,-8.221185876082611,Yes,169594198,184954163,-22.934596269732054,Yes,No,-15359965,Yes,Yes,3,5,17134.249336870027,-34.131369601122884,60.94182066299225,1036,619,-30.8411214953271,-28.190255220417633,0.04965156794425087,0.04125412541254125,0.30180180180180183,-18.181818181818183,41.90871369294606,0.03222996515679442,0.00770020355999243,-32.749055204689206,0,,191973543,-18.072705062609735,0.4385516523705365,107.43723474102242,0.5922714113566757,83.4,0.36091420013706577,59.5,56,3523,6617,,https://chicago.suntimes.com/news/2025/06/18/columbia-college-layoff,,Chicago Sun-Times,
e1978915-5efc-4823-9374-e32e137772ac,Track and Field,program_suspension,2025-06-17,2025,Fall 2025,confirmed,,,,"Elimination of all field events (jumps/throws) and reduction of sprints/hurdles, shifting to distance-focused program while honoring current scholarships.",,Washington State University,,DC,District of Columbia,Public,,,,unmatched,FALSE,,,,,,,,,,,,,,,,,,,,,,,,,,,,,,,,,,,,,,,,,,,,,,,,,,https://www.si.com/college/washington-state/athletics/washington-state-athletics-announces-significant-cuts-to-track-field-program,,Sports Illustrated,
3d332b65-e322-404d-8f2b-a982d7939e8e,Department of Anthropology & Physics,department_closure,2025-06-15,2025,Fall 2025,confirmed,,,,Retrenchment report recommends dissolving Anthropology department; teach-out plan pending grievance.,,University of Akron,,OH,Ohio,Public,,,200800,supabase,TRUE,5,University of Akron Main Campus,Public,"Public, 4-year or above",Four or more years,City: Midsize,"Degree-granting, primarily baccalaureate or above",15195,-28.5277516462841,Yes,315127930,344146361,-34.89687543634395,Yes,No,-29018431,Yes,Yes,3,4,9108.445608016613,-22.77362185267842,32.01691833535669,2315,1013,-18.284504059301092,-20.486656200941916,0.04139519578808819,0.02013581806696146,0.14776768075859345,-41.10486891385768,-58.9960886571056,0.1665679499835472,0.04008349340809112,-23.00836645210829,0.2981411767762401,-33.83422651214904,351635016,21.518019085627657,0.3163265393935677,55.62406814895954,-0.12303941830884876,,0.6303315898490641,,32,3710,6456,,https://signalakron.org/faculty-voluntarily-leaving-university-of-akron-may-stave-off-staff-cuts-report-says/,,Signal Akron,
33896d34-ac22-4814-a166-f6a73c242014,Medical Laboratory Science,program_suspension,2025-06-13,2025,Fall 2026,confirmed,,,,Termination of 90-year-old program as part of Marquette 2031 cost-saving plan. Current students can complete degrees until Spring 2029. Program had 4 faculty/staff and offered tuition support/stipends.,,Marquette University,,WI,Wisconsin,Private non-profit,,,239105,supabase,TRUE,2,Marquette University,Private not-for-profit,"Private not-for-profit, 4-year or above",Four or more years,City: Large,"Degree-granting, primarily baccalaureate or above",12327,0.3418803418803419,Yes,575295000,479065000,-0.304428725138429,Yes,No,96230000,No,No,0,1,23317.282500677567,-25.53381036147149,44.86376554637186,2669,1152,-8.969986357435197,-7.395498392282958,0.06051756307292934,0.05389221556886228,0.0736003861003861,30.419580419580424,7.959479015918958,0.33617262918796137,0.06788236143440536,31.95605255390857,0,,996999000,16.41198609045199,0.39047840748674295,14.600699410975714,0.2324284465754197,45.1,0.23889671477887728,39,38,2936,6536,,https://marquettewire.org/4138156/news/medical-laboratory-science-program-to-be-terminated/,,Marquette Wire,
db2ddebc-fcb8-4d94-a2e4-9a359bbf8923,Annual budget realignment: 5 staff positions cut,staff_layoff,2025-06-12,2025,,confirmed,,5,,"University states cuts are routine, offset by new athletic hires.",,Mercyhurst University,,PA,Pennsylvania,Private non-profit,,,213987,supabase,TRUE,5,Mercyhurst University,Private not-for-profit,"Private not-for-profit, 4-year or above",Four or more years,City: Small,"Degree-granting, primarily baccalaureate or above",2965,3.6713286713286712,Yes,90218559,94133605,-17.868996013479546,Yes,Yes,-3915046,Yes,Yes,4,9,15377.715418152991,-16.643552354835606,43.00442883376135,619,220,6.90846286701209,-1.7857142857142856,0.05598650927487352,0.05051302288871349,0.08816705336426914,-19.806763285024154,-33.064516129032256,0.14536256323777402,0.2504392101061643,16.913152201763936,0,,32838023,-1.0854001331904315,0.5856454990975146,2.5670395652196154,0.4096898793014376,67,0.4048593650809504,65.6,65,1483,6462,,https://www.goerie.com/story/news/education/2025/06/12/mercyhurst-university-makes-5-job-cuts-as-part-of-budget-review/83989285007/,,Erie Times-News,
77a2bbef-6cf0-4726-8194-efa7e9edc92f,"Russian, Music and Sonic Arts, Gerontology",program_suspension,2025-06-12,2025,,confirmed,,,,"PCC is eliminating Russian language and two CTE programs (Music/Sonic Arts, Gerontology) to address a $14.78M budget deficit. Programs will phase out after current students graduate.",,Portland Community College,,OR,Oregon,Public,,,209746,supabase,FALSE,,,,,,,,,,,,,,,,,,,,,,,,,,,,,,,,,,,,,,,,,,,,,,,,,,https://www.koin.com/news/portland/pcc-plans-to-cut-music-and-sonic-arts-program-despite-community-support/,,Oregon Live (The Oregonian),
5ddba585-9806-4417-b9b6-9908efcd8605,Master’s in Nursing Education,program_suspension,2025-06-10,2025,July 1 2025,confirmed,,,51.3808,Low enrollment & high delivery cost; part of $8.9 M cuts.,,Utah Valley University,,UT,Utah,Public,,,230737,supabase,FALSE,,,,,,,,,,,,,,,,,,,,,,,,,,,,,,,,,,,,,,,,,,,,,,,,,,https://www.sltrib.com/news/education/2025/06/10/utah-university-budget-cuts-what/,,The Salt Lake Tribune,
f74e3454-6538-4862-9062-8a9d86db5170,AAP: Pre-College Scholars & Graduate/Professional Services units,program_suspension,2025-06-05,2025,July 1 2025,confirmed,6300,,,"UCLA Academic Advancement Program (AAP) pausing Pre-College Scholars and several graduate/professional services programs effective July 1, 2025, and reducing staff, due to budget cuts in UCLA's Division of Undergraduate Education. AAP serves first-generation and underrepresented students. Formal notification sent May 20, 2025. Federal and state budget pressures on UC system cited.",,"University of California, Los Angeles",,CA,California,Public,,,110662,supabase,TRUE,1,University of California-Los Angeles,Public,"Public, 4-year or above",Four or more years,City: Large,"Degree-granting, primarily baccalaureate or above",49388,4.851071057045199,No,12676004000,11701713120,21.010802346386377,No,No,974290880,No,Yes,4,8,20382.61263300883,-20.87658600990666,7.812635590837617,30136,5628,17.958352904336934,8.314087759815243,0.13606544099781323,0.07837590719469684,0.2763724808895066,-8.980089394555058,8.82591093117409,0.29136632380335303,0.10554814393717894,13.264804875525249,0.08083773458877373,10.818258471425349,3529545000,27.544243764683152,0.21664943834101696,15.26983421632257,,,,,19,6202,5715,,https://dailybruin.com/2025/06/05/academic-advancement-program-to-pause-some-programs-reduce-staff-amid-budget-cuts,,Daily Bruin,
b17e35bf-65b3-46be-880e-3a0b5d850277,Institution-wide staffing reduction,staff_layoff,2025-06-02,2025,Summer 2025,confirmed,,38,,"202 total layoffs (180 full-time) due to $54M shortfall from 5% state funding cuts and tuition freeze. Affects all 19 campuses, largest reductions at Systems Office in Indianapolis.",,Ivy Tech Community College,,IN,Indiana,Public,,,150987,supabase,FALSE,,,,,,,,,,,,,,,,,,,,,,,,,,,,,,,,,,,,,,,,,,,,,,,,,,https://www.wfyi.org/news/articles/ivy-tech-to-lay-off-200-employees-across-indiana,,WFYI,
0bd68f41-6763-4720-a503-5912058d1952,Staff layoffs,staff_layoff,2025-06-01,2025,,confirmed,,35,,"35 staff layoffs across multiple divisions (IT, student affairs, public affairs, marketing, HR) due to budget reductions and cautious 2026 spending approach",,Suffolk University,,MA,Massachusetts,Private non-profit,,,168005,supabase,TRUE,5,Suffolk University,Private not-for-profit,"Private not-for-profit, 4-year or above",Four or more years,City: Large,"Degree-granting, primarily baccalaureate or above",7246,-9.152457372116348,Yes,272723073,290433397,-3.05397064154782,Yes,No,-17710324,Yes,Yes,4,5,24556.23552123552,-28.187616627611543,60.6335533627549,1302,565,-3.6269430051813463,-13.608562691131498,0.1480817002484129,0.12692147901952638,0.18996710526315788,-30.684754521963825,-32.43073047858942,0.3356334529395529,0.01508815691286233,-29.540012791521903,0,,252033632,-19.85649108948415,0.42570527403815833,17.801911762645858,0.25498079944893315,47.8,0.6466993687041419,85.1,55,2456,6771,,https://thesuffolkjournal.com/47902/news/suffolk-university-layoffs/,,The Suffolk Journal,
99fa545d-04bf-4b86-96d4-17716991ccf2,Strategic resizing: workforce (-20 %) and select programs,department_closure,2025-05-29,2025,AY 2025-26,confirmed,,62,,RWU eliminating ~62 positions and cutting low-demand programs to align operations with mission.,,Roberts Wesleyan University,,NY,New York,Private non-profit,,,194958,supabase,TRUE,5,Roberts Wesleyan University,Private not-for-profit,"Private not-for-profit, 4-year or above",Four or more years,Suburb: Large,"Degree-granting, primarily baccalaureate or above",2197,-4.144851657940663,Yes,36396035,40992650,-15.858899675785704,Yes,No,-4596615,Yes,Yes,5,10,14643.907942238267,-23.99982579347699,66.87040222925383,276,94,-15.337423312883436,-8.737864077669903,0.02913063268092854,0.03359683794466403,0.01914580265095729,-17.94871794871795,30.612244897959183,0.30905780609922623,0,,0.00485772013439976,-31.73251184511058,34775443,-0.6916758671884105,0.44321373404178144,19.28307410653213,0.4881717983173438,75.3,0.2532290341879137,42,61,639,7733,,https://rbj.net/2025/05/29/roberts-wesleyan-university-to-cut-20-of-workforce-and-academic-programs/,,Rochester Business Journal,
d4bb9a15-15a8-4e5a-a053-d13dba654293,19 under-enrolled academic programs,department_closure,2025-05-25,2025,Fall 2025,confirmed,,63,,SUNY Buffalo State dropping 19 programs and 63 positions; enrollment down 43 % over a decade.,,Buffalo State University,,NY,New York,Public,,,196130,supabase,TRUE,5,SUNY Buffalo State University,Public,"Public, 4-year or above",Four or more years,City: Large,"Degree-granting, primarily baccalaureate or above",8083,-22.776344702398013,Yes,229218019,238274929,-21.01050437208567,Yes,No,-9056910,Yes,Yes,5,9,4263.277680754453,-19.578293433909295,10.649916662965314,1319,558,-25.438100621820237,-32.11678832116788,0.01620685389088209,0.01507464849978257,0.02280405405405405,-26.81564245810056,-93.20891653706585,0.14648026722751453,0.02303268201947732,-66.07512798062916,0.635772526154274,2.102081144549159,96391605,48.62283329033447,0.5199231799304973,10.970341585455786,0.00556501850291387,,0.9260087140452352,,50,2759,6181,,https://www.wivb.com/news/local-news/buffalo-state-university-announces-cuts-to-programs/,,The Buffalo News,
3b263c2c-5173-4112-97f6-b6921432d334,Baseball and softball programs,program_suspension,2025-05-23,2025,,confirmed,,45,,Part of $6 million budget cuts; expected to save upwards of $1 million; discontinued effective immediately; student scholarships will be honored,,Purdue University Fort Wayne,,IN,Indiana,Public,,,151102,ipeds_name_match,TRUE,3,Purdue University Fort Wayne,Public,"Public, 4-year or above",Four or more years,City: Large,"Degree-granting, primarily baccalaureate or above",10011,-17.12748344370861,Yes,149895009,149432093,-14.318711453189335,Yes,No,462916,No,No,1,2,8889.624109867751,0.04386696374033372,34.978484840679386,1267,506,-7.720320466132556,-17.04918032786885,0.05533912696034362,0.01913770347558293,0.4134929270946681,63.905325443786985,105.18518518518518,0.0917990210768155,0.00993852670587015,-39.324863562833386,0.3691962273877843,-14.168564467891247,83749624,13.187780718403202,0.19672505723894756,-7.30595170281423,0.13132918701700486,,0.3055817189933002,,24,1948,5757,,https://www.21alivenews.com/2025/05/22/45-purdue-university-fort-wayne-employees-laid-off-amid-budget-cuts/,,21 Alive News,
b5ce112f-c613-4a67-9563-ba25424f2904,German and Persian Language Programs,program_suspension,2025-05-23,2025,Fall 2025,confirmed,,3,,Elimination due to $81M budget deficit and low enrollment. Part of campus-wide cuts affecting Languages and Applied Linguistics department. 23.5% course reduction.,,"University of California, Santa Cruz",,CA,California,Public,,,110714,supabase,TRUE,3,University of California-Santa Cruz,Public,"Public, 4-year or above",Four or more years,City: Small,"Degree-granting, primarily baccalaureate or above",21313,2.274581313882624,No,1028760000,1169441609,-2.5705382072891623,Yes,No,-140681609,Yes,Yes,4,6,13437.329828185148,-25.703649566478088,27.82398226991718,4534,1007,15.899795501022496,11.025358324145534,0.06066719842349739,0.03302523626544813,0.3197080291970803,-36.11660079051384,208.59188544152744,0.096420025336649,0.12028926290572647,14.214150640980847,0.31295246304453683,7.941237918857276,164952000,21.765234242915263,0.2516684404036403,18.88036148163817,,,,,28,5052,5732,,https://lookout.co/as-uc-santa-cruz-reduces-its-budget-german-persian-language-courses-face-elimination/story,,Lookout,
50ce8fb1-d12d-4e60-84ef-ac7882a97786,Athletic Department,staff_layoff,2025-05-21,2025,,confirmed,,15,,5% workforce reduction (15 of 302 employees) in athletic dept to prepare for $20.5M annual revenue sharing with student-athletes under House v. NCAA settlement,,University of Oklahoma,,OK,Oklahoma,Public,,,207342,supabase,TRUE,1,University of Oklahoma-Health Sciences Center,Public,"Public, 4-year or above",Four or more years,City: Large,"Degree-granting, primarily baccalaureate or above",3833,3.6786583716526913,No,921191000,861285000,-32.6839956660243,Yes,No,59906000,No,No,0,0,21415.71194762684,-49.02303209365142,8.522662509729253,4444,1524,-25.883922615076717,-9.608540925266905,0.03835116097051917,0.00691775557263643,0.05450236966824644,41.34615384615385,25.64102564102564,0.6605791807983303,0.16514873335931296,30.74437106053028,0.112586861004983,-7.559570408044332,743829000,1246.112440595747,0.08607282547960514,6.548843812049811,0.2927331330421537,,0.3726818540118548,,52,597,8777,,https://stormininnorman.com/oklahoma-sooners-already-pays-price-for-athlete-revenue-sharing-with-early-layoffs-ncaa-nil-joe-castiglione,,Stormin In Norman,
e5bf6b91-4753-4407-be80-df5ca3424637,Foundational Writing Courses,staff_layoff,2025-05-20,2025,Spring 2025,confirmed,,10,,"Non-renewal of 10 career-track faculty in foundational writing courses, which are required for graduation. Contracts terminated with only five days' notice, resulting in loss of health insurance.",,University of Arizona,,AZ,Arizona,Public,,,104179,supabase,TRUE,0,University of Arizona,Public,"Public, 4-year or above",Four or more years,City: Large,"Degree-granting, primarily baccalaureate or above",61966,27.36316362814215,No,2791773000,2788403000,4.006114911528383,No,No,3370000,No,No,1,1,15484.526484101443,-24.601543631217428,27.403517406322074,13383,2953,-0.7858254874342055,4.42008486562942,0.06319594616402543,0.04224864600724844,0.14324618736383443,-7.379375591296121,2.944269190325973,0.2074040602911274,0.18748177486671433,15.57003461767228,0.1648268333456628,21.314096333970756,1387344636,8.915531782866559,0.3428157137899399,31.328731886255863,-0.1012278385677068,,0.6561338596638403,,26,10691,6299,,https://azluminaria.org/2025/06/13/university-of-arizona-budget-update-faculty-cuts/,,Arizona Luminaria,
d67c87dc-a7dd-44a8-9c70-33456a57efb5,Institution closure,institution_closure,2025-05-15,2025,,confirmed,,,,"Federal judge ordered Chapter 7 liquidation due to gross mismanagement, including misuse of funds. Accreditation was revoked in 2024 amid years of financial decline.",,Bacone College,,OK,Oklahoma,Private non-profit,,,206817,manual_alias,FALSE,,,,,,,,,,,,,,,,,,,,,,,,,,,,,,,,,,,,,,,,,,,,,,,,,,https://www.highereddive.com/news/bacone-college-shut-down-after-145-years-what-went-wrong/752742/,,Higher Ed Dive,
66eb60d5-594c-4bd1-a41f-230c3c8a022b,Advanced Structures and Composites Center,staff_layoff,2025-05-15,2025,,confirmed,,9,,"Federal funding cuts led to layoffs of engineers, scientists, and technicians. DOE suspended $15.8M in awards for offshore wind projects.",,University of Maine,,ME,Maine,Public,,,161253,ipeds_name_match,TRUE,0,University of Maine,Public,"Public, 4-year or above",Four or more years,Suburb: Small,"Degree-granting, primarily baccalaureate or above",13960,6.638148346192041,No,529147000,495270000,10.374587783144706,No,No,33877000,No,No,0,0,11856.209150326797,-17.324358728622844,20.911769319300685,2635,780,-1.347809809060277,-1.7632241813602016,0.04749283667621776,0.02364958130118708,0.13126414484319432,35.30612244897959,14.904679376083187,0.22156160458452723,0.15641272902603665,68.14797933099548,0.25055733557304466,0.39301316102196654,479309000,17.06179330913494,0.4082072510041127,17.57798149847347,0.06751888406160027,,0.2017086746774042,,42,3932,6306,,https://www.mainepublic.org/education-news/2025-05-15/umaine-advanced-structures-and-composites-center-lays-off-9-employees-after-federal-funding-cuts,,Maine Public,
a6166c37-ed4b-44d8-9555-fdf7203e1971,Institution-wide staff reduction,staff_layoff,2025-05-08,2025,,confirmed,,91,,Layoffs of 91 faculty/staff (5% of workforce) due to $34M operating deficit and 54% enrollment decline since 2012.,,Johnson & Wales University,,RI,Rhode Island,Private non-profit,,,217235,supabase,TRUE,5,Johnson & Wales University-Providence,Private not-for-profit,"Private not-for-profit, 4-year or above",Four or more years,City: Midsize,"Degree-granting, primarily baccalaureate or above",4724,-42.57931202139297,Yes,192235080,200138588,-22.974595754662825,Yes,No,-7903508,Yes,Yes,4,5,25214.05454962182,15.147287733209808,57.226246114913046,1171,435,-6.693227091633466,-3.5476718403547673,0.04741744284504657,0.03934040047114252,0.11899791231732776,-73.30154946364719,-87.59002770083103,0.10139712108382729,0.01668703275992123,5.230938870555355,0,,346091630,21.343986124398903,0.4269954358734914,7.2483478196977,0.8661551779555575,95.5,0.08117674772056448,11.1,72,2834,6763,,https://www.highereddive.com/news/johnson-wales-university-91-layoffs-faculty-staff-deficit/747604/,,Higher Ed Dive,
9a49674a-1296-4707-94e2-1ffee8cab405,Research Staff,staff_layoff,2025-05-06,2025,,confirmed,,180,,"Layoffs due to revocation of $400M federal grants by Trump administration, citing alleged antisemitism and university inaction. 180 staff (20% of grant-funded positions) terminated across research programs including radiation exposure, ALS, and tuberculosis research.",,Columbia University,,NY,New York,Private non-profit,,,190150,supabase,TRUE,0,Columbia University in the City of New York,Private not-for-profit,"Private not-for-profit, 4-year or above",Four or more years,City: Large,"Degree-granting, primarily baccalaureate or above",39113,17.452929341461218,No,7638387000,6298913000,24.10678232346566,No,No,1339474000,No,No,1,2,45239.43912489254,-15.741966385635653,19.97885155596332,23587,7319,9.093011424078442,9.9609375,0.38874542990821465,0.19917263646453437,0.4530854051092391,26.78228966897357,84.19139915202908,0.7466059877789993,0.1760202331717997,13.027904147644348,5.06289312005321e-4,-3.3976703518907385,14782492000,10.01772568180897,0.1952116676494624,3.683461015361733,0.34234979957063016,58.3,0.20299750389868615,32.6,14,1249,9390,,https://www.nbcnews.com/news/us-news/columbia-university-cuts-180-staffers-funded-federal-grants-revoked-tr-rcna205080,,NBC News,
de5ca9d0-8da7-46dd-ba37-cd0ddf6d8f24,Institution closure,institution_closure,2025-05-04,2025,Spring 2024,confirmed,65,,,"Small Catholic college closed due to financial challenges, low enrollment, and $3.1M loan payment. Never exceeded 100 students in 50-year history.",,Magdalen College of the Liberal Arts,,NH,New Hampshire,Private non-profit,,,182917,manual_alias,FALSE,,,,,,,,,,,,,,,,,,,,,,,,,,,,,,,,,,,,,,,,,,,,,,,,,,https://www.concordmonitor.com/Magdalen-College-closing-this-year-54859354,,Concord Monitor,
92874b40-3fe0-48eb-95c3-cd2a00e1831c,Institution-wide Staff and Faculty Reduction,staff_layoff,2025-05-01,2025,Spring 2025,confirmed,,123,,"Voluntary Retirement Incentive Program (VRIP) participants include 123 staff/faculty with avg 24 yrs service. Largest group in AU history, effective May 2025.",,American University,,DC,District of Columbia,Private non-profit,,,131159,supabase,TRUE,3,American University,Private not-for-profit,"Private not-for-profit, 4-year or above",Four or more years,City: Large,"Degree-granting, primarily baccalaureate or above",15188,-5.5413893898874305,Yes,797306000,714433000,-3.1053482623892976,Yes,No,82873000,No,No,1,2,36044.96402877698,-17.79087692981322,55.29896927904719,3487,1443,-6.137281292059219,-8.206106870229007,0.10080326573610746,0.08385058119851033,0.12454559822980876,-28.088304368248,-1.9846350832266324,0.4165788780616276,0.03571051705944425,6.553233455930347,0,,1032022000,19.30031897048571,0.2987861958044594,16.884284055260064,0.5051017633791431,77,0.3497739267913999,57.8,38,2970,6031,,https://www.american.edu/finance/memos/honoring-our-voluntary-retirement-program-participants.cfm,,American University Finance Memo,
5e8469a9-2600-426f-8a8f-3ca38fe71ab2,Black Studies BA,program_suspension,2025-05-01,2025,Fall 2025,confirmed,,,05.0201,"KSU deactivated Black Studies BA and two other ""low-producing"" majors under state productivity standards. Georgia NAACP called the decision ""damaging,"" raising equity and academic integrity concerns. University cited insufficient enrollment. Current students may complete degrees; courses remain available as electives but no new majors are admitted.",,Kennesaw State University,,GA,Georgia,Public,,,486840,supabase,TRUE,0,Kennesaw State University,Public,"Public, 4-year or above",Four or more years,Suburb: Large,"Degree-granting, primarily baccalaureate or above",52521,26.08873097421616,No,734184886,729564394,8.362540162303892,No,No,4620492,No,No,2,2,5154.952037641345,-34.503914963521986,27.756007088383456,4896,2171,15.66265060240964,14.625131995776137,0.03472896555663449,0.01822704464553759,0.16544929505690503,100.21953896816684,,0.11208849793415968,0.01732098443515051,439.24379319390926,0.40015515180914074,36.72885981667112,124042454,112.98652790821949,0.2925110002462389,39.57375828241984,-0.2929650213647284,,0.8350108699997005,,33,13289,5923,,https://www.uatl.com/news/2025/05/low-performing-black-studies-program-discontinued-at-kennesaw-state/,,Atlanta Journal-Constitution,
7afa740b-587a-4628-b510-4e717d04db73,All programs,institution_closure,2025-04-29,2025,Spring 2025,confirmed,1600,,,"Board of Trustees voted April 29, 2025 to close after nearly 180 years, citing an unresolvable $6M budget shortfall. Emergency fundraising failed to meet the threshold. All on-campus and online degree programs discontinued. Limestone survived the Civil War and Great Depression but could not overcome sustained enrollment decline and deferred financial pressures.",,Limestone University,,SC,South Carolina,Private non-profit,,,218238,supabase,TRUE,5,Limestone University,Private not-for-profit,"Private not-for-profit, 4-year or above",Four or more years,Town: Distant,"Degree-granting, primarily baccalaureate or above",2150,-22.044960116026104,Yes,38204766,38242051,-19.138100623916408,Yes,No,-37285,Yes,Yes,3,3,12256.820388349515,-21.68490245970888,52.87099520515321,377,171,44.44444444444444,83.87096774193549,0.0641860465116279,0.06339581036383682,0.06845238095238096,58.620689655172406,28.971962616822427,0.15627906976744185,0.16213339032394114,,0,,9158633,-69.89781730671989,0.39319776459454686,29.602268965973888,0.06982643096051931,24.4,0.5932744433795323,81.4,68,1080,9960,,https://apnews.com/d4851555bd0fb360a92dee84a2d93140,,AP News,
2079c6a1-1716-407e-9840-ee96c0cc0f83,Strategic Reinvestment: multiple degrees & certificates,department_closure,2025-04-29,2025,Fall 2025,confirmed,,,,HB 265 requirement to discontinue low-productivity programs.,,Utah State University,,UT,Utah,Public,,,230728,supabase,FALSE,,,,,,,,,,,,,,,,,,,,,,,,,,,,,,,,,,,,,,,,,,,,,,,,,,https://www.usu.edu/president/reinvestment/programs.cfm,,Utah State University,
83c258a4-d765-4b4f-94e3-9f0fa744fc5a,Institution closure,institution_closure,2025-04-25,2025,Spring 2025,confirmed,832,131,,"Financial crisis led to permanent closure of Presbyterian university founded in 1958, merged with Webber International University in 2011 but could not sustain operations.",,St. Andrews University,,NC,North Carolina,Private non-profit,,,199698,supabase,TRUE,1,St. Andrews University,Private not-for-profit,"Private not-for-profit, 4-year or above",Four or more years,Town: Distant,"Degree-granting, primarily baccalaureate or above",845,3.553921568627451,No,21780544,21263075,-8.485678794327397,Yes,No,517469,No,No,2,4,5318.487867177522,118.70516187093529,19.11970610100464,134,63,-57.18849840255591,-11.267605633802818,0.03905325443786982,0.03549571603427173,0.14285714285714285,-60.71428571428571,-53.52112676056338,0.03313609467455621,0,-100,0,,6799893,-21.922237652336907,0.6872406064430879,-15.832295458351242,-0.3691423058777571,4.3,1.0514678373326591,95.9,72,582,6986,,https://www.theassemblync.com/education/higher-education/st-andrews-laurinburg-nc-remains/,,The Assembly NC,
5cd1747c-d48e-4a23-91e0-7c94f99ccb5a,17 low-enrollment majors (multiple),department_closure,2025-04-22,2025,TBD,confirmed,209,,,Budget-mandated eliminations; current students may teach-out.,,Weber State University,,UT,Utah,Public,,,230782,supabase,FALSE,,,,,,,,,,,,,,,,,,,,,,,,,,,,,,,,,,,,,,,,,,,,,,,,,,https://www.kuer.org/education/2025-04-22/weber-state-is-latest-school-cutting-majors-in-response-to-utahs-higher-ed-mandate,,KUER 90.1,
f524ed9d-59f0-45d8-9cc4-405899a4ae30,"Africana studies, Asian studies, data analytics, disability studies, Middle East studies, philosophy, religious studies, Spanish, women’s and gender studies",program_suspension,2025-04-21,2025,Fall 2025,confirmed,,,,Suspended due to Ohio SB1 requiring elimination of programs averaging <5 degrees/year over 3 years. Current students may complete degrees; programs remain available as minors.,,University of Toledo,,OH,Ohio,Public,,,206084,supabase,TRUE,3,University of Toledo,Public,"Public, 4-year or above",Four or more years,City: Large,"Degree-granting, primarily baccalaureate or above",17497,-22.024154374080844,Yes,1089743739,1066854372,-2.2340159426396955,Yes,No,22889367,No,No,2,6,12353.678270794691,-13.08480984759559,15.891246336401297,5117,774,41.080783016266885,-31.926121372031663,0.10390352631879753,0.07408234680961953,0.20241023118544024,5.025996533795494,9.386281588447654,0.2323826941761445,0.09173443586947634,22.17863424061024,0.1978674879078461,-15.856845292745591,388044243,2.0698753245227413,0.25497826322686856,-13.585004860668464,-0.04326066075510631,,0.7989138566776997,,36,4160,6413,,https://19thnews.org/2025/04/university-of-toledo-suspends-programs-dei/,,19th News,
334a75ef-7719-407c-8f75-dcf40347c01b,Music (BA/BM),department_closure,2025-04-10,2025,Fall 2025,confirmed,,40,50.0901,Part of restructuring eliminating several arts programs.,,Jacksonville University,,FL,Florida,Private non-profit,,,134945,supabase,TRUE,3,Jacksonville University,Private not-for-profit,"Private not-for-profit, 4-year or above",Four or more years,City: Large,"Degree-granting, primarily baccalaureate or above",6521,20.469240716792907,No,125514931,132749368,-0.915540136118384,Yes,No,-7234437,Yes,Yes,3,7,15792.26854054054,-17.49451410909136,58.1916760166167,851,441,8.962868117797695,8.088235294117647,0.04309155037570925,0.0367934224049332,0.06159420289855073,-16.61721068249258,53.551912568306015,0.253948780861831,0.00857251813526824,-5.200934914494428,0,,66101962,15.254690834426112,0.48454153329617544,17.395624811870945,0.081995266247832,25.5,0.7586455407560412,90,45,1198,6797,,https://www.insidehighered.com/news/business/financial-health/2025/05/06/colleges-cut-more-programs-jobs-april,,Inside Higher Ed,
49d5c391-fa84-47c9-afb2-6948e6d408fa,Staff layoffs,staff_layoff,2025-04-02,2025,April 2025,confirmed,,16,,"Layoffs due to enrollment decline from ~2,200 to 1,867 students. Affected positions included library staff, facilities, event services, study abroad advisor, sustainability director.",,Franklin & Marshall College,,PA,Pennsylvania,Private non-profit,,,212577,supabase,TRUE,3,Franklin and Marshall College,Private not-for-profit,"Private not-for-profit, 4-year or above",Four or more years,City: Small,"Degree-granting, primarily baccalaureate or above",2006,-18.455284552845526,Yes,171928723,131334873,-2.871287446954123,Yes,No,40593850,No,No,1,2,35169,-8.526468937291959,41.97482930179153,787,234,-18.949536560247168,-24.025974025974023,0.1694915254237288,0.1694915254237288,,-18.4652278177458,9.67741935483871,,0.01342321070177539,-33.198063629493774,0,,467642341,-1.7599894389223718,0.41038529971379617,8.618118536442868,0.3683318691277144,61.8,0.22908001051073215,36.9,44,850,6399,,https://dailyvoice.com/pa/lancaster/franklin-marshall-college-to-lay-off-workers-in-april-2025/,,Daily Voice,
2e89eb78-9eab-4870-9de4-5fd6eea4738a,Institution closure,institution_closure,2025-03-27,2025,Spring 2025,confirmed,,354,,Cornish College absorbed by Seattle University; all 354 employees laid off with potential rehiring by Seattle U,,Cornish College of the Arts,,WA,Washington,Private non-profit,,,235024,ipeds_name_match,TRUE,6,Cornish College of the Arts,Private not-for-profit,"Private not-for-profit, 4-year or above",Four or more years,City: Large,"Degree-granting, primarily baccalaureate or above",519,-20.642201834862387,Yes,16817248,24853593,-65.76858299711682,Yes,Yes,-8036345,Yes,Yes,3,6,26373.704545454544,-17.955396409394524,69.00314486650848,232,132,1.310043668122271,-5.0359712230215825,0.01926782273603082,0.01926782273603082,,0,-58.333333333333336,,0.03064550157076829,254.8447739868865,0,,12824898,17.863859801598743,0.3517038070333359,9.005055551263863,0.4392795133199057,70.5,0.38118204191563426,61.9,59,296,6582,,https://www.kiro7.com/news/local/hundreds-cornish-college-arts-employees-receive-layoff-notices/JFFK6CUWKZB5BBW45S4L23RVC4/,,KIRO7,
86cbfb34-38af-4611-b9b1-7b34495c9bfa,Interpreting and Translation - American Sign Language/English,program_suspension,2025-03-20,2025,May 2028,confirmed,,,,College of Liberal Arts and Social Sciences phasing out program due to routine evaluation to align resources with student priorities. Current students can complete degrees.,,University of Houston,,TX,Texas,Public,,,225511,supabase,TRUE,3,University of Houston,Public,"Public, 4-year or above",Four or more years,City: Large,"Degree-granting, primarily baccalaureate or above",51967,-0.06153964499317295,Yes,1530302441,1324177323,-5.06329302099701,Yes,No,206125118,No,No,0,0,10809.626664949115,-17.315134701318613,27.417825898900205,5882,2006,4.513148542999289,10.098792535675084,0.10321935074181691,0.05226505680467747,0.31992317800464976,25.005826147751108,14.493062966915687,0.19037081224623317,0.0711828061625749,18.768555513668943,0.17635356454970627,3.4879180895704542,1313224792,24.276048940515334,0.28883095493008953,17.87088039406712,0.22773364636507143,,0.370969545402454,,32,12021,6427,,https://thedailycougar.com/2025/03/20/american-sign-language-program-shuts-down-at-uh/,,The Daily Cougar,
c83a0551-f9f7-4be4-8ef1-1be3d360c82a,Physics Department,department_closure,2025-03-18,2025,2029,confirmed,,5,,"Part of plan to address $10.3M deficit. Physics faculty reduced from 10 to 5, with remaining professors transferring to chemistry department until phase-out complete.",,Southern Illinois University Edwardsville,,IL,Illinois,Public,,,149231,ipeds_name_match,TRUE,3,Southern Illinois University Edwardsville,Public,"Public, 4-year or above",Four or more years,Suburb: Large,"Degree-granting, primarily baccalaureate or above",14122,-8.996004639773167,Yes,390684400,356055496,-11.747979846147686,Yes,No,34628904,No,No,1,2,10083.139143730888,-17.23410365233626,27.006445099932325,2263,843,-8.454692556634305,-4.530011325028313,0.08306188925081433,0.03413002852365496,0.2088495575221239,144.375,158.94039735099338,0.28005948165982153,0.05320191328852286,-17.279394718211748,0.20568119346985503,6.0509662686537995,40186050,23.311107431299188,0.19866972602622787,29.83126592622602,0.09878013706725988,,0.2788840060146179,,38,3443,6262,,https://www.stlpr.org/education/2025-03-18/siue-proposes-eliminating-physics-department-as-part-of-plan-to-reduce-10-3m-deficit,,St. Louis Public Radio,
88456ef1-bffc-4b5e-9d1c-85125e54448c,"15+ majors including Art Education, Chemistry, Physics, Theology, Computer Science",department_closure,2025-03-17,2025,Fall 2025,confirmed,,21,,"St. Norbert will cut more than a dozen majors and lay off 27 faculty (21 in May, 6 in 2026) to reduce $7M deficit.",,St. Norbert College,,WI,Wisconsin,Private non-profit,,,239716,supabase,TRUE,1,Saint Norbert College,Private not-for-profit,"Private not-for-profit, 4-year or above",Four or more years,Suburb: Midsize,"Degree-granting, primarily baccalaureate or above",2317,0.6516072980017376,Yes,98514090,72103181,6.648747317697502,No,No,26410909,No,No,1,1,18268.06727828746,-25.40680009260527,36.38256009876354,537,126,-22.95552367288379,-24.550898203592812,0.01855848079413034,0.01885098743267504,0.01123595505617977,-6.521739130434782,-32.8125,0.03841173931808372,0.0085295353044276,95.51221023458564,0,,188795538,6.537097893990845,0.49711110896105065,18.92178373015272,0.401866811558943,66.3,0.07907194228144655,10.8,44,909,6358,,https://www.wpr.org/news/deficit-st-norbert-college-cut-staff-majors,,Wisconsin Public Radio,
5c4b619e-3cc0-4365-9ae4-5d3e18cad0ad,Institution-wide staff reduction,staff_layoff,2025-03-17,2025,,confirmed,,24,,"24 staff laid off to address $8M budget shortfall, with departmental budget cuts up to 15%. Tuition increased 3.5% for Fall 2026.",,University of Montevallo,,AL,Alabama,Public,,,101709,supabase,TRUE,0,University of Montevallo,Public,"Public, 4-year or above",Four or more years,Town: Fringe,"Degree-granting, primarily baccalaureate or above",3860,35.867652235128475,No,96651983,93989235,15.50866657371626,No,No,2662748,No,No,0,4,7645.286205414697,-21.310265285811703,18.40684531014744,640,232,9.401709401709402,4.0358744394618835,0.02512953367875647,0.0273889227023737,0.01219512195121951,40.57971014492754,162.16216216216216,0.14870466321243522,0.08162079124945654,66.50327032027377,0.3353726899167557,14.202253233318125,45439205,64.9156708915695,0.5211538517957934,15.62869527437529,-0.4706657451797162,,1.0770265436340307,,41,1055,6479,,https://abc3340.com/news/local/university-of-montevallo-faces-8-million-budget-shortfall-raises-tuition,,ABC 33/40,
c62d7303-b627-40ec-8e72-c8aad820c95b,USAID grant-related activities,staff_layoff,2025-03-14,2025,,confirmed,,2200,,"2,222 total positions eliminated: 1,975 international positions across 44 countries + 247 US positions. Largest layoffs in JHU history. Directly caused by Trump administration termination of USAID funding — $800M funding shortfall. Affected units: Bloomberg School of Public Health (Center for Communication Programs), Jhpiego (medical nonprofit affiliate), and medical school programs across HIV prevention, maternal/infant care, disease prevention, clean water, and infectious disease research. Programs terminated include Accelerate HIV India (~600 people; $50M USAID funding through 2026) and hundreds of similar international health programs. JHU historically #1 in US for federal research funding since 1979 receiving $1B+ annually from NIH alone. Hiring freeze also implemented.",,Johns Hopkins University,,MD,Maryland,Private non-profit,,,162928,supabase,TRUE,0,Johns Hopkins University,Private not-for-profit,"Private not-for-profit, 4-year or above",Four or more years,City: Large,"Degree-granting, primarily baccalaureate or above",39148,16.70989476194735,No,10989596000,8446036000,7.094297122660402,No,No,2543560000,No,No,1,1,30468.240158851808,-12.626387120987308,7.958630162564666,22100,4213,10.97162942505649,5.298675331167209,0.2657351588842342,0.1953133514986376,0.2872918960397691,48.08540925266904,140.36506469500924,0.7656329825278431,0.389819688783696,11.962801330430064,0.00692623891247656,125.21469796545465,13063073000,69.63874026143034,0.2912299160167373,-1.1830135901841228,0.2487524887997249,47.1,0.21346972284094257,34.1,9,567,5695,,https://hub.jhu.edu/2025/03/14/johns-hopkins-usaid-funding-cuts-global-health/,,Johns Hopkins University,
0dc6a435-e4f3-4b35-89ef-77e36795cc59,Soybean Innovation Lab,staff_layoff,2025-03-11,2025,Spring 2025,confirmed,,30,,"USAID-funded agricultural research lab closure due to Feed the Future program cuts, focusing on soybean research in Africa",,University of Illinois Urbana-Champaign,,IL,Illinois,Public,,,145637,ipeds_name_match,TRUE,1,University of Illinois Urbana-Champaign,Public,"Public, 4-year or above",Four or more years,City: Small,"Degree-granting, primarily baccalaureate or above",62797,14.207511139401657,No,3348027322,3113616210,-4.180202142249705,Yes,No,234411112,No,No,0,1,16073.88307102502,-15.041228810931282,28.552514124315746,13499,3014,12.472921179803366,12.9261895841139,0.21894358010733,0.14884701612042275,0.32263413478621344,13.253706754530478,32.90478492025133,0.4033472936605252,0.1884825847993055,3.5272308314981378,0.09986713148045222,-4.879175325313702,2606081833,19.844903316544997,0.2348466908096584,-0.07621559963147363,0.1283708498598981,,0.3328525057637605,,27,9736,5882,,https://ipmnewsroom.org/usaid-funding-freeze-halts-food-security-and-ag-research-at-midwest-university-labs/,,IPM Newsroom,
db371386-d718-4aa6-904c-97ee40183acf,Men and Women Swimming and Diving,program_suspension,2025-03-07,2025,Spring 2025,confirmed,58,3,,Cut due to $450k/yr NCAA settlement costs and state funding cuts. Program raised $9M for reinstatement but missed $15M goal. Scholarships honored for affected athletes.,,California Polytechnic State University,,CA,California,Public,,,110422,supabase,TRUE,0,California Polytechnic State University-San Luis Obispo,Public,"Public, 4-year or above",Four or more years,Suburb: Small,"Degree-granting, primarily baccalaureate or above",23829,2.3670418420826533,No,838805623,788636227,22.412048304154816,No,No,50169396,No,No,1,4,11489.065715174958,-1.1482493911786418,30.80577548774968,3135,1433,9.195402298850574,11.171450737005433,0.01183431952662721,0.01029657660829006,0.04351767905711695,-49.91119005328597,-19.886363636363637,0.04628813630450291,0,,0.3003294817752531,3.9205630058506102,296446884,6.086925321743073,0.22804840137665192,11.711164073292435,-0.7357535355623096,,1.4909872551824055,,25,5361,5900,,https://gopoly.com/news/2025/3/7/swimming-and-diving-cal-poly-discontinues-swimming-diving-effective-immediately.aspx,,Cal Poly Athletics,
9f2c6f1c-51a2-4d9e-b0d6-59ae6ed966cf,College of Veterinary Medicine,staff_layoff,2025-02-27,2025,,confirmed,,10,,Layoffs affected veterinary school faculty and staff with little advance notice during challenging financial times.,,Tuskegee University,,AL,Alabama,Private non-profit,,,102377,supabase,TRUE,1,Tuskegee University,Private not-for-profit,"Private not-for-profit, 4-year or above",Four or more years,Town: Distant,"Degree-granting, primarily baccalaureate or above",4240,26.756352765321378,Yes,197024167,143625070,17.640284201751435,No,No,53399097,No,No,1,3,11511.933050293925,-41.465270354892326,17.89097222778767,693,260,-10.23316062176166,-7.473309608540925,0,0,0,,-100,0.1561320754716981,0.278198763016529,19.498961875143735,0.08541211836527678,12.101760556822926,164249785,3.5819460380828025,0.3584392201139356,52.74638119340054,0.5617545691542738,81,0.06488514730166131,8.8,59,1419,6118,,https://www.wsfa.com/2025/02/28/layoffs-confirmed-tuskegee-university/,,WSFA,
7e117610-37d1-4219-bb5a-3a70ebe318fc,Up to 12 Commonwealth Campuses under review for closure after spring 2027,campus_closure,2025-02-25,2025,2026-2027,confirmed,,,,"President Bendapudi announced February 25, 2025 that Penn State will close an unspecified number of Commonwealth Campuses after exhausting alternatives. 7 campuses guaranteed to remain open: Abington, Altoona, Behrend, Berks, Brandywine, Harrisburg, Lehigh Valley. Also staying open: Great Valley, Dickinson Law, College of Medicine, Pennsylvania College of Technology. Under review for closure (12 campuses): Beaver, DuBois, Greater Allegheny, Fayette, Hazleton, Mont Alto, New Kensington, Schuylkill, Shenango, Scranton, Wilkes-Barre, and York. No campus to close before end of 2026-27 academic year. Associate degree students enrolling fall 2025 guaranteed time to complete degrees. All students at closing campuses given option to finish degree at another Penn State campus. Recommendation on which campuses to close promised by end of spring 2025 semester. Driven by years of steadily declining enrollment at Commonwealth Campuses and projected 30-year population decline in host counties. Part of broader Penn State budget deficit attributed to Commonwealth Campus system. Separate from April 2026 preliminary recommendation to cut 49 undergraduate majors system-wide (also in database).",,Pennsylvania State University,,PA,Pennsylvania,Public,,,214777,supabase,TRUE,0,Pennsylvania State University-Main Campus,Public,"Public, 4-year or above",Four or more years,City: Small,"Degree-granting, primarily baccalaureate or above",53053,6.244117352558326,No,9539406000,8548778000,14.118369511185918,No,No,990628000,No,No,1,1,36813.33919895949,-18.92771841394402,20.17604660080512,17649,4623,-26.253551729901385,-38.95417932127294,0.1576725161630822,0.10260767122046265,0.43033430558671754,-0.7239496795632566,24.98132377110414,0.16802065858669632,0.19675566985621015,33.34593541772195,0.07321535867401904,-16.096895547859518,4750032000,22.32121968677952,0.08895915778141723,25.261747636481314,0.4488762883989787,,0.3345777015793615,,40,16852,6407,,https://onwardstate.com/2025/02/25/penn-state-to-close-certain-commonwealth-campuses-seven-to-remain-open/,,Onward State,
c6078a58-57b7-4aa5-94a5-10216d4ba0f1,Institution closure,institution_closure,2025-02-19,2025,Spring 2025,confirmed,300,29,,Board unanimously voted to close due to insurmountable financial challenges and declining enrollment. Final commencement held May 2025 after 133 years of operation.,,Northland College,,WI,Wisconsin,Private non-profit,,,239512,supabase,TRUE,5,Northland College,Private not-for-profit,"Private not-for-profit, 4-year or above",Four or more years,Town: Remote,"Degree-granting, primarily baccalaureate or above",502,-18.638573743922205,Yes,18511752,20486084,-3.8976053804788786,Yes,No,-1974332,Yes,Yes,4,7,13151.101952277657,-23.57967493912336,32.75031990489069,160,72,-2.4390243902439024,9.090909090909092,0.05976095617529881,0.05976095617529881,,3.4482758620689653,275,,0.03507523669693633,-44.327463246362825,0,,6415604,-27.28752049817238,0.627281952660328,20.05434060699603,-0.02152365569243878,15.5,0.15782638087759443,23.2,60,292,6567,,https://www.insidehighered.com/news/quick-takes/2025/02/20/northland-college-announces-closure,,Inside Higher Ed,
2f6532be-e498-4567-b2e1-14b41036b929,≈20 degree programs (multiple),department_closure,2025-01-22,2025,Fall 2025,confirmed,,46,,"Sweeping cuts announced Jan. 22, 2025 to address $23.9M deficit (escalated from prior $21M estimate): ~20 degree programs eliminated plus all 6 athletic programs. California Faculty Association filed legal challenge; court allowed cuts to proceed. Current students can complete degrees. Town Hall held Jan. 30, 2025. Part of broader CSU system budget crisis.",,Sonoma State University,,CA,California,Public,,,123572,supabase,TRUE,3,Sonoma State University,Public,"Public, 4-year or above",Four or more years,Suburb: Large,"Degree-granting, primarily baccalaureate or above",6695,-35.37644787644788,Yes,248775028,219829578,-17.379450147991648,Yes,No,28945450,No,No,2,4,5979.625766871166,-13.177342711741083,13.320905344245404,1087,450,-18.7593423019432,-19.35483870967742,0.00716952949962658,0.00529801324503311,0.02442748091603053,-83.6734693877551,-69.81132075471697,0.09783420463032114,0.04490188340377143,6.761338468282897,0.4794855335146124,-6.9372468376892735,51580176,7.570722806585891,0.40377791413740566,17.262725729990123,-0.829487871650517,,1.38290457966001,,27,1452,6309,,https://sonomastatestar.com/37350/news/sweeping-cuts-planned-for-ssu-all-sports-to-be-eliminated/,,Sonoma State Star,
66bc8dcd-1792-4e79-8865-31c8d036c855,Athletic Department,staff_layoff,2025-01-16,2025,,confirmed,,25,,"25 athletic department positions eliminated (13 layoffs, 12 unfilled positions) to prepare for revenue sharing with athletes. No sports programs or coaching staff affected.",,Indiana University,,IN,Indiana,Public,,,151351,supabase,TRUE,2,Indiana University-Bloomington,Public,"Public, 4-year or above",Four or more years,City: Small,"Degree-granting, primarily baccalaureate or above",62701,35.064515434159794,No,2090518827,2130537776,2.183607189776045,No,No,-40018949,Yes,Yes,4,5,19614.511441319744,-13.849493403058242,45.841529271240574,9598,2600,2.041250265787795,4.543626859670286,0.0890575907880257,0.03882348308855377,0.30335097001763667,-9.87734021949645,-18.26697892271663,0.18990127749158703,0.08910506912100062,12.797471839552054,0.13390196019968786,-14.931332806785376,2087993958,45.09646954519614,0.19915973518717944,-7.079250143213121,0.2214693496372325,,0.34503302082709153,,27,9926,5947,,https://www.espn.com/college-sports/story/_/id/43497574/indiana-lays-25-revenue-sharing-nears,,ESPN,
7cc85afa-8e94-4bf6-8732-58003f276287,Staff layoffs and furloughs,staff_layoff,2025-01-16,2025,Spring 2025,confirmed,,375,,"290+ employees furloughed, 30+ laid off to address $10M budget deficit. Faculty largely exempt from furloughs but layoffs anticipated.",,University of New Orleans,,LA,Louisiana,Public,,,159939,supabase,TRUE,3,University of New Orleans,Public,"Public, 4-year or above",Four or more years,City: Large,"Degree-granting, primarily baccalaureate or above",8114,-19.575775597185057,Yes,179849343,176584266,-12.5750831207324,Yes,No,3265077,No,No,2,3,6959.223650886422,-35.528076388725545,19.862010282684217,1372,363,11.635475996745322,-12.106537530266344,0.08417549913729357,0.07865835559513208,0.11119186046511628,53.1390134529148,7.221350078492936,0.16958343603648016,0.04751669231816163,-9.984247568022996,0.2106183908289486,-1.0316066908270571,27749072,1.3900523809110557,0.3450057056243994,71.40846660151496,-0.6491359993815847,,1.0667617828088498,,28,1513,6485,,https://www.wwno.org/education/2025-01-17/uno-will-furlough-most-employees-to-help-close-10-million-gap,,WWNO,
1933a52e-1cfc-422e-b7d9-7e366b35fcd7,"11 degree programs (4 undergrad, 7 grad)",department_closure,2024-12-18,2024,Fall 2025,confirmed,,25,,Revamp plan cuts 11 degrees and up to 25 faculty positions to close budget gap.,,Columbia College Chicago,,IL,Illinois,Private non-profit,,,144281,supabase,TRUE,5,Columbia College Chicago,Private not-for-profit,"Private not-for-profit, 4-year or above",Four or more years,City: Large,"Degree-granting, primarily baccalaureate or above",6888,-8.221185876082611,Yes,169594198,184954163,-22.934596269732054,Yes,No,-15359965,Yes,Yes,3,5,17134.249336870027,-34.131369601122884,60.94182066299225,1036,619,-30.8411214953271,-28.190255220417633,0.04965156794425087,0.04125412541254125,0.30180180180180183,-18.181818181818183,41.90871369294606,0.03222996515679442,0.00770020355999243,-32.749055204689206,0,,191973543,-18.072705062609735,0.4385516523705365,107.43723474102242,0.5922714113566757,83.4,0.36091420013706577,59.5,56,3523,6617,,https://www.highereddive.com/news/columbia-college-chicago-cut-11-programs-25-faculty-jobs/735843/,,Higher Ed Dive,
913af0cd-5e0d-468e-b590-25d035936a8f,College of Liberal Arts and Sciences,staff_layoff,2024-12-13,2024,Fall 2025,confirmed,,17,,Targeted $7M budget reduction in largest college; part of university-wide $18M deficit response including non-tenure track faculty layoffs and retirement incentives.,,Portland State University,,OR,Oregon,Public,,,209807,supabase,TRUE,3,Portland State University,Public,"Public, 4-year or above",Four or more years,City: Large,"Degree-granting, primarily baccalaureate or above",24869,-23.350285097857913,Yes,603760692,585854574,-19.28124322107132,Yes,No,17906118,No,No,0,2,9402.774538964904,-20.666899574946157,23.561417277559368,2978,1304,-7.773304428615671,-12.483221476510067,0.05589287868430576,0.02873713360154658,0.14659685863874344,-38.38652482269504,-53.8971807628524,0.23040733443242592,0.0953383768164462,-9.964956184294236,0.2478042020949847,9.184221443479863,123171915,3862.125893685392,0.18811884827191305,-6.42216831268201,0.03847339309860888,,0.49674620091574434,,32,5151,7166,,https://www.opb.org/article/2024/12/13/portland-state-university-hands-pink-slips-to-17-faculty/,,OPB,
ffa2867c-b141-4eb3-8639-31d7f454b4c9,Institution-wide restructuring,staff_layoff,2024-11-25,2024,,confirmed,,69,,"Massive workforce reduction (136 positions: 67 staff, 37 full-time faculty, 32 adjuncts) and academic program discontinuations to address $17M deficit and accreditation probation.",,Saint Augustine's University,,NC,North Carolina,Private non-profit,,,199582,supabase,TRUE,3,Saint Augustine's University,Private not-for-profit,"Private not-for-profit, 4-year or above",Four or more years,City: Large,"Degree-granting, primarily baccalaureate or above",975,15.933412604042807,No,23146843,27269206,-42.388293400152726,Yes,No,-4122363,Yes,Yes,3,6,7623.891076115486,-56.22320618158594,25.098044687994815,224,98,-14.82889733840304,-19.672131147540984,0.05743589743589743,0.05833333333333333,0,51.35135135135135,107.40740740740742,0.01538461538461538,0.20219917525568257,56.2703021630986,0,,13607529,-46.04684738145027,0,-100,0.34346471832039355,58.4,0.5547116724416108,79,37,345,5789,,https://www.highereddive.com/news/saint-augustine-university-staff-faculty-cuts-accreditation/733959/,,Higher Ed Dive,
c7b6a8b9-a12d-4c32-8967-b14ed7f24d2c,PhD programs in humanities and social sciences,program_suspension,2024-11-19,2024,Fall 2025,confirmed,,,,"Temporary suspension of admissions to 12 PhD programs including Philosophy, English, History. Cited budget constraints from graduate union contract and program sustainability review.",,Boston University,,MA,Massachusetts,Private non-profit,,,164988,supabase,TRUE,1,Boston University,Private not-for-profit,"Private not-for-profit, 4-year or above",Four or more years,City: Large,"Degree-granting, primarily baccalaureate or above",45380,6.080086023516211,Yes,2842523000,2537997000,2.8537991620497105,No,No,304526000,No,No,1,1,35345.69124856018,-18.12225572226152,46.419677167080096,11532,4381,9.65104117143672,9.634634634634637,0.28052005288673426,0.2150857542877144,0.3469188421239567,20.78944871429927,57.14109369213677,0.4963420008814456,0.14481742473275533,3.436504478717705,0,,3528624000,24.42020944518099,0.3175475598513842,22.106176482183667,0.4302296091603834,69.9,0.2983145095277736,50,23,4276,5428,,https://www.insidehighered.com/news/admissions/graduate/2024/11/19/bu-suspends-admissions-humanities-other-phd-programs,,Inside Higher Ed,
b055a4ee-4dc2-483c-b190-db2224a6af51,Staff positions,staff_layoff,2024-11-19,2024,,confirmed,,60,,"60 staff layoffs announced due to $63M operational deficit and enrollment shortfall linked to FAFSA rollout issues, representing 1.4% of workforce",,Drexel University,,PA,Pennsylvania,Private non-profit,,,212054,supabase,TRUE,3,Drexel University,Private not-for-profit,"Private not-for-profit, 4-year or above",Four or more years,City: Large,"Degree-granting, primarily baccalaureate or above",24590,-12.952670891004992,Yes,1158163000,1079982000,-7.407959030313373,Yes,No,78181000,No,No,2,3,28340.843385504933,-4.753584841152374,49.09274428556257,5028,2052,-7.590516449182136,-14.106320636249478,0.107157381049207,0.0878966394430312,0.1369664318276005,-14.113428943937418,-27.37045203969129,0.3925172834485563,0.11690564692054792,7.093218160484446,0.0018348807463971,-82.06374260862027,1069294000,7.102403888306295,0.40405659451954223,0.07308786169620848,0.2072476335733051,41.5,0.5002428919922709,74.1,49,6702,6430,,https://www.inquirer.com/education/drexel-university-layoffs-budget-deficit-20241119.html,,The Philadelphia Inquirer,
15f6a3fd-bfef-47e4-aa90-745b9c89f9d4,Football,program_suspension,2024-11-18,2024,Fall 2025,confirmed,,,,"Discontinuation of NCAA Division II football program due to increasing operational costs, NIL/transfer portal complexities, and strategic shift toward 17 other sports. Part of broader institutional realignment including name change to Mississippi Christian University in 2026.",,Mississippi College,,MS,Mississippi,Private non-profit,,,176053,supabase,TRUE,4,Mississippi College,Private not-for-profit,"Private not-for-profit, 4-year or above",Four or more years,Suburb: Large,"Degree-granting, primarily baccalaureate or above",4960,-18.25972313777192,Yes,92410447,83722404,-8.04569490141565,Yes,No,8688043,No,Yes,3,3,8097.002267002519,-40.73471630776957,34.785135278049246,819,353,5.67741935483871,-20.85201793721973,0.03931451612903226,0.0353322528363047,0.04586666666666667,-18.410041841004183,-42.13649851632047,0.3780241935483871,0.02774956973636862,,0,,114430381,5.864087919952024,0.529855086754315,32.936853577717045,0.3332033050783746,57.3,0.17235636291968473,26.7,35,959,4168,,https://mississippitoday.org/2024/11/18/mississippi-college-name-change/,,Mississippi Today,
ce1bb14e-b45b-4aa1-9f00-86d42597a4ca,Staff layoff,staff_layoff,2024-11-13,2024,2025-2026,confirmed,,9,,"Cutting ~70 of 1,394 classes and $4.5M from $89.3M budget (5% of both) for 2025-26. 9 retiring faculty positions will not be filled — first time college has taken this step. Cuts will primarily affect math and English courses, with art and other areas also impacted. Driven by low attendance, no state cost-of-living adjustment, expiring COVID/CZU fire emergency funding, and California Student-Centered Funding Formula disadvantaging colleges with high numbers of older non-degree-seeking students. Enrollment dropped from ~15,000 (2018) to ~12,000; college growing back at 4%/year but full recovery not expected. Named best community college in CA and 37th in US by SmartAsset in October 2024.",,Cabrillo College,,CA,California,Public,,,110334,supabase,FALSE,,,,,,,,,,,,,,,,,,,,,,,,,,,,,,,,,,,,,,,,,,,,,,,,,,https://www.goodtimes.sc/cabrillo-college-faces-major-cuts/,,Good Times,
3f9c53d3-1cac-4d6b-be2b-e3d19dc56555,LGBTQ studies minor,program_suspension,2024-11-12,2024,,confirmed,,,,"Eliminated among 52 low-enrollment programs after political pressure from state lawmakers. Faculty Senate and university president opposed cuts, citing flawed review process.",,Texas A&M University,,TX,Texas,Public,,,228723,supabase,TRUE,0,Texas A&M University-College Station,Public,"Public, 4-year or above",Four or more years,City: Midsize,"Degree-granting, primarily baccalaureate or above",81239,10.88075122497168,No,5260172042,4503983572,5.247610193392868,No,No,756188470,No,No,1,1,13323.792788722212,-10.44018276510374,16.817825328459097,12783,4051,13.7884991988606,5.8808154730789335,0.07448393013207942,0.01283508041930063,0.27988695744907754,0.581781914893617,13.59113947813028,0.23084971503834364,0.11942238362022868,24.536593274256767,0.24645650680377876,34.71834495783951,19114830674,23.325686425819843,0.22589868429668783,12.988457294272711,0.36429428200376857,,0.13055439356297135,,26,15374,6006,,https://www.insidehighered.com/news/governance/trustees-regents/2024/11/12/texas-am-cuts-lgbtq-studies-and-other-programs,,Inside Higher Ed,
620dc47d-47ab-40ff-a2bf-120f9a502fa7,Institution closure,institution_closure,2024-11-01,2024,Fall 2025,confirmed,,116,,"Complete campus relocation to Hudson Valley, NY. 116 employees terminated with 60-day notices. New Massena Campus will offer positions with priority for current staff.",,Bard College at Simon's Rock,,MA,Massachusetts,Private non-profit,,,167792,supabase,FALSE,,,,,,,,,,,,,,,,,,,,,,,,,,,,,,,,,,,,,,,,,,,,,,,,,,https://theberkshireedge.com/bard-college-at-simons-rock-to-lay-off-116-employees/,,The Berkshire Edge,
64f622db-2e9e-4d58-a12f-183a45a467d8,Institution-wide staff positions,staff_layoff,2024-10-21,2024,Fall 2024,confirmed,,30,,23 staff laid off + 30 unfilled faculty roles and 100 vacant staff positions eliminated to balance budget and reduce expenses by 4%,,Saint Louis University,,MO,Missouri,Private non-profit,,,179159,supabase,TRUE,2,Saint Louis University,Private not-for-profit,"Private not-for-profit, 4-year or above",Four or more years,City: Large,"Degree-granting, primarily baccalaureate or above",19321,18.91309699655342,No,704482523,633272630,-32.82446724010469,Yes,Yes,71209893,No,No,2,4,21348.454142567414,-30.36611153821435,40.34336704191028,3341,1218,-34.477348499705826,-28.93815635939323,0.19900626261580664,0.03253292021688613,0.4501428200467411,305.59071729957805,243.30357142857144,0.3986336110967341,0.07260906853262063,-2.3261400668604484,0,,1879430141,22.27711439730943,0.45171549920864373,27.31232895925838,0.5391534936118563,79.6,0.21636540400614496,35,30,3120,6434,,https://www.highereddive.com/news/saint-louis-university-lays-off-23-staffers-eliminates-130-positions/730490/,,Higher Ed Dive,
a0346ce2-9932-4395-98e4-df5a400dbd66,Institution-wide staff positions,staff_layoff,2024-10-01,2024,Fall 2024,confirmed,,114,,TSU laid off 114 staff members in October 2024 amid $46M deficit. Additional personnel reductions planned through hiring freezes and vacancy non-fills to address $39M projected 2026 shortfall.,,Tennessee State University,,TN,Tennessee,Public,,,221838,supabase,TRUE,1,Tennessee State University,Public,"Public, 4-year or above",Four or more years,City: Large,"Degree-granting, primarily baccalaureate or above",9000,3.1755130115785852,No,246788946,282832796,0.8533955367260722,No,No,-36043850,Yes,No,2,4,5395.596363115693,-40.90473733536007,15.26925966935326,1460,524,6.725146198830409,31,0.04211111111111111,0.0296551724137931,0.09371428571428572,-49.39919893190921,-14.446952595936793,0.19444444444444445,0.23820021925982457,14.591877417835356,0.3182051576226943,17.482419343234515,115311043,52.683588450186114,0.551449201302994,68.35217598415191,-0.02636672129667627,,0.4683877599359891,,46,3133,5984,,https://www.highereddive.com/news/tennessee-state-university-emergency-funding-staff-cuts-hbcu/733267/,,Higher Ed Dive,
ab28af14-9c64-4f74-8f08-00c95829a2be,"Sociology, Spanish/Spanish Education, Fine Arts",program_suspension,2024-09-24,2024,Fall 2025,confirmed,,13,,"Elimination of three majors due to projected $5.8M+ deficits by 2027. 13 faculty terminated across departments, including tenured professors, using enrollment/faculty ratio rubric.",,Elizabethtown College,,PA,Pennsylvania,Private non-profit,,,212197,supabase,TRUE,1,Elizabethtown College,Private not-for-profit,"Private not-for-profit, 4-year or above",Four or more years,Suburb: Large,"Degree-granting, primarily baccalaureate or above",2553,13.820775746767724,No,89327117,75395670,4.440456885620897,No,No,13931447,No,Yes,3,4,16186.14230604372,-29.30040480457864,42.274139441889744,578,240,-2.364864864864865,23.076923076923077,0.01958480219349784,0.02326732673267326,0.00562851782363977,31.57894736842105,-27.536231884057973,0.20877399138268704,0.01364843175097108,8.313993013403996,0,,107239621,4.179101790189079,0.41983133511052473,-17.097679101255338,0.219730933788271,43.1,0.33490358586320657,55.7,65,1209,6666,,https://etownian.com/main/news/campus-community-responds-to-cuts/,,The Etownian,
17e8840c-bd2e-4643-a33b-d53bf364e48e,"Wittenberg University to cut 5 majors, 40 employees",department_closure,2024-09-10,2024,AY 2025-26,confirmed,,40,,Budget-balancing plan drops 5 majors and 40 faculty/staff roles.,,Wittenberg University,,OH,Ohio,Private non-profit,,,206525,supabase,TRUE,6,Wittenberg University,Private not-for-profit,"Private not-for-profit, 4-year or above",Four or more years,City: Small,"Degree-granting, primarily baccalaureate or above",1372,-30.319959370238696,Yes,41907071,57352587,-36.864923561214965,Yes,Yes,-15445516,Yes,Yes,4,4,12372.854802680566,-25.527924219998315,39.65140870856854,318,127,-20.698254364089777,-29.05027932960894,0.00801749271137026,0.00835231586940015,0,-50,-73.80952380952381,0.04008746355685131,0.01293319517969569,-71.25843881479939,0,,96621956,-33.91065170458757,0.6089734954029932,7.5492504076064835,0.1496715433079375,34.6,0.27036344089650843,45.3,85,1100,6227,,https://www.highereddive.com/news/wittenberg-university-cut-five-majors-40-employees-faculty-staff/726626/,,Higher Ed Dive,
3b86d32c-06cc-459a-8e85-69d40530a2b6,Creative Writing Program (Jones Lectureships),staff_layoff,2024-08-21,2024,2024-2026,confirmed,,23,,"Termination of 23 long-term lecturers in creative writing over two years, replacing positions with short-term contracts and new term-limited lectureships despite program popularity.",,Stanford University,,CA,California,Private non-profit,,,243744,supabase,TRUE,1,Stanford University,Private not-for-profit,"Private not-for-profit, 4-year or above",Four or more years,Suburb: Large,"Degree-granting, primarily baccalaureate or above",21132,0.6621254703948936,No,8642231000,8417092000,-7.526145918344811,Yes,No,225139000,No,No,1,1,20336.261177840097,-25.44399112343354,4.447173420844687,20394,4977,21.392857142857142,20.39187227866473,0.252129471890971,0.13977806231327358,0.3416666666666667,-6.031746031746032,1.2350370511115334,0.5565019875070982,0.1920975608578161,18.362496599980567,0,,37631059000,10.720406727973517,0.23464876337188,36.3609632575839,0.42745442967280695,69.4,0.17155127562810338,26.4,6,499,5873,,https://www.kqed.org/news/12002172/stanford-sparks-literary-backlash-by-phasing-out-creative-writing-lecturers-jobs,,KQED,
fe0d9b2e-3e7b-4e94-a064-ae358b045432,Institution closure,institution_closure,2024-08-19,2024,"August 25, 2024",confirmed,443,,,"Closed due to declining enrollment (from 2,000 to 443 students over decade) and financial challenges. Final classes held August 25, 2024.",,Hodges University,,FL,Florida,Private non-profit,,,367884,manual_alias,FALSE,,,,,,,,,,,,,,,,,,,,,,,,,,,,,,,,,,,,,,,,,,,,,,,,,,https://www.winknews.com/lifestyle/hodges-university-s-34-year-run-coming-to-a-close/article_0154fbbe-6f2e-50c0-90d6-d3603d7b44f3.html,,WINK News,
f2ed73b4-f1df-45bf-a97f-c9fbb9a2abc8,Staff positions across multiple departments,staff_layoff,2024-08-15,2024,,confirmed,,10,,"10 staff positions eliminated immediately due to enrollment decline attributed to protests, negative publicity, national enrollment trends, and FAFSA delays",,Emerson College,,MA,Massachusetts,Private non-profit,,,165662,supabase,TRUE,0,Emerson College,Private not-for-profit,"Private not-for-profit, 4-year or above",Four or more years,City: Large,"Degree-granting, primarily baccalaureate or above",5988,19.09307875894988,No,301422092,268215335,12.023184261616448,No,No,33206757,No,No,1,2,33657.96002170767,-14.9642775453882,61.72779233447826,1341,725,21.687840290381125,40.77669902912621,0.1372745490981964,0.1636828644501279,0.06994665085951393,35.86776859504132,120.37533512064344,0.2817301269205077,0.00596577532925262,1049.4506130265377,0,,264747512,19.53398533167961,0.276186677711396,20.046283409309407,0.42978916723695393,69.8,0.49574844821827185,73.4,43,1800,6531,,https://www.foxnews.com/media/emerson-college-cuts-staff-citing-enrollment-decline-tied-anti-israel-protests,,Fox News,
c25b2054-ae9f-451b-a39f-dfe8fc8d240b,Cost-saving measures,staff_layoff,2024-08-09,2024,Fall 2024,confirmed,,57,,"Institution-wide faculty/staff layoffs (57 faculty + 32 staff) due to budget crisis, following prior cost-cutting measures including hiring freeze and position eliminations.",,Western Illinois University,,IL,Illinois,Public,,,149772,supabase,TRUE,3,Western Illinois University,Public,"Public, 4-year or above",Four or more years,Town: Remote,"Degree-granting, primarily baccalaureate or above",8213,-16.864055066302257,Yes,226982939,208038831,-19.455159119496727,Yes,No,18944108,No,No,2,5,6193.2294589178355,-26.459951131572563,16.338257916380226,1202,451,-11.55261221486387,-16.01489757914339,0.1322293924266407,0.03750438135296179,0.34782608695652173,137.636761487965,126.72233820459292,0.3052477779130647,0.04680935005251453,5.493644334212656,0.2747629449558927,-3.838981761681908,97371859,30.800844965395235,0.42904120225305825,47.64503793574292,-0.09184355300671912,,0.31689906060655404,,32,1595,8305,,https://www.wiu.edu/news/newsrelease.php?release_id=20070,,Western Illinois University News,
d55772e6-a1e1-49c1-975f-998b68dd83f9,Institution closure,institution_closure,2024-06-30,2024,Summer 2024,confirmed,150,35,,Florida campus closed due to declining enrollment (from 350 to 150 students) and increasing operating deficits despite turnaround efforts.,,Johnson University Florida,,FL,Florida,Private non-profit,,,132879,manual_alias,FALSE,,,,,,,,,,,,,,,,,,,,,,,,,,,,,,,,,,,,,,,,,,,,,,,,,,https://johnsonu.edu/juflclosure/,,Johnson University,
5b709b30-0162-4bf2-b3a0-8ab937113b18,Cut to operating budget,staff_layoff,2024-06-26,2024,,confirmed,,14,,"Layoffs of 12 staff and 2 faculty, with up to 50 positions left unfilled due to budget cuts linked to FAFSA complications and enrollment declines.",,Lindenwood University,,MO,Missouri,Private non-profit,,,177968,supabase,TRUE,5,Lindenwood University,Private not-for-profit,"Private not-for-profit, 4-year or above",Four or more years,City: Small,"Degree-granting, primarily baccalaureate or above",10951,-14.857720416731455,Yes,123787899,140201127,-27.958316554006977,Yes,No,-16413228,Yes,Yes,4,7,14732.097880601845,-13.90250481120354,73.56058042474733,1274,811,-27.572484366117113,-30.08620689655173,0.0389918728883207,0.05858653684740641,0.01561874249098918,-57.3,-68.11053024645257,0.4560314126563784,0.00624460733282078,-43.72529604981701,0,,159164606,-22.91861616919043,0.2998102539760175,15.374701307327769,0.8784293374315076,95.9,0.05109522422064634,6.9,49,2416,7631,,https://universitybusiness.com/are-latest-layoffs-at-this-university-a-first-look-at-the-fafsa-fiascos-consequences/,,University Business,
e35d0ad7-036f-409d-8420-f7f96b37be90,Institution closure,institution_closure,2024-06-25,2024,Spring 2025,confirmed,,125,,"Closure due to financial deficits and enrollment declines, with phased cessation of academic activities through May 2025.",,Eastern Nazarene College,,MA,Massachusetts,Private non-profit,,,165644,supabase,TRUE,6,Eastern Nazarene College,Private not-for-profit,"Private not-for-profit, 4-year or above",Four or more years,Suburb: Large,"Degree-granting, primarily baccalaureate or above",516,-44.81283422459893,Yes,20866674,23324825,-2.8087786238309644,Yes,Yes,-2458151,Yes,Yes,3,6,10671.767605633802,-11.755907548719463,21.786763908805018,172,32,-32.28346456692913,-73.77049180327869,0.13565891472868216,0.1597051597051597,0.04587155963302752,37.25490196078432,105.88235294117648,0.21124031007751937,0.14677767727126423,-25.528470146321176,0,,19534943,-18.54478881915588,0.4689920121229963,-8.804774972551735,0.03272362016056696,20.3,0.46897353296682687,71.4,52,197,6640,,https://www.highereddive.com/news/eastern-nazarene-college-in-massachusetts-to-close/719969/,,Higher Ed Dive,
81c1dbb8-6371-4adc-81ab-22245ab7708c,Chemistry,program_suspension,2024-06-25,2024,Fall 2024,confirmed,,,40.0501,Chemistry program suspended alongside forensic biology and child/family studies due to low enrollment and institutional restructuring. Existing students will complete degrees.,,Keystone College,,PA,Pennsylvania,Private non-profit,,,213303,supabase,TRUE,6,Keystone College,Private not-for-profit,"Private not-for-profit, 4-year or above",Four or more years,Suburb: Large,"Degree-granting, primarily baccalaureate or above",2014,-3.2196059586737142,Yes,20366575,26283686,-34.680163402826146,Yes,Yes,-5917111,Yes,Yes,3,7,9818.52240143369,-28.15069353865559,53.80124542295404,227,123,-31.626506024096383,-32.78688524590164,0.00595829195630585,0.00578642819568648,0.00884955752212389,500,140,0.05610724925521351,0,-100,0,,6153853,-24.69559220924907,0.2861018759690268,-31.839467969973335,-0.1755173093211377,7.9,0.9046750369626962,94.3,85,861,7470,,https://www.keystone.edu/2024/06/25/keystone-college-makes-several-restructuring-moves/,,Keystone College,
42787cd6-75a7-4f81-96f4-fbb1fd985836,Institution closure,institution_closure,2024-06-21,2024,June 2024,confirmed,2800,646,,"103-year-old Catholic college closed due to financial difficulties and declining enrollment, with $11.3M projected deficit",,The College of Saint Rose,,NY,New York,Private non-profit,,,195234,ipeds_name_match,TRUE,1,The College of Saint Rose,Private not-for-profit,"Private not-for-profit, 4-year or above",Four or more years,City: Midsize,"Degree-granting, primarily baccalaureate or above",,,No,,,,,No,,,Yes,3,8,,,,,,,,,,,,,,,,,,,,,,,,,,61,871,6661,,https://www.highereddive.com/news/the-college-of-saint-rose-close-spring-2024-end-of-academic-year/701349/,,Higher Ed Dive,
d5e5d261-df6d-431b-9b59-674cac0863cf,Multiple academic programs,program_suspension,2024-06-20,2024,Summer 2025,confirmed,,,,"Facing $9M deficit, reducing campus programs from 53 to 9 (medical fields only) and online from 60 to 7 (education fields). Students must transfer to Wisconsin campus or finish online.",,Concordia University Ann Arbor,,MI,Michigan,Private non-profit,,,169363,supabase,TRUE,0,Concordia University Ann Arbor,Private not-for-profit,"Private not-for-profit, 4-year or above",Four or more years,City: Midsize,"Degree-granting, primarily baccalaureate or above",1638,18.695652173913043,No,,,,,No,,,No,0,4,,,,140,45,-54.83870967741935,-73.37278106508876,0.03174603174603174,0.03580349708576186,0.0205949656750572,108,2500,0.2667887667887668,,,,,,,,,,,,,61,634,6375,,https://www.highereddive.com/news/concordia-university-ann-arbor-campus-program-cuts/719810/,,Higher Ed Dive,
0ce56c5b-d657-429b-93f4-3fe1a5f42190,Institution closure,institution_closure,2024-06-20,2024,Summer 2024,confirmed,,,,"Voluntary accreditation surrender due to financial collapse, unpaid wages, $4.3M federal fine, and eviction. Teach-out agreements with Antioch/Lasell universities.",,Union Institute & University,,OH,Ohio,Private non-profit,,,206279,supabase,FALSE,,,,,,,,,,,,,,,,,,,,,,,,,,,,,,,,,,,,,,,,,,,,,,,,,,https://www.highereddive.com/news/union-institute-university-to-close-financial-woes-accreditation/719433/,,Higher Ed Dive,
ea1d0115-d4b7-4e3f-9f2b-0839f00fb31b,14 undergraduate majors eliminated,department_closure,2024-06-17,2024,Fall 2024,confirmed,,12,,"Board declared financial exigency June 14, 2024 facing a $9M deficit driven by extraordinary inflation, salary increases, and high institutional financial aid costs. Eliminating 14 undergraduate majors, laying off 25 faculty and 12 staff. College described move as proactive, reaffirming commitment to its mission for women's education in Milwaukee.",,Alverno College,,WI,Wisconsin,Private non-profit,,,238193,supabase,TRUE,4,Alverno College,Private not-for-profit,"Private not-for-profit, 4-year or above",Four or more years,City: Large,"Degree-granting, primarily baccalaureate or above",2104,5.042436345481778,Yes,31648413,40649292,-32.14921916742573,Yes,No,-9000879,Yes,Yes,4,7,14005.311345646438,-45.44809974980807,67.0872564763358,301,161,-31.27853881278539,-32.35294117647059,0.01948669201520912,0.011639185257032,0.02702702702702703,41.37931034482759,-16.3265306122449,0.5099809885931559,0.04860244325096254,385.31947732455023,0,,36216702,-6.765037032589204,0.2848887433253453,12.692298925795404,0.3113359290551242,54.7,0.2753933818046454,46.1,47,414,6880,,https://www.forbes.com/sites/michaeltnietzel/2024/06/17/alverno-college-declares-financial-exigency-cuts-faculty-and-programs/,,Forbes,
444752d0-eb18-424e-b04d-c942b5d060cc,Institution closure,institution_closure,2024-06-10,2024,"August 9, 2024",confirmed,1066,,,"College closed due to financial difficulties, declining enrollment, and accreditation issues. MSCHE placed school on probation citing ethics and governance concerns.",,Pittsburgh Technical College,,PA,Pennsylvania,Private non-profit,,,215415,manual_alias,FALSE,,,,,,,,,,,,,,,,,,,,,,,,,,,,,,,,,,,,,,,,,,,,,,,,,,https://www.insidehighered.com/news/business/financial-health/2024/06/12/what-drove-pittsburgh-technical-college-close,,Inside Higher Ed,
4b59e5fa-2e99-40d4-a45f-0cbc7914d498,Expenses cut in all departments and divisions,staff_layoff,2024-06-03,2024,,confirmed,,53,,"Albright College eliminated 53 positions (29 current staff/faculty, 10 vacant staff, 14 vacant faculty) due to $20.3M deficit and declining enrollment.",,Albright College,,PA,Pennsylvania,Private non-profit,,,210571,supabase,TRUE,6,Albright College,Private not-for-profit,"Private not-for-profit, 4-year or above",Four or more years,City: Small,"Degree-granting, primarily baccalaureate or above",1899,-8.481927710843372,Yes,44686000,64109000,-27.725847985291978,Yes,Yes,-19423000,Yes,Yes,4,7,10762.020693852708,-34.84227898928761,39.56944009309403,310,134,-26.014319809069217,-11.258278145695364,0.01790416008425487,0.02319236016371077,0,-10.526315789473683,-55.26315789473685,0.22801474460242233,0.0081524065025071,-79.36606878127961,0,,53032000,-37.68005290375971,0.5298774436263761,-13.879344800049084,-0.07783018867924528,11.7,0.6825712451403503,87.1,74,971,6177,,https://www.wfmz.com/_homepage_top_stories/albright-eliminates-dozens-of-faculty-and-staff-positions/article_a961e998-1f6c-11ef-bcac-3344c22ba04a.html,,WFMZ,
020a99e8-7c1e-4dbb-9e50-a14fcb659694,"12 undergraduate majors, 25 minors, 5 graduate programs",program_suspension,2024-05-31,2024,,confirmed,,40,,"Restructuring due to financial challenges including 15% enrollment decline (2017-2022) and $8.6M deficit (2023). Affected programs include music physics, religious studies, Spanish, special education, and theater.",,University of Lynchburg,,VA,Virginia,Private non-profit,,,232609,supabase,TRUE,5,University of Lynchburg,Private not-for-profit,"Private not-for-profit, 4-year or above",Four or more years,City: Small,"Degree-granting, primarily baccalaureate or above",3208,-7.736554501006615,Yes,78472302,79174233,-21.9188844095586,Yes,No,-701931,Yes,Yes,4,5,16078.79542097489,-34.98422375208887,55.48630139587342,571,204,-25.26178010471204,-30.847457627118647,0.07761845386533665,0.11822660098522168,0.00764006791171477,336.84210526315786,266.1764705882353,0.3672069825436409,0.01510549023369252,93.51003724274548,0,,140631750,1.466823030898185,0.37901288922797105,-11.314398965352716,0.22339077203729849,43.7,0.25518808701435347,42.3,67,1200,6654,,https://www.highereddive.com/news/university-of-lynchburg-cuts-academic-programs-staff-faculty-positions/717686/,,Higher Ed Dive,
be65990e-7dbe-4a2d-88c1-33d56d72c664,Institution closure,institution_closure,2024-05-31,2024,Summer 2024,confirmed,,600,,"Sudden closure announced on May 31, 2024, effective June 7, 2024, due to financial instability and declining enrollment. Filed Chapter 7 bankruptcy in September 2024 to liquidate assets.",,University of the Arts,,PA,Pennsylvania,Private non-profit,,,215105,supabase,FALSE,,,,,,,,,,,,,,,,,,,,,,,,,,,,,,,,,,,,,,,,,,,,,,,,,,https://www.insidehighered.com/news/business/financial-health/2024/06/02/university-arts-announces-sudden-closure,,Inside Higher Ed,
88384180-2c5c-40de-bf0c-18e3a52a45ca,Early Childhood Center,department_closure,2024-05-24,2024,,confirmed,,,,Eliminated 6 staff positions through center closure plus 5 other staff cuts due to $19M operating deficit and declining enrollment,,St. Catherine University,,MN,Minnesota,Private non-profit,,,175005,supabase,TRUE,3,St Catherine University,Private not-for-profit,"Private not-for-profit, 4-year or above",Four or more years,City: Large,"Degree-granting, primarily baccalaureate or above",4300,-25.321292115317817,Yes,123352643,104477693,-3.834475183372311,Yes,No,18874950,No,No,2,3,19900.010913626444,-14.761304421346225,51.737306512354174,763,422,-17.424242424242426,-17.578125,0.0055813953488372,0.00441876274643099,0.008100147275405,-29.411764705882355,-56.36363636363636,0.3158139534883721,0,-100,0,,156154341,36.31951357629933,0.3553848506130837,20.9218204577525,0.22902001086881213,44.6,0.3180630018371173,53.3,59,1431,7105,,https://www.highereddive.com/news/st-catherine-university-cuts-staff-roles-budget-deficits/717143/,,Higher Ed Dive,
f1a427a7-f15c-4b49-be2a-de52d6a26a97,37 degree/certificate programs deactivated,department_closure,2024-05-23,2024,Spring 2025,confirmed,,,,Part of financial-sustainability framework; current students may finish but no new admits.,,Buffalo State University,,NY,New York,Public,,,196130,supabase,TRUE,5,SUNY Buffalo State University,Public,"Public, 4-year or above",Four or more years,City: Large,"Degree-granting, primarily baccalaureate or above",8083,-22.776344702398013,Yes,229218019,238274929,-21.01050437208567,Yes,No,-9056910,Yes,Yes,5,9,4263.277680754453,-19.578293433909295,10.649916662965314,1319,558,-25.438100621820237,-32.11678832116788,0.01620685389088209,0.01507464849978257,0.02280405405405405,-26.81564245810056,-93.20891653706585,0.14648026722751453,0.02303268201947732,-66.07512798062916,0.635772526154274,2.102081144549159,96391605,48.62283329033447,0.5199231799304973,10.970341585455786,0.00556501850291387,,0.9260087140452352,,50,2759,6181,,https://spectrumlocalnews.com/nys/buffalo/news/2024/05/23/buffalo-state-university-to-cut-37-degree-programs,,Spectrum News,
fb70100e-9359-4707-821d-1820d59b4382,Institution closure,institution_closure,2024-05-23,2024,July 2024,confirmed,107,25,,"27-year-old art school closed due to declining enrollment, financial struggles, and FAFSA rollout issues. Had teach-out agreements with PA colleges.",,Delaware College of Art and Design,,DE,Delaware,Private non-profit,,,432524,manual_alias,FALSE,,,,,,,,,,,,,,,,,,,,,,,,,,,,,,,,,,,,,,,,,,,,,,,,,,https://delawarebusinesstimes.com/news/dcad-to-close-in-upcoming-weeks/,,Delaware Business Times,
caadd5d1-f610-4d9c-ac36-14b329f389d5,All Registration and Enrollment,institution_closure,2024-05-15,2024,Fall 2024,confirmed,,,,"Financial irregularities and loss of federal funding led to closure. Teach-out plans with 12+ institutions established. Final graduation August 2024, dissolution October 31, 2024.",,Eastern Gateway Community College,,OH,Ohio,Public,,,203331,supabase,FALSE,,,,,,,,,,,,,,,,,,,,,,,,,,,,,,,,,,,,,,,,,,,,,,,,,,https://www.highereddive.com/news/eastern-gateway-community-college-to-close-october-31/716507/,,Higher Ed Dive,
edbf768e-6e58-4a65-9619-97ab281631fd,Music Department and ≈41 additional majors/minors,department_closure,2024-05-13,2024,Fall 2025,confirmed,,,,SCSU recommended eliminating the entire Music dept plus 41 other programs amid budget crisis.,,St. Cloud State University,,MN,Minnesota,Public,,,174783,supabase,TRUE,5,Saint Cloud State University,Public,"Public, 4-year or above",Four or more years,City: Small,"Degree-granting, primarily baccalaureate or above",12618,-22.712238147739804,Yes,180482000,185315000,-28.4124446816455,Yes,No,-4833000,Yes,Yes,4,7,7229.692685038234,3.2092153995338464,27.763987544464268,1022,463,-22.63436790310371,-24.34640522875817,0.12276113488666984,0.08566821205402136,0.25927299703264095,0.7807417046193884,34.81288076588338,0.2136630210809954,0,,0.4710640785931366,-6.538456986771392,47158000,22.772208609260407,0.31142472379486613,-4.615333896563726,-0.05623225129975097,,0.43735418760103106,,24,1980,6762,,https://www.mprnews.org/story/2024/05/13/st-cloud-state-university-scsu-music-department-budget-cuts,,MPR News,
60b59850-0a33-4bec-bec9-9fa5877fbb66,Institution closure,institution_closure,2024-05-09,2024,Spring 2024,confirmed,975,200,,168-year-old Methodist-affiliated liberal arts college closed due to financial distress after failed attempts to secure state funding and declining enrollment.,,Birmingham-Southern College,,AL,Alabama,Private non-profit,,,100937,manual_alias,FALSE,,,,,,,,,,,,,,,,,,,,,,,,,,,,,,,,,,,,,,,,,,,,,,,,,,https://www.al.com/news/2024/04/the-long-slow-death-of-birmingham-southern-what-killed-an-alabama-college-with-168-year-old-roots.html,,AL.com,
86b29618-f025-4b2a-868a-81a5153aee08,Commonwealth Campuses Administrative Restructuring,staff_layoff,2024-05-08,2024,Fall 2024,confirmed,,383,,"Voluntary buyouts accepted by 383 employees (10% of workforce) across 20 Commonwealth Campuses, combined with consolidation of 11 campuses under 4 regional chancellors to address $49M budget deficit",,Pennsylvania State University,,PA,Pennsylvania,Public,,,214777,supabase,TRUE,0,Pennsylvania State University-Main Campus,Public,"Public, 4-year or above",Four or more years,City: Small,"Degree-granting, primarily baccalaureate or above",53053,6.244117352558326,No,9539406000,8548778000,14.118369511185918,No,No,990628000,No,No,1,1,36813.33919895949,-18.92771841394402,20.17604660080512,17649,4623,-26.253551729901385,-38.95417932127294,0.1576725161630822,0.10260767122046265,0.43033430558671754,-0.7239496795632566,24.98132377110414,0.16802065858669632,0.19675566985621015,33.34593541772195,0.07321535867401904,-16.096895547859518,4750032000,22.32121968677952,0.08895915778141723,25.261747636481314,0.4488762883989787,,0.3345777015793615,,40,16852,6407,,https://www.highereddive.com/news/penn-state-commonwealth-leadership-restructure-buyouts/718753/,,HigherEdDive,
0b957dda-ad24-404e-b4f1-3033512548ea,Staff layoffs,staff_layoff,2024-05-01,2024,Summer 2024,confirmed,,60,,"60 full/part-time staff positions eliminated due to financial challenges, enrollment declines, and structural inefficiencies. Adjunct faculty contracts also affected.",,Brandeis University,,MA,Massachusetts,Private non-profit,,,165015,supabase,TRUE,2,Brandeis University,Private not-for-profit,"Private not-for-profit, 4-year or above",Four or more years,City: Small,"Degree-granting, primarily baccalaureate or above",5803,-9.328125,No,462031506,421150241,-1.866211908576497,Yes,No,40881265,No,No,1,2,28131.743507534466,-5.260868524129627,37.98135272619266,1852,510,-2.320675105485232,-7.103825136612022,0.25331724969843183,0.2037037037037037,0.3584094572810317,-12.08133971291866,26.833477135461603,0.32069619162502155,0.1380966288343742,20.9713578745943,0,,1264908273,-3.9704446558969457,0.2699314285410554,-4.5718152358446735,0.10967385565672684,28.9,0.18548215908099508,28.8,28,1037,5027,,https://ejewishphilanthropy.com/brandeis-university-to-cut-60-positions-restructure-schools-as-its-faces-financial-challenges/,,eJewishPhilanthropy,
be7cb0c7-a80f-4624-bc96-d44b792baab0,"Multiple academic programs (20 discontinued, 21 suspended)",program_suspension,2024-05-01,2024,,confirmed,,,,"Part of 'right sizing' effort to address $20M deficit. Includes programs in Liberal Arts, Social Sciences, and Public Affairs. Additional 22 programs paused for review.",,Cleveland State University,,OH,Ohio,Public,,,202134,supabase,TRUE,3,Cleveland State University,Public,"Public, 4-year or above",Four or more years,City: Large,"Degree-granting, primarily baccalaureate or above",16742,-12.06470928094963,Yes,373993227,373384214,-8.398222019150905,Yes,No,609013,No,No,2,4,12553.0240648277,-3.115923852818699,41.00616907696031,2581,1291,4.91869918699187,9.77891156462585,0.1644367459084936,0.06192514342956014,0.35983336226349594,97.34767025089606,52.859522487506936,0.34410464699557997,0.05040201868027724,76.45416682290221,0.22691714789026585,-15.604867455589174,117821388,1192.8944956560176,0.20614246705734396,10.550105679785265,0.02065504261371606,,0.612399031485803,,74,6974,7565,,https://clevelandstater.com/news/news/csu-axes-20-programs-suspends-22-others,,Cleveland Stater,
4b8c20c3-cabf-45da-a2c3-4164dcb4bb1d,Institution closure,institution_closure,2024-04-29,2024,Spring 2024,confirmed,357,38,,"156-year-old liberal arts college closed due to financial challenges, declining enrollment, and inadequate resources for long-term stability. Operations ceased June 30, 2024.",,Wells College,,NY,New York,Private non-profit,,,197230,manual_alias,FALSE,,,,,,,,,,,,,,,,,,,,,,,,,,,,,,,,,,,,,,,,,,,,,,,,,,https://www.insidehighered.com/news/business/financial-health/2024/04/30/wells-college-announces-closure,,Inside Higher Ed,
3bfe7a23-d5d9-47ba-9441-2021c23700a2,Institution closure,institution_closure,2024-04-25,2024,Spring 2024,confirmed,232,,,"Steep shortfall in operating cash due to extraordinary inflation, salary increases, and high institutional financial aid. Filed for bankruptcy.",,University of Saint Katherine,,CA,California,Private non-profit,,,488785,manual_alias,FALSE,,,,,,,,,,,,,,,,,,,,,,,,,,,,,,,,,,,,,,,,,,,,,,,,,,https://www.insidehighered.com/news/quick-takes/2024/04/29/university-saint-katherine-announces-closure,,Inside Higher Ed,
2192e8d8-a0b8-4eac-93bd-20955a9018f9,Institution closure,institution_closure,2024-04-09,2024,Spring 2024,confirmed,220,64,,"Enrollment declined from 1,900+ in 1970s to 220 students. Cited declining enrollment, financial insolvency, demographic shifts, and changing educational preferences as factors.",,Goddard College,,VT,Vermont,Private non-profit,,,230889,manual_alias,FALSE,,,,,,,,,,,,,,,,,,,,,,,,,,,,,,,,,,,,,,,,,,,,,,,,,,https://www.insidehighered.com/news/business/financial-health/2024/04/10/goddard-college-announces-closure,,Inside Higher Ed,
f8719ed6-0645-472f-a8f2-f5f74512ee50,Office of Campus Resources and Support,staff_layoff,2024-04-09,2024,Spring 2024,confirmed,,20,,Eliminated to comply with Texas Senate Bill 17 banning DEI programs at public universities. OCRS was created after DEI office closure but deemed non-compliant.,,University of Texas at Dallas,,TX,Texas,Public,,,228787,supabase,TRUE,0,The University of Texas at Dallas,Public,"Public, 4-year or above",Four or more years,City: Midsize,"Degree-granting, primarily baccalaureate or above",33405,6.321015945765302,No,1506048575,1247545937,47.42267739077475,No,No,258502638,No,No,0,0,13880.984874139293,2.720330354816899,24.4955535381719,4058,1322,-8.521190261496844,5.76,0.2193384223918575,0.04486505432877673,0.5956903884320953,16.430955029397744,39.00588123695694,0.3167489896722048,0.06008579365341725,36.84029155529104,0.13276844077740868,41.79933273856762,858859362,25.33820381900106,0.28405991643774636,-3.5975494390378846,0.25329602788635464,,0.11025598022522112,,33,7080,7773,,https://www.keranews.org/education/2024-04-09/ut-dallas-to-eliminate-20-jobs-because-of-dei-ban,,KERA News,
44c7b211-adf7-4d65-8db7-ef0bdced7625,"Diversity, Equity, and Inclusion (DEI) offices and Division of Campus and Community Engagement",staff_layoff,2024-04-02,2024,,confirmed,,60,,~60 staff layoffs due to Texas SB 17 banning DEI programs; 13 faculty + 14 demoted deans affected,,University of Texas at Austin,,TX,Texas,Public,,,228778,supabase,TRUE,0,The University of Texas at Austin,Public,"Public, 4-year or above",Four or more years,City: Large,"Degree-granting, primarily baccalaureate or above",56150,1.853867363227398,No,5276309524,4332685183,16.336627727186308,No,No,943624341,No,No,1,1,11405.25690778621,-18.677379234329443,10.482882713459247,18740,3464,10.11222751042952,6.2250843299601355,0.09946571682991984,0.0481158901103822,0.29912074519021503,-3.706896551724138,4.725295330958184,0.20457702582368656,0.1587844730987515,37.24487955500502,0.08677216008037854,-3.637308607617059,6177255191,17.403368045850726,0.2769731195576291,5.790357024142801,0.21030791509588975,,0.08338880452888606,,27,11576,6047,,https://www.texastribune.org/2024/04/02/university-texas-austin-firings-dei-ban/,,The Texas Tribune,
46d51cc7-44a8-4a3c-bb25-e500c31e4040,Writing Program,staff_layoff,2024-04-01,2024,Fall 2024,confirmed,,29,,29 of 31 Writing Program lecturers laid off; class sizes increased from 22 to 24 students; over 1000 student seats in upper-division writing courses eliminated,,Rutgers University,,NJ,New Jersey,Public,,,186380,supabase,TRUE,1,Rutgers University-New Brunswick,Public,"Public, 4-year or above",Four or more years,City: Small,"Degree-granting, primarily baccalaureate or above",57297,0.2361708827542773,No,4532586673,4251374435,-3.942104748598628,Yes,No,281212238,No,No,1,1,15035.607509960158,-18.2877990399279,16.65246693452474,20336,5730,-0.09334315892901009,-1.206896551724138,0.10972651273190567,0.08578739017089891,0.17222257231079463,-6.8730558435787295,40.08467023172905,0.2769603993228267,0.15864547325214978,13.899400051191368,0.2923486087676988,0.09008535224340684,1720866182,24.09075772968382,0.2512528662595416,16.45950498731485,-0.01247507443673525,,0.5496900029651315,,35,12730,9576,,https://rutgersaaup.org/action-requested-help-us-protest-the-cuts-in-the-writing-program/,,Rutgers AAUP-AFT,
143dc66d-2fb4-41df-9085-54c07e0ae30b,Institution closure,institution_closure,2024-03-28,2024,Spring 2024,confirmed,429,,,"Healthcare-focused institution, formerly Resurrection University, faced declining enrollment and accreditation challenges with nursing programs",,Oak Point University,,IL,Illinois,Private non-profit,,,149763,manual_alias,FALSE,,,,,,,,,,,,,,,,,,,,,,,,,,,,,,,,,,,,,,,,,,,,,,,,,,https://www.highereddive.com/news/oak-point-university-to-close-abruptly-april-healthcare-chicago/711797/,,Higher Ed Dive,
58765247-c47f-48c8-b1e5-6207f9d81a0e,Institution closure,institution_closure,2024-03-23,2024,Spring 2024,confirmed,1500,,,Due to decline in enrollment and financial challenges. Campus ownership transferred to Villanova University. Students provided transfer options to partner institutions.,,Cabrini University,,PA,Pennsylvania,Private non-profit,,,211352,manual_alias,FALSE,,,,,,,,,,,,,,,,,,,,,,,,,,,,,,,,,,,,,,,,,,,,,,,,,,https://templeupdate.com/cabrini-university-closing-students-transfer/,,Temple Update,
61bd41db-1642-43d3-8b6a-2e68797ed467,Jet Propulsion Laboratory workforce reduction,staff_layoff,2024-03-12,2024,,confirmed,,521,,"JPL laid off employees (8% of workforce) due to NASA budget constraints, particularly Mars Sample Return mission funding cuts. Second round of 2024 layoffs.",,California Institute of Technology,,CA,California,Private non-profit,,,110404,supabase,TRUE,0,California Institute of Technology,Private not-for-profit,"Private not-for-profit, 4-year or above",Four or more years,City: Midsize,"Degree-granting, primarily baccalaureate or above",2548,9.168808911739502,No,4439859000,3595040356,4.1633382338053835,No,No,844818644,No,No,1,2,24745.638945233262,-11.943648190197576,1.37387245856231,3342,370,1.7661388550548112,-4.639175257731959,0.315149136577708,0.1206896551724138,0.45013297872340424,14.387464387464387,33.61064891846922,0.5902668759811617,0.21088202801174263,-4.218929584374252,0,,4228841000,15.383680275446634,0.3333077734112911,7.791920648255458,0.10406567402222086,28.2,0.34304553338744165,56.9,4,44,6212,,https://www.caltech.edu/campus-life-events/campus-announcements/jpl-workforce-reductions2024,,Caltech Campus Announcements,
5d923f9f-6443-4d1c-898c-e8b0f936fc6f,All programs,institution_closure,2024-03-11,2024,Summer 2025,confirmed,874,,,Entire institution shutting down; campus being sold to Washington University.,,Fontbonne University,,MO,Missouri,Private non-profit,,,177418,supabase,TRUE,3,Fontbonne University,Private not-for-profit,"Private not-for-profit, 4-year or above",Four or more years,Suburb: Large,"Degree-granting, primarily baccalaureate or above",989,-35.69570871261378,Yes,34795245,27813872,8.938871966375874,No,No,6981373,No,Yes,3,8,11005.75699888018,-37.338431224405646,28.245643909103094,146,86,-54.51713395638629,-48.19277108433735,0.05055611729019211,0.05027173913043478,0.05138339920948617,-57.98319327731093,-73.54497354497354,0.2558139534883721,0.02481693937528545,-58.287909624897104,0,,4703993,-74.79489983727646,0.4670591413489861,27.668100353804448,0.9232676197206418,97.4,0.05223630080486714,7.1,65,421,9628,,https://apnews.com/c2397d8ff4120d4533bc08c16dfb15a3,,AP News,
b83c2f4a-eb85-4fa8-8167-8db210c2e445,All programs,campus_closure,2024-03-11,2024,Spring 2025,confirmed,,100,,"UWM at Waukesha campus closing after Spring 2025 per Universities of Wisconsin directive; declining enrollment, shifting demographics, and budget constraints cited. Closes College of General Studies and associate degree offerings. Partnership with Waukesha County Technical College (WCTC) established: students earn WCTC associate degrees and transfer seamlessly to UWM baccalaureate programs.",,University of Wisconsin,,WI,Wisconsin,Public,,,240453,supabase,TRUE,4,University of Wisconsin-Milwaukee,Public,"Public, 4-year or above",Four or more years,City: Large,"Degree-granting, primarily baccalaureate or above",26166,-16.570481140197046,Yes,612870664,620762415,-9.35384541451088,Yes,No,-7891751,Yes,No,2,6,8897.048803329864,-18.45245589149923,27.90169085332497,3411,1476,-9.209475645461804,-12.76595744680851,0.06840938622640068,0.02369172216936251,0.2510687912942091,5.729474305965741,8.880778588807786,0.19666743101735076,0.07817201160364025,4.238548158547084,0.27336134904460285,3.4553010597480895,260363469,19.596458643513117,0.18941934702196317,34.35048535935007,0.08962995925762265,,0.47835814729398624,,42,7490,6378,,https://uwm.edu/news/uwm-at-waukesha-campus-to-close-in-2025-uwm-develops-university-center-with-wctc/,,UWM News Release,
fae7e9d4-578a-445e-8848-98f2f74a8f7c,"28 programs (including theology, public health, international relations, cybersecurity)",program_suspension,2024-03-04,2024,Spring 2027,confirmed,,,,18 undergraduate and 10 graduate programs under review affecting ~3% of undergrads. Final decisions expected by Fall 2024 with 'limited' faculty reductions.,,Valparaiso University,,IN,Indiana,Private non-profit,,,152600,supabase,TRUE,5,Valparaiso University,Private not-for-profit,"Private not-for-profit, 4-year or above",Four or more years,Suburb: Small,"Degree-granting, primarily baccalaureate or above",3113,-25.96908442330559,Yes,103382000,117851000,-34.0638703687186,Yes,No,-14469000,Yes,Yes,4,7,16919.107317073172,-18.99704314856637,50.32428759358496,737,298,-18.201997780244177,-25.870646766169152,0.13716672020558943,0.05243445692883895,0.423943661971831,33.021806853582554,-38.29479768786127,0.22807581111468037,0.05653966263829392,32.77443969497909,0,,311933000,-1.8592130245381144,0.502736572150731,-2.157554927331355,0.184363481947656,38.5,0.2777552922910536,46.6,52,1171,6691,,https://www.highereddive.com/news/valparaiso-university-to-weigh-cuts-28-programs/709227/,,Higher Ed Dive,
f07df735-ef7c-4253-947a-f47b2ab3c2b3,Master of Accountancy and Master of Public Administration,program_suspension,2024-03-01,2024,,confirmed,,,,"Academic program reviews announced by Provost Sue Mattison as follow-up to President Martin's Feb 7 message, explicitly naming these graduate programs in official communications .",,Drake University,,IA,Iowa,Private non-profit,,,153269,supabase,TRUE,2,Drake University,Private not-for-profit,"Private not-for-profit, 4-year or above",Four or more years,City: Midsize,"Degree-granting, primarily baccalaureate or above",4999,-11.144685389264133,Yes,207991336,164621960,3.1157628510018607,No,No,43369376,No,No,2,3,20935.54767911201,-33.66872878327582,39.89998458397325,1077,408,-8.496176720475786,-13.00639658848614,0.03140628125625125,0.04194809811589051,0.01784080512351326,-13.259668508287293,-55.52407932011331,0.4372874574914983,0.07639249805812809,14.261035972718211,0,,306208560,10.349332997134097,0.4626041381154289,17.236610805868168,0.3784960197910844,63.1,0.1416259953752805,20.6,44,1201,6578,,https://news.drake.edu/2024/03/01/message-from-provost-sue-mattison/,,Drake University Newsroom,
4cc42806-79f2-44e9-b45f-892d91dbe635,Institution closure,institution_closure,2024-02-29,2024,Spring 2024,confirmed,1050,,,"Roman Catholic college closed due to declining enrollment (37% drop 2014-2022), rising costs, significant debt, and failed merger with Cleveland State University. Teach-out agreements established.",,Notre Dame College,,OH,Ohio,Private non-profit,,,204468,manual_alias,FALSE,,,,,,,,,,,,,,,,,,,,,,,,,,,,,,,,,,,,,,,,,,,,,,,,,,https://www.highereddive.com/news/notre-dame-college-close-failed-merger/709103/,,Higher Ed Dive,
f212185a-a3db-4e6d-8571-9e7c9da9a77b,Institution closure,institution_closure,2024-02-29,2024,Spring 2024,confirmed,,,,"California Bureau for Private Postsecondary Education issued emergency shutdown order due to financial insolvency, administrative failures, and facility inadequacies. All degree programs terminated by March 8, 2024.",,University of Antelope Valley,,CA,California,Private for-profit,,,442930,supabase,FALSE,,,,,,,,,,,,,,,,,,,,,,,,,,,,,,,,,,,,,,,,,,,,,,,,,,https://www.insidehighered.com/news/quick-takes/2024/03/05/university-antelope-valley-closes-campus-faces-shutdown,,Inside Higher Ed,
2f2769df-3876-4fbf-9383-dbe8797de526,Institution closure,institution_closure,2024-02-15,2024,Fall 2024,confirmed,,,,"Board of Regents voted to cease operations by 2028 with no new admissions starting Fall 2024, citing regional instability and institutional priorities.",,Texas A&M University at Qatar,,Non-US,Non-US,Public,,,,unmatched,FALSE,,,,,,,,,,,,,,,,,,,,,,,,,,,,,,,,,,,,,,,,,,,,,,,,,,https://www.insidehighered.com/news/global/us-colleges-world/2024/02/16/how-texas-ams-qatar-campus-suddenly-collapsed,,Inside Higher Ed,
cbe1ebdc-8abe-470a-958a-2c4da8243235,Multiple academic programs and administrative positions,staff_layoff,2024-02-13,2024,,confirmed,,22,,"Restructuring includes elimination of 10 academic programs (Asian studies, environmental engineering, linguistics, etc.) and layoffs of 22 faculty + 14 administrators, with 13 positions left vacant. Driven by enrollment declines and financial pressures.",,Marietta College,,OH,Ohio,Private non-profit,,,203845,supabase,TRUE,4,Marietta College,Private not-for-profit,"Private not-for-profit, 4-year or above",Four or more years,Town: Fringe,"Degree-granting, primarily baccalaureate or above",1334,-1.7673048600883652,No,46954143,48870081,-14.566843563746634,Yes,No,-1915938,Yes,Yes,3,5,11544.467252396164,-37.773632949164146,30.782529669426616,327,134,-22.327790973871732,-11.258278145695364,0.01874062968515742,0.02136752136752136,0,-83.55263157894737,-87.86407766990291,0.12293853073463268,0.02146379236496312,30.2041454111285,0,,91722343,-15.503060858013905,0.6048214054721494,24.06897510318848,0.17114198577437237,36.6,0.24279107715607745,39.8,69,745,9453,,https://www.highereddive.com/news/marietta-college-to-cut-3-dozen-administrators-and-faculty/707303/,,HigherEd Dive,
b11960b1-2f4d-4aa0-b606-ad149c35933f,"Anthropology, BA",program_suspension,2024-02-04,2024,Fall 2024,confirmed,,,,"Part of 20 programs eliminated due to enrollment declines and budget deficits; current students can complete degrees. Includes undergraduate majors (anthropology, physics), minors (Chinese), and graduate programs.",,University of North Carolina at Greensboro,,NC,North Carolina,Public,,,199148,supabase,TRUE,3,University of North Carolina at Greensboro,Public,"Public, 4-year or above",Four or more years,City: Large,"Degree-granting, primarily baccalaureate or above",19903,-11.972578505086243,Yes,602568981,475672064,-4.497824217578911,Yes,No,126896917,No,No,0,0,6162.0435171576455,-19.707487087252535,16.00311699416867,2668,1032,-12.553261225827598,-11.34020618556701,0.03627593830075868,0.01753048780487805,0.10723731666265927,-3.733333333333334,9.06344410876133,0.20896347284328995,0.08713353529220115,94.58546670147746,0.3782689026310003,-5.252986682324901,428946901,12.933343258297583,0.3186106774211109,15.41358145750698,-0.04431915610843827,,0.40656532738927065,,46,6477,6556,,https://spectrumlocalnews.com/nc/charlotte/college-and-university/2024/02/04/uncg-drops-programs,,Spectrum Local News,
26f5600e-b49b-4904-9775-26765b0a4614,Institution closure,institution_closure,2024-02-01,2024,February 2025,confirmed,,,,"Closure due to declining enrollment, financial fragility, and expanding government regulations. Current students taught out until final closure.",,Jamestown Business College,,NY,New York,Private for-profit,,,192004,supabase,FALSE,,,,,,,,,,,,,,,,,,,,,,,,,,,,,,,,,,,,,,,,,,,,,,,,,,https://www.insidehighered.com/news/quick-takes/2024/02/06/jamestown-business-college-close,,Inside Higher Ed,
52febcda-46b1-4b9d-8764-5332daf28a5b,In-person Instruction at Marinette Campus,program_suspension,2024-01-22,2024,Fall 2024,confirmed,,,,"UW-Green Bay ended all in-person instruction at its Marinette branch campus due to persistent enrollment declines, transitioning to exclusively online delivery while maintaining community engagement initiatives.",,University of Wisconsin-Green Bay,,WI,Wisconsin,Public,,,240277,supabase,TRUE,0,University of Wisconsin-Green Bay,Public,"Public, 4-year or above",Four or more years,City: Midsize,"Degree-granting, primarily baccalaureate or above",12903,26.686303387334316,No,138566187,137119310,15.410966199562894,No,No,1446877,No,No,1,4,5638.197698135198,-3.1970926183178983,27.92931655108616,895,371,5.046948356807512,3.3426183844011144,0.0351856157482756,0.03506916192026037,0.03752039151712887,160.91954022988506,176.82926829268294,0.04750833139579943,0.01725646704303386,77.67008481508998,0.26108828995290734,24.945897139498737,63937536,25.554045977690254,0.22517088375844144,-13.603377663919062,0.19675146613924893,,0.24219918581874064,,27,2699,6387,,https://www.insidehighered.com/news/quick-takes/2024/01/22/another-wisconsin-branch-campus-move-online-fall,,Inside Higher Ed,
d82dfa0e-5333-4e20-acd7-3213c0a4f442,Museum of Art,department_closure,2024-01-16,2024,Spring 2024,confirmed,,,,Permanent closure due to $14M budget cuts. Part of College of Liberal Arts reductions eliminating 12 staff. Museum served academic/community functions including student curation programs and public exhibitions.,,University of New Hampshire,,NH,New Hampshire,Public,,,183044,supabase,TRUE,3,University of New Hampshire-Main Campus,Public,"Public, 4-year or above",Four or more years,Town: Fringe,"Degree-granting, primarily baccalaureate or above",14676,-11.977448569543574,Yes,747378839,677515727,-2.803012824138789,Yes,No,69863112,No,No,0,0,13413.555053888727,-22.50776212523082,24.64545801784468,3650,945,-4.174323969545812,-5.31062124248497,0.03331970564186427,0.01064449064449064,0.13617502829121086,-44.620611551528874,-5.961538461538462,0.18063505042245845,0.2048362507963285,47.77300703315607,0.11106664999984572,1.9542541149278645,525445726,5.160098119443242,0.4613635028904593,24.3645793682956,0.13524181596128293,,0.1964195305745294,,57,6449,6539,,https://www.theartnewspaper.com/2024/01/25/university-new-hampshire-closes-art-museum-permanently,,The Art Newspaper,
