cut_id,source_unitid,source_institution_name,source_state,source_announcement_date,source_announcement_year,source_cut_type,source_cut_description,source_generated_cut_label,source_generated_cut_summary,source_source_url,source_source_title,source_source_publication,source_row_origin,override_unitid,override_institution_name,override_state,override_announcement_date,override_announcement_year,override_cut_type,override_cut_description,override_cut_label,override_cut_summary,override_source_url,override_source_title,override_source_publication,first_seen,review_status,reviewer,reviewer_notes,reviewed_at,grandfathered,inactive,inactive_reason
8cd1e98d-9d64-4d9a-af9e-07ab8d097a0b,200280,University of North Dakota,North Dakota,2026-05-08,2026,staff_layoff,"Energy and Environmental Research Center cuts 27 positions, furloughs 13 amid federal funding delays","Energy and Environmental Research Center cuts 27 positions, furloughs 13 amid federal funding delays","EERC (Energy and Environmental Research Center) at UND cut 27 positions and furloughed 13 (full or temporary basis) from ~210-person workforce. Furloughed employees may be reinstated based on operational needs and funding. Cuts driven by multi-year delays in federal funding — primarily from U.S. Dept of Energy — compounded by Trump administration spending curbs. FY2025 budget ~$85M: $40M competitive federal grants, $30M private sector, remainder state sources.",https://www.minotdailynews.com/uncategorized/2026/05/north-dakota-energy-research-center-cuts-affect-40-staff/,,Minot Daily News,scraper,,,,,,,,,,,,,2026-05-15,approved,SB,,2026-05-15,TRUE,FALSE,
9843c73e-c0ee-4380-a9ca-093d876ba133,228769,The University of Texas at Arlington,Texas,2026-05-08,2026,program_suspension,Programs suspended,UTA confirmed via email to faculty/staff and statement to WFAA that it will suspend new admissions into some programs and consolidate overlapping degree…,"UTA confirmed via email to faculty/staff and statement to WFAA that it will suspend new admissions into some programs and consolidate overlapping degree pathways in others. Changes affect fewer than 200 of 42,700+ enrolled students. All currently enrolled/admitted students can complete degrees without disruption; individualized advising and transition options will be provided. Suspending new admissions: BA in Art History, MS in Sustainable Building Technology, MS in Taxation (certificates, elective courses, and minors in these programs remain available).",https://www.wfaa.com/article/news/local/tarrant-county/ut-arlington-cutting-consolidating-degree-programs/287-ecc4df30-16bd-4781-836a-06e9ba6003a7,,WFAA,scraper,,,,,,,,,,,,,2026-05-15,approved,SB,,2026-05-15,TRUE,FALSE,
f3ccbb29-e2ee-4a35-a46a-7e3d27815607,162007,Bowie State University,Maryland,2026-05-07,2026,staff_layoff,79 positions eliminated amid second consecutive multimillion-dollar deficit,79 positions eliminated amid second consecutive multimillion-dollar deficit,"President Aminta Breaux announced elimination of 79 total positions through reorganization, vacancy cuts, and direct layoffs — ~6% of 1,175-person workforce. Second consecutive deficit: $13.6M shortfall in prior year (resolved via hiring delays and vacant position cuts); now facing $18M deficit for 2026-27. Maryland's oldest HBCU, founded 1865. Prior year deficit addressed without layoffs; this round requires direct workforce reduction. Breaux stated decisions made ""with care, thoughtfulness and deep respect for faculty, staff and students."" Specific breakdown of faculty vs staff positions not disclosed in available reporting.",https://wtop.com/education/2026/05/bowie-state-university-to-lay-off-employees-amid-18-million-deficit/,,WTOP / The Banner,scraper,,,,,,,,,,,,,2026-05-15,approved,SB,,2026-05-15,TRUE,FALSE,
fc1fd693-602e-4c01-9f75-4bb4ba01d1b7,126818,Colorado State University-Fort Collins,Colorado,2026-05-07,2026,staff_layoff,$35.8M in strategic cuts including staff layoffs and 0.5% workforce reduction,$35.8M in strategic cuts including staff layoffs and 0.5% workforce reduction,CSU System board approved FY2027 budget May 7-8 with $35.8M in strategic cuts at Fort Collins campus: staff layoffs (0.5% of workforce) + $3M from eliminating vacant positions. Financial aid tied to tuition costs preserved; 3% merit raise pool maintained for faculty/staff. Driven by Colorado state budget flat-funding higher ed to close $1.5B state deficit (constitutional balanced budget requirement). Tuition for in-state students capped at 3.5% increase by state.,https://www.highereddive.com/news/colorado-state-university-turns-to-layoffs-and-other-cuts-to-manage-budget/819906/,,Higher Ed Dive,scraper,,,,,,,,,,,,,2026-05-15,approved,SB,,2026-05-15,TRUE,FALSE,
fa00ac44-597c-4ebc-887d-4e1ed4429e74,157085,University of Kentucky,Kentucky,2026-05-07,2026,staff_layoff,96 UK employees laid off due to federal grant terminations in medicine and HIV programs,96 UK employees laid off due to federal grant terminations in medicine and HIV programs,"96 employees in UK College of Medicine Department of Behavioral Science and UK Healthcare HIV Program Operations laid off effective June 30 due to discontinuation of federal grant funding. UK will try to help affected employees find other positions at the university; all employees receive 60 days notice and pay per WARN Act. Separate from 926 Aramark Campus LLC dining/concessions contractor layoffs (also effective June 30) — those are third-party contractor employees, not UK staff, and Aramark/UK expect most to transition to new provider. UK ending 12-year Aramark partnership and exploring new enterprise services provider for dining and concessions.",https://www.wdrb.com/news/education/university-of-kentucky-restructuring-leads-to-hundreds-of-employee-layoffs/article_9d0325bd-1964-41a3-95d1-586172425025.html,,WDRB,scraper,,,,,,,96 employees laid off due to federal grant terminations in medicine and HIV programs,96 employees laid off due to federal grant terminations in medicine and HIV programs,,,,,2026-05-15,approved,SB,,2026-05-15,TRUE,FALSE,
9c7b5d91-e7ee-4e3b-8a24-72483f93a1af,206604,Wright State University-Main Campus,Ohio,2026-05-04,2026,program_suspension,"4 programs eliminated under Ohio SB1 mandate, 19 total cut since 2024","4 programs eliminated under Ohio SB1 mandate, 19 total cut since 2024","Most recent round eliminated 4 programs: BA Public Health (merged into BS Public Health), Regional Studies graduate certificate (0 enrolled), School Nurse graduate certificate (0 enrolled), MA International Relations (declining enrollment; new track in MPA being developed). Part of ongoing Ohio SB1 compliance requiring elimination of programs with fewer than 15 graduates over 3 years. WSU previously eliminated 15 programs under SB1 including BA African-American Studies, BA Women and Gender Studies, BA Philosophy, BA Chemistry, and others. 5 new programs approved simultaneously: BS Accelerated Health Sciences, STEM MBA, Classical Cultures minor, Manufacturing and Logistics minor, Operations and Data Analytics minor. Provost James Denniston cited enrollment trends, workforce needs, incoming student interests, HS pathways, and peer institution offerings as decision factors.",https://www.daytondailynews.com/local/education/wright-state-cuts-low-enrolled-programs-and-creates-new-majors/article_35b2597d-64e9-5fb3-a1e9-f588a45163f8.html,,Dayton Daily News,scraper,,,,,,,,,,,,,2026-05-15,approved,SB,not cuts for finacial reasons,2026-05-15,TRUE,FALSE,
3eea45ac-ec4e-470f-aa60-2b4c5d5f9d2a,203517,Kent State University at Kent,Ohio,2026-05-01,2026,staff_layoff,Up to 45 staff layoffs to close $18M FY2027 budget shortfall,Up to 45 staff layoffs to close $18M FY2027 budget shortfall,"President Diacon announced up to 45 layoffs in April 30 ""Talk with Todd"" campus address; notices going out in coming weeks pending FY2027 budget board approval. VP budgets cut 5-10%. $18M shortfall driven by expected state funding reduction, anticipated enrollment decline, inflation, and significant drop in international students due to federal visa policy changes. 2% raise for all non-union employees also announced. KSU has been reducing budget gradually for 10+ years. Strong enrollment continues in College of Aeronautics and Engineering and fashion design.",https://www.wosu.org/2026-05-04/kent-state-university-says-it-will-lay-off-up-to-45-staff-in-the-coming-weeks,,WOSU Public Media,scraper,,,,,,,,,,,,,2026-05-15,approved,SB,,2026-05-15,TRUE,FALSE,
900406df-423d-4140-98d2-e03e40fbca36,198464,East Carolina University,North Carolina,2026-04-30,2026,program_suspension,44 academic programs discontinued as part of $25M savings plan,44 total programs discontinued: 33 voluntarily identified by faculty/administrators + 11 recommended by APRO oversight committee last year.,"44 total programs discontinued: 33 voluntarily identified by faculty/administrators + 11 recommended by APRO oversight committee last year. Named programs include: BA Sociology (CIP 45.1101), MAED Middle Grades, MS Software Engineering (CIP 14.0903), MS Sustainable Tourism and Hospitality, PB Sustainable Tourism and Hospitality, Minor Ethnic Studies, Minor Physics (CIP 40.0801), Minor Speech and Hearing, PB Gerontology, BS Family and Consumer Sciences, PB Medical Family Therapy. Currently enrolled students may finish degrees via teach-out. Part of 3-year $25M savings target; first-year goal of $6M+ already exceeded.",https://wcti12.com/news/local/ecu-to-cut-33-academic-programs-including-sociology-software-engineering-and-physics,,WCTI News 12,scraper,,,,,,,44 total programs discontinued: 33 voluntarily identified by faculty/administrators + 11 recommended by APRO oversight committee last year.,44 total programs discontinued: 33 voluntarily identified by faculty/administrators + 11 recommended by APRO oversight committee last year.,,,,,2026-05-15,approved,SB,,2026-05-15,TRUE,FALSE,
417f7267-e390-4fc1-8eb2-89cad03117e0,166027,Harvard University,Massachusetts,2026-04-30,2026,staff_layoff,Radcliffe Institute staff layoffs and role reductions,"Radcliffe Institute for Advanced Study laid off 4 employees, shifted 3 to part-time, and eliminated 8 vacant positions (15 total roles affected).","Radcliffe Institute for Advanced Study laid off 4 employees, shifted 3 to part-time, and eliminated 8 vacant positions (15 total roles affected). Institute employs ~100 people. Announced by Dean Tomiko Brown-Nagin via Wednesday email citing ""wide range of federal actions targeting Harvard, cost pressures, and market volatility."" Harvard central administration directed all units to pursue ""structural cuts."" Follows prior hiring freeze, salary freeze for non-union employees, and vacant role eliminations. Radcliffe endowment-dependent (86% of revenue).",https://www.thecrimson.com/article/2026/4/30/radcliffe-layoffs/,,The Harvard Crimson,scraper,,,,,,,"Radcliffe Institute for Advanced Study laid off 4 employees, shifted 3 to part-time, and eliminated 8 vacant positions (15 total roles affected).","Radcliffe Institute for Advanced Study laid off 4 employees, shifted 3 to part-time, and eliminated 8 vacant positions (15 total roles affected).",,,,,2026-05-15,approved,SB,,2026-05-15,TRUE,FALSE,
02e6c326-bcb3-4d2b-b88d-6331e811f767,179894,Webster University,Missouri,2026-04-30,2026,program_suspension,Susan Polgar Institute for Chess Excellence (SPICE) program eliminated,Susan Polgar Institute for Chess Excellence (SPICE) program eliminated,"SPICE (Susan Polgar Institute for Chess Excellence) eliminated after 14 years at Webster (moved from Texas Tech 2012). Program accolades: 2 world championships, 3 Olympiad gold medals, 90+ national titles, 10 Pan-American Intercollegiate championships, 7 Final Four titles; just won 2026 Pan-Am for 13th consecutive President's Cup berth. Head coach GM Liem Le confirmed departure April 30. Program cost $1M+/year from operating budget; university says it raised $0 in outside endowments in 14 years. Reasons cited: unsustainable operating cost during years of losses, enrollment declines (Webster campus enrollment declined by half), and Trump-era visa restrictions (most team members attended on visas; Webster ranks 2nd in Missouri for enrollment decline due to visa restrictions).",https://www.ksdk.com/article/news/local/webster-university-eliminates-chess-team-amid-financial-and-immigration-hurdles/63-ff4e30ec-8751-4eca-b204-1bb8a514afd1,,KSDK,scraper,,,,,,,,,,,,,2026-05-15,approved,SB,,2026-05-15,TRUE,FALSE,
1abcf82b-0f47-4136-ba22-b381b843c14b,128106,Colorado State University Pueblo,Colorado,2026-04-29,2026,staff_layoff,9 FTE staff positions eliminated to close $2.4M structural deficit,9 FTE staff positions eliminated to close $2.4M structural deficit,"CSU Pueblo eliminated equivalent of ~9 full-time staff positions plus closed 8 vacant positions, reorganized units, and cut athletics budget by $1M to close $2.4M structural deficit. In-state tuition raised 3.5%, out-of-state 5%. Announced by President Rhonda Epper in April 29 budget update. Enrollment fell 3.2% to 6,851 students between 2019-2024. Epper cited ""tight competitive market and some negative narratives about the value of higher education"" alongside budgetary constraints.",https://www.highereddive.com/news/colorado-state-university-turns-to-layoffs-and-other-cuts-to-manage-budget/819906/,,Higher Ed Dive,scraper,,,,,,,The equivalent of 9 FTE staff positions eliminated to close $2.4M structural deficit,The equivalent of 9 FTE staff positions eliminated to close $2.4M structural deficit,,,,,2026-05-15,approved,SB,,2026-05-15,TRUE,FALSE,
48038bac-72f7-4c1e-8e09-dd700eff4f73,145813,Illinois State University,Illinois,2026-04-28,2026,program_suspension,Men's NCAA Division I tennis program discontinued,Men's tennis discontinued effective end of spring 2026 semester. 8-member roster (2025-26); 5 are seniors with completed eligibility; 3 remaining eligible for…,Men's tennis discontinued effective end of spring 2026 semester. 8-member roster (2025-26); 5 are seniors with completed eligibility; 3 remaining eligible for transfer portal (opens May 4). Scholarships honored through degree completion. Head coach Maja Kovacek continues coaching women's team (which won MVC championship 2026). Program competed in Summit League for 9 years after MVC dropped men's tennis in 2017; prior 36 years in MVC.,https://goredbirds.com/news/2026/4/28/general-illinois-state-athletics-discontinuing-mens-tennis-program.aspx,,Illinois State Redbirds Athletics,scraper,,,,,,,Men's tennis discontinued effective end of spring 2026 semester,Men's tennis discontinued effective end of spring 2026 semester,,,,,2026-05-15,approved,SB,not clear it was for financial reasons?,2026-05-15,TRUE,FALSE,
e48d1e1f-4b66-4bef-ac3c-6077b3643ac3,179159,Saint Louis University,Missouri,2026-04-27,2026,program_suspension,Men's and women's NCAA Division I tennis programs discontinued,Men's (est. 1975) and women's (est. 1976) NCAA Division I tennis programs discontinued effective immediately following completion of 2025-26 season at Atlantic…,"Men's (est. 1975) and women's (est. 1976) NCAA Division I tennis programs discontinued effective immediately following completion of 2025-26 season at Atlantic 10 Conference Championships. 19 total student-athletes (10 men, 9 women); 5 graduating spring 2026; remaining 14 eligible for immediate transfer portal entry under discontinuation-of-sport exception. 2 coaching positions eliminated: head coach James Tobin (full-time, 2nd year) and assistant Emilien Burnel (part-time); staff member Lizzie Barlow also thanked. No on-campus facility; teams played at Dwight Davis Tennis Center and Missouri Athletic Club West. Operating expenses: $173,199 for 2023-24 per Dept. of Education filing. SLU drops to 16 Division I sports (minimum 14 required).",https://www.bizjournals.com/stlouis/news/2026/04/28/saint-louis-university-drops-tennis-programs.html,,St. Louis Business Journal,scraper,,,,,,,,,,,,,2026-05-15,approved,SB,,2026-05-15,TRUE,FALSE,
701fb2fc-1071-4753-b37b-e5beb9bcee14,164492,Anna Maria College,Massachusetts,2026-04-24,2026,institution_closure,Institution closure,Governing board voted to permanently close at end of spring 2026 term.,"Governing board voted to permanently close at end of spring 2026 term. Founded 1946 by Sisters of Saint Anne; Catholic liberal arts institution known for music and art. Enrollment 1,202 as of fall 2024, down 16.6% since 2019. $18.4M long-term debt as of June 2025; endowment assets under $1.4M (all donor-restricted); investments fell ~80% in FY2025. Despite $2M in cost cuts, 7.5% spring enrollment increase, improved fall deposits, and fundraising beating projections, the progress was insufficient. Massachusetts Dept of Higher Education flagged as closure risk in early April 2026 citing inability to verify sufficient resources.",https://www.highereddive.com/news/anna-maria-college-massachusetts-closure/818492/,,Higher Ed Dive,scraper,,,,,,,,,,,,,2026-05-15,approved,SB,,2026-05-15,TRUE,FALSE,
c0a11c3d-a448-4916-8fd6-cab71cb09d06,106397,University of Arkansas,Arkansas,2026-04-24,2026,program_suspension,Men's and women's tennis programs,,,https://www.tennisrecruiting.net/article.asp?id=11969,,Tennis Recruiting Network,scraper,,,,,,,,,,,,,2026-05-15,approved,SB,was reinstated,2026-05-15,TRUE,FALSE,
18308136-6cd0-4cde-afec-adea5aab34cf,181215,University of Nebraska at Kearney,Nebraska,2026-04-24,2026,program_suspension,Four degree programs eliminated amid $4.5M budget cuts,Four degree programs eliminated amid $4.5M budget cuts,"Board of Regents approved elimination of 4 degrees: MS in Education - Higher Education (opposed by Regent Wilmot); BA in Modern Languages - German emphasis (CIP 16.0501); BM in Music Business emphasis; BA in Education - Modern Languages 7-12 German Teaching Endorsement. Chosen for low/declining enrollment and poor long-term viability. ~19 faculty roles cut via voluntary separations, eliminations, and unfilled openings. Additional $2.3M in operational/administrative reductions including graduate assistant reductions and vacating buildings. Part of $40M+ NU system-wide reductions; UNK's share proportional at $4.5M.",https://nebraskapublicmedia.org/en/news/news-articles/board-of-regents-eliminates-four-degrees-at-unk-months-after-department-cuts-for-unl/,,Nebraska Public Media,scraper,,,,,,,,,,,,,2026-05-15,approved,SB,,2026-05-15,TRUE,FALSE,
e0a80355-15ec-4c0e-a773-9bf0e54aa758,153658,University of Iowa,Iowa,2026-04-23,2026,program_suspension,7 programs approved for elimination by Iowa Board of Regents,"7 programs approved for elimination by Iowa Board of Regents: BA in African American Studies (CIP 05.0201), BA in Classical Languages, BA in Gender Women's and…","7 programs approved for elimination by Iowa Board of Regents: BA in African American Studies (CIP 05.0201), BA in Classical Languages, BA in Gender Women's and Sexuality Studies (CIP 05.0207), BA in Italian (CIP 16.0902), BA in Russian (CIP 16.0402), BS in Applied Physics (CIP 40.0801), and MA in African American World Studies (suspended since 2021; no enrolled students for 5 years). Also dissolves two admin units: African American Studies Program and Dept of Gender Women's and Sexuality Studies in College of Liberal Arts and Sciences. Minors in African American and women's studies will continue. French program exempted after faculty grew enrollment above 30. UI found 13 undergrad and 16 grad programs underenrolled but only requested closure of 7. Financial savings described as minimal by regents.",https://www.highereddive.com/news/iowa-regents-approve-10-program-cuts-at-2-universities/818384/,,Higher Ed Dive,scraper,,,,,,,,,,,,,2026-05-15,approved,SB,not specifically for financial reasons- following a state law,2026-05-15,TRUE,FALSE,
8a35d40f-31ac-42f4-aff4-4a1024340466,154095,University of Northern Iowa,Iowa,2026-04-23,2026,program_suspension,3 graduate programs approved for closure by Iowa Board of Regents,"3 graduate programs approved for closure by Iowa Board of Regents: MA in Psychology (suspended Fall 2024; no enrolled students), Professional Science Master's…","3 graduate programs approved for closure by Iowa Board of Regents: MA in Psychology (suspended Fall 2024; no enrolled students), Professional Science Master's in Industrial Mathematics (lost lead faculty 2021; no students since Fall 2019), and a third graduate program (not named in available reporting). Part of board-mandated low-enrollment review (graduate threshold: 10 or fewer students). Financial savings described as minimal. Current enrolled students may finish degrees; no new admissions.",https://www.highereddive.com/news/iowa-regents-approve-10-program-cuts-at-2-universities/818384/,,Higher Ed Dive,scraper,,,,,,,,,,,,,2026-05-15,approved,SB,not specifically for financial reasons- following a state law,2026-05-15,TRUE,FALSE,
c0cd2740-1ba6-49ad-9b28-3d1e48b61cd6,181464,University of Nebraska-Lincoln,Nebraska,2026-04-22,2026,department_closure,Gender and Sexuality Center closed,Gender and Sexuality Center closed,"Director position (vacant since Pat Tetreault 2024 retirement, budgeted $102K) eliminated. Remaining staff absorbed into Student Culture and Community under Office of Student Life, relocating to Jackie Gaughan Multicultural Center fall 2026. GSC established 2023 via merger of LGBTQA+ Center and Women's Center. Services redistributed: safer sex kits to University Health Center; menstrual products to Husker Pantry; Lavender Closet to Husker Closet; library content to University Library. Monthly STI drop-in testing discontinued entirely.",https://www.dailynebraskan.com/news/unl-s-gender-and-sexuality-center-to-shut-down/article_3860c048-34b3-4a53-83ba-f17f64f8e53a.html,,Daily Nebraskan,scraper,,,,,,,,,,,,,2026-05-15,approved,SB,not financial cut,2026-05-15,TRUE,FALSE,
7f287969-863e-4b9d-91bf-e9272ea4677b,110635,University of California-Berkeley,California,2026-04-11,2026,staff_layoff,Staff layoff,"Cal Athletics laid off ~25 staff in marketing, athletic communications and creative services units, effective early June 2026. Framed as ""complete…","Cal Athletics laid off ~25 staff in marketing, athletic communications and creative services units, effective early June 2026. Framed as ""complete redefinition"" of external operations transitioning to new ""Strawberry Creek Studios"" revenue generation model. Driven by $24.3M projected shortfall for 2024-25 fiscal year and broader college sports landscape changes (conference realignment, transfer portal, NIL). Co-ADs Jenny Simon-O'Neill and Jay Larson announced cuts April 11. Athletics department action; no academic programs affected. New football coach Tosh Lupoi hired December 2025.",https://www.essentiallysports.com/ncaa-college-football-news-college-athletics-to-cut-twenty-staffers-despite-twenty-two-million-dollars-raised-after-hiring-new-football-hc-california-tosh-lupoi/,,Essentially Sports,scraper,,,,,,,"Cal Athletics laid off ~25 staff in marketing, athletic communications and creative services units, effective early June 2026.","Cal Athletics laid off ~25 staff in marketing, athletic communications and creative services units, effective early June 2026.",,,,,2026-05-15,approved,SB,not financial cut,2026-05-15,TRUE,FALSE,
4fc53eab-fd00-4de9-97fb-cd55be7994e0,152099,Oakland City University,Indiana,2026-05-15,2026,campus_closure,Campus Closure,"WARN Act notice filed April 1 for 167 employees (110 full-time, 57 adjunct/part-time) effective June 1 — ~34% of workforce.","WARN Act notice filed April 1 for 167 employees (110 full-time, 57 adjunct/part-time) effective June 1 — ~34% of workforce. Board of Trustees voted May 15 to suspend all residential undergraduate in-person classes while continuing online programs. Students given 48 hours notice to vacate campus housing. ~350 traditional undergrad students told to find alternative arrangements. Graduate and online programs continue.",https://www.courierpress.com/story/news/local/2026/04/02/oakland-city-university-warns-employees-of-mass-layoff/89435291007/,,Evansville Courier & Press,scraper,,,,2026-04-01,,staff_layoff,Staff layoff,Staff layoff,,,,,2026-05-15,approved,SB,I think this needs to be rewriten/updated. Looks like they suspended all undergrad programs and laid off a bunch of staff,2026-05-15,TRUE,FALSE,
cd64be19-048f-4290-bb37-a42cc32bd1d0,196413,Syracuse University,New York,2026-04-01,2026,program_suspension,Programs suspended,"93 programs sunsetted (closed or paused) out of ~460 total following 7-month academic portfolio review begun August 2025. Breakdown: 41 bachelor's degrees, 19…","93 programs sunsetted (closed or paused) out of ~460 total following 7-month academic portfolio review begun August 2025. Breakdown: 41 bachelor's degrees, 19 graduate degrees, 33 certificates (28 advanced). 55 of the 93 had zero enrolled students. 258 students affected (1.2% of 22K+ enrollment); all may complete degrees via teach-out. No positions eliminated. Affected programs include classics, ceramics, sculpture, painting, German, Italian, French, Russian, Middle Eastern studies, African American studies, digital humanities, Modern Jewish studies, and others. Driven by enrollment concentration: 34% of programs serve 80% of students.",https://www.nytimes.com/2026/04/01/nyregion/syracuse-university-degrees-eliminated.html,,New York Times,scraper,,,,,,,93 programs closed or paused out of ~460 total,93 programs closed or paused out of ~460 total,,,,,2026-05-15,approved,SB,,2026-05-15,TRUE,FALSE,
71cdee54-e08c-45ee-8203-a3042c87079a,101709,University of Montevallo,Alabama,2026-04-01,2026,program_suspension,MADE Program,MADE (Minorities Achieving Dreams of Excellence) student support program closing end of spring 2026 semester after 7 years.,"MADE (Minorities Achieving Dreams of Excellence) student support program closing end of spring 2026 semester after 7 years. Founded 2019 as a president's office initiative to support underserved first-year students. Program coordinator Jason Perry also departing after graduation. Program offered early orientation, scholarships, monthly meetings, coaching, mentoring, study space, ambassadorships, and internships.",https://www.wbrc.com/2026/04/23/made-program-closing-university-montevallo-after-7-years-coordinator-says/,,WBRC,scraper,,,,,,,MADE (Minorities Achieving Dreams of Excellence) student support program closing end of spring 2026 semester after 7 years.,MADE (Minorities Achieving Dreams of Excellence) student support program closing end of spring 2026 semester after 7 years.,,,,,2026-05-15,approved,SB,not clear if it's financial or not,2026-05-15,TRUE,FALSE,
a1650707-d0fb-4419-a489-7f8662eefe6f,159939,University of New Orleans,Louisiana,2026-04-01,2026,program_suspension,Programs suspended,"Multiple program discontinuations and restructurings as UNO transitions to LSU New Orleans in 2026. Discontinued: BA International Studies (→ minor), BS…","Multiple program discontinuations and restructurings as UNO transitions to LSU New Orleans in 2026. Discontinued: BA International Studies (→ minor), BS Elementary Ed & Special Ed (Grades 1-5), MAT Elementary Ed & Special Ed (Grades 1-5), MAT Secondary Ed & Special Ed (Grades 6-12), MFA theatre-related tracks/concentrations. Restructured: BA Art History → BA Studio Art (Art History as minor); BA Film and Theatre → BA Film Arts (Theatre Arts as minor); MFA renamed. Taught out: BS Mathematics (while new BS Data Science is developed); MS Tax Accounting (existing teach-out continues). MA Arts Administration merged into MPA.",https://www.fox8live.com/2026/04/01/uno-announces-degree-cuts-program-changes-lsu-new-orleans-transition-begins/,,Fox 8 WVUE,scraper,,,,,,,Multiple program discontinuations and restructurings as UNO transitions to LSU New Orleans in 2026.,Multiple program discontinuations and restructurings as UNO transitions to LSU New Orleans in 2026.,,,,,2026-05-15,approved,SB,not clear if it's financial or not,2026-05-15,TRUE,FALSE,
545e9f63-6e2a-461f-bebc-a384f7e6b80a,144281,Columbia College Chicago,Illinois,2026-03-31,2026,staff_layoff,Senior leadership layoffs and executive restructuring to close $40M deficit,Senior leadership layoffs and executive restructuring to close $40M deficit,"Three senior administrators laid off March 31: Jerry Tarrer (former interim president/CEO, at college since 2017), Laurent Pernot (VP of strategic partnerships, previously chief of staff for 8 years), Jeffrey Reuter (associate VP of budget, planning and analysis since 2019). CIO Kathie Koch also departed same month. Part of broader restructuring announced by President Shantay Bolton including hiring freeze for nonessential admin positions and further spending cuts. Since January 2025: 48 full-time faculty laid off (32 tenured); year prior: 70 staff cut.",https://columbiachronicle.com/campus/exclusive-columbia-cuts-former-interim-president-two-other-senior-leaders-amid-40-million-deficit/,,Columbia Chronicle,scraper,,,,,,,,,,,,,2026-05-15,approved,SB,,2026-05-15,TRUE,FALSE,
8f5ca122-adfe-4e42-b6cc-d9c8498cb317,174899,The College of Saint Scholastica,Minnesota,2026-03-27,2026,staff_layoff,Staff layoff,Non-renewal letters sent by Provost Dr.,"Non-renewal letters sent by Provost Dr. Ryan Sandefer citing ""current financial constraints"" and institutional restructuring. Sources indicate more than a dozen faculty affected; college declined to confirm any personnel figures. College described cuts as ""necessary budget adjustments."" Letters stated non-renewals do not reflect negatively on performance.",https://www.fox21online.com/news/cuts-at-college-of-st-scholastica/article_fd38acf1-b26b-4178-8784-6feded1605ea.html,,Fox 21,scraper,,,,,,,Faculty positions cut,Faculty positions cut,,,,,2026-05-15,approved,SB,,2026-05-15,TRUE,FALSE,
6dacb975-b4a3-43e5-9d72-81c9e42011de,186131,Princeton University,New Jersey,2026-03-24,2026,staff_layoff,Staff layoff,All 9 staff at Keller Center for Innovation in Engineering Education laid off.,All 9 staff at Keller Center for Innovation in Engineering Education laid off. Tenured faculty salaries frozen; all other staff raises capped at 1%. All departments cut 5-10% of budgets. Most staff hiring frozen.,https://www.nj.com/education/2026/03/princeton-u-cuts-jobs-freezes-professors-salaries-even-though-it-has-a-36b-endowment.html,,NJ.com,scraper,,,,,,,,,,,,,2026-05-15,approved,SB,,2026-05-15,TRUE,FALSE,
b3a97f93-11f1-483c-a139-0516cabb197b,227216,University of North Texas,Texas,2026-03-19,2026,program_suspension,Programs suspended,"70+ programs, minors and certificates cut or consolidated to address $45M deficit.","70+ programs, minors and certificates cut or consolidated to address $45M deficit. Major cuts: all linguistics degrees phased out (dept merged with World Languages, Literatures and Cultures effective Sept. 1); BA in Latino and Latin American Studies eliminated; MA in Women's and Gender Studies cut. 25 undergraduate minors eliminated including women's and gender studies, LGBTQ studies, Mexican American studies, Africana studies, Asian studies, dance, geology, and special education. 40+ certificate programs cut (avg. fewer than 2 students/year). Driven by sharp decline in international enrollment and reduced state funding. Faculty buyouts offered to those with 15+ years service (deadline April 10).",https://www.texastribune.org/2026/03/20/university-north-texas-deficit-program-cuts/,,Texas Tribune,scraper,,,,,,,,,,,,,2026-05-15,approved,SB,,2026-05-15,TRUE,FALSE,
9a478997-e54f-4893-ab6c-d169d3c6e6fb,204857,Ohio University-Main Campus,Ohio,2026-03-16,2026,program_suspension,Programs suspended,17 programs sunset per Ohio Advance Higher Education Act (SB1) mandate requiring 5+ annual degree conferrals averaged over 3 years.,"17 programs sunset per Ohio Advance Higher Education Act (SB1) mandate requiring 5+ annual degree conferrals averaged over 3 years. Originally 36 programs fell below threshold; 16 approved to merge with similar programs, 3 received ODHE waivers, 17 sunset. Programs closed include BA in African American Studies, BA in French, BA in Chemistry, BA in Dance, BFA in Interdisciplinary Arts, BM in Music Therapy, BA in Mathematics, BA in Physics, BA in Geological Sciences, and several associate degrees. Most disciplines continue via minors, BS alternatives or related programs. 16 additional programs being merged/combined.",https://www.ohio.edu/news/2026/03/following-review-state-ohio-university-will-sunset-select-academic-programs-graduating,,Ohio University News,scraper,,,,,,,,,,,,,2026-05-15,approved,SB,not a financial cut,2026-05-15,TRUE,FALSE,
7fd5cebe-0d57-43e9-8e77-5cf572afa8fd,166018,Hampshire College,Massachusetts,2026-03-14,2026,institution_closure,Institution closure,"Board of Trustees voted to permanently close the college at the end of Fall 2026. Announced by President Jennifer Chrisler on March 14, 2026. Driven by $20M+…","Board of Trustees voted to permanently close the college at the end of Fall 2026. Announced by President Jennifer Chrisler on March 14, 2026. Driven by $20M+ in debt, $3.7M operating deficit (2025), chronic enrollment decline since 2019 (when college did not admit an incoming class), and NECHE accreditor sustainability requirement. Five-year sustainability plan (2019-2024) fell short: raised $55M of $60M goal but could not grow enrollment sufficiently. Two student pathways offered: Completion (Division III students finish at Hampshire through Dec 2026) and Transfer (to Five College Consortium partners and others). Founded 1965; known for independent liberal arts model.",https://www.amherstindy.org/2026/04/14/hampshire-college-to-close-permanently-at-years-end/,,Amherst Indy,scraper,,,,,,,Board of Trustees voted to permanently close the college at the end of Fall 2026,Board of Trustees voted to permanently close the college at the end of Fall 2026,,,,,2026-05-15,approved,SB,,2026-05-15,TRUE,FALSE,
f8a71e2a-c51a-4d56-b3e6-68b336237601,193654,The New School,New York,2026-06-02,2026,staff_layoff,Staff layoff,15% of full-time workforce laid off — 400-460 total positions eliminated through layoffs and vacant position cuts.,"15% of full-time workforce laid off — 400-460 total positions eliminated through layoffs and vacant position cuts. Layoff notices handed out June 2, 2026. Four colleges consolidated into two: Eugene Lang + New School for Social Research merged into one unit; Parsons + College of Performing Arts + Schools of Media merged into second unit. PhD admissions paused across nearly all doctoral programs for 2026-27 including sociology, philosophy, economics, politics. Student medical services gutted.",https://www.chronicle.com/article/its-just-been-agony-facing-a-big-deficit-the-new-school-begins-layoffs,,The Chronicle of Higher Education,scraper,,,,,,,Layoffs of 68 staff and 19 faculty,Layoffs of 68 staff and 19 faculty,"15% of full-time workforce laid off. Layoff notices handed out June 2, 2026. Four colleges consolidated into two: Eugene Lang + New School for Social Research merged into one unit; Parsons + College of Performing Arts + Schools of Media merged into second unit. PhD admissions paused across nearly all doctoral programs for 2026-27 including sociology, philosophy, economics, politics. Student medical services gutted.",,,,2026-05-15,approved,SB,,2026-05-15,TRUE,FALSE,
b3650f1e-0764-4fbf-b8e8-27b255d4df36,170976,University of Michigan-Ann Arbor,Michigan,2026-03-13,2026,staff_layoff,School of Public Health staff and lecturer layoffs amid FY2027 budget shortfall,School of Public Health conducting Reduction in Force (RIF) including mid-contract lecturer layoffs and staff cuts.,"School of Public Health conducting Reduction in Force (RIF) including mid-contract lecturer layoffs and staff cuts. Lecturer Lex Eisenberg received layoff notice March 13 mid-contract. ~50 students, faculty and staff demonstrated April 22 outside annual awards ceremony demanding halt to cuts and financial transparency. Compensation allocation cut from $39.3M (FY2025) to $37M (FY2026); FY2027 shortfall projected. Root causes: 65-student drop in international enrollment 2024-25 (accelerating due to Trump travel ban affecting 19 countries and visa scrutiny); declining indirect cost recovery from federal research disruptions; 2023 one-time $2M investment in faculty/staff pay (including 19 new tenure-track faculty) created unsustainable compensation baseline.",https://www.mlive.com/news/ann-arbor/2026/05/university-of-michigan-school-of-public-health-lays-off-staff-amid-budget-issues.html,,MLive,scraper,,,,,,,School of Public Health conducting Reduction in Force (RIF) including mid-contract lecturer layoffs and staff cuts.,School of Public Health conducting Reduction in Force (RIF) including mid-contract lecturer layoffs and staff cuts.,,,,,2026-05-15,approved,SB,,2026-05-15,TRUE,FALSE,
b286155b-2127-427d-9437-bf8f8d3e777e,185129,New Jersey City University,New Jersey,2026-02-27,2026,staff_layoff,Various Programs,"NJCU announced the reduction of its academic portfolio by 37 percent, which involved sunsetting 48 undergraduate programs, 24 minors, 28 graduate programs, 10…","NJCU announced the reduction of its academic portfolio by 37 percent, which involved sunsetting 48 undergraduate programs, 24 minors, 28 graduate programs, 10 certificate programs, and one doctoral program.",https://www.nj.com/education/2026/02/nj-university-will-lay-off-151-employees-ahead-of-massive-merger-report-says.html,,nj.com,scraper,,,,,,,NJCU announced the reduction of its academic portfolio by 37 percent and staff layoffs.,NJCU announced the reduction of its academic portfolio by 37 percent and staff layoffs.,,,,,2026-05-15,approved,SB,,2026-05-15,TRUE,FALSE,
a82051be-4c64-42df-a662-bdf788dd63a3,201690,Central State University,Ohio,2026-02-20,2026,staff_layoff,Staff layoff,"At least 16 faculty laid off, mostly in humanities, effective end of academic year (pay and benefits through August).","At least 16 faculty laid off, mostly in humanities, effective end of academic year (pay and benefits through August). Board of trustees approved cuts in early February 2026. Driven by Ohio Advance Higher Education Act (SB1) compliance — requires eliminating programs with fewer than 5 graduates/year over 3 years — and ongoing fiscal distress including a $26M student tuition/fee backlog. Ohio Dept. of Higher Education placed CSU on fiscal watch in 2024. Prior year cuts included 33 staff and 7 faculty. HBCU; secured $400K+ in emergency student aid via UNCF partnership in January 2026.",https://www.wyso.org/news/2026-02-20/csu-to-lay-off-faculty-amid-financial-strain-complying-with-new-ohio-law,,WYSO,scraper,,,,,,,"At least 16 faculty laid off, mostly in humanities, effective end of academic year","At least 16 faculty laid off, mostly in humanities, effective end of academic year",,,,,2026-05-15,approved,SB,,2026-05-15,TRUE,FALSE,
2a893ffc-bef3-4f49-b458-0bfa1f12d804,101709,University of Montevallo,Alabama,2026-02-13,2026,program_suspension,Programs suspended,"Board unanimously voted to eliminate 9 minors and 7 concentrations (16 total), saving ~$400K.","Board unanimously voted to eliminate 9 minors and 7 concentrations (16 total), saving ~$400K. Minors cut include African American Studies, Cybersecurity, Economics, Latin American Studies, Management Information Systems, Non-profit Studies, Peace and Justice Studies, Philosophy and Religion, and Professional Writing. Current students with declared minors/concentrations may finish via teach-out. Second round of cuts after 6 programs were eliminated in May 2025. Part of effort to close ~$8M shortfall.",https://www.shelbycountyreporter.com/news/um-board-of-trustees-approves-elimination-of-16-minors-concentrations-b0bf5602,,Shelby County Reporter,scraper,,,,,,,,,,,,,2026-05-15,approved,SB,,2026-05-15,TRUE,FALSE,
7f372b93-9079-432c-bbfd-3b264318e655,203757,Lourdes University,Ohio,2026-02-11,2026,institution_closure,Permanent institution closure after 68 years,"387 total employees losing jobs via WARN filing: 26 assistant professors, 106 adjuncts, 14 head coaches, ~31 federal work-study students, ~49 student…","387 total employees losing jobs via WARN filing: 26 assistant professors, 106 adjuncts, 14 head coaches, ~31 federal work-study students, ~49 student employees, and remaining admin/staff. Terminations begin May 15 through Sept. 30, 2026. Founded 1958 by Sisters of St. Francis of Sylvania; owned and subsidized by Sisters for nearly 25 years. Closure driven by declining enrollment, rising costs, and unsustainable funding model.",https://www.wtol.com/article/news/local/lourdes-university-387-employees-to-lose-jobs-permanent-closure/512-a4e5f0bc-ad9c-4adf-b694-a64c2ca4c6f1,,WTOL,scraper,,,,,,,"387 total employees losing jobs including 26 assistant professors, 106 adjuncts and 14 head coaches","387 total employees losing jobs including 26 assistant professors, 106 adjuncts and 14 head coaches",,,,,2026-05-15,approved,SB,,2026-05-15,TRUE,FALSE,
1e452028-bcc4-42d2-a379-91ab55250e9a,196130,SUNY Buffalo State University,New York,2026-02-07,2026,program_suspension,Programs suspended,"Deactivating 1 undergraduate program (Environmental Geography, B.S.), 2 graduate programs (Conflict Analysis and Resolution, M.S.; Higher Education and Student…","Deactivating 1 undergraduate program (Environmental Geography, B.S.), 2 graduate programs (Conflict Analysis and Resolution, M.S.; Higher Education and Student Affairs Administration, M.S.), 2 minors, and 3 certificates. 19 students in impacted bachelor's programs, 29 in master's programs (48 total; 0.8% of enrollment). Enrolled students may complete degrees via teach-out. Part of SUNY-mandated Framework for Fiscal Stability Plan targeting elimination of $16-17M structural deficit by 2027-28. Deficit attributed to Great Recession-era state cuts and COVID-19 financial losses. Prior year cuts included sociology.",https://www.wivb.com/news/local-news/buffalo-state-program-cuts-spark-strong-reactions-from-students/,,WIVB News 4,scraper,,,,,,,"Deactivating 1 undergraduate program, 2 graduate programs and several minors certificates","Deactivating 1 undergraduate program, 2 graduate programs and several minors certificates",,,,,2026-05-15,approved,SB,,2026-05-15,TRUE,FALSE,
8693231e-a88f-4fb0-b9ef-82f032c33952,455770,Providence Christian College,California,2026-02-07,2026,institution_closure,Permanent institution closure after 20 years of operation,"Board of Trustees voted February 7, 2026 to cease academic operations at end of 2025-2026 academic year.","Board of Trustees voted February 7, 2026 to cease academic operations at end of 2025-2026 academic year. Founded 2002, incorporated in CA; first class admitted 2005; Reformed Christian liberal arts institution in Old Town Pasadena. Closure driven by declining enrollment, rising operational costs (Southern California), heightened accreditation expectations, and loss of federal funds. Accreditation held by WASC Senior (on probation at time of closure).",https://www.providencecc.edu/announcement/,,Providence Christian College,scraper,,,,,,,"Board of Trustees voted February 7, 2026 to cease academic operations at end of 2025-2026 academic year.","Board of Trustees voted February 7, 2026 to cease academic operations at end of 2025-2026 academic year.",,,,,2026-05-15,approved,SB,,2026-05-15,TRUE,FALSE,
7037ad4d-3f25-4f05-ade7-73aa5ae82dc1,206589,The College of Wooster,Ohio,2026-02-06,2026,staff_layoff,Staff layoff,"22 staff laid off (18 full-time, 4 part-time) via reorganizations, staffing consolidations and reductions across administrative offices.","22 staff laid off (18 full-time, 4 part-time) via reorganizations, staffing consolidations and reductions across administrative offices. Majority are non-student-facing roles. No faculty affected. Enrollment has dropped from 2,033 in 2011-12 to 1,600+ currently.",https://www.ideastream.org/education/2026-02-09/the-college-of-wooster-lays-off-staff-as-it-adjusts-to-a-smaller-student-body,,Ideastream Public Media,scraper,,,,,,,,,,,,,2026-05-15,approved,SB,,2026-05-15,TRUE,FALSE,
063f09da-fef1-46ac-b1bf-fde15f9a03ed,142276,Idaho State University,Idaho,2026-02-06,2026,department_closure,Department closure,"45 total positions eliminated (12 faculty, 21 staff, 11 administrators; ~40% currently vacant).","45 total positions eliminated (12 faculty, 21 staff, 11 administrators; ~40% currently vacant). College of Education (est. 1958) dissolved and absorbed into new College of Humanities, Education and Social Science (CHESS), saving ~$1.8M. Biology dept split: biochemistry, microbiology, and anatomy & physiology merged with pharmacy's pharmaceutical sciences into new Dept of Biomedical Sciences under Kasiska Division of Health Sciences. Driven by $8M deficit from 3% state-mandated budget cut plus $3M health insurance increases and $2.2M in unfunded cost adjustments.",https://www.idahostatejournal.com/freeaccess/45-layoffs-as-isu-axes-college-of-education-splits-biology-department-in-mass-restructuring/article_11660917-46c1-4ff9-b34c-b1c942eb4910.html,,Idaho State Journal,scraper,,,,,,,"45 total positions eliminated (12 faculty, 21 staff, 11 administrators).","45 total positions eliminated (12 faculty, 21 staff, 11 administrators).",,,,,2026-05-15,approved,SB,,2026-05-15,TRUE,FALSE,
02f6e71c-973b-47c4-8932-1d0871f9f26c,196866,Union College,New York,2026-02-02,2026,staff_layoff,Staff layoff,All ~40 college-employed dining staff positions eliminated after spring 2026 semester; staff may apply to continue with dining contractor Bon Appétit.,"All ~40 college-employed dining staff positions eliminated after spring 2026 semester; staff may apply to continue with dining contractor Bon Appétit. Early retirement incentive offered to all employees 60+ with 10+ years of service (2 weeks pay per year worked, up to 18 months). Driven by missed enrollment goals for 2 consecutive years. No faculty positions affected.",https://www.timesunion.com/education/article/union-college-laying-dozens-offering-early-21350169.php,,Times Union,scraper,,,,,,,,,,,,,2026-05-15,approved,grandfathered,,2026-05-15,TRUE,FALSE,
9d4dc3b2-9398-49d6-8723-dd93ce30a1b9,228723,Texas A&M University-College Station,Texas,2026-01-30,2026,department_closure,Department closure,Women's and Gender Studies (WGST) program closed effective immediately per Interim President Tommy Williams.,"Women's and Gender Studies (WGST) program closed effective immediately per Interim President Tommy Williams. Impacts BA/BS degrees, undergraduate minor, and graduate certificate. 25 enrolled majors and 31 enrolled minors (56 total) will be taught out over up to 6 semesters. 50+ affiliated faculty employment status unaffected. Cited Texas A&M System policy compliance and limited enrollment. Part of broader spring 2026 course review covering ~5,400 syllabi; 6 courses also canceled for non-compliance.",https://www.kbtx.com/2026/01/30/texas-am-ends-womens-gender-studies-program-comply-with-system-policies/,,KBTX,scraper,483036,Texas A&M University-Central Texas,,,,,,,,,,,2026-05-15,approved,grandfathered,,2026-05-15,TRUE,FALSE,
346a58e4-5bf0-46c3-bda4-05f58e2b2332,156125,Wichita State University,Kansas,2026-01-27,2026,staff_layoff,Staff layoff,"WSU Athletics eliminated five staff positions in late January 2026 to ""structure and right-size"" its operations.","WSU Athletics eliminated five staff positions in late January 2026 to ""structure and right-size"" its operations. Cuts driven by financial pressures from the House vs. NCAA settlement, which requires universities to directly compensate student-athletes. AD Kevin Saal had requested $1M in NIL donations in April 2025 to support men's basketball.",https://www.kansas.com/sports/college/wichita-state/article315647702.html,,The Wichita Eagle (kansas.com),scraper,,,,,,,,,,,,,2026-05-15,approved,grandfathered,,2026-05-15,TRUE,FALSE,
de8c4406-240e-4326-9bf4-eddf2a7d7f19,131469,George Washington University,District of Columbia,2026-01-19,2026,program_suspension,Admissions paused for 5 Ph.D. programs for fall 2026,"Admissions paused for fall 2026 in 5 Ph.D. programs: Clinical Psychology, Anthropology, Human Paleobiology, Political Science, and Mathematics.","Admissions paused for fall 2026 in 5 Ph.D. programs: Clinical Psychology, Anthropology, Human Paleobiology, Political Science, and Mathematics. Applicants notified week of Jan 19; application fees refunded; offered consideration for master's programs instead. University cited need to limit new funding commitments to protect existing Ph.D. student packages. Not described as permanent closure.",https://www.insidehighered.com/news/students/graduate-students-and-postdocs/2026/01/26/george-washington-u-pauses-admissions-5-phd,,Inside Higher Ed,scraper,,,,,,,"Admissions paused for fall 2026 in 5 Ph.D. programs: Clinical Psychology, Anthropology, Human Paleobiology, Political Science, and Mathematics.","Admissions paused for fall 2026 in 5 Ph.D. programs: Clinical Psychology, Anthropology, Human Paleobiology, Political Science, and Mathematics.",,,,,2026-05-15,approved,grandfathered,,2026-05-15,TRUE,FALSE,
97ee17d8-a96e-4bdc-9354-f0dc8074afe4,235097,Eastern Washington University,Washington,2026-01-15,2026,department_closure,Adaptive Athletics Program (Wheelchair Basketball) Discontinued,Eastern Washington University announced the discontinuation of its Division I adaptive athletics program (wheelchair basketball) at the end of the 2025-26…,Eastern Washington University announced the discontinuation of its Division I adaptive athletics program (wheelchair basketball) at the end of the 2025-26 academic season due to sustainability and financial challenges. The program was the first of its kind in the Pacific Northwest.,https://www.kxly.com/news/eastern-washington-university-cuts-wheelchair-basketball-program/article_d29f0032-c281-47df-aebb-d8a207afbc3a.html,,KXLY,scraper,,,,,,,Eastern Washington University announced the discontinuation of its Division I adaptive athletics program (wheelchair basketball) at the end of the 2025-26 year.,Eastern Washington University announced the discontinuation of its Division I adaptive athletics program (wheelchair basketball) at the end of the 2025-26 year.,,,,,2026-05-15,approved,grandfathered,,2026-05-15,TRUE,FALSE,
395262f9-eff4-4965-94ee-102c03b8b431,110370,California College of the Arts,California,2026-01-13,2026,institution_closure,Institution closure,California College of the Arts closing permanently end of 2026-27 academic year after 119 years.,California College of the Arts closing permanently end of 2026-27 academic year after 119 years. Founded 1907 in East Bay; moved to SF Design District campus ($123M building opened 2025). Vanderbilt University acquiring SF campus and original Oakland property; will establish own undergraduate and graduate programming. CCA Institute and Wattis Institute of Contemporary Arts museum preserved at campus.,https://www.sfchronicle.com/entertainment/article/california-college-arts-layoffs-21307770.php,,SF Chronicle,scraper,,,,,,department_closure,Department closure,Department closure,,,,,2026-05-15,approved,grandfathered,,2026-05-15,TRUE,FALSE,
d7db3ff3-4741-413c-bb09-c525c31f7d28,213598,Lincoln University,California,2026-01-05,2026,program_suspension,Football Program Suspended,"Program suspended after multiple seasons of losses, financial unsustainability, and media investigations.","Program suspended after multiple seasons of losses, financial unsustainability, and media investigations. Head coach Desmond Gumbs stepped down; intent to return in Division II.",https://www.usatoday.com/story/sports/2026/01/08/lincoln-university-football-oakland-coach-program-suspend/88088321007/,,USA Today,scraper,117557,,,,,,"Program suspended after multiple seasons of losses, financial unsustainability, and media investigations.","Program suspended after multiple seasons of losses, financial unsustainability, and media investigations.",,,,,2026-05-15,approved,grandfathered,,2026-05-15,TRUE,FALSE,
05b33f52-a722-4e2c-b1e1-e86fc28a6759,150455,Earlham College,Indiana,2025-12-18,2025,staff_layoff,109 positions eliminated including 45 teaching faculty amid $18M budget cuts,109 positions eliminated including 45 teaching faculty amid $18M budget cuts,"109 total positions reduced: 47 eliminated/non-renewed Dec 18 (25 teaching faculty incl. 5 tenured, 22 admin faculty), plus 31 from hiring freeze since May 2025, 22 voluntary separations/incentivized retirements, 9 recent retirements. 45 teaching faculty + 64 admin faculty/staff total. Non-tenured staff/admin conclude June 30, 2026; tenured faculty conclude June 30, 2027 (or early retirement option). Earlham was Wayne County's 7th-largest employer (388 total employees pre-cuts). Enrollment dropped from ~1,200 students (2007) to 671 fall 2025. Structural cash-flow deficit of ~$15M/year for nearly a decade; board mandated balanced budget by 2030 requiring $18M in recurring expense cuts.",https://westernwaynenews.com/earlham-staffing-reductions-109-positions/,,Western Wayne News,scraper,,,,,,,,,,,,,2026-05-15,approved,grandfathered,,2026-05-15,TRUE,FALSE,
028e6be7-2dd3-464d-9447-8c775ff7312d,219833,Christian Brothers University,Tennessee,2025-12-17,2025,staff_layoff,Staff layoff,16 full-time faculty members issued non-renewal notices effective end of spring 2026 semester as university targets a 12:1 student-faculty ratio.,16 full-time faculty members issued non-renewal notices effective end of spring 2026 semester as university targets a 12:1 student-faculty ratio. Layoffs follow the lifting of financial probation by the Southern Association of Colleges and Schools (SACSCOC). Affected faculty represent multiple academic departments at the Memphis institution.,https://www.actionnews5.com/2025/12/17/christian-brothers-university-announces-faculty-layoffs/,,Action News 5,scraper,,,,,,,,,,,,,2026-05-15,approved,grandfathered,,2026-05-15,TRUE,FALSE,
3e920bc0-bb34-4097-a007-f70dfb1b3954,144740,DePaul University,Illinois,2025-12-15,2025,staff_layoff,Staff layoff,"114 staff members laid off effective December 12, 2025, representing 7.6% of 1,493 full-time and part-time employees.","114 staff members laid off effective December 12, 2025, representing 7.6% of 1,493 full-time and part-time employees. Cuts announced jointly by President Robert L. Manuel, Provost Salma Ghanem, and CFO. DePaul has faced declining enrollment and rising costs for several years; layoffs framed as necessary for structural financial sustainability.",https://www.yahoo.com/news/articles/depaul-university-lays-off-114-194000783.html,,Yahoo News,scraper,,,,,,,,,,,,,2026-05-15,approved,grandfathered,,2026-05-15,TRUE,FALSE,
99ca38ea-837c-4ed5-90e5-c90503f029cd,142294,The College of Idaho,Idaho,2025-12-09,2025,program_suspension,Program suspension and Staff layoff,"The private liberal arts college announced it will cut theater, communication arts, and philosophy majors — all programs with low enrollment numbers.","The private liberal arts college announced it will cut theater, communication arts, and philosophy majors — all programs with low enrollment numbers.",https://www.kivitv.com/canyon-county/college-of-idaho-cuts-three-majors-lays-off-10-employees-in-academic-restructuring,,Idaho6 News,scraper,,,,,,,"The private liberal arts college announced it will cut theater, communication arts, and philosophy majors — all programs with low enrollment numbers.","The private liberal arts college announced it will cut theater, communication arts, and philosophy majors — all programs with low enrollment numbers.",,,,,2026-05-15,approved,grandfathered,,2026-05-15,TRUE,FALSE,
7ed928be-cea6-49e5-bf0d-21ed03f01aee,151810,Martin University,Indiana,2025-12-09,2025,institution_closure,Institution closing,Institution closing,"Indianapolis HBCU paused all campus operations at end of fall 2025 semester, discontinuing all classes. University cited financial challenges and enrollment decline. Pause described as indefinite; students advised to seek transfer options. Martin serves a predominantly adult, low-income student population and is one of few HBCUs in Indiana.",https://www.wthr.com/article/news/education/martin-university-pausing-operations-end-2025-semester-college-indianapolis/531-de213904-c26d-443e-a54c-b62bebd2a2ea,,WTHR,scraper,,,,,,,,,,,,,2026-05-15,approved,grandfathered,,2026-05-15,TRUE,FALSE,
d7e36650-2dac-46c4-93c6-878580966d57,153162,Cornell College,Iowa,2025-11-24,2025,program_suspension,The college will drop the 11 majors and associated courses in the upcoming semester,The college will drop the 11 majors and associated courses in the upcoming semester,"Cornell College (Mount Vernon, IA) announced elimination of 11 majors and associated courses for 2026-27 academic year, including programs in music and world languages, citing declining student enrollment and data-driven program review. Current students in affected majors can complete degrees. No faculty layoffs immediately announced.",https://www.kcrg.com/2025/11/24/cornell-college-cut-courses-citing-student-enrollment/,,KCRG,scraper,,,,,,,,,,,,,2026-05-15,approved,grandfathered,,2026-05-15,TRUE,FALSE,
3574aefe-4cd6-4ab3-a877-f18993c30d58,132903,University of Central Florida,Florida,2025-11-21,2025,staff_layoff,Layoffs at Florida Solar Energy Center,Layoffs due to decline in external research funding and federal energy research priorities shift; resulted in elimination of 57 positions at FSEC.,Layoffs due to decline in external research funding and federal energy research priorities shift; resulted in elimination of 57 positions at FSEC.,https://www.orlandosentinel.com/2025/11/21/ucf-lays-off-65-employees-most-tied-to-shifting-federal-priorities-school-says,,Orlando Sentinel,scraper,,,,,,,Layoffs due to decline in external research funding and federal energy research priorities shift; resulted in elimination of 57 positions at FSEC.,Layoffs due to decline in external research funding and federal energy research priorities shift; resulted in elimination of 57 positions at FSEC.,,,,,2026-05-15,approved,grandfathered,,2026-05-15,TRUE,FALSE,
d492b6b1-f2e0-487f-b8e3-28a166ee0907,143048,School of the Art Institute of Chicago,Illinois,2025-11-17,2025,staff_layoff,Staff reduction at Video Data Bank,"Staff reductions affecting the Video Data Bank at SAIC eliminated 3 of 5 staff roles including the director, citing institutional financial pressures linked to…","Staff reductions affecting the Video Data Bank at SAIC eliminated 3 of 5 staff roles including the director, citing institutional financial pressures linked to declining international student enrollment; concern raised about the long-term viability of the collection and services.",https://hyperallergic.com/1057696/school-of-the-art-institute-of-chicago-lays-off-20-workers/,,HyperAllergic,scraper,,,,,,,"Staff reductions affecting the Video Data Bank at SAIC eliminated 3 of 5 staff roles including the director, citing institutional financial pressures linked to…","Staff reductions affecting the Video Data Bank at SAIC eliminated 3 of 5 staff roles including the director, citing institutional financial pressures linked to…",,,,,2026-05-15,approved,grandfathered,,2026-05-15,TRUE,FALSE,
7a3b959f-8db6-4389-8b76-dd62524eec1c,166027,Harvard University,Massachusetts,2025-11-14,2025,staff_layoff,University-wide IT and Research Support Staff,"Harvard University laid off 38 IT workers on Nov 4, 2025 in HUIT amid broader university staffing reductions driven by federal funding cuts and endowment tax…","Harvard University laid off 38 IT workers on Nov 4, 2025 in HUIT amid broader university staffing reductions driven by federal funding cuts and endowment tax increases.",https://www.thecrimson.com/article/2025/11/14/huit-layoffs-financial/,,The Harvard Crimson,scraper,,,,,,,"Harvard University laid off 38 IT workers on Nov 4, 2025 in HUIT amid broader university staffing reductions driven by federal funding cuts and endowment tax…","Harvard University laid off 38 IT workers on Nov 4, 2025 in HUIT amid broader university staffing reductions driven by federal funding cuts and endowment tax…",,,,,2026-05-15,approved,grandfathered,,2026-05-15,TRUE,FALSE,
f2b49142-2bd8-4964-a339-f4c9dd13fc47,155937,Sterling College,Vermont,2025-11-12,2025,institution_closure,Institution closure,100% environmentally-focused work college closing after 65+ years due to enrollment declines (38% drop 2021-2023) and persistent financial challenges.,100% environmentally-focused work college closing after 65+ years due to enrollment declines (38% drop 2021-2023) and persistent financial challenges.,https://www.insidehighered.com/news/quick-takes/2025/11/14/vermonts-sterling-college-close,,Inside Higher Ed,scraper,231095,,,,,,,,,,,,2026-05-15,approved,grandfathered,,2026-05-15,TRUE,FALSE,
2478811b-b93c-4cb0-a471-c790f9bc0396,186283,Rider University,New Jersey,2025-11-10,2025,staff_layoff,Staff layoff,"Rider University will eliminate 35 to 40 full-time faculty positions, cut salaries 14% across the board, and suspend retirement contributions as part of…","Rider University will eliminate 35 to 40 full-time faculty positions, cut salaries 14% across the board, and suspend retirement contributions as part of sweeping cost-saving measures.","https://philanthropynewsdigest.org/news/other-sources/article/?id=16657194&title=Major-N.J.-univeristy-put-on-accreditation-probation,-plans-40-faculty-layoffs",,Philanthropy News Digest,scraper,,,,,,,,,,,,,2026-05-15,approved,grandfathered,,2026-05-15,TRUE,FALSE,
b61c1961-4902-4827-b53f-846cd0e25052,181464,University of Nebraska-Lincoln,Nebraska,2025-11-10,2025,department_closure,4 departments eliminated saving $6.74M — 51.5 positions cut despite 100+ speakers opposing,4 departments eliminated saving $6.74M — 51.5 positions cut despite 100+ speakers opposing,"Board of Regents voted 8-0 to 7-1 to eliminate 4 departments at UNL: Earth and Atmospheric Sciences ($1.85M savings, 13 positions); Statistics ($1.75M, 12 positions); Educational Administration ($1.69M, 15.5 positions); Textiles Merchandising and Fashion Design ($1.45M, 11 positions). 541 students in affected programs. 51.5 total positions eliminated — majority faculty. Part of $27.5M budget reduction plan ($40M NU system-wide). 100+ speakers testified over 5 hours; motion to delay failed 4-4. Statistics dept particularly notable: brand-new undergraduate program set to graduate its first class spring 2026; NSF CAREER award faculty member laid off. 4 additional departments merged into 2 combined areas (plant pathology + entomology; agricultural economics + agricultural leadership/education/communication) saving additional ~$2M. Chancellor Rodney Bennett resigned January 2026 following faculty no-confidence votes; interim Chancellor Kathy Ankerson appointed. AAUP-UNL filed grievances citing faulty data and flawed process.",https://www.highereddive.com/news/unl-chancellor-reduces-program-cuts-final-proposal/805361,,Higher ED Drive,scraper,,,,,,program_suspension,Earth and Atmospheric Sciences,Earth and Atmospheric Sciences,,,,,2026-05-15,approved,grandfathered,,2026-05-15,TRUE,FALSE,
f45efee8-ef58-43e9-8cf0-1f0a59534bc5,150941,Huntington University,Indiana,2025-11-07,2025,department_closure,Performing Arts Department Closure,Huntington University will suspend enrollment for all performing arts programs effective Fall 2026 due to a 21% decline in enrollment since 2020. Current…,Huntington University will suspend enrollment for all performing arts programs effective Fall 2026 due to a 21% decline in enrollment since 2020. Current students will be allowed to complete their degrees.,https://www.21alivenews.com/2025/11/07/huntington-university-students-react-performing-arts-cuts/#$0,,21alivenews,scraper,,,,,,,Huntington University will suspend enrollment for all performing arts programs effective Fall 2026 due to a 21% decline in enrollment since 2020. Current…,Huntington University will suspend enrollment for all performing arts programs effective Fall 2026 due to a 21% decline in enrollment since 2020. Current…,,,,,2026-05-15,approved,grandfathered,,2026-05-15,TRUE,FALSE,
0578f96c-f70e-4dcd-a2a6-9dc8829608be,183062,Keene State College,New Hampshire,2025-11-07,2025,staff_layoff,Staff Reduction,~17 staff positions eliminated (including 2 already-vacant roles) following NH state-level budget cuts that created a significant financial gap to close by end…,~17 staff positions eliminated (including 2 already-vacant roles) following NH state-level budget cuts that created a significant financial gap to close by end of the next fiscal year. College also urged eligible faculty to consider early retirement. Part of the broader New Hampshire University System budget response to reduced state appropriations.,https://vnews.com/2025/11/14/keene-state-staff-reductions,,Valley News,scraper,,,,,,,~17 staff positions eliminated (including 2 already-vacant roles) following NH state-level budget cuts that created a significant financial gap to close by end…,~17 staff positions eliminated (including 2 already-vacant roles) following NH state-level budget cuts that created a significant financial gap to close by end…,,,,,2026-05-15,approved,grandfathered,,2026-05-15,TRUE,FALSE,
0c9fc3ee-860b-4cd3-abaf-f4199d0a846e,148584,University of St Francis,Illinois,2025-11-07,2025,program_suspension,"Faculty, Staff Positions Eliminated","Faculty, Staff Positions Eliminated","Campus consolidation prompted closure of PA program in Albuquerque, NM; 18 faculty received non-renewal notices.",https://patch.com/illinois/joliet/university-st-francis-36-job-cuts-revealed-these-faculty-staff-positions-eliminated,,Patch,scraper,,,,,,,,,,,,,2026-05-15,approved,grandfathered,,2026-05-15,TRUE,FALSE,
772b6502-6c03-4ba8-a141-b285433d6093,149505,Trinity Christian College,Illinois,2025-11-06,2025,institution_closure,Institution closure,The college announced it will close after the 2025–26 academic year due to financial challenges leaving 107 staff out of work and hundreds of students to…,The college announced it will close after the 2025–26 academic year due to financial challenges leaving 107 staff out of work and hundreds of students to finish their studies elsewhere.,https://patch.com/illinois/palos/shock-resignation-sadness-wake-trinity-christian-colleges-closure,,Patch,scraper,,,,,,,,,,,,,2026-05-15,approved,grandfathered,,2026-05-15,TRUE,FALSE,
b8f8aae3-2c23-4f3c-bc64-0e3c870e7ece,160904,Xavier University of Louisiana,Louisiana,2025-10-29,2025,staff_layoff,"Multiple departments including Campus Ministry, Office of Social Justice, and Mass Communication","46 full-time employees laid off Oct. 30, 2024 (5.8% of full-time staff).","46 full-time employees laid off Oct. 30, 2024 (5.8% of full-time staff). Affected departments include Campus Ministry, Office of Social Justice, and other administrative units. University stated no further separations are planned. Restructuring aimed at long-term financial health while maintaining core academic mission; XULA is the only HBCU in Louisiana.",https://wgno.com/news/louisiana/orleans-parish/xavier-university-experiences-layoffs-among-full-time-staff/amp,,HBCU Digest,scraper,,,,,,,"46 full-time employees laid off Oct. 30, 2024 (5.8% of full-time staff).","46 full-time employees laid off Oct. 30, 2024 (5.8% of full-time staff).",,,,,2026-05-15,approved,grandfathered,,2026-05-15,TRUE,FALSE,
f295fb4d-35db-4493-a313-2a7abc74ddea,160658,University of Louisiana at Lafayette,Louisiana,2025-10-24,2025,staff_layoff,Staff layoff,"Interim President Jamie Hebert announced 70 positions affected across all divisions: 51 eliminated (28 unclassified, 23 classified employees) and 19…","Interim President Jamie Hebert announced 70 positions affected across all divisions: 51 eliminated (28 unclassified, 23 classified employees) and 19 reclassified. Cuts span academics, student services, and administration as part of plan to resolve $25M structural budget deficit driven by declining state appropriations and enrollment.",https://www.klfy.com/local/lafayette-parish/ul-lafayette-cuts-70-jobs-to-help-resolve-25m-deficit-interim-president/,,The Advocate,scraper,,,,,,,,,,,,,2026-05-15,approved,grandfathered,,2026-05-15,TRUE,FALSE,
dbf5dfa6-5cf0-4909-960b-1c6b56bcd8bf,127741,University of Northern Colorado,Colorado,2025-10-22,2025,staff_layoff,Staff layoff,University announced 50 staff layoffs and elimination of 30 to 50 vacant positions due to $7 million projected shortfall driven by enrollment decline and state…,University announced 50 staff layoffs and elimination of 30 to 50 vacant positions due to $7 million projected shortfall driven by enrollment decline and state funding cuts.,https://www.highereddive.com/news/university-of-northern-colorado-plans-to-lay-off-50-employees/803556/,,Colorado Higher Ed News,scraper,,,,,,,,,,,,,2026-05-15,approved,grandfathered,,2026-05-15,TRUE,FALSE,
4947e181-b84c-4546-b060-107805b74f71,171100,Michigan State University,Michigan,2025-10-20,2025,staff_layoff,Staff layoff,"Michigan State University cut $85 million from its general fund budget over two years, eliminating 99 filled faculty and staff positions as part of…","Michigan State University cut $85 million from its general fund budget over two years, eliminating 99 filled faculty and staff positions as part of restructuring due to a structural budget deficit.",https://msutoday.msu.edu/news/2025/budget-updates-from-president-guskiewicz-oct,,MSUToday,scraper,,,,,,,,,,,,,2026-05-15,approved,grandfathered,,2026-05-15,TRUE,FALSE,
3b5bee2b-671c-419f-be48-8011e656243e,240462,University of Wisconsin-Platteville,Wisconsin,2025-10-17,2025,campus_closure,Campus closure,Declining enrollment cited as primary reason; enrollment dropped from nearly 500 in 2018 to 126 in fall 2025. Eighth UW branch campus closure since 2023.,Declining enrollment cited as primary reason; enrollment dropped from nearly 500 in 2018 to 126 in fall 2025. Eighth UW branch campus closure since 2023.,https://www.wpr.org/news/uw-platteville-baraboo-sauk-county-campus-closing,,Wisconsin Public Radio,scraper,,,,,,,Declining enrollment cited as primary reason; enrollment dropped from nearly 500 in 2018 to 126 in fall 2025. Eighth UW branch campus closure since 2023.,Declining enrollment cited as primary reason; enrollment dropped from nearly 500 in 2018 to 126 in fall 2025. Eighth UW branch campus closure since 2023.,,,,,2026-05-15,approved,grandfathered,,2026-05-15,TRUE,FALSE,
ff8499eb-c3b5-4c6f-a3b9-818c0a64ac00,144892,Eastern Illinois University,Illinois,2025-10-16,2025,staff_layoff,Institution-wide staff reductions,"17 staff eliminated, 23 instructors not renewed, 4 academic support professionals not renewed, 19 vacant positions unfilled.","17 staff eliminated, 23 instructors not renewed, 4 academic support professionals not renewed, 19 vacant positions unfilled. Caused by revenue declines including international enrollment drop and federal funding cuts.",https://www.dailyeasternnews.com/2025/10/14/breaking-eastern-eliminates-44-staff-positions/,,The Daily Eastern News,scraper,,,,,,,"17 staff eliminated, 23 instructors not renewed, 4 academic support professionals not renewed, 19 vacant positions unfilled.","17 staff eliminated, 23 instructors not renewed, 4 academic support professionals not renewed, 19 vacant positions unfilled.",,,,,2026-05-15,approved,grandfathered,,2026-05-15,TRUE,FALSE,
fe45a421-50c0-43a3-9c6d-39b97b51c72b,181446,Nebraska Wesleyan University,Nebraska,2025-10-10,2025,staff_layoff,Staff positions (non-faculty),Staff positions (non-faculty),"14 positions eliminated, 3 converted to part-time due to enrollment decline; no faculty affected; advisory group formed to review academic programs",https://www.klkntv.com/nebraska-wesleyan-university-eliminates-positions-amid-rising-costs-declining-enrollment/,,KLKN-TV,scraper,,,,,,,,,,,,,2026-05-15,approved,grandfathered,,2026-05-15,TRUE,FALSE,
2bed88a2-f1f1-4587-aa3e-3f1c76db0ee0,166027,Harvard University,Massachusetts,2025-10-09,2025,staff_layoff,John A. Paulson School of Engineering and Applied Sciences,"~40 staff laid off (25% of union staff) due to federal funding cuts, 8% endowment tax increase, and reduced indirect cost recovery rates.","~40 staff laid off (25% of union staff) due to federal funding cuts, 8% endowment tax increase, and reduced indirect cost recovery rates. Dean cited 'enormous financial pressure.'",https://www.ndtv.com/world-news/harvard-university-to-lay-off-school-staff-amid-enormous-pressure-9430297,,NDTV,scraper,,,,,,,"~40 staff laid off (25% of union staff) due to federal funding cuts, 8% endowment tax increase, and reduced indirect cost recovery rates.","~40 staff laid off (25% of union staff) due to federal funding cuts, 8% endowment tax increase, and reduced indirect cost recovery rates.",,,,,2026-05-15,approved,grandfathered,,2026-05-15,TRUE,FALSE,
aab4cac3-407b-42ad-b12c-e285efacfb9e,211440,Carnegie Mellon University,Pennsylvania,2025-10-08,2025,staff_layoff,Software Engineering Institute,75 staff positions eliminated (10% of SEI workforce).,75 staff positions eliminated (10% of SEI workforce). Part of $33M university-wide expense reduction amid federal funding uncertainty and enrollment declines.,https://www.post-gazette.com/news/education/2025/10/08/carnegie-mellon-staff-lay-offs/stories/202510080077,,Pittsburgh Post-Gazette,scraper,,,,,,,75 staff positions eliminated (10% of SEI workforce).,75 staff positions eliminated (10% of SEI workforce).,,,,,2026-05-15,approved,grandfathered,,2026-05-15,TRUE,FALSE,
4b03f228-87b8-4864-a88b-70fa50429cb8,123961,University of Southern California,California,2025-10-04,2025,staff_layoff,University-wide staff layoffs,"A state filing confirmed 55 additional job cuts, including SEIU union members, career services staffers and professors.","A state filing confirmed 55 additional job cuts, including SEIU union members, career services staffers and professors.",https://www.uscannenbergmedia.com/2025/10/03/at-least-55-more-employees-let-go-usc-reports-692-total-layoffs-as-deficit-reductions-continue/,,USC Annenberg Media,scraper,,,,,,,"A state filing confirmed 55 additional job cuts, including SEIU union members, career services staffers and professors.","A state filing confirmed 55 additional job cuts, including SEIU union members, career services staffers and professors.",,,,,2026-05-15,approved,grandfathered,,2026-05-15,TRUE,FALSE,
b441a888-0eca-4282-9513-6da3f452103e,164748,Berklee College of Music,Massachusetts,2025-10-03,2025,staff_layoff,Layoffs at Berklee College of Music,"70 staff members laid off amid budget crunch and enrollment concerns, representing ~3% of total Berklee workforce (or ~7.5% of non-faculty staff, as faculty…","70 staff members laid off amid budget crunch and enrollment concerns, representing ~3% of total Berklee workforce (or ~7.5% of non-faculty staff, as faculty contracts prohibit layoffs). No faculty positions eliminated. Cuts affect administrative and operational roles across the Boston institution.",https://www.allsides.com/news/2025-10-02-1400/business-layoffs-berklee-college-music-70-staff-members-let-go-wake-budget,,AllSides,scraper,,,,,,,"70 staff members laid off amid budget crunch and enrollment concerns, representing ~3% of total Berklee workforce (or ~7.5% of non-faculty staff, as faculty…","70 staff members laid off amid budget crunch and enrollment concerns, representing ~3% of total Berklee workforce (or ~7.5% of non-faculty staff, as faculty…",,,,,2026-05-15,approved,grandfathered,,2026-05-15,TRUE,FALSE,
9e1810aa-6523-46aa-a80b-1a7a5b214665,179867,Washington University in St Louis,Missouri,2025-10-02,2025,staff_layoff,Staff layoffs across multiple departments,"316 staff positions eliminated, 198 vacant positions closed, $52M annual savings.","316 staff positions eliminated, 198 vacant positions closed, $52M annual savings. Cuts due to budget pressures and potential federal research funding reductions.",https://www.highereddive.com/news/washington-university-layoffs-300-federal-cuts-andrew-martin/801729/,,Higher Ed Dive,scraper,,,,,,,"316 staff positions eliminated, 198 vacant positions closed, $52M annual savings.","316 staff positions eliminated, 198 vacant positions closed, $52M annual savings.",,,,,2026-05-15,approved,grandfathered,,2026-05-15,TRUE,FALSE,
5c8c78de-df78-46ad-b17f-0d1d50e7ee74,217156,Brown University,Rhode Island,2025-09-23,2025,staff_layoff,Administrative and staff positions,Administrative and staff positions,48 layoffs plus 55 vacant positions eliminated as part of $30M budget reduction following federal funding pressure and student exposé of administrative bloat,https://www.foxbusiness.com/media/brown-cut-48-jobs-scrap-55-openings-following-federal-pressure-students-expose-ivy-league-bloat,,Fox Business,scraper,,,,,,,,,,,,,2026-05-15,approved,grandfathered,,2026-05-15,TRUE,FALSE,
84ee0c50-ebcb-4143-80a0-fa17988da1a6,198419,Duke University,North Carolina,2025-09-23,2025,program_suspension,Biosciences Collaborative for Research Engagement (BioCoRE) program,"Graduate support program in School of Medicine closed abruptly in August 2025 alongside IDEALS office closure, citing financial constraints amid federal…","Graduate support program in School of Medicine closed abruptly in August 2025 alongside IDEALS office closure, citing financial constraints amid federal funding cuts",https://afrotech.com/duke-university-closes-graduate-support-program-dei-office,,afrotech.com,scraper,,,,,,,"Graduate support program in School of Medicine closed abruptly in August 2025 alongside IDEALS office closure, citing financial constraints amid federal…","Graduate support program in School of Medicine closed abruptly in August 2025 alongside IDEALS office closure, citing financial constraints amid federal…",,,,,2026-05-15,approved,grandfathered,,2026-05-15,TRUE,FALSE,
b88d4d1e-9cd4-49b1-9efe-c3be5f924d12,163259,"University of Maryland, Baltimore",Maryland,2025-09-23,2025,staff_layoff,Institution-wide staff reductions,UMB laying off 30 full-time staff and eliminating 30 vacant positions due to $33.8M budget deficit from state cuts and reduced federal research funding,UMB laying off 30 full-time staff and eliminating 30 vacant positions due to $33.8M budget deficit from state cuts and reduced federal research funding,https://www.cbsnews.com/baltimore/news/federal-funding-cuts-dei-maryland-universities/,,CBS Baltimore,scraper,,,,,,,UMB laying off 30 full-time staff and eliminating 30 vacant positions due to $33.8M budget deficit from state cuts and reduced federal research funding,UMB laying off 30 full-time staff and eliminating 30 vacant positions due to $33.8M budget deficit from state cuts and reduced federal research funding,,,,,2026-05-15,approved,grandfathered,,2026-05-15,TRUE,FALSE,
70829ef9-5ab3-4229-9c92-6bb6bfeeb5e1,198464,East Carolina University,North Carolina,2025-09-18,2025,program_suspension,Multiple programs (6 programs curtailed),Part of $25M budget reduction over 3 years.,Part of $25M budget reduction over 3 years. Six programs recommended for curtailment by Fiscal Health Committee due to low productivity. Teach-out plans being developed.,https://wcti12.com/news/local/title-09-12-2025,,WCTI12,scraper,,,,,,,Part of $25M budget reduction over 3 years.,Part of $25M budget reduction over 3 years.,,,,,2026-05-15,approved,grandfathered,,2026-05-15,TRUE,FALSE,
d7d3040f-2803-4df4-9606-426ba45afcc7,214777,Pennsylvania State University-Main Campus,Pennsylvania,2025-09-11,2025,department_closure,WPSU (NPR/PBS public broadcasting station),Board rejected $17M transfer to WHYY.,"Board rejected $17M transfer to WHYY. Federal CPB funding cut ($1.3M) and Penn State subsidy reduction ($800K) made station unsustainable. Serves 24 counties TV, 13 counties radio in central PA.",https://www.insidehighered.com/news/quick-takes/2025/09/15/penn-state-close-npr-pbs-affiliate-station-wpsu,,Inside Higher Ed,scraper,,,,,,,Board rejected $17M transfer to WHYY.,Board rejected $17M transfer to WHYY.,,,,,2026-05-15,approved,grandfathered,,2026-05-15,TRUE,FALSE,
cd885cdb-0e84-4f79-97bf-ff7248e8fd14,104179,University of Arizona,Arizona,2025-09-10,2025,staff_layoff,SNAP-Ed (Supplemental Nutrition Assistance Program Education),Federal funding eliminated by Congress.,"Federal funding eliminated by Congress. Program provided nutrition education across 12 Arizona counties through AZ Health Zone collaboration. Ends Sept 30, 2025.",https://www.kgun9.com/news/local-news/university-of-arizona-laying-of-43-after-federal-funding-for-snap-ed-eliminated,,KGUN 9,scraper,,,,,,,Federal funding eliminated by Congress.,Federal funding eliminated by Congress.,,,,,2026-05-15,approved,grandfathered,,2026-05-15,TRUE,FALSE,
df3a979b-ecb5-487a-93d7-aec28b77cf87,101879,University of North Alabama,Alabama,2025-09-08,2025,department_closure,Mitchell-West Center for Social Inclusion,LGBTQ+ support center closed due to Alabama SB 129 law banning DEI programs at public institutions.,LGBTQ+ support center closed due to Alabama SB 129 law banning DEI programs at public institutions. Center provided resources and programming for LGBTQ+ and underrepresented students.,https://www.campusreform.org/article/university-north-alabama-shutters-lgbt-center/28575,,Campus Reform,scraper,,,,,,,LGBTQ+ support center closed due to Alabama SB 129 law banning DEI programs at public institutions.,LGBTQ+ support center closed due to Alabama SB 129 law banning DEI programs at public institutions.,,,,,2026-05-15,approved,grandfathered,,2026-05-15,TRUE,FALSE,
5d2de109-b5ad-4e03-8888-be911bd7abeb,209551,University of Oregon,Oregon,2025-09-08,2025,staff_layoff,University-wide staff reductions,60 employee layoffs including 20 career faculty to address $29.2M deficit.,60 employee layoffs including 20 career faculty to address $29.2M deficit. No tenured faculty or degree programs eliminated per official announcement.,https://lookouteugene-springfield.com/story/university-of-oregon/2025/09/08/uo-to-cut-60-employees-this-fall-including-some-faculty-members/,,Lookout Eugene-Springfield,scraper,,,,,,,60 employee layoffs including 20 career faculty to address $29.2M deficit.,60 employee layoffs including 20 career faculty to address $29.2M deficit.,,,,,2026-05-15,approved,grandfathered,,2026-05-15,TRUE,FALSE,
e2536a49-42c9-4e63-8348-b968791510f4,238032,West Virginia University,West Virginia,2025-09-08,2025,staff_layoff,WVU Research Corporation employee restructuring,Mass layoff of 507 WVURC employees who will transition to direct WVU employment with identical positions.,Mass layoff of 507 WVURC employees who will transition to direct WVU employment with identical positions. Restructuring to reduce administrative burden.,https://ground.news/article/university-transitioning-507-research-corporation-employees-dominion-post,,WBOY,scraper,,,,,,,Mass layoff of 507 WVURC employees who will transition to direct WVU employment with identical positions.,Mass layoff of 507 WVURC employees who will transition to direct WVU employment with identical positions.,,,,,2026-05-15,approved,grandfathered,,2026-05-15,TRUE,FALSE,
0fd8ffea-76e8-4840-bfd6-79599343b42a,227331,Our Lady of the Lake University,Texas,2025-09-04,2025,department_closure,"16 degree programs including Leadership Studies, English, Spanish, Sociology, Chemistry, Creative Writing, Theology",16 degree programs discontinued due to budget deficits and declining enrollment.,16 degree programs discontinued due to budget deficits and declining enrollment. Students report inadequate teach-out options to complete degrees.,https://www.youtube.com/watch?v=Fnkr48w8R8s,,KSAT,scraper,,,,,,,16 degree programs discontinued due to budget deficits and declining enrollment.,16 degree programs discontinued due to budget deficits and declining enrollment.,,,,,2026-05-15,approved,grandfathered,,2026-05-15,TRUE,FALSE,
d4059c1f-c4b1-4b5e-b365-4d5aca339958,110413,California Lutheran University,California,2025-09-03,2025,program_suspension,Satellite campuses (Oxnard and Westlake Village locations),CLU satellite campuses in Oxnard and Westlake Village closing summer 2026 due to sustained enrollment decline.,CLU satellite campuses in Oxnard and Westlake Village closing summer 2026 due to sustained enrollment decline. Both sites served working-adult undergraduates and graduate students. Main Thousand Oaks campus unaffected. Impacted students offered pathways to complete degrees via online or main-campus options.,https://www.vcstar.com/story/news/education/schoolwatch/2025/09/03/clus-satellite-campuses-in-oxnard-westlake-village-to-close/85957259007/,,VC Star,scraper,,,,,,,CLU satellite campuses in Oxnard and Westlake Village closing summer 2026 due to sustained enrollment decline.,CLU satellite campuses in Oxnard and Westlake Village closing summer 2026 due to sustained enrollment decline.,,,,,2026-05-15,approved,grandfathered,,2026-05-15,TRUE,FALSE,
237db960-d67d-4e8d-94a4-43511018d30c,139658,Emory University,Georgia,2025-09-03,2025,department_closure,"Diversity, Equity, and Inclusion (DEI) programs and offices",Discontinued in response to Trump administration federal mandates against DEI programs.,Discontinued in response to Trump administration federal mandates against DEI programs. Interim President Leah Ward Sears announced the closure to comply with federal laws.,https://www.emorywheel.com/article/2025/09/emory-ends-dei-programs,,The Emory Wheel,scraper,,,,,,,Discontinued in response to Trump administration federal mandates against DEI programs.,Discontinued in response to Trump administration federal mandates against DEI programs.,,,,,2026-05-15,approved,grandfathered,,2026-05-15,TRUE,FALSE,
08b1cd81-2963-4a91-97b7-5d9ecbe61bec,230816,Bennington College,Vermont,2025-08-31,2025,staff_layoff,Staff layoffs,15 staff positions eliminated to place college on more sustainable financial path.,15 staff positions eliminated to place college on more sustainable financial path. No regular faculty positions were cut.,https://vtdigger.org/2025/08/19/bennington-college-announces-layoffs-of-15-staff-members/,,VTDigger,scraper,,,,,,,15 staff positions eliminated to place college on more sustainable financial path.,15 staff positions eliminated to place college on more sustainable financial path.,,,,,2026-05-15,approved,grandfathered,,2026-05-15,TRUE,FALSE,
284bcbf4-e2a1-4474-9522-a0b6ef0af65b,186867,Stevens Institute of Technology,New Jersey,2025-08-31,2025,staff_layoff,Institution-wide staff reduction,45 staff layoffs due to Trump administration policies limiting international students; international students contributed $172M to budget in 2023,45 staff layoffs due to Trump administration policies limiting international students; international students contributed $172M to budget in 2023,https://patch.com/new-jersey/hoboken/stevens-institute-technology-lays-45-employees-amid-trump-policy-changes,,Patch,scraper,,,,,,,45 staff layoffs due to Trump administration policies limiting international students; international students contributed $172M to budget in 2023,45 staff layoffs due to Trump administration policies limiting international students; international students contributed $172M to budget in 2023,,,,,2026-05-15,approved,grandfathered,,2026-05-15,TRUE,FALSE,
b5f601b6-e995-47f4-ad1c-08224d8f9f0d,230959,Middlebury College,Vermont,2025-08-28,2025,campus_closure,Middlebury Institute of International Studies at Monterey campus and programs wound down,Middlebury Institute of International Studies at Monterey (MIIS) winding down all programs by summer 2027. In-person programs ended 2025 after 15 years of…,"Middlebury Institute of International Studies at Monterey (MIIS) winding down all programs by summer 2027. In-person programs ended 2025 after 15 years of fluctuating enrollment and steep post-COVID decline. Remaining online programs to sunset summer 2027. 526 students enrolled fall 2024, down 23.5% from five years prior. Programs cited operating at ""significant deficits for the last several years."" Founded 1955; acquired by Middlebury 2010. Soka University of America now in exclusive negotiations to acquire the Monterey campus and rights to continue programs in nonproliferation studies, threat intelligence, translation and localization management, and international policy and development. Both boards approved letter of intent; due diligence underway.",https://www.middleburycampus.com/article/2025/08/middlebury-to-close-miis-by-june-2027,,The Middlebury Campus,scraper,,,,,,,Middlebury Institute of International Studies at Monterey (MIIS) winding down all programs by summer 2027. In-person programs ended 2025 after 15 years of…,Middlebury Institute of International Studies at Monterey (MIIS) winding down all programs by summer 2027. In-person programs ended 2025 after 15 years of…,,,,,2026-05-15,approved,grandfathered,,2026-05-15,TRUE,FALSE,
fb2e8ebe-fac8-4416-be64-c6621a3100a9,144050,University of Chicago,Illinois,2025-08-28,2025,program_suspension,"Multiple PhD programs across Arts & Humanities, Social Sciences, and professional schools","$100M budget cut, 400 staff layoffs, PhD admissions paused in most humanities depts, federal funding cuts cited as primary cause","$100M budget cut, 400 staff layoffs, PhD admissions paused in most humanities depts, federal funding cuts cited as primary cause",https://www.universityherald.com/articles/79750/20250829/university-chicago-cut-100m-lay-off-400-employees-amid-federal-policy-shifts.htm,,University Herald,scraper,,,,,,,"$100M budget cut, 400 staff layoffs, PhD admissions paused in most humanities depts, federal funding cuts cited as primary cause","$100M budget cut, 400 staff layoffs, PhD admissions paused in most humanities depts, federal funding cuts cited as primary cause",,,,,2026-05-15,approved,grandfathered,,2026-05-15,TRUE,FALSE,
53d0acd9-b519-40ab-b4bb-c82d6ad8e6bf,204857,Ohio University-Main Campus,Ohio,2025-08-26,2025,program_suspension,Bachelor of Arts in Chemistry & 10 Others,11 programs suspended due to Advance Ohio Higher Education Act requiring 5+ annual graduates.,11 programs suspended due to Advance Ohio Higher Education Act requiring 5+ annual graduates. Students can complete degrees. No immediate faculty impact expected.,https://www.ohio.edu/news/2025/08/ohio-university-will-suspend-future-entry-11-academic-programs-comply-advance-ohio,,Ohio University,scraper,,,,,,,11 programs suspended due to Advance Ohio Higher Education Act requiring 5+ annual graduates.,11 programs suspended due to Advance Ohio Higher Education Act requiring 5+ annual graduates.,,,,,2026-05-15,approved,grandfathered,,2026-05-15,TRUE,FALSE,
80fdc926-a198-49b4-ac0d-222d12c28467,165662,Emerson College,Massachusetts,2025-08-23,2025,staff_layoff,Staff Layoffs,5% staff reduction (30+ employees) due to enrollment and revenue falling below projections for second consecutive year. 12 union members affected.,5% staff reduction (30+ employees) due to enrollment and revenue falling below projections for second consecutive year. 12 union members affected.,https://berkeleybeacon.com/emerson-lays-off-5-of-staff-due-to-budget-reductions-offers-benefits-for-those-who-voluntarily-resign/,,The Berkeley Beacon,scraper,,,,,,,5% staff reduction (30+ employees) due to enrollment and revenue falling below projections for second consecutive year. 12 union members affected.,5% staff reduction (30+ employees) due to enrollment and revenue falling below projections for second consecutive year. 12 union members affected.,,,,,2026-05-15,approved,grandfathered,,2026-05-15,TRUE,FALSE,
8a0e9882-2511-4745-beb2-e2ed01b11950,197151,School of Visual Arts,New York,2025-08-22,2025,staff_layoff,Staff layoffs across multiple departments,"Approximately 30 staff laid off due to financial challenges; enrollment dropped from 4016 to 3812 affected library, undergraduate, graduate and support staff…","Approximately 30 staff laid off due to financial challenges; enrollment dropped from 4016 to 3812 affected library, undergraduate, graduate and support staff across departments",https://www.theartnewspaper.com/2025/08/22/new-york-school-of-visual-arts-lays-off-30-employees,,The Art Newspaper,scraper,,,,,,,"Approximately 30 staff laid off due to financial challenges; enrollment dropped from 4016 to 3812 affected library, undergraduate, graduate and support staff…","Approximately 30 staff laid off due to financial challenges; enrollment dropped from 4016 to 3812 affected library, undergraduate, graduate and support staff…",,,,,2026-05-15,approved,grandfathered,,2026-05-15,TRUE,FALSE,
786bd5e3-f1ed-417e-b486-c726e9e1a99b,229300,The University of Texas Health Science Center at Houston,Texas,2025-08-21,2025,staff_layoff,Institution-wide staff reduction,University of Texas Health Science Center at Houston laying off dozens (0.5% of staff) amid hiring freeze and cost controls due to financial headwinds.,University of Texas Health Science Center at Houston laying off dozens (0.5% of staff) amid hiring freeze and cost controls due to financial headwinds. Part of broader healthcare industry layoff trend.,https://www.houstonchronicle.com/health/article/uthealth-houston-layoffs-freeze-20826193.php,,Houston Chronicle,scraper,,,,,,,University of Texas Health Science Center at Houston laying off dozens (0.5% of staff) amid hiring freeze and cost controls due to financial headwinds.,University of Texas Health Science Center at Houston laying off dozens (0.5% of staff) amid hiring freeze and cost controls due to financial headwinds.,,,,,2026-05-15,approved,grandfathered,,2026-05-15,TRUE,FALSE,
b073465e-9d3b-44a7-a03d-7c2e510b7ca8,486901,Milligan University,Tennessee,2025-08-19,2025,program_suspension,"Multiple programs: journalism, film, computer science, cybersecurity, information systems, Master of Arts in Coaching and Sports Management",Six programs discontinued due to enrollment challenges and market changes.,Six programs discontinued due to enrollment challenges and market changes. Current students can complete degrees.,https://wcyb.com/news/local/milligan-to-no-longer-accept-students-into-multiple-programs-including-journalism,,WCYB,scraper,,,,,,,Six programs discontinued due to enrollment challenges and market changes.,Six programs discontinued due to enrollment challenges and market changes.,,,,,2026-05-15,approved,grandfathered,,2026-05-15,TRUE,FALSE,
fe79272d-ed7d-4015-886b-a9a745c4870d,123961,University of Southern California,California,2025-08-19,2025,staff_layoff,Rossier School of Education,"Part of university-wide layoffs due to $200+ million budget deficit. 4 faculty and 15 staff laid off, including career services specialist.","Part of university-wide layoffs due to $200+ million budget deficit. 4 faculty and 15 staff laid off, including career services specialist. Multiple USC schools affected.",https://www.uscannenbergmedia.com/2025/08/19/rossier-school-of-education-lays-off-19-including-lone-career-services-specialist/,,USC Annenberg Media,scraper,,,,,,,"Part of university-wide layoffs due to $200+ million budget deficit. 4 faculty and 15 staff laid off, including career services specialist.","Part of university-wide layoffs due to $200+ million budget deficit. 4 faculty and 15 staff laid off, including career services specialist.",,,,,2026-05-15,approved,grandfathered,,2026-05-15,TRUE,FALSE,
b3eaab9f-3711-4c74-ab20-03845acb3123,201441,Bowling Green State University-Main Campus,Ohio,2025-08-15,2025,program_suspension,World Language Education (BSED),Program suspended for new students due to low enrollment.,"Program suspended for new students due to low enrollment. Offered teacher licensure in 8 languages: Chinese, French, German, Italian, Japanese, Latin, Russian, Spanish.",https://www.threads.com/@13abc/post/DNZQKFwK_vm/bowling-green-state-university-will-no-longer-offer-the-world-language-education,,13abc Action News,scraper,,,,,,,Program suspended for new students due to low enrollment.,Program suspended for new students due to low enrollment.,,,,,2026-05-15,approved,grandfathered,,2026-05-15,TRUE,FALSE,
b489e06b-9a55-4119-a9f8-7a73ce28371d,186131,Princeton University,New Jersey,2025-08-14,2025,program_suspension,Wintersession and Office of Campus Engagement,Two-week noncredit program discontinued due to budget cuts from federal funding reassessment and economic uncertainty.,"Two-week noncredit program discontinued due to budget cuts from federal funding reassessment and economic uncertainty. Office of Campus Engagement also closing. The 2025 edition of Wintersession drew 4,359 attendees, an increase of more than 2,000 from the program’s inaugural year in 2021",https://www.dailyprincetonian.com/article/2025/08/princeton-news-adpol-university-discontinues-wintersession-in-wake-of-recent-budget-cuts,,The Daily Princetonian,scraper,,,,,,,Two-week noncredit program discontinued due to budget cuts from federal funding reassessment and economic uncertainty.,Two-week noncredit program discontinued due to budget cuts from federal funding reassessment and economic uncertainty.,,,,,2026-05-15,approved,grandfathered,,2026-05-15,TRUE,FALSE,
3fc84917-f3c3-447f-b408-2877edac91b0,129020,University of Connecticut,Connecticut,2025-08-12,2025,program_suspension,Multiple programs including mathematics majors consolidation and medieval studies graduate programs,"7 programs permanently closed after low-enrollment review, including graduate certificates in global health, obesity prevention, and bachelor's/master's…","7 programs permanently closed after low-enrollment review, including graduate certificates in global health, obesity prevention, and bachelor's/master's programs in mathematics and medieval studies",https://hartfordbusiness.com/article/uconn-closes-7-academic-programs-after-low-enrollment-review/,,Hartford Business Journal,scraper,,,,,,,"7 programs permanently closed after low-enrollment review, including graduate certificates in global health, obesity prevention, and bachelor's/master's…","7 programs permanently closed after low-enrollment review, including graduate certificates in global health, obesity prevention, and bachelor's/master's…",,,,,2026-05-15,approved,grandfathered,,2026-05-15,TRUE,FALSE,
1ab37118-cfc8-4e77-bcbf-148fbf5cb58d,153658,University of Iowa,Iowa,2025-08-12,2025,program_suspension,Iowa Summer Writing Festival,Both Iowa Summer Writing Festival (since 1987) and Iowa Youth Writing Project discontinued simultaneously due to ongoing funding challenges,Both Iowa Summer Writing Festival (since 1987) and Iowa Youth Writing Project discontinued simultaneously due to ongoing funding challenges,https://littlevillagemag.com/iowa-youth-writing-project-and-iowa-summer-writing-festival-ending/,,Little Village Magazine,scraper,,,,,,,Both Iowa Summer Writing Festival (since 1987) and Iowa Youth Writing Project discontinued simultaneously due to ongoing funding challenges,Both Iowa Summer Writing Festival (since 1987) and Iowa Youth Writing Project discontinued simultaneously due to ongoing funding challenges,,,,,2026-05-15,approved,grandfathered,,2026-05-15,TRUE,FALSE,
830d339e-6ebc-4b11-8685-69f8cbb5179b,123961,University of Southern California,California,2025-08-12,2025,staff_layoff,USC Annenberg School for Communication and Journalism,13 employees laid off to help meet $6.5 million budget cut required by USC as part of university-wide deficit reduction efforts exceeding $200 million,13 employees laid off to help meet $6.5 million budget cut required by USC as part of university-wide deficit reduction efforts exceeding $200 million,https://www.uscannenbergmedia.com/2025/08/11/annenberg-lays-off-13-employees-to-make-65-million-budget-cut/,,USC Annenberg Media,scraper,,,,,,,13 employees laid off to help meet $6.5 million budget cut required by USC as part of university-wide deficit reduction efforts exceeding $200 million,13 employees laid off to help meet $6.5 million budget cut required by USC as part of university-wide deficit reduction efforts exceeding $200 million,,,,,2026-05-15,approved,grandfathered,,2026-05-15,TRUE,FALSE,
6fc764c3-c473-435e-b5fa-14af66790357,145637,University of Illinois Urbana-Champaign,Illinois,2025-08-09,2025,staff_layoff,SNAP-Ed / Eat.Move.Save program (Illinois Extension),"Federal funding eliminated for SNAP-Education program, affecting over 200 Extension jobs and 1 million Illinois residents served","Federal funding eliminated for SNAP-Education program, affecting over 200 Extension jobs and 1 million Illinois residents served",https://www.wandtv.com/news/illinois/hundreds-of-illinois-extension-jobs-lost-after-federal-funding-cuts/article_c491d090-b357-4c42-b2ef-f8737bb11475.html,,WANDTV,scraper,,,,,,,"Federal funding eliminated for SNAP-Education program, affecting over 200 Extension jobs and 1 million Illinois residents served","Federal funding eliminated for SNAP-Education program, affecting over 200 Extension jobs and 1 million Illinois residents served",,,,,2026-05-15,approved,grandfathered,,2026-05-15,TRUE,FALSE,
7c9ead5e-3a63-4534-80df-1c03b997f430,183044,University of New Hampshire-Main Campus,New Hampshire,2025-08-08,2025,staff_layoff,36 staff positions eliminated,36 staff positions eliminated,"23 employees laid off, 13 unfilled positions cut, 10 employees hours reduced. Part of $17.5M budget reduction due to state funding cuts and declining enrollment.",https://www.nhpr.org/nh-news/2025-08-08/university-new-hampshire-unh-to-cut-36-positions-chilton-says,,NHPR,scraper,,,,,,,,,,,,,2026-05-15,approved,grandfathered,,2026-05-15,TRUE,FALSE,
cda5fb31-6e3b-46e3-8f73-23362f9e92c6,240444,University of Wisconsin-Madison,Wisconsin,2025-08-08,2025,department_closure,Retirement and Disability Research Center,"Closure due to Social Security Administration funding cuts affecting retirement research centers at 6 institutions, part of $15M in terminated research funding","Closure due to Social Security Administration funding cuts affecting retirement research centers at 6 institutions, part of $15M in terminated research funding",https://www.plansponsor.com/university-of-wisconsins-retirement-research-center-closes/,,Plan Sponsor,scraper,,,,,,,"Closure due to Social Security Administration funding cuts affecting retirement research centers at 6 institutions, part of $15M in terminated research funding","Closure due to Social Security Administration funding cuts affecting retirement research centers at 6 institutions, part of $15M in terminated research funding",,,,,2026-05-15,approved,grandfathered,,2026-05-15,TRUE,FALSE,
e6ecfd45-1eae-4778-bd59-7e0826f8f998,199847,Wake Forest University,North Carolina,2025-08-08,2025,department_closure,Office of Diversity and Inclusion,Closed to comply with Trump administration guidance from Departments of Justice and Education.,Closed to comply with Trump administration guidance from Departments of Justice and Education. Centers moved to Campus Life division.,https://www.thecollegefix.com/wake-forest-university-closes-dei-office/,,The College Fix,scraper,,,,,,,Closed to comply with Trump administration guidance from Departments of Justice and Education.,Closed to comply with Trump administration guidance from Departments of Justice and Education.,,,,,2026-05-15,approved,grandfathered,,2026-05-15,TRUE,FALSE,
30592db7-2afa-4fad-86f1-8d0fc1a56c1a,123961,University of Southern California,California,2025-08-07,2025,staff_layoff,Keck Medicine of USC and Keck School of Medicine,89 employees laid off from Keck healthcare system and medical school as part of addressing $200 million university budget deficit,89 employees laid off from Keck healthcare system and medical school as part of addressing $200 million university budget deficit,https://www.uscannenbergmedia.com/2025/08/08/usc-keck-medicine-and-school-of-medicine-lay-off-89-employees/,,USC Annenberg Media,scraper,,,,,,,89 employees laid off from Keck healthcare system and medical school as part of addressing $200 million university budget deficit,89 employees laid off from Keck healthcare system and medical school as part of addressing $200 million university budget deficit,,,,,2026-05-15,approved,grandfathered,,2026-05-15,TRUE,FALSE,
80f8f466-ed60-41b1-b881-fd297bb1ecc6,211440,Carnegie Mellon University,Pennsylvania,2025-08-05,2025,staff_layoff,School of Computer Science,"18 employees laid off from several departments including marketing/communications, program support, computing support and outreach.","18 employees laid off from several departments including marketing/communications, program support, computing support and outreach. Dean cited financial pressures despite school being in good health.",https://www.post-gazette.com/news/education/2025/08/08/cmu-lays-off-18/stories/202508080044,,Pittsburgh Post-Gazette,scraper,,,,,,,"18 employees laid off from several departments including marketing/communications, program support, computing support and outreach.","18 employees laid off from several departments including marketing/communications, program support, computing support and outreach.",,,,,2026-05-15,approved,grandfathered,,2026-05-15,TRUE,FALSE,
9f2bbd07-c039-4e3e-aba9-9ea4a34a8304,243744,Stanford University,California,2025-08-05,2025,staff_layoff,Staff layoffs university-wide,363 positions cut due to $140M budget shortfall from federal policy changes including research funding cuts and endowment tax increases,363 positions cut due to $140M budget shortfall from federal policy changes including research funding cuts and endowment tax increases,https://www.sfchronicle.com/bayarea/article/stanford-university-layoffs-cuts-20803037.php,,SF Chronicle,scraper,,,,,,,363 positions cut due to $140M budget shortfall from federal policy changes including research funding cuts and endowment tax increases,363 positions cut due to $140M budget shortfall from federal policy changes including research funding cuts and endowment tax increases,,,,,2026-05-15,approved,grandfathered,,2026-05-15,TRUE,FALSE,
1ed72bf3-9d25-41e7-8ce3-8b22d29830c2,227526,Prairie View A & M University,Texas,2025-08-04,2025,program_suspension,Men's and Women's Tennis,"Part of broader strategic realignment within the athletic department due to rising costs, facility demands, and need for programmatic focus","Part of broader strategic realignment within the athletic department due to rising costs, facility demands, and need for programmatic focus",https://www.pvpanther.com/news/2025/8/4/general-prairie-view-am-announces-tennis-program-cuts.aspx,,PVPanther.com,scraper,,,,,,,"Part of broader strategic realignment within the athletic department due to rising costs, facility demands, and need for programmatic focus","Part of broader strategic realignment within the athletic department due to rising costs, facility demands, and need for programmatic focus",,,,,2026-05-15,approved,grandfathered,,2026-05-15,TRUE,FALSE,
9aaf14fa-1897-4201-9520-97d2bc6ab773,147369,Moody Bible Institute,Illinois,2025-08-01,2025,staff_layoff,Institutional staff layoffs,8-9% of staff laid off in broader restructuring; also ended local radio programming at 64 stations June 2025 as part of strategic realignment,8-9% of staff laid off in broader restructuring; also ended local radio programming at 64 stations June 2025 as part of strategic realignment,https://www.chicagotribune.com/2025/08/01/moody-bible-layoffs-religious-colleges/,,Chicago Tribune,scraper,,,,,,,8-9% of staff laid off in broader restructuring; also ended local radio programming at 64 stations June 2025 as part of strategic realignment,8-9% of staff laid off in broader restructuring; also ended local radio programming at 64 stations June 2025 as part of strategic realignment,,,,,2026-05-15,approved,grandfathered,,2026-05-15,TRUE,FALSE,
e80b8a22-6e42-4483-8168-ef95db29877d,189097,Barnard College,New York,2025-07-31,2025,staff_layoff,Non-instructional Staff,"77 full-time staff laid off in collegewide restructuring, no faculty affected, came 3 weeks after antisemitism lawsuit settlement","77 full-time staff laid off in collegewide restructuring, no faculty affected, came 3 weeks after antisemitism lawsuit settlement",https://nypost.com/2025/07/31/us-news/barnard-college-lays-off-dozens-of-employees-weeks-after-antisemitism-suit-settlement/,,NY Post,scraper,,,,,,,"77 full-time staff laid off in collegewide restructuring, no faculty affected, came 3 weeks after antisemitism lawsuit settlement","77 full-time staff laid off in collegewide restructuring, no faculty affected, came 3 weeks after antisemitism lawsuit settlement",,,,,2026-05-15,approved,grandfathered,,2026-05-15,TRUE,FALSE,
aa550c6d-940b-47dc-99df-abc88e5ccf0b,228787,The University of Texas at Dallas,Texas,2025-07-30,2025,department_closure,Track & Field and Cross-Country,Budget constraints and lack of on-campus facilities prompted discontinuation of indoor/outdoor track and cross-country programs,Budget constraints and lack of on-campus facilities prompted discontinuation of indoor/outdoor track and cross-country programs,https://www.dallasnews.com/sports/other-schools/2025/07/30/ut-dallas-cuts-track-and-cross-country-programs-citing-budget-and-facility-constraints/,,The Dallas Morning News,scraper,,,,,,,Budget constraints and lack of on-campus facilities prompted discontinuation of indoor/outdoor track and cross-country programs,Budget constraints and lack of on-campus facilities prompted discontinuation of indoor/outdoor track and cross-country programs,,,,,2026-05-15,approved,grandfathered,,2026-05-15,TRUE,FALSE,
06e3b33a-7a90-4c38-a936-c70d321f4dae,147767,Northwestern University,Illinois,2025-07-29,2025,staff_layoff,Staff layoffs across multiple schools and units,"425 positions eliminated (5% of staff budget), nearly half currently vacant, due to budget gap and $790M federal funding freeze","425 positions eliminated (5% of staff budget), nearly half currently vacant, due to budget gap and $790M federal funding freeze",https://www.cbsnews.com/chicago/news/northwestern-university-to-cut-425-positions-budget-crisis/,,CBS Chicago,scraper,,,,,,,"425 positions eliminated (5% of staff budget), nearly half currently vacant, due to budget gap and $790M federal funding freeze","425 positions eliminated (5% of staff budget), nearly half currently vacant, due to budget gap and $790M federal funding freeze",,,,,2026-05-15,approved,grandfathered,,2026-05-15,TRUE,FALSE,
6edb1371-7d91-40f8-934b-91ffa58de956,198419,Duke University,North Carolina,2025-07-28,2025,staff_layoff,Staff layoffs,Voluntary buyouts (599 staff) accompanied by impending involuntary layoffs due to federal funding threats.,Voluntary buyouts (599 staff) accompanied by impending involuntary layoffs due to federal funding threats. Separate facultye retirement incentives target ~250 members.,https://www.insidehighered.com/news/quick-takes/2025/07/28/nearly-600-duke-employees-take-buyouts,,Inside Higher Ed,scraper,,,,,,,Voluntary buyouts (599 staff) accompanied by impending involuntary layoffs due to federal funding threats.,Voluntary buyouts (599 staff) accompanied by impending involuntary layoffs due to federal funding threats.,,,,,2026-05-15,approved,grandfathered,,2026-05-15,TRUE,FALSE,
569545b2-9e57-45ec-9534-4ba2d3b3c30b,240444,University of Wisconsin-Madison,Wisconsin,2025-07-25,2025,program_suspension,FoodWIse nutrition education program,"Federal SNAP-Ed funding eliminated by congressional budget bill; program served 133,000+ people annually across Wisconsin","Federal SNAP-Ed funding eliminated by congressional budget bill; program served 133,000+ people annually across Wisconsin",https://www.wpr.org/news/uw-extension-foodwise-nutrition-education-federal-funds-eliminated,,Wisconsin Public Radio,scraper,,,,,,,"Federal SNAP-Ed funding eliminated by congressional budget bill; program served 133,000+ people annually across Wisconsin","Federal SNAP-Ed funding eliminated by congressional budget bill; program served 133,000+ people annually across Wisconsin",,,,,2026-05-15,approved,grandfathered,,2026-05-15,TRUE,FALSE,
ab65ff15-ca6c-47df-b225-02d0e5555c04,170532,Kalamazoo College,Michigan,2025-07-22,2025,staff_layoff,Staff positions across multiple divisions,Staff positions across multiple divisions,"11 staff positions eliminated due to financial pressures, shifting demographics, inflation. 3 positions modified with reduced appointments.",https://wwmt.com/news/local/kalamazoo-college-reduces-staff-financial-challenges-student-demographics-inflationary-environment,,WWMT,scraper,,,,,,,,,,,,,2026-05-15,approved,grandfathered,,2026-05-15,TRUE,FALSE,
5b00c4b8-ba06-47b4-aa87-2b16167587fb,198950,Meredith College,North Carolina,2025-07-22,2025,staff_layoff,Staff layoffs across multiple departments,6% workforce reduction (25 employees) for budget alignment.,6% workforce reduction (25 employees) for budget alignment. No faculty or departments eliminated. Strategic cuts across campus departments to preserve financial strength.,https://abc11.com/post/meredith-college-raleigh-nc-laying-off-6-workforce/17246168/,,ABC11,scraper,,,,,,,6% workforce reduction (25 employees) for budget alignment.,6% workforce reduction (25 employees) for budget alignment.,,,,,2026-05-15,approved,grandfathered,,2026-05-15,TRUE,FALSE,
296a09a3-6a09-4d3a-ae49-3e3c86071334,171100,Michigan State University,Michigan,2025-07-22,2025,staff_layoff,SNAP-Ed Program / MSU Extension,"Federal SNAP-Ed funding cuts resulting in $10M annual loss, affecting nutrition education services for low-income families across Michigan","Federal SNAP-Ed funding cuts resulting in $10M annual loss, affecting nutrition education services for low-income families across Michigan",https://wkzo.com/2025/08/01/820776/,,WKZO,scraper,,,,,,,"Federal SNAP-Ed funding cuts resulting in $10M annual loss, affecting nutrition education services for low-income families across Michigan","Federal SNAP-Ed funding cuts resulting in $10M annual loss, affecting nutrition education services for low-income families across Michigan",,,,,2026-05-15,approved,grandfathered,,2026-05-15,TRUE,FALSE,
93094c6a-a529-482a-b7e6-1fb4c9420188,216339,Temple University,Pennsylvania,2025-07-18,2025,staff_layoff,Institution-wide cost reductions (some faculty layoffs),"Temple University to lay off 50 employees
The public institution is cutting 190 positions in an effort to slash more than $30 million from its deficit","Temple University to lay off 50 employees
The public institution is cutting 190 positions in an effort to slash more than $30 million from its deficit",https://news.temple.edu/announcements/2025-07-18/results-rcm-review,,Temple Now,scraper,,,,,,,"Temple University to lay off 50 employees
The public institution is cutting 190 positions in an effort to slash more than $30 million from its deficit","Temple University to lay off 50 employees
The public institution is cutting 190 positions in an effort to slash more than $30 million from its deficit",,,,,2026-05-15,approved,grandfathered,,2026-05-15,TRUE,FALSE,
e90fa74c-9bc1-4724-8ecf-a5330d6402f5,228705,Texas A&M University-Kingsville,Texas,2025-07-18,2025,staff_layoff,Staff positions,Staff positions,Budget shortfall of $6M due to enrollment declines and rising costs,https://www.kiiitv.com/article/news/education/texas-a-and-m-kingsville-lays-off-34-employees-following-budget-shortfall/503-548f6c64-bf51-4019-aa51-6b747cb81816,,KIII TV,scraper,,,,,,,,,,,,,2026-05-15,approved,grandfathered,,2026-05-15,TRUE,FALSE,
f18a63e7-fcd5-4c23-ba15-3dee190ca7d7,206622,Xavier University,Ohio,2025-07-18,2025,staff_layoff,Workforce reduction,Job cuts affect temporary workers and two executive positions due to declining enrollment.,Job cuts affect temporary workers and two executive positions due to declining enrollment. Full-time faculty not impacted. Freshman class expected to drop from ~1000 to ~800.,https://local12.com/news/local/university-cut-jobs-as-it-sees-declining-enrollment-numbers-enroll-xavier-workforce-workers-jobs-money-tuition-students-education-executives-freshmen-cincinnati-ohio-norwood-impact,,Local 12,scraper,,,,,,,Job cuts affect temporary workers and two executive positions due to declining enrollment.,Job cuts affect temporary workers and two executive positions due to declining enrollment.,,,,,2026-05-15,approved,grandfathered,,2026-05-15,TRUE,FALSE,
6e7ca7fa-f705-4460-b310-04fae28be240,240277,University of Wisconsin-Green Bay,Wisconsin,2025-07-16,2025,program_suspension,ROTC Program,ROTC suspension due to federal funding cuts.,ROTC suspension due to federal funding cuts. New enrollments prohibited; military science classes restricted to scholarship/contracted cadets. Part of nationwide reductions affecting 10 universities.,https://news.uwgb.edu/phlash/mediacoverage/07/16/uw-green-bay-st-norbert-rotc-programs-will-end-amid-federal-cuts-green-bay-press-gazette/,,Green Bay Press-Gazette,scraper,,,,,,,ROTC suspension due to federal funding cuts.,ROTC suspension due to federal funding cuts.,,,,,2026-05-15,approved,grandfathered,,2026-05-15,TRUE,FALSE,
b0b3a313-3433-4e7c-a77b-f4224560fd89,161457,University of New England,Maine,2025-07-11,2025,program_suspension,Maine SNAP-Ed (Supplemental Nutrition Assistance Program - Education),Federal funding eliminated through Public Law 119-21 budget reconciliation bill.,"Federal funding eliminated through Public Law 119-21 budget reconciliation bill. Program served communities across Maine for over 30 years, losing $4.8M/year.",https://www.maine.gov/dhhs/blog/federal-budget-reconciliation-law-now-effect-impacts-mainecare-snap-covermegov-2025-07-11,,Maine.gov,scraper,,,,,,,Federal funding eliminated through Public Law 119-21 budget reconciliation bill.,Federal funding eliminated through Public Law 119-21 budget reconciliation bill.,,,,,2026-05-15,approved,grandfathered,,2026-05-15,TRUE,FALSE,
a5f1ca39-6257-454a-83c3-608a556d8540,221759,The University of Tennessee-Knoxville,Tennessee,2025-07-10,2025,program_suspension,China Scholarship Council Partnership,Terminated due to national security concerns raised by U.S. House Select Committee on Chinese Communist Party infiltration risks,Terminated due to national security concerns raised by U.S. House Select Committee on Chinese Communist Party infiltration risks,https://www.wbir.com/video/news/local/downtown-ut/ut-ends-agreement-with-china-scholarship-council-after-receiving-letter-from-trump-administration/51-a6f49111-9d1d-46ac-af88-2c552de3b924,,WBIR,scraper,,,,,,,Terminated due to national security concerns raised by U.S. House Select Committee on Chinese Communist Party infiltration risks,Terminated due to national security concerns raised by U.S. House Select Committee on Chinese Communist Party infiltration risks,,,,,2026-05-15,approved,grandfathered,,2026-05-15,TRUE,FALSE,
d4b9b12e-0881-49f5-b53c-de5064eae92b,240444,University of Wisconsin-Madison,Wisconsin,2025-07-09,2025,department_closure,"Division of Diversity, Equity & Educational Achievement",DEI division sunset announced 2025-07-09. Programs relocated to Teaching & Learning division. <10 staff laid off.,DEI division sunset announced 2025-07-09. Programs relocated to Teaching & Learning division. <10 staff laid off. Scholarships and student support programs continue under new structure.,https://www.fox6now.com/news/uw-madison-dei-division-close-move-programs-other-divisions,,Fox6 Milwaukee,scraper,,,,,,,DEI division sunset announced 2025-07-09. Programs relocated to Teaching & Learning division. <10 staff laid off.,DEI division sunset announced 2025-07-09. Programs relocated to Teaching & Learning division. <10 staff laid off.,,,,,2026-05-15,approved,grandfathered,,2026-05-15,TRUE,FALSE,
41a4ed38-f6ad-4d62-bc3c-c46a25bbc3f9,164988,Boston University,Massachusetts,2025-07-07,2025,staff_layoff,Staff layoff amid budget challenges,"Announced 120 staff layoffs and elimination of 120 vacant positions due to 5% budget cuts, citing federal funding uncertainty and operational challenges.","Announced 120 staff layoffs and elimination of 120 vacant positions due to 5% budget cuts, citing federal funding uncertainty and operational challenges.",https://www.highereddive.com/news/boston-university-staff-layoffs-120-budget-federal-funding/752499/,,Higher Ed Dive,scraper,,,,,,,"Announced 120 staff layoffs and elimination of 120 vacant positions due to 5% budget cuts, citing federal funding uncertainty and operational challenges.","Announced 120 staff layoffs and elimination of 120 vacant positions due to 5% budget cuts, citing federal funding uncertainty and operational challenges.",,,,,2026-05-15,approved,grandfathered,,2026-05-15,TRUE,FALSE,
390e19fb-1437-4a94-9c79-9f8eebbca5fe,150136,Ball State University,Indiana,2025-07-05,2025,program_suspension,"Programs affected include a Master of Arts in Political Science, an associate degree in Chemical Technology, and multiple degrees in German and Visual Arts.",Part of 51 program modifications due to Indiana state mandate requiring low-enrollment program reductions.,Part of 51 program modifications due to Indiana state mandate requiring low-enrollment program reductions. Includes suspension/elimination of 9 programs with teach-out plans for current students.,https://www.ballstatedaily.com/article/2025/07/ball-state-adjusts-51-degree-programs-amid-statewide-enrollment-mandate-daily-news,,The Ball State Daily News,scraper,,,,,,,Part of 51 program modifications due to Indiana state mandate requiring low-enrollment program reductions.,Part of 51 program modifications due to Indiana state mandate requiring low-enrollment program reductions.,,,,,2026-05-15,approved,grandfathered,,2026-05-15,TRUE,FALSE,
151a6702-06e9-459d-8cfe-9fb2da8a015e,408844,Florida National University-Main Campus,Florida,2025-07-04,2025,staff_layoff,Administrative Staff Reductions,75 positions eliminated through 5% administrative expense reduction to save $20M.,75 positions eliminated through 5% administrative expense reduction to save $20M. Includes Office of Sustainability closure (3 jobs) and Health Science Center PST program (15 positions).,https://www.alligator.org/article/2025/08/uf-shuts-down-office-of-sustainability,,The Independent Florida Alligator,scraper,,,,,,,75 positions eliminated through 5% administrative expense reduction to save $20M.,75 positions eliminated through 5% administrative expense reduction to save $20M.,,,,,2026-05-15,approved,grandfathered,,2026-05-15,TRUE,FALSE,
8b66837c-5cb2-4a95-8929-cf2a79e4a9d9,231420,Averett University,Virginia,2025-07-02,2025,program_suspension,"Liberal Arts programs (Political Science, Communications majors; Art, Music minors; Environmental Science concentration)",Cuts address $6M deficit from alleged endowment mismanagement.,Cuts address $6M deficit from alleged endowment mismanagement. University maintains introductory liberal arts courses but eliminates upper-level programs to reallocate resources.,https://wset.com/news/local/averett-university-cuts-liberal-arts-programs-amid-financial-crisis-thomas-powell-president-july-2025,,WSET,scraper,,,,,,,Cuts address $6M deficit from alleged endowment mismanagement.,Cuts address $6M deficit from alleged endowment mismanagement.,,,,,2026-05-15,approved,grandfathered,,2026-05-15,TRUE,FALSE,
6cd4d8c0-6b93-45dd-b471-54a42644fc2d,151351,Indiana University-Bloomington,Indiana,2025-07-01,2025,program_suspension,"B.A. in French, B.A. in Art History, B.A. in Italian, M.A. in Japanese, M.A. in Theater and Drama, M.A. in Chinese",Eliminated as part of 116 degree program cuts at IU Bloomington due to state-mandated graduation thresholds (minimum 15 graduates annually for bachelor…,Eliminated as part of 116 degree program cuts at IU Bloomington due to state-mandated graduation thresholds (minimum 15 graduates annually for bachelor degrees).,https://www.idsnews.com/article/2025/07/indiana-higher-education-degrees-eliminated-suspended,,Indiana Daily Student,scraper,,,,,,,"Six university systems voluntarily submitted degree programs with zero-to-low enrollment on Monday to comply with House Enrolled Act 1001-2025, effective July 1, which requires programs to have at least 15 graduates for a bachelor’s degree and 10 graduates for an associate degree. A total of 249 programs from IU campuses will be impacted, with 116 from IU Bloomington.","Six university systems voluntarily submitted degree programs with zero-to-low enrollment on Monday to comply with House Enrolled Act 1001-2025, effective July 1, which requires programs to have at least 15 graduates for a bachelor’s degree and 10 graduates for an associate degree. A total of 249 programs from IU campuses will be impacted, with 116 from IU Bloomington.",,,,,2026-05-15,approved,grandfathered,,2026-05-15,TRUE,FALSE,
56709c63-5e4d-4a93-9782-2c9aca6b57f5,243780,Purdue University-Main Campus,Indiana,2025-07-01,2025,program_suspension,"Bachelor's in Microbiology, Bachelor’s in Mathematics, Bachelor’s in Design and Production, Master’s in Health Sciences",Suspended with teach-out toward elimination due to low enrollment under Indiana's new degree program thresholds requiring 15+ annual graduates for bachelor's…,Suspended with teach-out toward elimination due to low enrollment under Indiana's new degree program thresholds requiring 15+ annual graduates for bachelor's degrees.,https://www.basedinlafayette.com/p/heres-what-purdue-degree-programs,,Based in Lafayette,scraper,,,,,,,Seven degree programs at Purdue’s West Lafayette campus were listed among 83 systemwide,Seven degree programs at Purdue’s West Lafayette campus were listed among 83 systemwide,,,,,2026-05-15,approved,grandfathered,,2026-05-15,TRUE,FALSE,
79602a45-bd21-4aac-95d6-5644f5aae297,172264,Siena Heights University,Michigan,2025-06-30,2025,institution_closure,Institution closure,Closure due to financial instability from declining enrollment (33% drop over a decade) and rising operational costs.,Closure due to financial instability from declining enrollment (33% drop over a decade) and rising operational costs.,https://universitybusiness.com/tracking-college-closings-in-higher-ed-2025/,,University Business,scraper,,,,,,,,,,,,,2026-05-15,approved,grandfathered,,2026-05-15,TRUE,FALSE,
aa83188d-211d-47ac-acb2-fd1279eafb40,110662,University of California-Los Angeles,California,2025-06-30,2025,staff_layoff,UCLA Extension Staff Positions,UCLA Extension Staff Positions,Layoffs due to federal budget cuts targeting continuing education programs.,https://dailybruin.com/2025/07/21/ucla-extension-lays-off-employees-eliminates-positions-amid-federal-budget-cuts,,Daily Bruin,scraper,,,,,,,,,,,,,2026-05-15,approved,grandfathered,,2026-05-15,TRUE,FALSE,
749a7554-61e9-41b6-8886-fa69c97a97e7,237011,Western Washington University,Washington,2025-06-26,2025,staff_layoff,Deficit reduction: 20 positions eliminated (16 occupied),Deficit reduction: 20 positions eliminated (16 occupied),Part of effort to close $23 M shortfall; earlier 2025 cuts preceded this.,https://mybellinghamnow.com/news/297792-more-layoffs-hit-staff-at-western-washington-university-amidst-23-million-budget-deficit/,,My Bellingham Now,scraper,,,,,,,,,,,,,2026-05-15,approved,grandfathered,,2026-05-15,TRUE,FALSE,
c9144208-32f4-45bf-83e3-d8334be60a64,183026,Southern New Hampshire University,New Hampshire,2025-06-25,2025,staff_layoff,University-wide staff reductions (8 departments),"60 positions eliminated across HR, marketing and other units; no faculty affected.","60 positions eliminated across HR, marketing and other units; no faculty affected.",https://www.wmur.com/article/snhu-southern-new-hampshire-university-job-cuts/65227741,,WMUR-TV,scraper,,,,,,,"60 positions eliminated across HR, marketing and other units; no faculty affected.","60 positions eliminated across HR, marketing and other units; no faculty affected.",,,,,2026-05-15,approved,grandfathered,,2026-05-15,TRUE,FALSE,
13dfd831-8f29-4dfe-a528-751acc397e5a,237057,Whitman College,Washington,2025-06-25,2025,staff_layoff,Budget shortfall: 10 staff layoffs,Additional measures include salary freezes and admin pay cuts.,Additional measures include salary freezes and admin pay cuts.,https://www.nwpb.org/2025/06/25/whitman-college-lays-off-10-staffers-citing-3-million-budget-shortfall/,,Northwest Public Broadcasting,scraper,,,,,,,Additional measures include salary freezes and admin pay cuts.,Additional measures include salary freezes and admin pay cuts.,,,,,2026-05-15,approved,grandfathered,,2026-05-15,TRUE,FALSE,
b93d7df1-2d44-4b40-bdcd-ef5788a1ecd6,165334,Clark University,Massachusetts,2025-06-20,2025,staff_layoff,Academic restructure: up to 30 % faculty & 5 % staff cuts,Academic restructure: up to 30 % faculty & 5 % staff cuts,"Clark University (Worcester, MA) announced June 3, 2025 it will reduce faculty by 25–30% over 2–3 years and staff by ~5% within one year. Enrollment shortfall of ~80–100 students in the 2025 fall class cost ~$7M in revenue; lost federal grants added ~$1.5M. Hiring freeze in place since September 2024. President Fithian framed cuts as strategic reinvestment rather than crisis response.",https://www.masslive.com/news/2025/06/clark-university-to-lay-off-30-of-faculty-amid-enrollment-woes.html,,MassLive,scraper,,,,,,,,,,,,,2026-05-15,approved,grandfathered,,2026-05-15,TRUE,FALSE,
8323184f-e02e-4c7b-a8f8-7a9080109eb4,174066,University of Minnesota-Twin Cities,Minnesota,2025-06-20,2025,staff_layoff,"Programs across colleges (7% cut), 350 positions eliminated","Programs across colleges (7% cut), 350 positions eliminated",UMN is cutting 7% of program budgets and eliminating 350 positions to cover a $115M revenue gap.,https://www.chronicle.com/article/u-of-minnesota-tries-to-soften-the-blow-of-tuition-hikes-budget-cuts-with-faculty-benefits,,University of Minnesota,scraper,,,,,,,,,,,,,2026-05-15,approved,grandfathered,,2026-05-15,TRUE,FALSE,
46a33afd-6137-4b74-a873-b0fa994c5a31,221999,Vanderbilt University,Tennessee,2025-06-20,2025,staff_layoff,Institution workforce reduction,"650 layoffs (2% of workforce) primarily impacting research, administration, and support roles due to federal budget reductions and $300M operational cuts","650 layoffs (2% of workforce) primarily impacting research, administration, and support roles due to federal budget reductions and $300M operational cuts",https://www.fiercehealthcare.com/providers/vanderbilt-university-medical-center-announces-650-layoffs-300m-budget-cut,,FierceHealthcare,scraper,,,,,,,"650 layoffs (2% of workforce) primarily impacting research, administration, and support roles due to federal budget reductions and $300M operational cuts","650 layoffs (2% of workforce) primarily impacting research, administration, and support roles due to federal budget reductions and $300M operational cuts",,,,,2026-05-15,approved,grandfathered,,2026-05-15,TRUE,FALSE,
3b066871-7d44-43c7-b20e-02c6f0acdde4,174066,University of Minnesota-Twin Cities,Minnesota,2025-06-19,2025,department_closure,"Multiple low-enrollment degree programs (TBA, system-wide)",Regents-approved FY25 budget directs campuses to retire low-productivity majors; specific lists due July.,Regents-approved FY25 budget directs campuses to retire low-productivity majors; specific lists due July.,https://www.startribune.com/university-of-minnesota-proposes-7-budget-cuts-and-largest-tuition-hike-in-more-than-a-decade/601367825,,Star Tribune,scraper,,,,,,,Regents-approved FY25 budget directs campuses to retire low-productivity majors; specific lists due July.,Regents-approved FY25 budget directs campuses to retire low-productivity majors; specific lists due July.,,,,,2026-05-15,approved,grandfathered,,2026-05-15,TRUE,FALSE,
cb2cc901-49c4-4179-9338-3cd506bddc1b,209551,University of Oregon,Oregon,2025-06-19,2025,staff_layoff,Budget cuts: 42 positions terminated (11 faculty),Budget cuts: 42 positions terminated (11 faculty),"42 positions eliminated in College of Arts and Sciences on June 18, 2025, including 11 faculty, to cover the college budget shortfall. Additional fall 2025 university-wide layoffs planned to address $25.7M structural deficit for FY 2026. Cuts concentrated in humanities and social sciences; UO faculty union filed grievance over process.",https://lookouteugene-springfield.com/story/education/2025/06/19/42-uo-college-of-arts-and-sciences-staff-and-faculty-get-layoff-notices/,,Lookout Eugene-Springfield,scraper,,,,,,,,,,,,,2026-05-15,approved,grandfathered,,2026-05-15,TRUE,FALSE,
5af0a66a-4bda-4600-9e68-27968958eea0,144281,Columbia College Chicago,Illinois,2025-06-18,2025,staff_layoff,Layoff of 20 full-time faculty (18 tenured),"Another round of cuts amid $40 M deficit; enrollment down to 5,570.","Another round of cuts amid $40 M deficit; enrollment down to 5,570.",https://chicago.suntimes.com/news/2025/06/18/columbia-college-layoff,,Chicago Sun-Times,scraper,,,,,,,"Another round of cuts amid $40 M deficit; enrollment down to 5,570.","Another round of cuts amid $40 M deficit; enrollment down to 5,570.",,,,,2026-05-15,approved,grandfathered,,2026-05-15,TRUE,FALSE,
e1978915-5efc-4823-9374-e32e137772ac,cut-washington-state-university--district-of-columbia,Washington State University,District of Columbia,2025-06-17,2025,program_suspension,Track and Field,,,https://www.si.com/college/washington-state/athletics/washington-state-athletics-announces-significant-cuts-to-track-field-program,,Sports Illustrated,scraper,236939,,,,,,,,,,,,2026-05-15,approved,grandfathered,,2026-05-15,TRUE,FALSE,
3d332b65-e322-404d-8f2b-a982d7939e8e,200800,University of Akron Main Campus,Ohio,2025-06-15,2025,department_closure,Department of Anthropology & Physics,Retrenchment report recommends dissolving Anthropology department; teach-out plan pending grievance.,Retrenchment report recommends dissolving Anthropology department; teach-out plan pending grievance.,https://signalakron.org/faculty-voluntarily-leaving-university-of-akron-may-stave-off-staff-cuts-report-says/,,Signal Akron,scraper,,,,,,,Retrenchment report recommends dissolving Anthropology department; teach-out plan pending grievance.,Retrenchment report recommends dissolving Anthropology department; teach-out plan pending grievance.,,,,,2026-05-15,approved,grandfathered,,2026-05-15,TRUE,FALSE,
33896d34-ac22-4814-a166-f6a73c242014,239105,Marquette University,Wisconsin,2025-06-13,2025,program_suspension,Medical Laboratory Science,Termination of 90-year-old program as part of Marquette 2031 cost-saving plan.,Termination of 90-year-old program as part of Marquette 2031 cost-saving plan. Current students can complete degrees until Spring 2029. Program had 4 faculty/staff and offered tuition support/stipends.,https://marquettewire.org/4138156/news/medical-laboratory-science-program-to-be-terminated/,,Marquette Wire,scraper,,,,,,,Termination of 90-year-old program as part of Marquette 2031 cost-saving plan.,Termination of 90-year-old program as part of Marquette 2031 cost-saving plan.,,,,,2026-05-15,approved,grandfathered,,2026-05-15,TRUE,FALSE,
db2ddebc-fcb8-4d94-a2e4-9a359bbf8923,213987,Mercyhurst University,Pennsylvania,2025-06-12,2025,staff_layoff,Annual budget realignment: 5 staff positions cut,Annual budget realignment: 5 staff positions cut,"University states cuts are routine, offset by new athletic hires.",https://www.goerie.com/story/news/education/2025/06/12/mercyhurst-university-makes-5-job-cuts-as-part-of-budget-review/83989285007/,,Erie Times-News,scraper,,,,,,,,,,,,,2026-05-15,approved,grandfathered,,2026-05-15,TRUE,FALSE,
f74e3454-6538-4862-9062-8a9d86db5170,110662,University of California-Los Angeles,California,2025-06-05,2025,program_suspension,AAP: Pre-College Scholars & Graduate/Professional Services units,"UCLA Academic Advancement Program (AAP) pausing Pre-College Scholars and several graduate/professional services programs effective July 1, 2025, and reducing…","UCLA Academic Advancement Program (AAP) pausing Pre-College Scholars and several graduate/professional services programs effective July 1, 2025, and reducing staff, due to budget cuts in UCLA's Division of Undergraduate Education. AAP serves first-generation and underrepresented students. Formal notification sent May 20, 2025. Federal and state budget pressures on UC system cited.",https://dailybruin.com/2025/06/05/academic-advancement-program-to-pause-some-programs-reduce-staff-amid-budget-cuts,,Daily Bruin,scraper,,,,,,,"UCLA Academic Advancement Program (AAP) pausing Pre-College Scholars and several graduate/professional services programs effective July 1, 2025, and reducing…","UCLA Academic Advancement Program (AAP) pausing Pre-College Scholars and several graduate/professional services programs effective July 1, 2025, and reducing…",,,,,2026-05-15,approved,grandfathered,,2026-05-15,TRUE,FALSE,
0bd68f41-6763-4720-a503-5912058d1952,168005,Suffolk University,Massachusetts,2025-06-01,2025,staff_layoff,Staff layoffs,"35 staff layoffs across multiple divisions (IT, student affairs, public affairs, marketing, HR) due to budget reductions and cautious 2026 spending approach","35 staff layoffs across multiple divisions (IT, student affairs, public affairs, marketing, HR) due to budget reductions and cautious 2026 spending approach",https://thesuffolkjournal.com/47902/news/suffolk-university-layoffs/,,The Suffolk Journal,scraper,,,,,,,"35 staff layoffs across multiple divisions (IT, student affairs, public affairs, marketing, HR) due to budget reductions and cautious 2026 spending approach","35 staff layoffs across multiple divisions (IT, student affairs, public affairs, marketing, HR) due to budget reductions and cautious 2026 spending approach",,,,,2026-05-15,approved,grandfathered,,2026-05-15,TRUE,FALSE,
99fa545d-04bf-4b86-96d4-17716991ccf2,194958,Roberts Wesleyan University,New York,2025-05-29,2025,department_closure,Strategic resizing: workforce (-20 %) and select programs,RWU eliminating ~62 positions and cutting low-demand programs to align operations with mission.,RWU eliminating ~62 positions and cutting low-demand programs to align operations with mission.,https://rbj.net/2025/05/29/roberts-wesleyan-university-to-cut-20-of-workforce-and-academic-programs/,,Rochester Business Journal,scraper,,,,,,,RWU eliminating ~62 positions and cutting low-demand programs to align operations with mission.,RWU eliminating ~62 positions and cutting low-demand programs to align operations with mission.,,,,,2026-05-15,approved,grandfathered,,2026-05-15,TRUE,FALSE,
d4bb9a15-15a8-4e5a-a053-d13dba654293,196130,SUNY Buffalo State University,New York,2025-05-25,2025,department_closure,19 under-enrolled academic programs,SUNY Buffalo State dropping 19 programs and 63 positions; enrollment down 43 % over a decade.,SUNY Buffalo State dropping 19 programs and 63 positions; enrollment down 43 % over a decade.,https://www.wivb.com/news/local-news/buffalo-state-university-announces-cuts-to-programs/,,The Buffalo News,scraper,,,,,,,SUNY Buffalo State dropping 19 programs and 63 positions; enrollment down 43 % over a decade.,SUNY Buffalo State dropping 19 programs and 63 positions; enrollment down 43 % over a decade.,,,,,2026-05-15,approved,grandfathered,,2026-05-15,TRUE,FALSE,
3b263c2c-5173-4112-97f6-b6921432d334,151102,Purdue University Fort Wayne,Indiana,2025-05-23,2025,program_suspension,Baseball and softball programs,Part of $6 million budget cuts; expected to save upwards of $1 million; discontinued effective immediately; student scholarships will be honored,Part of $6 million budget cuts; expected to save upwards of $1 million; discontinued effective immediately; student scholarships will be honored,https://www.21alivenews.com/2025/05/22/45-purdue-university-fort-wayne-employees-laid-off-amid-budget-cuts/,,21 Alive News,scraper,,,,,,,Part of $6 million budget cuts; expected to save upwards of $1 million; discontinued effective immediately; student scholarships will be honored,Part of $6 million budget cuts; expected to save upwards of $1 million; discontinued effective immediately; student scholarships will be honored,,,,,2026-05-15,approved,grandfathered,,2026-05-15,TRUE,FALSE,
b5ce112f-c613-4a67-9563-ba25424f2904,110714,University of California-Santa Cruz,California,2025-05-23,2025,program_suspension,German and Persian Language Programs,Elimination due to $81M budget deficit and low enrollment.,Elimination due to $81M budget deficit and low enrollment. Part of campus-wide cuts affecting Languages and Applied Linguistics department. 23.5% course reduction.,https://lookout.co/as-uc-santa-cruz-reduces-its-budget-german-persian-language-courses-face-elimination/story,,Lookout,scraper,,,,,,,Elimination due to $81M budget deficit and low enrollment.,Elimination due to $81M budget deficit and low enrollment.,,,,,2026-05-15,approved,grandfathered,,2026-05-15,TRUE,FALSE,
50ce8fb1-d12d-4e60-84ef-ac7882a97786,207342,University of Oklahoma-Health Sciences Center,Oklahoma,2025-05-21,2025,staff_layoff,Athletic Department,5% workforce reduction (15 of 302 employees) in athletic dept to prepare for $20.5M annual revenue sharing with student-athletes under House v.,5% workforce reduction (15 of 302 employees) in athletic dept to prepare for $20.5M annual revenue sharing with student-athletes under House v. NCAA settlement,https://stormininnorman.com/oklahoma-sooners-already-pays-price-for-athlete-revenue-sharing-with-early-layoffs-ncaa-nil-joe-castiglione,,Stormin In Norman,scraper,207500,University of Oklahoma-Norman Campus,,,,,5% workforce reduction (15 of 302 employees) in athletic dept to prepare for $20.5M annual revenue sharing with student-athletes under House v.,5% workforce reduction (15 of 302 employees) in athletic dept to prepare for $20.5M annual revenue sharing with student-athletes under House v.,,,,,2026-05-15,approved,grandfathered,,2026-05-15,TRUE,FALSE,
e5bf6b91-4753-4407-be80-df5ca3424637,104179,University of Arizona,Arizona,2025-05-20,2025,staff_layoff,Foundational Writing Courses,"Non-renewal of 10 career-track faculty in foundational writing courses, which are required for graduation.","Non-renewal of 10 career-track faculty in foundational writing courses, which are required for graduation. Contracts terminated with only five days' notice, resulting in loss of health insurance.",https://azluminaria.org/2025/06/13/university-of-arizona-budget-update-faculty-cuts/,,Arizona Luminaria,scraper,,,,,,,"Non-renewal of 10 career-track faculty in foundational writing courses, which are required for graduation.","Non-renewal of 10 career-track faculty in foundational writing courses, which are required for graduation.",,,,,2026-05-15,approved,grandfathered,,2026-05-15,TRUE,FALSE,
66eb60d5-594c-4bd1-a41f-230c3c8a022b,161253,University of Maine,Maine,2025-05-15,2025,staff_layoff,Advanced Structures and Composites Center,"Federal funding cuts led to layoffs of engineers, scientists, and technicians.","Federal funding cuts led to layoffs of engineers, scientists, and technicians. DOE suspended $15.8M in awards for offshore wind projects.",https://www.mainepublic.org/education-news/2025-05-15/umaine-advanced-structures-and-composites-center-lays-off-9-employees-after-federal-funding-cuts,,Maine Public,scraper,,,,,,,"Federal funding cuts led to layoffs of engineers, scientists, and technicians.","Federal funding cuts led to layoffs of engineers, scientists, and technicians.",,,,,2026-05-15,approved,grandfathered,,2026-05-15,TRUE,FALSE,
a6166c37-ed4b-44d8-9555-fdf7203e1971,217235,Johnson & Wales University-Providence,Rhode Island,2025-05-08,2025,staff_layoff,Institution-wide staff reduction,Layoffs of 91 faculty/staff (5% of workforce) due to $34M operating deficit and 54% enrollment decline since 2012.,Layoffs of 91 faculty/staff (5% of workforce) due to $34M operating deficit and 54% enrollment decline since 2012.,https://www.highereddive.com/news/johnson-wales-university-91-layoffs-faculty-staff-deficit/747604/,,Higher Ed Dive,scraper,,,,,,,Layoffs of 91 faculty/staff (5% of workforce) due to $34M operating deficit and 54% enrollment decline since 2012.,Layoffs of 91 faculty/staff (5% of workforce) due to $34M operating deficit and 54% enrollment decline since 2012.,,,,,2026-05-15,approved,grandfathered,,2026-05-15,TRUE,FALSE,
9a49674a-1296-4707-94e2-1ffee8cab405,190150,Columbia University in the City of New York,New York,2025-05-06,2025,staff_layoff,Research Staff,"Layoffs due to revocation of $400M federal grants by Trump administration, citing alleged antisemitism and university inaction. 180 staff (20% of grant-funded…","Layoffs due to revocation of $400M federal grants by Trump administration, citing alleged antisemitism and university inaction. 180 staff (20% of grant-funded positions) terminated across research programs including radiation exposure, ALS, and tuberculosis research.",https://www.nbcnews.com/news/us-news/columbia-university-cuts-180-staffers-funded-federal-grants-revoked-tr-rcna205080,,NBC News,scraper,,,,,,,"Layoffs due to revocation of $400M federal grants by Trump administration, citing alleged antisemitism and university inaction. 180 staff (20% of grant-funded…","Layoffs due to revocation of $400M federal grants by Trump administration, citing alleged antisemitism and university inaction. 180 staff (20% of grant-funded…",,,,,2026-05-15,approved,grandfathered,,2026-05-15,TRUE,FALSE,
92874b40-3fe0-48eb-95c3-cd2a00e1831c,131159,American University,District of Columbia,2025-05-01,2025,staff_layoff,Institution-wide Staff and Faculty Reduction,Voluntary Retirement Incentive Program (VRIP) participants include 123 staff/faculty with avg 24 yrs service.,"Voluntary Retirement Incentive Program (VRIP) participants include 123 staff/faculty with avg 24 yrs service. Largest group in AU history, effective May 2025.",https://www.american.edu/finance/memos/honoring-our-voluntary-retirement-program-participants.cfm,,American University Finance Memo,scraper,,,,,,,Voluntary Retirement Incentive Program (VRIP) participants include 123 staff/faculty with avg 24 yrs service.,Voluntary Retirement Incentive Program (VRIP) participants include 123 staff/faculty with avg 24 yrs service.,,,,,2026-05-15,approved,grandfathered,,2026-05-15,TRUE,FALSE,
5e8469a9-2600-426f-8a8f-3ca38fe71ab2,486840,Kennesaw State University,Georgia,2025-05-01,2025,program_suspension,Black Studies BA,"KSU deactivated Black Studies BA and two other ""low-producing"" majors under state productivity standards.","KSU deactivated Black Studies BA and two other ""low-producing"" majors under state productivity standards. Georgia NAACP called the decision ""damaging,"" raising equity and academic integrity concerns. University cited insufficient enrollment. Current students may complete degrees; courses remain available as electives but no new majors are admitted.",https://www.uatl.com/news/2025/05/low-performing-black-studies-program-discontinued-at-kennesaw-state/,,Atlanta Journal-Constitution,scraper,,,,,,,"KSU deactivated Black Studies BA and two other ""low-producing"" majors under state productivity standards.","KSU deactivated Black Studies BA and two other ""low-producing"" majors under state productivity standards.",,,,,2026-05-15,approved,grandfathered,,2026-05-15,TRUE,FALSE,
7afa740b-587a-4628-b510-4e717d04db73,218238,Limestone University,South Carolina,2025-04-29,2025,institution_closure,All programs,"Board of Trustees voted April 29, 2025 to close after nearly 180 years, citing an unresolvable $6M budget shortfall.","Board of Trustees voted April 29, 2025 to close after nearly 180 years, citing an unresolvable $6M budget shortfall. Emergency fundraising failed to meet the threshold. All on-campus and online degree programs discontinued. Limestone survived the Civil War and Great Depression but could not overcome sustained enrollment decline and deferred financial pressures.",https://apnews.com/d4851555bd0fb360a92dee84a2d93140,,AP News,scraper,,,,,,,"Board of Trustees voted April 29, 2025 to close after nearly 180 years, citing an unresolvable $6M budget shortfall.","Board of Trustees voted April 29, 2025 to close after nearly 180 years, citing an unresolvable $6M budget shortfall.",,,,,2026-05-15,approved,grandfathered,,2026-05-15,TRUE,FALSE,
83c258a4-d765-4b4f-94e3-9f0fa744fc5a,199698,St. Andrews University,North Carolina,2025-04-25,2025,institution_closure,Institution closure,"Financial crisis led to permanent closure of Presbyterian university founded in 1958, merged with Webber International University in 2011 but could not sustain…","Financial crisis led to permanent closure of Presbyterian university founded in 1958, merged with Webber International University in 2011 but could not sustain operations.",https://www.theassemblync.com/education/higher-education/st-andrews-laurinburg-nc-remains/,,The Assembly NC,scraper,,,,,,,,,,,,,2026-05-15,approved,grandfathered,,2026-05-15,TRUE,FALSE,
f524ed9d-59f0-45d8-9cc4-405899a4ae30,206084,University of Toledo,Ohio,2025-04-21,2025,program_suspension,"Africana studies, Asian studies, data analytics, disability studies, Middle East studies, philosophy, religious studies, Spanish, women’s and gender studies",Suspended due to Ohio SB1 requiring elimination of programs averaging <5 degrees/year over 3 years.,Suspended due to Ohio SB1 requiring elimination of programs averaging <5 degrees/year over 3 years. Current students may complete degrees; programs remain available as minors.,https://19thnews.org/2025/04/university-of-toledo-suspends-programs-dei/,,19th News,scraper,,,,,,,Suspended due to Ohio SB1 requiring elimination of programs averaging <5 degrees/year over 3 years.,Suspended due to Ohio SB1 requiring elimination of programs averaging <5 degrees/year over 3 years.,,,,,2026-05-15,approved,grandfathered,,2026-05-15,TRUE,FALSE,
334a75ef-7719-407c-8f75-dcf40347c01b,134945,Jacksonville University,Florida,2025-04-10,2025,department_closure,Music (BA/BM),Part of restructuring eliminating several arts programs.,Part of restructuring eliminating several arts programs.,https://www.insidehighered.com/news/business/financial-health/2025/05/06/colleges-cut-more-programs-jobs-april,,Inside Higher Ed,scraper,,,,,,,Part of restructuring eliminating several arts programs.,Part of restructuring eliminating several arts programs.,,,,,2026-05-15,approved,grandfathered,,2026-05-15,TRUE,FALSE,
49d5c391-fa84-47c9-afb2-6948e6d408fa,212577,Franklin and Marshall College,Pennsylvania,2025-04-02,2025,staff_layoff,Staff layoffs,"Layoffs due to enrollment decline from ~2,200 to 1,867 students.","Layoffs due to enrollment decline from ~2,200 to 1,867 students. Affected positions included library staff, facilities, event services, study abroad advisor, sustainability director.",https://dailyvoice.com/pa/lancaster/franklin-marshall-college-to-lay-off-workers-in-april-2025/,,Daily Voice,scraper,,,,,,,"Layoffs due to enrollment decline from ~2,200 to 1,867 students.","Layoffs due to enrollment decline from ~2,200 to 1,867 students.",,,,,2026-05-15,approved,grandfathered,,2026-05-15,TRUE,FALSE,
2e89eb78-9eab-4870-9de4-5fd6eea4738a,235024,Cornish College of the Arts,Washington,2025-03-27,2025,institution_closure,Institution closure,Cornish College absorbed by Seattle University; all 354 employees laid off with potential rehiring by Seattle U,Cornish College absorbed by Seattle University; all 354 employees laid off with potential rehiring by Seattle U,https://www.kiro7.com/news/local/hundreds-cornish-college-arts-employees-receive-layoff-notices/JFFK6CUWKZB5BBW45S4L23RVC4/,,KIRO7,scraper,,,,,,,,,,,,,2026-05-15,approved,MV,,2026-05-15,TRUE,FALSE,
86cbfb34-38af-4611-b9b1-7b34495c9bfa,225511,University of Houston,Texas,2025-03-20,2025,program_suspension,Interpreting and Translation - American Sign Language/English,College of Liberal Arts and Social Sciences phasing out program due to routine evaluation to align resources with student priorities.,College of Liberal Arts and Social Sciences phasing out program due to routine evaluation to align resources with student priorities. Current students can complete degrees.,https://thedailycougar.com/2025/03/20/american-sign-language-program-shuts-down-at-uh/,,The Daily Cougar,scraper,,,,,,,College of Liberal Arts and Social Sciences phasing out program due to routine evaluation to align resources with student priorities.,College of Liberal Arts and Social Sciences phasing out program due to routine evaluation to align resources with student priorities.,,,,,2026-05-15,approved,grandfathered,,2026-05-15,TRUE,FALSE,
c83a0551-f9f7-4be4-8ef1-1be3d360c82a,149231,Southern Illinois University Edwardsville,Illinois,2025-03-18,2025,department_closure,Physics Department,Part of plan to address $10.3M deficit.,"Part of plan to address $10.3M deficit. Physics faculty reduced from 10 to 5, with remaining professors transferring to chemistry department until phase-out complete.",https://www.stlpr.org/education/2025-03-18/siue-proposes-eliminating-physics-department-as-part-of-plan-to-reduce-10-3m-deficit,,St. Louis Public Radio,scraper,,,,,,,Part of plan to address $10.3M deficit.,Part of plan to address $10.3M deficit.,,,,,2026-05-15,approved,grandfathered,,2026-05-15,TRUE,FALSE,
88456ef1-bffc-4b5e-9d1c-85125e54448c,239716,Saint Norbert College,Wisconsin,2025-03-17,2025,department_closure,"15+ majors including Art Education, Chemistry, Physics, Theology, Computer Science",St.,"St. Norbert will cut more than a dozen majors and lay off 27 faculty (21 in May, 6 in 2026) to reduce $7M deficit.",https://www.wpr.org/news/deficit-st-norbert-college-cut-staff-majors,,Wisconsin Public Radio,scraper,,,,,,,St.,St.,,,,,2026-05-15,approved,grandfathered,,2026-05-15,TRUE,FALSE,
5c4b619e-3cc0-4365-9ae4-5d3e18cad0ad,101709,University of Montevallo,Alabama,2025-03-17,2025,staff_layoff,Institution-wide staff reduction,"24 staff laid off to address $8M budget shortfall, with departmental budget cuts up to 15%.","24 staff laid off to address $8M budget shortfall, with departmental budget cuts up to 15%. Tuition increased 3.5% for Fall 2026.",https://abc3340.com/news/local/university-of-montevallo-faces-8-million-budget-shortfall-raises-tuition,,ABC 33/40,scraper,,,,,,,"24 staff laid off to address $8M budget shortfall, with departmental budget cuts up to 15%.","24 staff laid off to address $8M budget shortfall, with departmental budget cuts up to 15%.",,,,,2026-05-15,approved,grandfathered,,2026-05-15,TRUE,FALSE,
c62d7303-b627-40ec-8e72-c8aad820c95b,162928,Johns Hopkins University,Maryland,2025-03-14,2025,staff_layoff,USAID grant-related activities,"2,222 total positions eliminated: 1,975 international positions across 44 countries + 247 US positions.","2,222 total positions eliminated: 1,975 international positions across 44 countries + 247 US positions. Largest layoffs in JHU history. Directly caused by Trump administration termination of USAID funding — $800M funding shortfall. Affected units: Bloomberg School of Public Health (Center for Communication Programs), Jhpiego (medical nonprofit affiliate), and medical school programs across HIV prevention, maternal/infant care, disease prevention, clean water, and infectious disease research.",https://hub.jhu.edu/2025/03/14/johns-hopkins-usaid-funding-cuts-global-health/,,Johns Hopkins University,scraper,,,,,,,"2,222 total positions eliminated: 1,975 international positions across 44 countries + 247 US positions.","2,222 total positions eliminated: 1,975 international positions across 44 countries + 247 US positions.","Termination of $800M+ USAID grants forced layoffs of 2,222 positions globally. Affected programs: TB/malaria research, maternal health services, vaccine initiatives.",,,,2026-05-15,approved,grandfathered,,2026-05-15,TRUE,FALSE,
0dc6a435-e4f3-4b35-89ef-77e36795cc59,145637,University of Illinois Urbana-Champaign,Illinois,2025-03-11,2025,staff_layoff,Soybean Innovation Lab,"USAID-funded agricultural research lab closure due to Feed the Future program cuts, focusing on soybean research in Africa","USAID-funded agricultural research lab closure due to Feed the Future program cuts, focusing on soybean research in Africa",https://ipmnewsroom.org/usaid-funding-freeze-halts-food-security-and-ag-research-at-midwest-university-labs/,,IPM Newsroom,scraper,,,,,,,"USAID-funded agricultural research lab closure due to Feed the Future program cuts, focusing on soybean research in Africa","USAID-funded agricultural research lab closure due to Feed the Future program cuts, focusing on soybean research in Africa",,,,,2026-05-15,approved,grandfathered,,2026-05-15,TRUE,FALSE,
db371386-d718-4aa6-904c-97ee40183acf,110422,California Polytechnic State University-San Luis Obispo,California,2025-03-07,2025,program_suspension,Men and Women Swimming and Diving,Cut due to $450k/yr NCAA settlement costs and state funding cuts.,Cut due to $450k/yr NCAA settlement costs and state funding cuts. Program raised $9M for reinstatement but missed $15M goal. Scholarships honored for affected athletes.,https://gopoly.com/news/2025/3/7/swimming-and-diving-cal-poly-discontinues-swimming-diving-effective-immediately.aspx,,Cal Poly Athletics,scraper,,,,,,,Cut due to $450k/yr NCAA settlement costs and state funding cuts.,Cut due to $450k/yr NCAA settlement costs and state funding cuts.,,,,,2026-05-15,approved,grandfathered,,2026-05-15,TRUE,FALSE,
9f2c6f1c-51a2-4d9e-b0d6-59ae6ed966cf,102377,Tuskegee University,Alabama,2025-02-27,2025,staff_layoff,College of Veterinary Medicine,Layoffs affected veterinary school faculty and staff with little advance notice during challenging financial times.,Layoffs affected veterinary school faculty and staff with little advance notice during challenging financial times.,https://www.wsfa.com/2025/02/28/layoffs-confirmed-tuskegee-university/,,WSFA,scraper,,,,,,,Layoffs affected veterinary school faculty and staff with little advance notice during challenging financial times.,Layoffs affected veterinary school faculty and staff with little advance notice during challenging financial times.,,,,,2026-05-15,approved,grandfathered,,2026-05-15,TRUE,FALSE,
c6078a58-57b7-4aa5-94a5-10216d4ba0f1,239512,Northland College,Wisconsin,2025-02-19,2025,institution_closure,Institution closure,Board unanimously voted to close due to insurmountable financial challenges and declining enrollment.,Board unanimously voted to close due to insurmountable financial challenges and declining enrollment. Final commencement held May 2025 after 133 years of operation.,https://www.insidehighered.com/news/quick-takes/2025/02/20/northland-college-announces-closure,,Inside Higher Ed,scraper,,,,,,,,,,,,,2026-05-15,approved,grandfathered,,2026-05-15,TRUE,FALSE,
2f6532be-e498-4567-b2e1-14b41036b929,123572,Sonoma State University,California,2025-01-22,2025,department_closure,≈20 degree programs (multiple),"Sweeping cuts announced Jan. 22, 2025 to address $23.9M deficit (escalated from prior $21M estimate): ~20 degree programs eliminated plus all 6 athletic…","Sweeping cuts announced Jan. 22, 2025 to address $23.9M deficit (escalated from prior $21M estimate): ~20 degree programs eliminated plus all 6 athletic programs. California Faculty Association filed legal challenge; court allowed cuts to proceed. Current students can complete degrees. Town Hall held Jan. 30, 2025. Part of broader CSU system budget crisis.",https://sonomastatestar.com/37350/news/sweeping-cuts-planned-for-ssu-all-sports-to-be-eliminated/,,Sonoma State Star,scraper,,,,,,,"Sweeping cuts announced Jan. 22, 2025 to address $23.9M deficit (escalated from prior $21M estimate): ~20 degree programs eliminated plus all 6 athletic…","Sweeping cuts announced Jan. 22, 2025 to address $23.9M deficit (escalated from prior $21M estimate): ~20 degree programs eliminated plus all 6 athletic…",,,,,2026-05-15,approved,grandfathered,,2026-05-15,TRUE,FALSE,
66bc8dcd-1792-4e79-8865-31c8d036c855,151351,Indiana University-Bloomington,Indiana,2025-01-16,2025,staff_layoff,Athletic Department,"25 athletic department positions eliminated (13 layoffs, 12 unfilled positions) to prepare for revenue sharing with athletes.","25 athletic department positions eliminated (13 layoffs, 12 unfilled positions) to prepare for revenue sharing with athletes. No sports programs or coaching staff affected.",https://www.espn.com/college-sports/story/_/id/43497574/indiana-lays-25-revenue-sharing-nears,,ESPN,scraper,,,,,,,Indiana University has laid off 25 athletic department employees as it prepares for revenue sharing with athletes that is expected to begin this year.,Indiana University has laid off 25 athletic department employees as it prepares for revenue sharing with athletes that is expected to begin this year.,,,,,2026-05-15,approved,grandfathered,,2026-05-15,TRUE,FALSE,
7cc85afa-8e94-4bf6-8732-58003f276287,159939,University of New Orleans,Louisiana,2025-01-16,2025,staff_layoff,Staff layoffs and furloughs,"290+ employees furloughed, 30+ laid off to address $10M budget deficit.","290+ employees furloughed, 30+ laid off to address $10M budget deficit. Faculty largely exempt from furloughs but layoffs anticipated.",https://www.wwno.org/education/2025-01-17/uno-will-furlough-most-employees-to-help-close-10-million-gap,,WWNO,scraper,,,,,,,"290+ employees furloughed, 30+ laid off to address $10M budget deficit.","290+ employees furloughed, 30+ laid off to address $10M budget deficit.",,,,,2026-05-15,approved,grandfathered,,2026-05-15,TRUE,FALSE,
1933a52e-1cfc-422e-b7d9-7e366b35fcd7,144281,Columbia College Chicago,Illinois,2024-12-18,2024,department_closure,"11 degree programs (4 undergrad, 7 grad)",Revamp plan cuts 11 degrees and up to 25 faculty positions to close budget gap.,Revamp plan cuts 11 degrees and up to 25 faculty positions to close budget gap.,https://www.highereddive.com/news/columbia-college-chicago-cut-11-programs-25-faculty-jobs/735843/,,Higher Ed Dive,scraper,,,,,,,Revamp plan cuts 11 degrees and up to 25 faculty positions to close budget gap.,Revamp plan cuts 11 degrees and up to 25 faculty positions to close budget gap.,,,,,2026-05-15,approved,grandfathered,,2026-05-15,TRUE,FALSE,
913af0cd-5e0d-468e-b590-25d035936a8f,209807,Portland State University,Oregon,2024-12-13,2024,staff_layoff,College of Liberal Arts and Sciences,Targeted $7M budget reduction in largest college; part of university-wide $18M deficit response including non-tenure track faculty layoffs and retirement…,Targeted $7M budget reduction in largest college; part of university-wide $18M deficit response including non-tenure track faculty layoffs and retirement incentives.,https://www.opb.org/article/2024/12/13/portland-state-university-hands-pink-slips-to-17-faculty/,,OPB,scraper,,,,,,,Targeted $7M budget reduction in largest college; part of university-wide $18M deficit response including non-tenure track faculty layoffs and retirement…,Targeted $7M budget reduction in largest college; part of university-wide $18M deficit response including non-tenure track faculty layoffs and retirement…,,,,,2026-05-15,approved,grandfathered,,2026-05-15,TRUE,FALSE,
ffa2867c-b141-4eb3-8639-31d7f454b4c9,199582,Saint Augustine's University,North Carolina,2024-11-25,2024,staff_layoff,Institution-wide restructuring,"Massive workforce reduction (136 positions: 67 staff, 37 full-time faculty, 32 adjuncts) and academic program discontinuations to address $17M deficit and…","Massive workforce reduction (136 positions: 67 staff, 37 full-time faculty, 32 adjuncts) and academic program discontinuations to address $17M deficit and accreditation probation.",https://www.highereddive.com/news/saint-augustine-university-staff-faculty-cuts-accreditation/733959/,,Higher Ed Dive,scraper,,,,,,,"Massive workforce reduction (136 positions: 67 staff, 37 full-time faculty, 32 adjuncts) and academic program discontinuations to address $17M deficit and…","Massive workforce reduction (136 positions: 67 staff, 37 full-time faculty, 32 adjuncts) and academic program discontinuations to address $17M deficit and…",,,,,2026-05-15,approved,grandfathered,,2026-05-15,TRUE,FALSE,
c7b6a8b9-a12d-4c32-8967-b14ed7f24d2c,164988,Boston University,Massachusetts,2024-11-19,2024,program_suspension,PhD programs in humanities and social sciences,"Temporary suspension of admissions to 12 PhD programs including Philosophy, English, History.","Temporary suspension of admissions to 12 PhD programs including Philosophy, English, History. Cited budget constraints from graduate union contract and program sustainability review.",https://www.insidehighered.com/news/admissions/graduate/2024/11/19/bu-suspends-admissions-humanities-other-phd-programs,,Inside Higher Ed,scraper,,,,,,,"Temporary suspension of admissions to 12 PhD programs including Philosophy, English, History.","Temporary suspension of admissions to 12 PhD programs including Philosophy, English, History.",,,,,2026-05-15,approved,grandfathered,,2026-05-15,TRUE,FALSE,
b055a4ee-4dc2-483c-b190-db2224a6af51,212054,Drexel University,Pennsylvania,2024-11-19,2024,staff_layoff,Staff positions,Staff positions,"60 staff layoffs announced due to $63M operational deficit and enrollment shortfall linked to FAFSA rollout issues, representing 1.4% of workforce",https://www.inquirer.com/education/drexel-university-layoffs-budget-deficit-20241119.html,,The Philadelphia Inquirer,scraper,,,,,,,,,,,,,2026-05-15,approved,grandfathered,,2026-05-15,TRUE,FALSE,
15f6a3fd-bfef-47e4-aa90-745b9c89f9d4,176053,Mississippi College,Mississippi,2024-11-18,2024,program_suspension,Football,"Discontinuation of NCAA Division II football program due to increasing operational costs, NIL/transfer portal complexities, and strategic shift toward 17 other…","Discontinuation of NCAA Division II football program due to increasing operational costs, NIL/transfer portal complexities, and strategic shift toward 17 other sports. Part of broader institutional realignment including name change to Mississippi Christian University in 2026.",https://mississippitoday.org/2024/11/18/mississippi-college-name-change/,,Mississippi Today,scraper,,,,,,,"Discontinuation of NCAA Division II football program due to increasing operational costs, NIL/transfer portal complexities, and strategic shift toward 17 other…","Discontinuation of NCAA Division II football program due to increasing operational costs, NIL/transfer portal complexities, and strategic shift toward 17 other…",,,,,2026-05-15,approved,grandfathered,,2026-05-15,TRUE,FALSE,
3f9c53d3-1cac-4d6b-be2b-e3d19dc56555,228723,Texas A&M University-College Station,Texas,2024-11-12,2024,program_suspension,LGBTQ studies minor,Eliminated among 52 low-enrollment programs after political pressure from state lawmakers.,"Eliminated among 52 low-enrollment programs after political pressure from state lawmakers. Faculty Senate and university president opposed cuts, citing flawed review process.",https://www.insidehighered.com/news/governance/trustees-regents/2024/11/12/texas-am-cuts-lgbtq-studies-and-other-programs,,Inside Higher Ed,scraper,483036,Texas A&M University-Central Texas,,,,,Eliminated among 52 low-enrollment programs after political pressure from state lawmakers.,Eliminated among 52 low-enrollment programs after political pressure from state lawmakers.,,,,,2026-05-15,approved,grandfathered,,2026-05-15,TRUE,FALSE,
64f622db-2e9e-4d58-a12f-183a45a467d8,179159,Saint Louis University,Missouri,2024-10-21,2024,staff_layoff,Institution-wide staff positions,Institution-wide staff positions,23 staff laid off + 30 unfilled faculty roles and 100 vacant staff positions eliminated to balance budget and reduce expenses by 4%,https://www.highereddive.com/news/saint-louis-university-lays-off-23-staffers-eliminates-130-positions/730490/,,Higher Ed Dive,scraper,,,,,,,,,,,,,2026-05-15,approved,grandfathered,,2026-05-15,TRUE,FALSE,
a0346ce2-9932-4395-98e4-df5a400dbd66,221838,Tennessee State University,Tennessee,2024-10-01,2024,staff_layoff,Institution-wide staff positions,Institution-wide staff positions,TSU laid off 114 staff members in October 2024 amid $46M deficit. Additional personnel reductions planned through hiring freezes and vacancy non-fills to address $39M projected 2026 shortfall.,https://www.highereddive.com/news/tennessee-state-university-emergency-funding-staff-cuts-hbcu/733267/,,Higher Ed Dive,scraper,,,,,,,,,,,,,2026-05-15,approved,grandfathered,,2026-05-15,TRUE,FALSE,
ab28af14-9c64-4f74-8f08-00c95829a2be,212197,Elizabethtown College,Pennsylvania,2024-09-24,2024,program_suspension,"Sociology, Spanish/Spanish Education, Fine Arts","Elimination of three majors due to projected $5.8M+ deficits by 2027. 13 faculty terminated across departments, including tenured professors, using…","Elimination of three majors due to projected $5.8M+ deficits by 2027. 13 faculty terminated across departments, including tenured professors, using enrollment/faculty ratio rubric.",https://etownian.com/main/news/campus-community-responds-to-cuts/,,The Etownian,scraper,,,,,,,"Elimination of three majors due to projected $5.8M+ deficits by 2027. 13 faculty terminated across departments, including tenured professors, using…","Elimination of three majors due to projected $5.8M+ deficits by 2027. 13 faculty terminated across departments, including tenured professors, using…",,,,,2026-05-15,approved,grandfathered,,2026-05-15,TRUE,FALSE,
17e8840c-bd2e-4643-a33b-d53bf364e48e,206525,Wittenberg University,Ohio,2024-09-10,2024,department_closure,"Wittenberg University to cut 5 majors, 40 employees","Wittenberg University to cut 5 majors, 40 employees",Budget-balancing plan drops 5 majors and 40 faculty/staff roles.,https://www.highereddive.com/news/wittenberg-university-cut-five-majors-40-employees-faculty-staff/726626/,,Higher Ed Dive,scraper,,,,,,,,,,,,,2026-05-15,approved,grandfathered,,2026-05-15,TRUE,FALSE,
3b86d32c-06cc-459a-8e85-69d40530a2b6,243744,Stanford University,California,2024-08-21,2024,staff_layoff,Creative Writing Program (Jones Lectureships),"Termination of 23 long-term lecturers in creative writing over two years, replacing positions with short-term contracts and new term-limited lectureships…","Termination of 23 long-term lecturers in creative writing over two years, replacing positions with short-term contracts and new term-limited lectureships despite program popularity.",https://www.kqed.org/news/12002172/stanford-sparks-literary-backlash-by-phasing-out-creative-writing-lecturers-jobs,,KQED,scraper,,,,,,,"Termination of 23 long-term lecturers in creative writing over two years, replacing positions with short-term contracts and new term-limited lectureships…","Termination of 23 long-term lecturers in creative writing over two years, replacing positions with short-term contracts and new term-limited lectureships…",,,,,2026-05-15,approved,grandfathered,,2026-05-15,TRUE,FALSE,
f2ed73b4-f1df-45bf-a97f-c9fbb9a2abc8,165662,Emerson College,Massachusetts,2024-08-15,2024,staff_layoff,Staff positions across multiple departments,Staff positions across multiple departments,"10 staff positions eliminated immediately due to enrollment decline attributed to protests, negative publicity, national enrollment trends, and FAFSA delays",https://www.foxnews.com/media/emerson-college-cuts-staff-citing-enrollment-decline-tied-anti-israel-protests,,Fox News,scraper,,,,,,,,,,,,,2026-05-15,approved,grandfathered,,2026-05-15,TRUE,FALSE,
c25b2054-ae9f-451b-a39f-dfe8fc8d240b,149772,Western Illinois University,Illinois,2024-08-09,2024,staff_layoff,Cost-saving measures,"Institution-wide faculty/staff layoffs (57 faculty + 32 staff) due to budget crisis, following prior cost-cutting measures including hiring freeze and position…","Institution-wide faculty/staff layoffs (57 faculty + 32 staff) due to budget crisis, following prior cost-cutting measures including hiring freeze and position eliminations.",https://www.wiu.edu/news/newsrelease.php?release_id=20070,,Western Illinois University News,scraper,,,,,,,"Institution-wide faculty/staff layoffs (57 faculty + 32 staff) due to budget crisis, following prior cost-cutting measures including hiring freeze and position…","Institution-wide faculty/staff layoffs (57 faculty + 32 staff) due to budget crisis, following prior cost-cutting measures including hiring freeze and position…",,,,,2026-05-15,approved,grandfathered,,2026-05-15,TRUE,FALSE,
5b709b30-0162-4bf2-b3a0-8ab937113b18,177968,Lindenwood University,Missouri,2024-06-26,2024,staff_layoff,Cut to operating budget,Cut to operating budget,"Layoffs of 12 staff and 2 faculty, with up to 50 positions left unfilled due to budget cuts linked to FAFSA complications and enrollment declines.",https://universitybusiness.com/are-latest-layoffs-at-this-university-a-first-look-at-the-fafsa-fiascos-consequences/,,University Business,scraper,,,,,,,,,,,,,2026-05-15,approved,grandfathered,,2026-05-15,TRUE,FALSE,
e35d0ad7-036f-409d-8420-f7f96b37be90,165644,Eastern Nazarene College,Massachusetts,2024-06-25,2024,institution_closure,Institution closure,"Closure due to financial deficits and enrollment declines, with phased cessation of academic activities through May 2025.","Closure due to financial deficits and enrollment declines, with phased cessation of academic activities through May 2025.",https://www.highereddive.com/news/eastern-nazarene-college-in-massachusetts-to-close/719969/,,Higher Ed Dive,scraper,,,,,,,,,,,,,2026-05-15,approved,grandfathered,,2026-05-15,TRUE,FALSE,
81c1dbb8-6371-4adc-81ab-22245ab7708c,213303,Keystone College,Pennsylvania,2024-06-25,2024,program_suspension,Chemistry,Chemistry program suspended alongside forensic biology and child/family studies due to low enrollment and institutional restructuring.,Chemistry program suspended alongside forensic biology and child/family studies due to low enrollment and institutional restructuring. Existing students will complete degrees.,https://www.keystone.edu/2024/06/25/keystone-college-makes-several-restructuring-moves/,,Keystone College,scraper,,,,,,,Chemistry program suspended alongside forensic biology and child/family studies due to low enrollment and institutional restructuring.,Chemistry program suspended alongside forensic biology and child/family studies due to low enrollment and institutional restructuring.,,,,,2026-05-15,approved,grandfathered,,2026-05-15,TRUE,FALSE,
d5e5d261-df6d-431b-9b59-674cac0863cf,169363,Concordia University Ann Arbor,Michigan,2024-06-20,2024,program_suspension,Multiple academic programs,"Facing $9M deficit, reducing campus programs from 53 to 9 (medical fields only) and online from 60 to 7 (education fields).","Facing $9M deficit, reducing campus programs from 53 to 9 (medical fields only) and online from 60 to 7 (education fields). Students must transfer to Wisconsin campus or finish online.",https://www.highereddive.com/news/concordia-university-ann-arbor-campus-program-cuts/719810/,,Higher Ed Dive,scraper,,,,,,,"Facing $9M deficit, reducing campus programs from 53 to 9 (medical fields only) and online from 60 to 7 (education fields).","Facing $9M deficit, reducing campus programs from 53 to 9 (medical fields only) and online from 60 to 7 (education fields).",,,,,2026-05-15,approved,grandfathered,,2026-05-15,TRUE,FALSE,
ea1d0115-d4b7-4e3f-9f2b-0839f00fb31b,238193,Alverno College,Wisconsin,2024-06-17,2024,department_closure,14 undergraduate majors eliminated,14 undergraduate majors eliminated,"Board declared financial exigency June 14, 2024 facing a $9M deficit driven by extraordinary inflation, salary increases, and high institutional financial aid costs. Eliminating 14 undergraduate majors, laying off 25 faculty and 12 staff. College described move as proactive, reaffirming commitment to its mission for women's education in Milwaukee.",https://www.forbes.com/sites/michaeltnietzel/2024/06/17/alverno-college-declares-financial-exigency-cuts-faculty-and-programs/,,Forbes,scraper,,,,,,,,,,,,,2026-05-15,approved,grandfathered,,2026-05-15,TRUE,FALSE,
4b59e5fa-2e99-40d4-a45f-0cbc7914d498,210571,Albright College,Pennsylvania,2024-06-03,2024,staff_layoff,Expenses cut in all departments and divisions,Expenses cut in all departments and divisions,"Albright College eliminated 53 positions (29 current staff/faculty, 10 vacant staff, 14 vacant faculty) due to $20.3M deficit and declining enrollment.",https://www.wfmz.com/_homepage_top_stories/albright-eliminates-dozens-of-faculty-and-staff-positions/article_a961e998-1f6c-11ef-bcac-3344c22ba04a.html,,WFMZ,scraper,,,,,,,,,,,,,2026-05-15,approved,grandfathered,,2026-05-15,TRUE,FALSE,
020a99e8-7c1e-4dbb-9e50-a14fcb659694,232609,University of Lynchburg,Virginia,2024-05-31,2024,program_suspension,"12 undergraduate majors, 25 minors, 5 graduate programs",Restructuring due to financial challenges including 15% enrollment decline (2017-2022) and $8.6M deficit (2023).,"Restructuring due to financial challenges including 15% enrollment decline (2017-2022) and $8.6M deficit (2023). Affected programs include music physics, religious studies, Spanish, special education, and theater.",https://www.highereddive.com/news/university-of-lynchburg-cuts-academic-programs-staff-faculty-positions/717686/,,Higher Ed Dive,scraper,,,,,,,Restructuring due to financial challenges including 15% enrollment decline (2017-2022) and $8.6M deficit (2023).,Restructuring due to financial challenges including 15% enrollment decline (2017-2022) and $8.6M deficit (2023).,,,,,2026-05-15,approved,grandfathered,,2026-05-15,TRUE,FALSE,
88384180-2c5c-40de-bf0c-18e3a52a45ca,175005,St Catherine University,Minnesota,2024-05-24,2024,department_closure,Early Childhood Center,Eliminated 6 staff positions through center closure plus 5 other staff cuts due to $19M operating deficit and declining enrollment,Eliminated 6 staff positions through center closure plus 5 other staff cuts due to $19M operating deficit and declining enrollment,https://www.highereddive.com/news/st-catherine-university-cuts-staff-roles-budget-deficits/717143/,,Higher Ed Dive,scraper,,,,,,,Eliminated 6 staff positions through center closure plus 5 other staff cuts due to $19M operating deficit and declining enrollment,Eliminated 6 staff positions through center closure plus 5 other staff cuts due to $19M operating deficit and declining enrollment,,,,,2026-05-15,approved,grandfathered,,2026-05-15,TRUE,FALSE,
f1a427a7-f15c-4b49-be2a-de52d6a26a97,196130,SUNY Buffalo State University,New York,2024-05-23,2024,department_closure,37 degree/certificate programs deactivated,Part of financial-sustainability framework; current students may finish but no new admits.,Part of financial-sustainability framework; current students may finish but no new admits.,https://spectrumlocalnews.com/nys/buffalo/news/2024/05/23/buffalo-state-university-to-cut-37-degree-programs,,Spectrum News,scraper,,,,,,,Part of financial-sustainability framework; current students may finish but no new admits.,Part of financial-sustainability framework; current students may finish but no new admits.,,,,,2026-05-15,approved,grandfathered,,2026-05-15,TRUE,FALSE,
edbf768e-6e58-4a65-9619-97ab281631fd,174783,Saint Cloud State University,Minnesota,2024-05-13,2024,department_closure,Music Department and ≈41 additional majors/minors,SCSU recommended eliminating the entire Music dept plus 41 other programs amid budget crisis.,SCSU recommended eliminating the entire Music dept plus 41 other programs amid budget crisis.,https://www.mprnews.org/story/2024/05/13/st-cloud-state-university-scsu-music-department-budget-cuts,,MPR News,scraper,,,,,,,SCSU recommended eliminating the entire Music dept plus 41 other programs amid budget crisis.,SCSU recommended eliminating the entire Music dept plus 41 other programs amid budget crisis.,,,,,2026-05-15,approved,grandfathered,,2026-05-15,TRUE,FALSE,
86b29618-f025-4b2a-868a-81a5153aee08,214777,Pennsylvania State University-Main Campus,Pennsylvania,2024-05-08,2024,staff_layoff,Commonwealth Campuses Administrative Restructuring,"Voluntary buyouts accepted by 383 employees (10% of workforce) across 20 Commonwealth Campuses, combined with consolidation of 11 campuses under 4 regional…","Voluntary buyouts accepted by 383 employees (10% of workforce) across 20 Commonwealth Campuses, combined with consolidation of 11 campuses under 4 regional chancellors to address $49M budget deficit",https://www.highereddive.com/news/penn-state-commonwealth-leadership-restructure-buyouts/718753/,,HigherEdDive,scraper,,,,,,,"Voluntary buyouts accepted by 383 employees (10% of workforce) across 20 Commonwealth Campuses, combined with consolidation of 11 campuses under 4 regional…","Voluntary buyouts accepted by 383 employees (10% of workforce) across 20 Commonwealth Campuses, combined with consolidation of 11 campuses under 4 regional…",,,,,2026-05-15,approved,grandfathered,,2026-05-15,TRUE,FALSE,
0b957dda-ad24-404e-b4f1-3033512548ea,165015,Brandeis University,Massachusetts,2024-05-01,2024,staff_layoff,Staff layoffs,"60 full/part-time staff positions eliminated due to financial challenges, enrollment declines, and structural inefficiencies.","60 full/part-time staff positions eliminated due to financial challenges, enrollment declines, and structural inefficiencies. Adjunct faculty contracts also affected.",https://ejewishphilanthropy.com/brandeis-university-to-cut-60-positions-restructure-schools-as-its-faces-financial-challenges/,,eJewishPhilanthropy,scraper,,,,,,,"60 full/part-time staff positions eliminated due to financial challenges, enrollment declines, and structural inefficiencies.","60 full/part-time staff positions eliminated due to financial challenges, enrollment declines, and structural inefficiencies.",,,,,2026-05-15,approved,grandfathered,,2026-05-15,TRUE,FALSE,
be7cb0c7-a80f-4624-bc96-d44b792baab0,202134,Cleveland State University,Ohio,2024-05-01,2024,program_suspension,"Multiple academic programs (20 discontinued, 21 suspended)",Part of 'right sizing' effort to address $20M deficit.,"Part of 'right sizing' effort to address $20M deficit. Includes programs in Liberal Arts, Social Sciences, and Public Affairs. Additional 22 programs paused for review.",https://clevelandstater.com/news/news/csu-axes-20-programs-suspends-22-others,,Cleveland Stater,scraper,,,,,,,Part of 'right sizing' effort to address $20M deficit.,Part of 'right sizing' effort to address $20M deficit.,,,,,2026-05-15,approved,grandfathered,,2026-05-15,TRUE,FALSE,
f8719ed6-0645-472f-a8f2-f5f74512ee50,228787,The University of Texas at Dallas,Texas,2024-04-09,2024,staff_layoff,Office of Campus Resources and Support,Eliminated to comply with Texas Senate Bill 17 banning DEI programs at public universities.,Eliminated to comply with Texas Senate Bill 17 banning DEI programs at public universities. OCRS was created after DEI office closure but deemed non-compliant.,https://www.keranews.org/education/2024-04-09/ut-dallas-to-eliminate-20-jobs-because-of-dei-ban,,KERA News,scraper,,,,,,,Eliminated to comply with Texas Senate Bill 17 banning DEI programs at public universities.,Eliminated to comply with Texas Senate Bill 17 banning DEI programs at public universities.,,,,,2026-05-15,approved,grandfathered,,2026-05-15,TRUE,FALSE,
44c7b211-adf7-4d65-8db7-ef0bdced7625,228778,The University of Texas at Austin,Texas,2024-04-02,2024,staff_layoff,"Diversity, Equity, and Inclusion (DEI) offices and Division of Campus and Community Engagement",~60 staff layoffs due to Texas SB 17 banning DEI programs; 13 faculty + 14 demoted deans affected,~60 staff layoffs due to Texas SB 17 banning DEI programs; 13 faculty + 14 demoted deans affected,https://www.texastribune.org/2024/04/02/university-texas-austin-firings-dei-ban/,,The Texas Tribune,scraper,,,,,,,~60 staff layoffs due to Texas SB 17 banning DEI programs; 13 faculty + 14 demoted deans affected,~60 staff layoffs due to Texas SB 17 banning DEI programs; 13 faculty + 14 demoted deans affected,,,,,2026-05-15,approved,grandfathered,,2026-05-15,TRUE,FALSE,
46d51cc7-44a8-4a3c-bb25-e500c31e4040,186380,Rutgers University-New Brunswick,New Jersey,2024-04-01,2024,staff_layoff,Writing Program,29 of 31 Writing Program lecturers laid off; class sizes increased from 22 to 24 students; over 1000 student seats in upper-division writing courses eliminated,29 of 31 Writing Program lecturers laid off; class sizes increased from 22 to 24 students; over 1000 student seats in upper-division writing courses eliminated,https://rutgersaaup.org/action-requested-help-us-protest-the-cuts-in-the-writing-program/,,Rutgers AAUP-AFT,scraper,,,,,,,29 of 31 Writing Program lecturers laid off; class sizes increased from 22 to 24 students; over 1000 student seats in upper-division writing courses eliminated,29 of 31 Writing Program lecturers laid off; class sizes increased from 22 to 24 students; over 1000 student seats in upper-division writing courses eliminated,,,,,2026-05-15,approved,grandfathered,,2026-05-15,TRUE,FALSE,
61bd41db-1642-43d3-8b6a-2e68797ed467,110404,California Institute of Technology,California,2024-03-12,2024,staff_layoff,Jet Propulsion Laboratory workforce reduction,"JPL laid off employees (8% of workforce) due to NASA budget constraints, particularly Mars Sample Return mission funding cuts.","JPL laid off employees (8% of workforce) due to NASA budget constraints, particularly Mars Sample Return mission funding cuts. Second round of 2024 layoffs.",https://www.caltech.edu/campus-life-events/campus-announcements/jpl-workforce-reductions2024,,Caltech Campus Announcements,scraper,,,,,,,"JPL laid off employees (8% of workforce) due to NASA budget constraints, particularly Mars Sample Return mission funding cuts.","JPL laid off employees (8% of workforce) due to NASA budget constraints, particularly Mars Sample Return mission funding cuts.",,,,,2026-05-15,approved,grandfathered,,2026-05-15,TRUE,FALSE,
5d923f9f-6443-4d1c-898c-e8b0f936fc6f,177418,Fontbonne University,Missouri,2024-03-11,2024,institution_closure,All programs,Entire institution shutting down; campus being sold to Washington University.,Entire institution shutting down; campus being sold to Washington University.,https://apnews.com/c2397d8ff4120d4533bc08c16dfb15a3,,AP News,scraper,,,,,,,Institution closure,Institution closure,,,,,2026-05-15,approved,grandfathered,,2026-05-15,TRUE,FALSE,
b83c2f4a-eb85-4fa8-8167-8db210c2e445,240453,University of Wisconsin-Milwaukee,Wisconsin,2024-03-11,2024,campus_closure,All programs,"UWM at Waukesha campus closing after Spring 2025 per Universities of Wisconsin directive; declining enrollment, shifting demographics, and budget constraints…","UWM at Waukesha campus closing after Spring 2025 per Universities of Wisconsin directive; declining enrollment, shifting demographics, and budget constraints cited. Closes College of General Studies and associate degree offerings. Partnership with Waukesha County Technical College (WCTC) established: students earn WCTC associate degrees and transfer seamlessly to UWM baccalaureate programs.",https://uwm.edu/news/uwm-at-waukesha-campus-to-close-in-2025-uwm-develops-university-center-with-wctc/,,UWM News Release,scraper,,,,,,,UWM at Waukesha campus to close after the Spring 2025 semester,UWM at Waukesha campus to close after the Spring 2025 semester,,,,,2026-05-15,approved,grandfathered,,2026-05-15,TRUE,FALSE,
fae7e9d4-578a-445e-8848-98f2f74a8f7c,152600,Valparaiso University,Indiana,2024-03-04,2024,program_suspension,"28 programs (including theology, public health, international relations, cybersecurity)",18 undergraduate and 10 graduate programs under review affecting ~3% of undergrads.,18 undergraduate and 10 graduate programs under review affecting ~3% of undergrads. Final decisions expected by Fall 2024 with 'limited' faculty reductions.,https://www.highereddive.com/news/valparaiso-university-to-weigh-cuts-28-programs/709227/,,Higher Ed Dive,scraper,,,,,,,18 undergraduate and 10 graduate programs under review affecting ~3% of undergrads.,18 undergraduate and 10 graduate programs under review affecting ~3% of undergrads.,,,,,2026-05-15,approved,grandfathered,,2026-05-15,TRUE,FALSE,
f07df735-ef7c-4253-947a-f47b2ab3c2b3,153269,Drake University,Iowa,2024-03-01,2024,program_suspension,Master of Accountancy and Master of Public Administration,"Academic program reviews announced by Provost Sue Mattison as follow-up to President Martin's Feb 7 message, explicitly naming these graduate programs in…","Academic program reviews announced by Provost Sue Mattison as follow-up to President Martin's Feb 7 message, explicitly naming these graduate programs in official communications .",https://news.drake.edu/2024/03/01/message-from-provost-sue-mattison/,,Drake University Newsroom,scraper,,,,,,,"Academic program reviews announced by Provost Sue Mattison as follow-up to President Martin's Feb 7 message, explicitly naming these graduate programs in…","Academic program reviews announced by Provost Sue Mattison as follow-up to President Martin's Feb 7 message, explicitly naming these graduate programs in…",,,,,2026-05-15,approved,grandfathered,,2026-05-15,TRUE,FALSE,
cbe1ebdc-8abe-470a-958a-2c4da8243235,203845,Marietta College,Ohio,2024-02-13,2024,staff_layoff,Multiple academic programs and administrative positions,Multiple academic programs and administrative positions,"Restructuring includes elimination of 10 academic programs (Asian studies, environmental engineering, linguistics, etc.) and layoffs of 22 faculty + 14 administrators, with 13 positions left vacant. Driven by enrollment declines and financial pressures.",https://www.highereddive.com/news/marietta-college-to-cut-3-dozen-administrators-and-faculty/707303/,,HigherEd Dive,scraper,,,,,,,,,,,,,2026-05-15,approved,grandfathered,,2026-05-15,TRUE,FALSE,
b11960b1-2f4d-4aa0-b606-ad149c35933f,199148,University of North Carolina at Greensboro,North Carolina,2024-02-04,2024,program_suspension,"Anthropology, BA",Part of 20 programs eliminated due to enrollment declines and budget deficits; current students can complete degrees.,"Part of 20 programs eliminated due to enrollment declines and budget deficits; current students can complete degrees. Includes undergraduate majors (anthropology, physics), minors (Chinese), and graduate programs.",https://spectrumlocalnews.com/nc/charlotte/college-and-university/2024/02/04/uncg-drops-programs,,Spectrum Local News,scraper,,,,,,,Part of 20 programs eliminated due to enrollment declines and budget deficits; current students can complete degrees.,Part of 20 programs eliminated due to enrollment declines and budget deficits; current students can complete degrees.,,,,,2026-05-15,approved,grandfathered,,2026-05-15,TRUE,FALSE,
52febcda-46b1-4b9d-8764-5332daf28a5b,240277,University of Wisconsin-Green Bay,Wisconsin,2024-01-22,2024,program_suspension,In-person Instruction at Marinette Campus,"UW-Green Bay ended all in-person instruction at its Marinette branch campus due to persistent enrollment declines, transitioning to exclusively online delivery…","UW-Green Bay ended all in-person instruction at its Marinette branch campus due to persistent enrollment declines, transitioning to exclusively online delivery while maintaining community engagement initiatives.",https://www.insidehighered.com/news/quick-takes/2024/01/22/another-wisconsin-branch-campus-move-online-fall,,Inside Higher Ed,scraper,,,,,,,"UW-Green Bay ended all in-person instruction at its Marinette branch campus due to persistent enrollment declines, transitioning to exclusively online delivery…","UW-Green Bay ended all in-person instruction at its Marinette branch campus due to persistent enrollment declines, transitioning to exclusively online delivery…",,,,,2026-05-15,approved,grandfathered,,2026-05-15,TRUE,FALSE,
d82dfa0e-5333-4e20-acd7-3213c0a4f442,183044,University of New Hampshire-Main Campus,New Hampshire,2024-01-16,2024,department_closure,Museum of Art,Permanent closure due to $14M budget cuts.,Permanent closure due to $14M budget cuts. Part of College of Liberal Arts reductions eliminating 12 staff. Museum served academic/community functions including student curation programs and public exhibitions.,https://www.theartnewspaper.com/2024/01/25/university-new-hampshire-closes-art-museum-permanently,,The Art Newspaper,scraper,,,,,,,Permanent closure due to $14M budget cuts.,Permanent closure due to $14M budget cuts.,,,,,2026-05-15,approved,grandfathered,,2026-05-15,TRUE,FALSE,
c7a0c377-3148-42c9-aa25-8f69d881139b,231420,Averett University,Virginia,2026-05-22,2026,program_suspension,Men's and women's tennis programs discontinued following coach departure,Men's tennis ended immediately; women's tennis continues through 2026-27 then discontinued.,Men's tennis ended immediately; women's tennis continues through 2026-27 then discontinued. Longtime head coach Bert Poole departing for another coaching opportunity — his exit triggered the decision to end both programs. Division III institution; member of ODAC (Old Dominion Athletic Conference). Women's tennis recently fell 4-0 to No. 13 Washington and Lee in ODAC championship.,https://godanriver.com/sports/college/other/article_f27f6da8-4d06-43fe-a16f-409246bfacda.html,,Danville Register & Bee,scraper,,,,,,,,,,,,,2026-05-26,reject,MV,,2026-06-04,FALSE,FALSE,
f5f01521-88e3-46e3-a544-fd6e5cc1db3f,225511,University of Houston,Texas,2026-05-22,2026,program_suspension,BA in Religious Studies eliminated; multiple zero-enrollment minors and certificates closed,BA in Religious Studies eliminated; multiple zero-enrollment minors and certificates closed,UH System Board of Regents approved closure of BA in Religious Studies at May 22 quarterly meeting. 15 students enrolled; 5 not actively pursuing degree. Failed to meet Texas Higher Education Coordinating Board threshold of 25 graduates over 5 years. Religious studies minor remains; religion courses continue in core curriculum and as electives. No faculty layoffs — professors retained.,https://www.houstonchronicle.com/news/houston-texas/education/article/uh-religious-studies-major-22270999.php,,Houston Chronicle,scraper,,,,,,,,,,,,,2026-05-26,approved,MV,,2026-06-04,FALSE,FALSE,
e686248e-a862-459c-9544-76b677303670,127653,Naropa University,Colorado,2026-05-21,2026,staff_layoff,11 core faculty and ~40 instructor positions eliminated to address structural deficit,11 core faculty and ~40 instructor positions eliminated to address structural deficit,"President Paul Burkhardt sent letter to staff and faculty announcing elimination of 11 core faculty positions and ~40 instructor jobs to correct long-term structural operating deficit. Burkhardt acknowledged ""these sorts of reductions are very difficult, and they cause suffering."" Separate April 17, 2026 announcement introduced tuition reset for fall 2026 (lower per-credit rate for new students, flat for current) and new Ponderosa Plan strategic framework for long-term sustainability. New online and low-residency programs added simultaneously. Buddhist-inspired nonsectarian liberal arts institution founded 1974; ~1,100 students.",https://www.dailycamera.com/2026/05/21/naropa-boulder-layoff-faculty-budget/,,Daily Camera,scraper,,,,,,,,,,,,,2026-05-26,approved,MV,,2026-06-04,FALSE,FALSE,
d55d72d7-b6a3-4e7a-b0fa-3248452b4488,196158,SUNY at Fredonia,New York,2026-05-19,2026,program_suspension,21 programs and minors eliminated — second round of cuts in 3 years to close $8.1M deficit,21 programs and minors eliminated — second round of cuts in 3 years to close $8.1M deficit,"10 undergraduate programs, 4 graduate programs, and 7 minors discontinued. Named programs: Mathematics (BA/BS), Physics (BA/BS), Economics (BA/BS), and others. 171 total students affected (111 majors + 60 minor students) — less than 5% of total enrollment; only 25 are incoming fall 2026 students. All current and incoming accepted students can complete degrees via teach-out. Second major round of cuts: prior 2024 round eliminated 12 programs including French, Spanish, Philosophy, and Early Childhood Education. $8.1M structural deficit being addressed through program cuts and enrollment growth strategy.",https://www.wkbw.com/news/local-news/suny-fredonia-cutting-additional-programs-as-it-takes-next-steps-in-addressing-structural-deficit,,WKBW,scraper,,,,,,,,,,,,,2026-05-26,approved,MV,,2026-06-04,FALSE,FALSE,
dd20c953-9f89-4ac5-b02d-0112332e9db7,201195,Baldwin Wallace University,Ohio,2026-05-09,2026,program_suspension,35 programs eliminated and 10 faculty laid off to address $20M deficit,35 programs eliminated and 10 faculty laid off to address $20M deficit,"35 total programs eliminated: 28 undergraduate majors and minors + 7 graduate programs. Named majors cut: Health Education, Economics, Human Resources, International Business, Mild/Moderate Educational Needs, Music Theory, Physics, Sociology, Sustainability. 10 faculty laid off as a result. Deficit grew from initial $3M estimate to $20M. Second major round: prior cuts in late 2024 saw 35 faculty/staff laid off or offered buyouts (~7% of teaching base).",https://www.clevescene.com/news/baldwin-wallace-announces-another-round-of-program-and-budget-cuts/,,Cleveland Scene,scraper,,,,,,,,,,,,,2026-05-26,approved,MV,,2026-06-04,FALSE,FALSE,
95947e91-1e2b-423d-b023-5a491949ac2b,110574,California State University-East Bay,California,2026-05-05,2026,program_suspension,INSPIRE first-year student success program shut down due to lack of funding,"INSPIRE (Incoming Student Program for Inclusion, Retention, and Excellence) shutting down after spring 2026 semester.","INSPIRE (Incoming Student Program for Inclusion, Retention, and Excellence) shutting down after spring 2026 semester. Established 2022; served first-year students with small cohorts, GE course support, financial planning, schedule planning, and faculty/peer connections. Particularly impactful for first-generation college students. Shut down due to lack of funding amid CSU system-wide budget crisis ($1B+ projected CSU deficit for 2026-27).",https://thepioneeronline.com/49990/features/cal-state-east-bay-to-shut-down-inspire-program-raising-concerns-for-incoming-first-year-students/,,The Pioneer,scraper,,,,,,,,,,,,,2026-05-26,approved,MV,,2026-06-04,FALSE,FALSE,
3ceedaec-67c3-4af1-b344-1d86ead0401a,151324,Indiana State University,Indiana,2026-04-01,2026,program_suspension,11 programs suspended or eliminated under Indiana HEA 1001 mandate,11 programs suspended or eliminated under Indiana HEA 1001 mandate,"Indiana Commission for Higher Education voted April 1 to act on 11 Indiana State programs. Named cuts include: Master of Music, MA Geography, MS Genetic Counseling, MA Industrial Technology. Part of statewide HEA 1001 compliance cutting 584 programs across 7 Indiana public universities. Students enrolled in suspended/eliminated programs may finish degrees; new admissions cease fall 2026; full elimination by fall 2027.",,,,scraper,,,,,,,,,,https://www.in.gov/che/files/Info-Item-Voluntary-Early-Actions-and-Future-Commitments-Before-HEA1001-2025-Implementation.pdf,,Indiana Commission for Higher Education,2026-05-26,approved,MV,,2026-06-04,FALSE,FALSE,
c9c03630-3fd9-4251-bc82-db72c42199c3,151306,University of Southern Indiana,Indiana,2026-04-01,2026,program_suspension,4 programs suspended or eliminated under Indiana HEA 1001 mandate,4 programs suspended or eliminated under Indiana HEA 1001 mandate,"Indiana Commission for Higher Education voted April 1 to act on 4 USI programs — fewest of any Indiana institution. Named cuts include: AS Early Childhood Education, MA Liberal Studies, undergraduate Electronic Business degree, Master in Social Health Services and Allied Professions. Part of statewide HEA 1001 compliance cutting 584 programs across 7 Indiana public universities.",,,,scraper,,,,,,,,,,https://www.in.gov/che/files/Info-Item-Voluntary-Early-Actions-and-Future-Commitments-Before-HEA1001-2025-Implementation.pdf,,Indiana Commission for Higher Education,2026-05-26,approved,MV,,2026-06-04,FALSE,FALSE,
f0aaa945-86b1-4549-b897-1105d6924146,161253,University of Maine,Maine,2026-03-12,2026,program_suspension,Spanish degree (eliminated) and Medical Laboratory Science degree (suspended),Spanish degree (eliminated) and Medical Laboratory Science degree (suspended),"UMaine announced it will end its Spanish degree program and suspend new admissions to the Medical Laboratory Science degree, citing an $18M structural deficit. The university is also cutting $5.6M in costs and laying off staff. A Budget Town Hall was held March 23, 2026.",https://themainemonitor.org/umaine-end-spanish-degree-suspend-medical-lab-degree/,,The Maine Monitor,scraper,,,,,,,,,,,,,2026-05-26,approved,MV,,2026-06-04,FALSE,FALSE,
85eca4c1-85e8-42b6-95e3-6c403cda5bbe,209807,Portland State University,Oregon,2026-03-09,2026,department_closure,Dance program eliminated; two legacy programs cut; 52 staff laid off,Dance program eliminated; two legacy programs cut; 52 staff laid off,"Portland State declared a financial crisis amid a $35M deficit and declining enrollment (down ~25% since 2010). PSU eliminated dance programming (April 2026), cut two additional legacy programs, and laid off 52 faculty and staff (confirmed May 14, 2026 by OPB). The university is also evaluating cuts or consolidations across 19 academic departments.",https://www.opb.org/article/2026/03/09/portland-state-university-cuts-layoffs-retrenchment/,,OPB,scraper,,,,,,,,,,,,,2026-05-26,approved,MV,,2026-06-04,FALSE,FALSE,
7e117610-37d1-4219-bb5a-3a70ebe318fc,214777,Pennsylvania State University-Main Campus,Pennsylvania,2025-02-25,2025,campus_closure,Up to 12 Commonwealth Campuses under review for closure after spring 2027,"President Bendapudi announced February 25, 2025 that Penn State will close an unspecified number of Commonwealth Campuses after exhausting alternatives. 7…","President Bendapudi announced February 25, 2025 that Penn State will close an unspecified number of Commonwealth Campuses after exhausting alternatives. 7 campuses guaranteed to remain open: Abington, Altoona, Behrend, Berks, Brandywine, Harrisburg, Lehigh Valley. Also staying open: Great Valley, Dickinson Law, College of Medicine, Pennsylvania College of Technology. Under review for closure (12 campuses): Beaver, DuBois, Greater Allegheny, Fayette, Hazleton, Mont Alto, New Kensington, Schuylkill, Shenango, Scranton, Wilkes-Barre, and York. No campus to close before end of 2026-27 academic year.",https://onwardstate.com/2025/02/25/penn-state-to-close-certain-commonwealth-campuses-seven-to-remain-open/,,Onward State,scraper,,,,,,,,,,,,,2026-05-26,approved,MV,,2026-06-04,FALSE,FALSE,
e573694e-5f48-4a05-878e-d0eb437e2c1a,230764,University of Utah,Utah,2026-05-31,2026,staff_layoff,32 academic advising positions eliminated as part of advising system redesign,32 academic advising positions eliminated as part of advising system redesign,"32 academic advising positions eliminated as part of university advising system redesign. Notably some employees were previously laid off, then rehired, and are now losing their jobs again in this second round. University stated ""any reductions in force are difficult."" Cuts are administrative staff positions — advisers who support student academic planning and degree completion. No academic programs eliminated.",https://www.sltrib.com/news/education/2026/05/31/university-utah-lays-off-32-total/,,Salt Lake Tribune,scraper,,,,,,,Laid off 10 student success coaches,Laid off 10 student success coaches,,,,,2026-06-01,approved,MV,,2026-06-04,FALSE,FALSE,
4fc8fa52-f2ce-43d7-b7a2-51f55b1c5472,163046,Loyola University Maryland,Maryland,2026-05-28,2026,staff_layoff,66 positions eliminated including 29 layoffs to address $20M structural deficit,66 positions eliminated including 29 layoffs to address $20M structural deficit,"29 employees laid off + 37 vacant positions eliminated (66 total). Reorganization follows 2-year Huron Consulting Group assessment and Operation Excellence Initiative. Work groups identified $18M in savings across academic programs, compensation/benefits, technology and endowment. Prior signals: hiring freeze Dec 2025-May 2026 for vacant positions; 2025 benefit cuts; graduate revenue below projections; insurance and utility costs rose sharply.",https://www.thebanner.com/education/higher-education/loyola-university-maryland-deficit-HG4AZKIQERF7HGOV6NQR55WR3M/,,The Baltimore Banner,scraper,,,,,,,,,,,,,2026-06-01,approved,MV,,2026-06-04,FALSE,FALSE,
da211730-39e1-4e22-96fa-9d0c62db2e98,144281,Columbia College Chicago,Illinois,2026-05-27,2026,staff_layoff,6 tenured faculty laid off — fourth round of cuts since January 2025,6 tenured faculty laid off — fourth round of cuts since January 2025,"Wednesday May 27 layoffs fell on 6 tenured faculty in School of Communication and Culture and School of Design. Fourth round of faculty layoffs since January 2025 — prior rounds: 48 full-time faculty total (32 tenured) since Jan 2025, plus 70 staff in 2024. Part of ongoing effort to close $40M+ deficit amid declining enrollment. Layoff notices described as coming without prior warning to affected faculty. Running total since 2024: 70 staff + 54 faculty laid off.",https://columbiachronicle.com/campus/breaking-college-lays-off-6-tenured-faculty-in-fourth-round-of-cuts/,,Columbia Chronicle,scraper,,,,,,,,,,,,,2026-06-01,approved,MV,,2026-06-04,FALSE,FALSE,
4d9865ec-d4ac-4677-8850-4e2452ae28d9,163286,University of Maryland-College Park,Maryland,2026-04-27,2026,staff_layoff,Up to 150 positions eliminated amid 10% state funding cut and federal research losses,Up to 150 positions eliminated amid 10% state funding cut and federal research losses,"Hiring freeze effective immediately April 27; up to 150 positions eliminated through layoffs, retirements and vacancy eliminations. No new positions created until at least June 30; positions at offer stage may proceed. Travel restricted; contracted services require CFO approval; capital projects limited to essential operations. Driven by 10%+ state funding reduction ($111M cut across University System of Maryland to close $3.3B state deficit) + reduced federal support + rising costs.",https://dbknews.com/2026/04/27/umd-hiring-freeze-layoffs-funding-cuts/,,The Diamondback,scraper,,,,2026-06-04,,,"84 employees laid off, following rising energy costs and decreased federal funding","84 employees laid off, following rising energy costs and decreased federal funding",,https://marylandmatters.org/2026/06/04/umd-lays-off-84-employees-amongst-period-of-uncertainty/,,Maryland Matters,2026-06-01,approved,MV,,2026-06-04,FALSE,FALSE,
ac06b45c-88c3-46b6-b35c-fa2989d27262,127060,University of Denver,Colorado,2026-06-01,2026,department_closure,Center for a Regenerative Future closed after 3 years of budget-driven decline,Center for a Regenerative Future closed after 3 years of budget-driven decline,"Center for a Regenerative Future (CRF, formerly Center for Sustainability) closing June 30 after 3 years of budget-driven decline. Formerly housed thrift store, bike shop, gear garage, food pantry, climate cafes, community dinners, graduate gown recycling, and 40-student paid internship program (now reduced to 2 interns). Undergraduate program director position cut spring 2024 triggering collapse of thrift store. Bike shop and gear garage absorbed by Basecamp.",https://duclarion.com/2026/06/center-for-a-regenerative-future-to-close-june-30/,,The Denver Clarion,scraper,,,,,,,Center for a Regenerative Future closed after years of financial pressure,Center for a Regenerative Future closed after years of financial pressure,,,,,2026-06-04,approved,MV,,2026-06-04,FALSE,FALSE,
80464cbd-5661-488f-9af8-3d5e11ed306c,216524,Ursinus College,Pennsylvania,2026-06-01,2026,staff_layoff,36 nonfaculty staff eliminated — 15% of nonfaculty workforce in second round of cuts,36 nonfaculty staff eliminated — 15% of nonfaculty workforce in second round of cuts,26 full-time + 10 part-time nonfaculty staff eliminated June 1 — 15% of nonfaculty workforce. Saves ~$3.5M. Combined with faculty cuts ($3M) and contract/other savings ($1M+) = ~$7.5M of $10M goal reached. Additional savings: Berman Museum annual funding cut from $600K to $300K; advertising and cleaning contracts changed; software changes; consultants eliminated; annual alumni awards ceremony ended; family and homecoming weekends combined; staff credit card purchasing tightened.,https://www.inquirer.com/education/ursinus-college-layoffs-president-gundulf-graml-20260601.html,,Philadelphia Inquirer,scraper,,,,,,,36 nonfaculty staff eliminated — 15% of nonfaculty workforce in second round of cuts this year,36 nonfaculty staff eliminated — 15% of nonfaculty workforce in second round of cuts this year,,,,,2026-06-04,approved,MV,,2026-06-04,FALSE,FALSE,
d58a321e-7a7e-4ca3-b029-4f227791a46e,216524,Ursinus College,Pennsylvania,2025-12-01,2025,staff_layoff,29 faculty positions eliminated — nearly 25% of full-time faculty to close $10M deficit,29 faculty positions eliminated — nearly 25% of full-time faculty to close $10M deficit,"29 total faculty positions cut: 16 non-tenure-track contracts not renewed (leaving December 2026), 9 tenured faculty took voluntary separation packages (paid research sabbatical fall 2026-spring 2027 then depart), 4 other departures. Faculty-to-student ratio shifts from 1:9 to 1:12. Saves ~$3M. Operating losses ran for 9 of last 10 years; $13.4M loss in 2024, reduced to $4M in 2025. President Hannigan ousted October 2025; Gundolf Graml (Austrian-born German studies scholar, formerly provost) named permanent president April 8, 2026. Faculty council co-chair Riley described process as collaborative. Part of $10M deficit closure plan alongside Berman Museum funding cut ($300K eliminated), contract savings ($1M), and June 2026 staff layoffs. 1,406 students enrolled; $165M endowment.",https://www.inquirer.com/education/gundolf-graml-new-president-ursinus-college-20260408.html,,Philadelphia Inquirer,scraper,,,,,,,,,,,,,2026-06-04,approved,MV,,2026-06-04,FALSE,FALSE,
e9837fc2-439f-4979-8c0b-e26e04ec3b97,151351,Indiana University-Bloomington,Indiana,2026-05-01,2026,staff_layoff,19 positions eliminated across IT Services and Luddy School of Informatics,19 positions eliminated across IT Services and Luddy School of Informatics,"13 IT Services (UITS) positions eliminated May 1 per VP Kendra Ketchum email — driven by need to align resources with university priorities and ensure long-term financial sustainability. 6 additional Luddy School of Informatics, Computing and Engineering positions eliminated May 29 per Dean Joanna Millunchick email — part of school restructuring to align with evolving university priorities. 19 total confirmed cuts; university declined to confirm broader scope despite social media reports of additional departmental cuts. IU policy requires 30 days written notice; WARN Act 60-day notice applies if total exceeds 50. No WARN filing on Indiana DWD website as of publication. Separate from Indiana HEA 1001 program cuts (April 2026) also in database. Also: IU-licensed public media station WFIU/WTIU cut 4 full-time + 14 part-time positions the same week.",https://www.ipm.org/news/2026-05-29/luddy-school-adds-to-ius-layoffs-eliminating-six-positions,,Indiana Public Media,scraper,,,,,,,,,,,,,2026-06-08,approved,MV,,2026-06-04,FALSE,FALSE,
9549037a-ad72-4d54-a30e-67247a566987,237525,Marshall University,West Virginia,2026-06-10,2026,program_suspension,7 degree and certificate programs discontinued as part of regular program review,"Board of Governors approved discontinuation of 7 programs June 10: BS Computer and Information Security, MS Cyber Forensics and Security, MA Journalism,…","Board of Governors approved discontinuation of 7 programs June 10: BS Computer and Information Security, MS Cyber Forensics and Security, MA Journalism, Graduate Certificates in Digital Communications, Digital Forensics, Integrated Strategic Communications, and Media Management. 4 of the 7 (Journalism MA, Digital Communications, Media Management, Integrated Strategic Communications certificates) had enrollment suspended since 2022 and were already in teach-out. Part of routine program review process. Budget deficit reduced from $28M to $10M; projected to fall below $3M over next year with help of Huron consulting firm assessing organizational alignment, revenue opportunities, and inefficiencies. Metro Tuition rate expanded to all border states by 2028 to attract out-of-state students.",https://wvpublic.org/story/education/marshall-university-cuts-seven-programs-as-it-eyes-growth/,,West Virginia Public Broadcasting,scraper,,,,,,,,,,,,,2026-06-15,approved,MV,,2026-06-15,FALSE,FALSE,
dc961b10-ca85-4ba2-88e9-e7ef359a91f0,181020,Doane University,Nebraska,2026-06-08,2026,program_suspension,5 majors and 4 minors sunsetted plus 15 voluntary separations under Doane Forward plan,"Majors sunsetted fall 2027: New Media, Strategic Communication, Policy and Values, Ethics and Interfaith Studies, Human Relations.","Majors sunsetted fall 2027: New Media, Strategic Communication, Policy and Values, Ethics and Interfaith Studies, Human Relations. Minors sunsetted: Film, Journalism, Communicating Quantitative Information, Communication/Environmental Communication. ~80 students affected on Crete campus and online — all may finish current pathways. 15 faculty/staff took voluntary separation packages; teaching faculty retained through 2026-27 to complete teach-out. Savings amount not disclosed; departments asked to prepare 13-20% budget reduction drafts (April 2026). Part of ""Doane Forward"" 6-month strategic plan developed with stakeholder input.",https://nebraskapublicmedia.org/en/news/news-articles/doane-ending-five-majors-four-minors-in-fall-2027-current-students-able-to-finish-programs/,,Nebraska Public Media,scraper,,,,,,,,,,,,,2026-06-15,approved,MV,,2026-06-15,FALSE,FALSE,
a0c4f5a8-90b4-47d3-b51c-4b7c578ca3e7,177339,Evangel University,Missouri,2026-06-08,2026,staff_layoff,40 positions eliminated and athletic scholarships reduced to cut $10M in spending,40 positions eliminated and athletic scholarships reduced to cut $10M in spending,"40 total positions eliminated as part of $10M spending reduction target. No major academic programs eliminated; biblical languages major discontinued; College of Online Learning restructured to integrate with main degree programs (May 2026). Athletic scholarships reduced — average scholarships for student athletes to near $16K starting 2026-27. University remains on federal watch list for shaky financial stability. Assemblies of God-affiliated institution; ~2,000 students; Springfield MO.","https://sbj.net/stories/evangel-cuts-40-positions-part-of-effort-to-reduce-spending-by-10m,104510",,Springfield Business Journal,scraper,,,,,,,,,,,,,2026-06-15,approved,MV,,2026-06-15,FALSE,FALSE,
d15a24d4-a2c7-434d-978b-ebf6711c163f,157058,Kentucky State University,Kentucky,2026-06-08,2026,program_suspension,"Political Science, Childhood Development and Music programs eliminated under SB 185 financial exigency law","Political Science, Childhood Development and Music programs eliminated under SB 185 financial exigency law","Board of Regents approved elimination of 3 programs June 8: Political Science, Childhood Development, and several Music areas. Affected students offered teach-out plans. CPE Academic and Strategic Initiatives Committee approved full recovery plan June 9. Undergraduate enrollment projected to drop 9% fall 2026 and 20% by spring 2027. Under Kentucky Senate Bill 185 (passed spring 2026 declaring KSU in ""financial exigency""): university transitioning to polytechnic institution focused on STEM and healthcare; limited to 10 academic areas of study (applied sciences, health sciences, natural sciences, humanities, engineering and technology). Many liberal arts programs shifting online and taught entirely by adjunct faculty.",https://www.kentucky.com/news/local/article316077228.html,,Lexington Herald-Leader,scraper,,,,,,,,,,,,,2026-06-15,approved,MV,,2026-06-15,FALSE,FALSE,
e189a500-872c-4237-87e1-1062c3255480,186283,Rider University,New Jersey,2026-06-08,2026,department_closure,Westminster Conservatory band and orchestral instrument departments discontinued after 56 years,Westminster Conservatory of Music (Princeton) band and orchestral instrument departments discontinued — all instructors effectively let go including 29-year…,"Westminster Conservatory of Music (Princeton) band and orchestral instrument departments discontinued — all instructors effectively let go including 29-year clarinet/saxophone faculty Ken Ellison, 48-year flute faculty Amy Wolfe, 20-year piano/assistant director Marianne Lauffer, and others. Piano, voice, recorder, honors music, Opera Outings, and Westminster Community Orchestra programs relocated to Rider's Lawrence Township campus (not discontinued). Band and orchestral instrument instruction (strings, woodwinds, brass, percussion) eliminated entirely — no space at Lawrence Township campus. Conservatory founded 1970 on former Westminster Choir College campus; part of Rider since 1992. Municipality of Princeton acquired the 22-acre campus April 2025; stated it was not consulted and learned of decision simultaneously with general public June 8. Decision described as ""purely operational"" by Rider Senior Associate Dean Vodlicka — spending significantly more than revenue on the Princeton-based programs.",https://www.towntopics.com/2026/06/10/rider-cuts-several-westminster-conservatory-programs/,,Town Topics,scraper,,,,,,,,,,,,,2026-06-15,approved,MV,,2026-06-15,FALSE,FALSE,
02f1959d-76fc-495a-89c9-30d637aef22e,180489,The University of Montana,Montana,2026-06-05,2026,program_suspension,Programs suspended,"MA in Literature (CIP 23.0101) eliminated — only 8 students enrolled at time of closure, down from 16 in 2018. Final cohort completing degrees; no new…","MA in Literature (CIP 23.0101) eliminated — only 8 students enrolled at time of closure, down from 16 in 2018. Final cohort completing degrees; no new admissions. MA in Economics (CIP 45.0601) also eliminated. Moratorium on minors in Chinese Studies (~10 students) and Irish Studies (~7 students). Students in eliminated programs describe feeling abandoned mid-degree with limited job market options for humanities graduates.",https://montanafreepress.org/2026/01/28/university-of-montana-proposes-cutting-masters-programs-in-literature-and-economics/,,Montana Free Press,scraper,,,,,,,Programs suspended,Programs suspended,,,,,2026-06-15,approved,MV,,2026-06-15,FALSE,FALSE,
b3230f7f-5c2e-44cd-b5d1-26dda73a32d9,188641,Alfred University,New York,2026-06-03,2026,staff_layoff,11 positions eliminated campuswide amid enrollment and cost pressures,11 positions eliminated campuswide amid enrollment and cost pressures,"11 employees laid off across several departments and programs campuswide. University cited ""operational and financial pressures"" including enrollment realities and rising costs. Affected employees informed directly and privately. Simultaneous dining services transition to Sodexo Campus partnership (effective June 1) impacted 45 workers — ~90% hired by Sodexo.",https://www.eveningtribune.com/story/news/education/campus/2026/06/03/alfred-university-announces-job-cuts-on-allegany-county-campus/90385799007/,,The Evening Tribune,scraper,,,,,,,,,,,,,2026-06-15,approved,MV,,2026-06-15,FALSE,FALSE,
c4fffe8a-4358-40ec-9289-cce0d2dd244f,126775,Colorado School of Mines,Colorado,2026-06-02,2026,staff_layoff,16 positions eliminated — roughly 1% of workforce — as part of strategic restructuring,16 positions eliminated — roughly 1% of workforce — as part of strategic restructuring,"~16 employees laid off week of June 2 — roughly 1% of ~1,600-person total workforce. University may also eliminate additional vacant positions as restructuring continues. Part of broader reallocation toward functions aligned with long-term strategy. Provost announced required 15% budget cut for Academic Affairs by end of FY2028 (November 2025).",https://www.denverpost.com/2026/06/09/colorado-school-of-mines-layoffs/,,Denver Post,scraper,,,,,,,,,,,,,2026-06-15,approved,MV,,2026-06-22,FALSE,FALSE,
42787cd6-75a7-4f81-96f4-fbb1fd985836,195234,The College of Saint Rose,New York,2024-06-21,2024,institution_closure,Institution closure,"103-year-old Catholic college closed due to financial difficulties and declining enrollment, with $11.3M projected deficit","103-year-old Catholic college closed due to financial difficulties and declining enrollment, with $11.3M projected deficit",https://www.highereddive.com/news/the-college-of-saint-rose-close-spring-2024-end-of-academic-year/701349/,,Higher Ed Dive,scraper,,,,,,,,,,,,,2026-05-15,approved,grandfathered,,2026-05-15,TRUE,FALSE,
f129c289-7035-4c95-ab53-c4df71b51c83,240444,University of Wisconsin-Madison,Wisconsin,2026-06-11,2026,staff_layoff,31 positions eliminated across multiple units as part of budget reductions,31 positions eliminated across multiple units as part of budget reductions,"Internal emails obtained by Cap Times confirm 31 positions being eliminated across multiple UW-Madison units. Cuts include: Division of Information Technology (DoIT) — layoffs and position eliminations; University Communications — staff reductions; Office of Sustainability — significant cuts; Wisconsin Public Media (WPM) — positions eliminated including programming staff. Additional measures: travel restrictions, hiring freezes, reduced discretionary spending. Driven by flat state funding, federal research grant reductions, and rising operational costs.",https://captimes.com/news/education/emails-show-uw-madison-to-lay-off-31-employees-among-other-cuts/article_e4f4c9b6-78e3-4f29-828c-f92fd002caec.html,,The Cap Times,scraper,,,,,,,,,,,,,2026-06-22,approved,MV,,2026-06-22,FALSE,FALSE,
0aaddcfc-32b3-4993-b5fb-e247aecbaed2,210146,Southern Oregon University,Oregon,2026-05-09,2026,department_closure,3 majors eliminated and 66 positions cut to close $5M deficit after Deloitte review,3 majors eliminated and 66 positions cut to close $5M deficit after Deloitte review,"Board voted May 9 to approve restructuring plan. 3 academic programs permanently eliminated: Music, International Studies, and Gender/Sexuality/Women's Studies (125 combined student majors). Creative Writing merged into English department. 9 other academic units consolidated. ~66 total positions eliminated: faculty in eliminated/consolidated programs + administrative restructuring. Saves $5M annually — satisfying Oregon HECC requirement for balanced long-term plan tied to $15M emergency state funding (approved February 2026). Deloitte analysis found top 3 units (business, education, psychology) represent 45% of headcount; top 10 programs = 78% of enrollment; 10 units operated at a loss.",https://www.highereddive.com/news/southern-oregon-university-plan-would-cut-or-consolidate-13-academic-units/819654/,,Higher Ed Dive,scraper,,,,,,,,,,,,,2026-06-22,approved,MV,,2026-06-22,FALSE,FALSE,
898540a1-2393-4d00-823a-d65799a6e9b3,162928,Johns Hopkins University,Maryland,2026-06-25,2026,staff_layoff,110 administrative staff laid off as federal research portfolio continues to shrink,110 administrative staff laid off as federal research portfolio continues to shrink,"110 employees primarily in administrative functions laid off across Bloomberg School of Public Health, Carey Business School, and central administration. ""As our federal research portfolio shrinks the infrastructure around it must change in parallel"" — spokesperson Doug Donovan. Prior cost-management: hiring freeze, pausing raises for employees earning $80K+, reducing discretionary spending, eliminating vacant positions, 20% reduction in 5-year capital project spending — all proved insufficient. JHU simultaneously increasing in-house research awards by $50M and nearly doubled lobbying spending since 2024. Hiring freeze continues. Second distinct layoff round — separate from March 2025 USAID-driven 2,200 cuts also in database.",https://www.usnews.com/news/politics/articles/2026-06-25/johns-hopkins-university-lays-off-over-100-employees-cites-federal-funding-cuts,,U.S. News & World Report,scraper,,,,,,,,,,,,,2026-06-29,approved,MV,,2026-06-30,FALSE,FALSE,
7058231e-2108-4419-9210-575c11fada82,179557,Southeast Missouri State University,Missouri,2026-06-23,2026,staff_layoff,20 positions eliminated to close $6.5M FY2027 budget deficit,20 positions eliminated to close $6.5M FY2027 budget deficit,"Board approved FY2027 budget June 23 eliminating 20 currently occupied positions out of ~900 full-time employees (~2.2% of workforce). Budget gap: $4M projected revenue increase vs $10.5M expense increase = $6.5M deficit. Working group of faculty, staff and administrators found $12.9M in total cuts (exceeding deficit). Missouri facing $1.5-2B state general revenue shortfall; higher ed leadership advised to prepare for at least 10% state appropriations cut for FY2028 — equal to ~$5M for SEMO.",https://www.kfvs12.com/2026/06/23/semo-board-approves-budget-plan-cuts-20-jobs/,,KFVS12,scraper,,,,,,,,,,,,,2026-06-29,approved,MV,,2026-06-30,FALSE,FALSE,
88943067-8061-4b5d-861e-89230e630c64,104179,University of Arizona,Arizona,2026-06-23,2026,department_closure,Health Sciences Division dissolved — 28 positions eliminated in final integration phase,Health Sciences Division dissolved — 28 positions eliminated in final integration phase,"Health Sciences Division administrative structure permanently dissolved effective August 7, 2026 — final phase of year-long realignment. ~28 positions eliminated. All programs folded directly into existing university units: Interprofessional Clinical and Professional Skills Center + Center for Transformative Interprofessional Healthcare + Arizona Area Health Education Centers + Indigenous health programs → under new provost-selected supervisors. Clinical and Translational Science Institute + Arizona Center for Accelerated Biomedical Innovation → Office of Research and Partnerships. Clinical Placements and Partnerships → Mel and Enid Zuckerman College of Public Health.",https://www.tucsonspotlight.org/ua-cuts-28-jobs-in-health-sciences-restructuring-plan/,,Tucson Spotlight,scraper,,,,,,,,,,,,,2026-06-29,approved,MV,,2026-06-30,FALSE,FALSE,
d3ef03e4-55bd-4d89-af75-f4d4a652dd6c,179159,Saint Louis University,Missouri,2026-07-01,2026,staff_layoff,80 vacant positions eliminated and filled faculty and staff cuts announced — FY2027 raises suspended,80 vacant positions eliminated and filled faculty and staff cuts announced — FY2027 raises suspended,"80 vacant positions eliminated (35 open faculty + 45 open staff) plus unspecified cuts to filled faculty and staff positions. FY2027 merit salary increases suspended entirely. President Edward Feser announced July 1. Enrollment fell more than 2,000 students (15%) YoY — 13,307 undergraduate/post-baccalaureate students for year ending May 2026. S&P Global revised bond outlook to ""negative"" June 23 citing inability to maintain enrollment and revenue. Third consecutive round of SLU cuts: Round 1 (October 2024) — 23 layoffs + 130 vacancies frozen under Pestello; Round 2 — balanced budget FY2025 (no major new layoffs); Round 3 (this action).",https://www.ksdk.com/article/news/local/business-journal/slu-cuts-faculty-and-staff-positions-forgoes-raises-structural-deficit/63-f5e9b675-1607-48e8-a44b-3ca4a2dc54b3,,KSDK / St. Louis Business Journal,scraper,,,,,,,,,,,,,2026-07-07,approved,MV,,2026-06-30,FALSE,FALSE,
735963d7-031f-4b69-9a5a-a5c26c978614,498571,Pennsylvania Western University,Pennsylvania,2026-06-30,2026,program_suspension,43 academic majors and minors eliminated — replaced by dozens of workforce-focused certificates,43 academic majors and minors eliminated — replaced by dozens of workforce-focused certificates,"43 academic majors and minors eliminated as part of academic redesign at Pennsylvania Western University (formed from merger of Edinboro, California, and Clarion universities of Pennsylvania in 2022). Simultaneously adding dozens of new workforce-focused certificates. PennWest California campus arts programs specifically named in article headline. Part of broader restructuring of the system created by the 2022 merger of three PASSHE universities.",https://www.post-gazette.com/news/education/2026/06/30/pennwest-program-cuts-california-arts-certificates/stories/202606290046,,Pittsburgh Post-Gazette,scraper,,,,,,,,,,,,,2026-07-07,approved,MV,,2026-06-30,FALSE,FALSE,
70d86d1b-2f99-49d9-8885-cfbc0fa8730d,235097,Eastern Washington University,Washington,2026-06-25,2026,program_suspension,"9 degree programs discontinued unanimously including Gender Studies, Urban Planning and Applied Math",Board of Trustees voted unanimously June 25 (two separate motions) to discontinue all 9 programs identified by Provost Lorenzo Smith.,"Board of Trustees voted unanimously June 25 (two separate motions) to discontinue all 9 programs identified by Provost Lorenzo Smith. Programs discontinued: BA Gender, Women's and Sexuality Studies (CIP 05.0207); BA Urban and Regional Planning (CIP 4.0201); BA International Affairs (CIP 45.0901); BA Applied Technology; BA Data Science (CIP 11.0401); BA English as a Second Language (CIP 13.1401); BA Early Childhood and Special Education (CIP 13.1001); MA Interdisciplinary Studies; MS Applied Mathematics (CIP 27.0301). Faculty Senate recommended saving GWSS, Urban Planning, International Affairs, and Applied Technology — overruled by provost and president. Provost Smith recommended all 9 discontinued June 18; President McMahan passed to board same day.",https://www.inlander.com/news/eastern-washington-university-discontinues-nine-degree-programs-a-little-more-than-a-year-after-its/article_be95bad4-f092-4997-ac5e-c86495b938b0.html,,The Inlander,scraper,,,,,,,,,,,,,2026-07-07,approved,MV,,2026-06-30,FALSE,FALSE,
2a7393fb-c793-4fa9-ba6c-d5115a559593,132903,University of Central Florida,Florida,2026-06-25,2026,department_closure,"Downtown Library, LibTech lending desk and Curriculum Materials Center closed with no notice","Downtown Library, LibTech lending desk and Curriculum Materials Center closed with no notice","Three library units closed simultaneously June 25 with zero advance notice: Addition Financial Downtown Campus Library (served 20+ downtown-exclusive majors including Legal Studies and Health Informatics); LibTech desk at John C. Hitt Library (laptops, DSLR cameras, tablets, microphones, lighting kits, calculators — free equipment loans for students); Curriculum Materials Center on main campus (PreK-12 materials for education majors and local teachers). Staff informed by HR in person or by phone day-of — some mid-shift; told not to return. UCF HR explicitly planned to give no advance warning to ""limit the upset."" UCF cited ""comprehensive review of library usage, academic priorities, and available resources."" Actual reason per Florida Rep. Anna Eskamani: UCF did not receive expected preeminence status funding from Tallahassee ($10M+ annually for faculty raises and services).",https://www.orlandosentinel.com/2026/06/26/ucf-abruptly-shuts-down-some-campus-libraries-and-technology-resources/,,Orlando Sentinel,scraper,,,,,,,,,,,,,2026-07-07,approved,MV,,2026-06-30,FALSE,FALSE,
7021b552-50ce-4ecf-9c0c-e468dd0da3e8,140252,Life University,Georgia,2026-06-16,2026,staff_layoff,30+ positions eliminated including 14 faculty — 401(k) matching discontinued to save $4.4M,30+ positions eliminated including 14 faculty — 401(k) matching discontinued to save $4.4M,"30+ total employees severed including 14 of ~200 faculty members. 401(k) matching program also discontinued. Saves $4.4M against $5M projected budget shortfall. President Brian McAulay announced June 16 via email calling decisions ""difficult but necessary."" Root cause: chiropractic flagship program placed on CCE probation in 2024 for 77% licensing exam pass rate (below 80% threshold) — probation lifted January 2026 after 100% winter pass rate. But enrollment disruption persists: 2,289 students fall 2025 (lowest in 10+ years), down 11% YoY; chiropractic college enrollment down 16%. 90%+ of revenue comes from tuition; chiropractic program provides 75% of operating revenue — making university extremely sensitive to enrollment shifts.",https://www.ajc.com/education/2026/06/life-university-makes-difficult-but-necessary-cuts-amid-financial-challenges/,,Atlanta Journal-Constitution,scraper,,,,,,,,,,,,,2026-07-07,approved,MV,,2026-06-30,FALSE,FALSE,
3c52cfb3-2269-4efe-bdbd-c39b84d69613,153603,Iowa State University,Iowa,2026-04-02,2026,program_suspension,10 degree programs eliminated and 13 consolidated under Iowa Board of Regents mandate,10 degree programs eliminated and 13 consolidated under Iowa Board of Regents mandate,"Provost Jason Keith announced April 2 elimination of 10 degree programs and consolidation of 13 others following Iowa Board of Regents Workforce Alignment Review. Programs closed include undergrad: BS Bioinformatics and Computational Biology (CIP 26.1103), BS Environmental Studies (CIP 03.0103), BS Interdisciplinary Design, BS Religious Studies (CIP 38.0201), BS Women's and Gender Studies (CIP 05.0207); grad: MS/PhD Accounting Analytics, PhD Biophysics, PhD Energy Systems Engineering, PhD Interdisciplinary Graduate Studies, PhD Toxicology. Programs consolidated/merged: 4 physics PhDs (applied, condensed matter, high energy, nuclear) → 1 degree; Sociology + Rural Sociology → 1 graduate program; Earth Science + Geology → 1 program at each level; Rhetoric Composition and Professional Communication merged into larger program; graduate Gerontology merged into College of Health and Human Sciences program; Experiential Graphic Design consolidated into multi-credential pathway. 7 programs exempted despite low enrollment (nursing, veterinary science, math/science education). 15 programs given 2-year extension. Board of Regents approval June 15 meeting.",https://www.highereddive.com/news/iowa-state-university-program-cuts-review-regents/817262/,,Higher Ed Dive,scraper,,,,,,,,,,,,,2026-07-07,approved,MV,,2026-06-30,FALSE,FALSE,
990d9d98-5fc7-4bb8-bb94-a822f38007cd,110644,University of California-Davis,California,2026-01-09,2026,program_suspension,NCAA Division I women's equestrian program eliminated — replaced by STUNT varsity program,NCAA Division I women's equestrian program eliminated — replaced by STUNT varsity program,"Athletic Director Rocko DeLuca announced January 9 elimination of NCAA Division I women's equestrian team effective end of 2025-26 season — team had just won its third conference championship (undefeated season). 33 student-athletes affected. Program transitioned to club sport; STUNT simultaneously elevated from club to NCAA varsity status. Decision made primarily on budget grounds citing $1M+ annual savings. Three active lawsuits alleging fraud and misrepresentation: parents' suit (filed Feb 9), wire fraud investigation by UC Davis police department (AD DeLuca continued soliciting donations after decision was made internally), Title IX concerns (program elevated to D1 as part of Title IX settlement, then eliminated despite championship success while men's programs retained).",https://nypost.com/2026/06/28/us-news/uc-davis-cuts-entire-equestrian-team-then-furious-parents-investigated/,,New York Post,scraper,,,,,,,NCAA Division I women's equestrian program eliminated,NCAA Division I women's equestrian program eliminated,,,,,2026-07-07,approved,MV,,2026-06-30,FALSE,FALSE,
5ef8341b-9178-4087-9d9f-0c0794f229b8,203535,Kenyon College,Ohio,2025-11-20,2025,staff_layoff,Voluntary early retirement accepted by 10-16 of 200 faculty to rightsize amid 6.5% enrollment decline,"Voluntary Separation Incentive Program (VSIP) offered November 20, 2025 to ~80 eligible tenured faculty (those meeting age+years-of-service threshold of 65+).","Voluntary Separation Incentive Program (VSIP) offered November 20, 2025 to ~80 eligible tenured faculty (those meeting age+years-of-service threshold of 65+). Between 10-20% accepted = roughly 8-16 faculty departing June 30, 2026 or June 30, 2027. Package: one year post-separation salary + emeritus status. Enrollment dropped 6.5% 2019-2026 (1,837 → 1,717 students); projected to fall another ~100 in 2026-27. Faculty grew 8% over same period — unsustainable 8:1 student-faculty ratio. Center for Innovative Pedagogy abruptly closed spring 2026. Salary freeze announced for FY2027. No general salary increases.",https://kenyoncollegian.com/news/2026/01/bowman-gives-details-on-the-new-faculty-retirement-plan/,,The Kenyon Collegian,scraper,,,,,,,,,,,,,2026-07-07,approved,MV,,2026-06-30,FALSE,FALSE,
c247a423-aa5a-4750-a461-9cb7cb52a0ac,174066,University of Minnesota-Twin Cities,Minnesota,2026-06-27,2026,staff_layoff,230 jobs eliminated through layoffs and attrition to close $44M structural deficit,230 jobs eliminated through layoffs and attrition to close $44M structural deficit,"230 jobs cut (some through layoffs, others through attrition) as part of $5.4B system operating budget approved 9-1 by Board of Regents June 27. 3.8% tuition increase for most students — 6th consecutive year of tuition hikes. $44M structural deficit addressed through combination of job cuts, tuition increase, and unit-level reductions. College of Liberal Arts already running $12M deficit; 25 of 31 liberal arts departments reported reducing course offerings in spring 2026 survey. Teaching assistant budget cut 20% in fall — TAs supervising more sections. Faculty given 3% raise; adjunct professor budget increased $5M.",https://www.startribune.com/u-budget-cuts-tuition-increase/601861732,,Minneapolis Star Tribune,scraper,,,,,,,,,,,,,2026-07-08,unreviewed,,,,FALSE,FALSE,
a9abb040-aff9-49ee-b486-b9f13824efab,216339,Temple University,Pennsylvania,2026-07-08,2026,staff_layoff,40 employees laid off — first confirmed round toward $60M in cuts to address $85M deficit,40 employees laid off — first confirmed round toward $60M in cuts to address $85M deficit,"40 employees laid off July 8 across multiple schools and administrative units — specific areas not disclosed. Separate from 77 faculty who took voluntary retirement incentive departing end of June 2026 saving $15M annually. Running total: 77 voluntary retirements + 40 layoffs = 117 positions eliminated so far. Additional layoffs expected — President Fry said in June ""some reduction in force is inevitable"" since ~70% of budget is compensation/benefits.",https://www.highereddive.com/news/temple-university-lays-off-40-employees-as-it-tackles-deficit/824888/,,Higher Ed Dive,scraper,,,,,,,,,,,,,2026-07-13,unreviewed,,,,FALSE,FALSE,
0d08446c-b4b7-48be-9572-f0dc4e86d947,110662,University of California-Los Angeles,California,2026-06-30,2026,staff_layoff,27 digital and technology services staff laid off amid $220M deficit — union alleges contract violation,27 digital and technology services staff laid off amid $220M deficit — union alleges contract violation,"27 employees in Digital and Technology Services (DTS) department laid off late June as part of larger technology reorganization. UCLA faces $220M projected deficit for 2025-26 fiscal year. UPTE-CWA 9119 union alleging contract violation — union contract requires alternative process before layoffs including offering open positions to qualified employees; union demanding UCLA rescind layoffs. ""We call on UCLA to quickly rescind these layoffs. Thousands of IT employees recently joined our tech union because our contract requires alternatives to layoffs, providing them the security to do their best work"" — Max Belasco, UPTE-CWA 9119 co-chair.",https://dailybruin.com/2026/07/08/ucla-cuts-27-dts-jobs-amid-budget-deficit-upte-cwa-9119-alleges-contract-violation,,Daily Bruin,scraper,,,,,,,,,,,,,2026-07-13,unreviewed,,,,FALSE,FALSE,
84caa1d0-5873-4221-a8b8-f020a4b4e605,159382,Louisiana State University-Alexandria,Louisiana,2026-07-02,2026,staff_layoff,25 positions eliminated including CFO and VP-level admins to redirect $3.7M to faculty and research,25 positions eliminated including CFO and VP-level admins to redirect $3.7M to faculty and research,"25 employees terminated week of July 2: CFO Tommy Smith ($390K/year, 1-year tenure; duties moving to LSU System CFO Brandi Roberts); VP of Engagement/Civil Rights/Title IX Todd Manuel ($329K/year; hired 2022 by former President Tate); 16 marketing/communications staff (writers, video producers, photographers); 7 additional Office of Engagement positions (director of institutional engagement, director of learning and development, others). Saves ~$3.7M annually redirected to faculty hiring and research funding. Goal: become top-50 research university (currently ranked 83rd per NSF 2024). Part of broader LSU restructuring: Board split previously combined president/chancellor role into two — President Rousse (public-facing) and Chancellor Dalton (academics/research).",https://lailluminator.com/2026/07/08/lsu-axes-finance-leader-former-dei-staff/,,Louisiana Illuminator,scraper,,,,,,,,,,,,,2026-07-13,unreviewed,,,,FALSE,FALSE,
discovered-c9e171b5f03a826d,186380,Rutgers University-New Brunswick,New Jersey,2026-07-09,2026,hiring_freeze,Rutgers University calls for hiring freeze. It hasn’t happened since 2020. - NJ.com,Rutgers University calls for hiring freeze. It hasn’t happened since 2020. - NJ.com,Rutgers University calls for hiring freeze. It hasn’t happened since 2020. - NJ.com,https://news.google.com/rss/articles/CBMiswFBVV95cUxNamRLcUpET283WGZnZWNUYjF4VkYwN0N5QVJ1VEtnc0VXYVNvcEQwR2JkckRwMkxEV2MyNTJ6c25ETTJQUHhjRHBvSlZrcUJQZlJ6aTVvbmJnWnRRcVJielVXM01ha1RsaUVRVk1PUG5rWUpkYmpjY3l6V1FoU0hjVVdzYWR1Wno0MXBZcDlySU9YblRya2xUMjhyWUE2cVJCMTBZNW9jSkp2czNlVThEMnFINA?oc=5&hl=en-US&gl=US&ceid=US%3Aen,Rutgers University calls for hiring freeze. It hasn’t happened since 2020. - NJ.com,NJ.com,news_scan,,,,,,,,,,,,,2026-07-13,unreviewed,,,,FALSE,FALSE,
discovered-8bb9ce3b913b7db3,151810,Martin University,Indiana,2026-07-13,2026,institution_closure,How Martin University closure 'snatched the heart out of' Martindale-Brightwood - IndyStar,How Martin University closure 'snatched the heart out of' Martindale-Brightwood - IndyStar [also: https://news.google.com/rss/articles/CBMihwFBVV95cUxPM2VESVBXSUs5SkltY1NaMkRkZ2xNa2N2R2lzOFVxYkxLbUFyWGdBT3lXdkJDcjNQTjE2MDAyZTk0bG1zOXdJS1hGQ0E3bWhHdmZCSURFdDBXWmdKQlAxVXR6cTdkVDRFdDVFeFNhVXdlNmtIOENsQ3owS0F1R1pXY2lrSFoyYlE?oc=5&hl=en-US&gl=US&ceid=US%3Aen],How Martin University closure 'snatched the heart out of' Martindale-Brightwood - IndyStar,https://news.google.com/rss/articles/CBMi1AFBVV95cUxQOVZnb2lIRjNpb214cGd1aTdHbEpZRktuc2JRSlFXcUtudndoUlNkVXUxU0Jnb2xlSWlYY0JHSFQ3TEtXbzc2V1JyN21pRlp5QnhQTnFnc1dYXzJSenRuUE5rSE9sQkRpWm9kSFRZT0dabmdEWFJ5VElsZkhydWg2YUdsd3RpWUlCTTNyNjU4RFdYdmNZZHlKVW5CdnRiNDNBUHVZOU9vMmp0LWtEanNfQWZ6OXZlTlo1M1gwZms3WG5hb1c0dXVHRGxnZTBWZlVRLTFxag?oc=5&hl=en-US&gl=US&ceid=US%3Aen,How Martin University closure 'snatched the heart out of' Martindale-Brightwood - IndyStar,IndyStar,news_scan,,,,,,,,,,,,,2026-07-13,unreviewed,,,,FALSE,FALSE,
discovered-bfa7e4176d22c1ea,209807,Portland State University,Oregon,2026-07-09,2026,staff_layoff,"Portland State University is considering rescinding some layoff notices as it addresses a $35 million budget deficit. The article indicates potential reversal of previously announced staff reductions, though specific numbers of affected positions are not provided in the available text.","Portland State University is considering rescinding some layoff notices as it addresses a $35 million budget deficit. The article indicates potential reversal of previously announced staff reductions, though specific numbers of affected positions are not provided in the available text. [model: high confidence] [also: https://news.google.com/rss/articles/CBMigwFBVV95cUxNRFFEeXZvZWZlSFpyalRYczl6WUFST1hNUExLN2lZcHd3a19kVjR6RHI4U2owQV9zaEdHX0NSeDBVU1BJNFg2Wm5MV01VVW9EN2pmUC1fSmtpMGF0bGV3TDc4QTNIczU4d2Vzc3hLSDRRODhNaEpWWjdldWRTYVVqQ1VrTQ?oc=5&hl=en-US&gl=US&ceid=US%3Aen]","Portland State University is considering rescinding some layoff notices as it addresses a $35 million budget deficit. The article indicates potential reversal of previously announced staff reductions, though specific numbers of affected positions are not provided in the available text.",https://news.google.com/rss/articles/CBMitwFBVV95cUxONGUtcHFEcXM2RklPY2pNNTZHNU5MRlltMVV1VlcxRWJhejRZRzJNdmN4T3NTb3ctNDZLZzI1NEdmSVVIWXNRNVQyemRTOHV6UFBUVkMtYWtsZW92ZkdnVHlDZWRDRFdMZ2FFbVRVNVhDRWdJd1laalVJUkt3UWdxeG1ZYUNLZ2NYNmtjWHBKWHpxYlRna2RfY0VQVGJ3NmprYnBTbUVCY3BXNkRBT2lUZV9UNEJtclE?oc=5&hl=en-US&gl=US&ceid=US%3Aen,Portland State may rescind some layoff notices amid $35M deficit - The Register-Guard,The Register-Guard,news_scan,,,,,,,,,,,,,2026-07-14,unreviewed,,,,FALSE,FALSE,
discovered-256c8482ee8dc31e,166027,Harvard University,Massachusetts,2026-07-11,2026,staff_layoff,Harvard's Faculty of Arts and Sciences (FAS) is beginning layoff notifications. The article does not provide specific numbers of positions affected.,Harvard's Faculty of Arts and Sciences (FAS) is beginning layoff notifications. The article does not provide specific numbers of positions affected. [model: high confidence],Harvard's Faculty of Arts and Sciences (FAS) is beginning layoff notifications. The article does not provide specific numbers of positions affected.,https://news.google.com/rss/articles/CBMidkFVX3lxTFBKeXVESHFvZE9XbHh0eG4wbXFDVm5rTUYwODlQLWRQN0RDeEcySnJmU0xvVjJweUplbGtWSFlmaUdxeVIwUnlkSDA2Y3RxaHFVWk5FSGtlRFItb3gyV19HUGlWcGY1cWs0aE41T1l0RnRKX0dLQ3c?oc=5&hl=en-US&gl=US&ceid=US%3Aen,Harvard FAS To Begin Layoff Notifications Next Week - The Harvard Crimson,The Harvard Crimson,news_scan,,,,,,,,,,,,,2026-07-14,unreviewed,,,,FALSE,FALSE,
discovered-1a020b23e05b8c48,166018,Hampshire College,Massachusetts,2026-07-14,2026,institution_closure,"Hampshire College is closing, prompting Amherst to conduct a zoning study to address the impact of the closure. The article references Hampshire College's closure but does not provide details on the announcement date or scale of operations affected.","Hampshire College is closing, prompting Amherst to conduct a zoning study to address the impact of the closure. The article references Hampshire College's closure but does not provide details on the announcement date or scale of operations affected. [model: high confidence]","Hampshire College is closing, prompting Amherst to conduct a zoning study to address the impact of the closure. The article references Hampshire College's closure but does not provide details on the announcement date or scale of operations affected.",https://news.google.com/rss/articles/CBMiqAFBVV95cUxQMFpudnFYMTd4ZFJFU0htS0RKb3R2VG0yRURsWmpaWG5MZnhMRGF3Q3NXN1hSR0lPSlJmSnZUajRTUGFmZFc4bUwzSk5BQUxoV2VEQTZiT2ljWS1IbXphZEcxUUhRMEloX2RVM0x6dzNsNlhoSUZrQVdUdlRodENLbFlPZE0yb25ITzFPWlduQVVIbjhrUmpROGYtOGlxajgtVkhKOVNtNDc?oc=5&hl=en-US&gl=US&ceid=US%3Aen,Amherst to undergo zoning study with Hampshire College closure - Franklin County Now,Franklin County Now,news_scan,,,,,,,,,,,,,2026-07-14,unreviewed,,,,FALSE,FALSE,
discovered-5a98ba682315d049,183044,University of New Hampshire,New Hampshire,2024-01-24,2024,staff_layoff,The University of New Hampshire announced $14 million in budget cuts that include elimination of jobs and program suspensions. The cuts are described as creating a somber mood among staff and students.,Staff layoff - $14M in cuts affecting jobs and programs [model: high confidence],The University of New Hampshire announced $14 million in budget cuts that include elimination of jobs and program suspensions. The cuts are described as creating a somber mood among staff and students.,https://news.google.com/rss/articles/CBMioAFBVV95cUxNQmpxS0ZNalZLLWlDWE45X0FQajRKbWZtV1h6X2tFX1labjdVZlBaT2ZIcmhvamcwY2U5N1pEZGRMOVJVZWhjNFdZUWpGWFhwVkR4V3ZnS3FSd1RvOGxfTHhIeGk4SVBNaTVGUUFoLVhSQkk2WjZFOXVEeVFDX0pWT1ZYbzNRVUdpTmR6ZnQ4RkNWdG9RWlhEUWZQYU9kcjVp?oc=5&hl=en-US&gl=US&ceid=US%3Aen,Here are jobs and programs UNH is eliminating in $14M cuts: 'The mood is very somber' - Foster's Daily Democrat,Foster's Daily Democrat,news_scan,,,,,,,,,,,,,2026-07-15,unreviewed,,,,FALSE,FALSE,
discovered-d19a1c4a1012ce70,104179,University of Arizona,Arizona,2024-01-29,2024,staff_layoff,The University of Arizona announced budget cuts and layoffs to address a financial crisis that has been developing for years. The specific number of positions affected was not disclosed in the available article text.,The University of Arizona announced budget cuts and layoffs to address a financial crisis that has been developing for years. The specific number of positions affected was not disclosed in the available article text. [model: high confidence] [also: https://news.google.com/rss/articles/CBMiiAFBVV95cUxPTUhQdGplS0J3dW5TWWtDbjJScEFNbFZFaTBnMXhoMi1xaS1TYjM0VTlwcXUxSVNhZ0ZqbDd4YU0wYzJLMkRMSGpxZVdKT3c1cVlpNk9yQ2tRTmcxbS1QNnZ1XzJyM01mZ0VtWDhIY05JZXZSdTFpYUVZbFZobFhkUWhBMVhMcDlZ?oc=5&hl=en-US&gl=US&ceid=US%3Aen; https://news.google.com/rss/articles/CBMijgFBVV95cUxNMFJya2FDOTJSQkdBYXBwYlRjOC0xSkpvalMtdDctQzhPUXRGVmtBR0JIaDVjS1ZXX0k1SlRpZXdicHhWMlNDUHBsck13VTk3ZUFtcmNQUjRvZmpJd3dDZjlpV2VEcTg3TXV1Mnl1Ylg2dURIWTBUS3duNTFDNzZwd0hUemhqS2d0dlpiR1hn?oc=5&hl=en-US&gl=US&ceid=US%3Aen],The University of Arizona announced budget cuts and layoffs to address a financial crisis that has been developing for years. The specific number of positions affected was not disclosed in the available article text.,https://news.google.com/rss/articles/CBMi7wFBVV95cUxQY1hKYm5oZ01ZRC1KRXJOTVpBd3pZTGJmSnpWcXJIcWJhYUxhcmE1T3dSekFleXZ1OWRsQmk0bjFpSmhpVnRkN1BCZWgwSWVNZTYtU083dEdVMEJOVFJaYTVTaG1rMzVHQkxXcEU0ZEJFMVNETVlBS2xxRkVPTE45V2VCblRsb09jSGhBZjJtYk9UYnR5NEJsaTl1b2N1VWd6OS1OaFdQN3djcEdtWTdUc29RZXA0R0JWOV9lSWlpV3d2akduYldiWDJNRjd0ZEdPalM0M3FMcVlnOGUzWjB2NnZFTEp5MWJwQ1B4aFQ5RQ?oc=5&hl=en-US&gl=US&ceid=US%3Aen,"'Years in the making': UA faces budget cuts, layoffs to fix financial crisis - azcentral.com and The Arizona Republic",azcentral.com and The Arizona Republic,news_scan,,,,,,,,,,,,,2026-07-15,unreviewed,,,,FALSE,FALSE,
discovered-44f263f48d93c801,144050,University of Chicago Medical Center,Illinois,2024-02-01,2024,staff_layoff,"University of Chicago Medical Center laid off 180 employees. The medical center is affiliated with the University of Chicago, a four-year research institution.","University of Chicago Medical Center laid off 180 employees. The medical center is affiliated with the University of Chicago, a four-year research institution. [model: high confidence]","University of Chicago Medical Center laid off 180 employees. The medical center is affiliated with the University of Chicago, a four-year research institution.",https://news.google.com/rss/articles/CBMinAFBVV95cUxPYXBISHE0dlN2UXJvVkltbUlSeWNLTVRweExkekdrRlVWeXdTbGJPaXRKR1NqT3I1MDVmQ2RVc2NuOXkwSDdjTGQ0enZSSFFSZ2pYR3NsNGdaeUFucHlOb2cwdURPSmx6cFJpU3htQXVxcl9XYW9GaHhqTnl0T2tjUE5jekxFeFJCeU5xRGNTT3BoMU9lNG5zX1lkalrSAaIBQVVfeXFMTURUYjYzd2VqUFhkc2dQX1ZaU1J1RDZHb2RzZ2VjNFBWLXAxOExTZk45ZTRkNUVPekFFOGNFWm9RWDZZUl9zRkZ5QUhGR2tsQjRyQTJUX2J0b1lzYllaRjVFVlFVdHduX2IzLU1VODNjU1RUTlFISHpUQ2xJSk9LUUFkem15TmstSzE0WXQzLUJlaXFYb3FQS2NCYXR3d2ZtZGtn?oc=5&hl=en-US&gl=US&ceid=US%3Aen,180 employees laid off at University of Chicago Medical Center - FOX 32 Chicago,FOX 32 Chicago,news_scan,,,,,,,,,,,,,2026-07-15,unreviewed,,,,FALSE,FALSE,
discovered-bf3477f1366b1ade,201195,Baldwin Wallace University,Ohio,2024-02-02,2024,staff_layoff,Baldwin Wallace University announced layoffs and program cuts as the institution addresses a budget deficit. The specific number of positions affected and programs cut were not disclosed in the available article text.,Baldwin Wallace University announced layoffs and program cuts as the institution addresses a budget deficit. The specific number of positions affected and programs cut were not disclosed in the available article text. [model: high confidence] [also: https://news.google.com/rss/articles/CBMiqgFBVV95cUxNUXhYcmo5SWI4Q2l4RHcxWUs3dHFkdkQ4RVpzUDdFRHdBYk45eTk0b3NXOWQxYjdFcUI5YWZNV3J5djJIeEFuYTFud2VJYTZ2UFlKM0hfcDg1RHJpZll4OU1kbm1xVTAyMVhyZzNiUmd5VExobHFrczBIa3hJTnRsOTRGdXBiMUN2MTVjTU5YSjRJN0U4QU1xdWdhRnhOQ1ZROEcxeU54WTB5Zw?oc=5&hl=en-US&gl=US&ceid=US%3Aen],Baldwin Wallace University announced layoffs and program cuts as the institution addresses a budget deficit. The specific number of positions affected and programs cut were not disclosed in the available article text.,https://news.google.com/rss/articles/CBMi5gFBVV95cUxOemt1NjBCbFNENEkyWTJxWnk2Nnh4bFhaZi1DVXp0c1dsMFQ3V2pKeF80TUhNb00xOWFIVG5iTkg2SWhZb0k1YXpENU5odGlEZk9LWFdnTFdiZVRRQ3pTVUd4OXIzeVpVbnBYdGs4eUZhWDJOazU5cEh3MWsyUXFtLUdIYW5yOWZLWVY4QXR5TXRDdC0wOWRCdi1zc0wxc1BWd2thOG1lUlVEMGdwNUladTExbkhrckxRSEZHOEhqSm04RklYYzJVMElIOVg5M1F0azh0S194MnBoRURmdnN6c0Vmb2pqQQ?oc=5&hl=en-US&gl=US&ceid=US%3Aen,"Baldwin Wallace University announces layoffs, program cuts amid budget deficit - WKYC",WKYC,news_scan,,,,,,,,,,,,,2026-07-15,unreviewed,,,,FALSE,FALSE,
discovered-6d6164e8f75dc9d0,195234,The College of Saint Rose,New York,2024-02-06,2024,campus_closure,SUNY New Paltz will support The College of Saint Rose students through a new Teach-Out Agreement - SUNY New Paltz,SUNY New Paltz will support The College of Saint Rose students through a new Teach-Out Agreement - SUNY New Paltz,SUNY New Paltz will support The College of Saint Rose students through a new Teach-Out Agreement - SUNY New Paltz,https://news.google.com/rss/articles/CBMie0FVX3lxTE5IT0s3X3lvMWIxanotOHVKcXpUcWg1U3gxTkxuLTNIcDhZQmM1MFFqTVE0eW04bkhJeDZnc3c1QzdOS2UwYVBwOTRqeU5OTVdtaDAtWFlEdmlwVUxzRWY1RFZKQUNOZFM0N2R3SUVfcHVRRjN1cWVuQ0JfYw?oc=5&hl=en-US&gl=US&ceid=US%3Aen,SUNY New Paltz will support The College of Saint Rose students through a new Teach-Out Agreement - SUNY New Paltz,SUNY New Paltz,news_scan,,,,,,,,,,,,,2026-07-15,unreviewed,,,,FALSE,FALSE,
discovered-b1a2ad71ea2cbe02,204468,Notre Dame College,Ohio,2024-02-29,2024,campus_closure,Mercyhurst confirms teach-out agreement following announcement that Notre Dame College of Ohio is closing - Mercyhurst,Mercyhurst confirms teach-out agreement following announcement that Notre Dame College of Ohio is closing - Mercyhurst [also: https://news.google.com/rss/articles/CBMi0AFBVV95cUxQcTkxYUN6Y0ZuOFRxZklvQUYxc0NseHVmZkp4c0FDZFBuSWlHLWdreDZNMzNYblNiVVoya1F5V0NYYmJDZ0l0NHlVQmx1UzFmYWlLM2NpMmFsSXdQSEozZ1VXajQwc2R5aHVrbFVyWGR3bUp1SHRCcG1wVGZWd29aeDhCdkRfNkcwNW0tNE1xcS1USmtkZUhzNTd1R01RY1JJQlFWa0E3c0oybmpXT2RqWTd0cWJjd21NRDdXWXloekphaGhyRDM2RVFiSVZQdk1W?oc=5&hl=en-US&gl=US&ceid=US%3Aen; https://news.google.com/rss/articles/CBMiswFBVV95cUxPVEZCbVVCbWpRT3Ruc2k5eWhRU1lRV3cwNjJNRzYwczhGQVY2bkQ3dzJQRFJjTzZ5bkdKQktIVnpzYnlwY1h3WWVva1B4WXN1d0EwUjYxTjBNVHFVNDUzaTVoRW5kb2J3VmhaSnF0TWpGMUVXSE12azlUelpHTmYtZXNzalB4Ymw5c2tiOEJidmI1S0YwaWtKcFR2T0QwMVhwSi13S29BRldoa21hNTJDU1Bkdw?oc=5&hl=en-US&gl=US&ceid=US%3Aen],Mercyhurst confirms teach-out agreement following announcement that Notre Dame College of Ohio is closing - Mercyhurst,https://news.google.com/rss/articles/CBMixAFBVV95cUxNTVhhY1JtRUo5VURyLW0tU01vWF8zcWNUNnR0anBsdjY5T1JiN3N6VTJQVTBxbFdIdG1RamlFcC1UbnRKZTVwUkJSMVEtS1FIMFhESGp5RTlzZ0FHdUVPdE9LcHljaTZ3WmtndlRmSllJZGhWZGFRN2ZudkcxdjNLbkUycnFBYXlEZ1phSFFXNExHQWRyZzdwSWh6WlFZRDJOMm9xV2pPbjFDQlZaTHpra1FGRFFzcVJGLVNpaEtzS1ZLQmxS?oc=5&hl=en-US&gl=US&ceid=US%3Aen,Mercyhurst confirms teach-out agreement following announcement that Notre Dame College of Ohio is closing - Mercyhurst,Mercyhurst,news_scan,,,,,,,,,,,,,2026-07-15,unreviewed,,,,FALSE,TRUE,out_of_tracker_scope
discovered-7ddc2a0c4a14d211,442930,University of Antelope Valley,California,2024-03-12,2024,campus_closure,University of Antelope Valley in California Announces Closure - Erudera,University of Antelope Valley in California Announces Closure - Erudera,University of Antelope Valley in California Announces Closure - Erudera,https://news.google.com/rss/articles/CBMikAFBVV95cUxOX1YxTF9JdHRhTy1iZHVXb2Q2TDhNZEtnTklyVHlUOXJIR2Z5eHNoUkxLcnVpR21NQVNTMXU1ekdoQk5abUZIXy15b0JEYUQzZjVra0RpU1VPcEpFZEw1el8wV2NQUTB1eG1CM1Zlb3ZtRE1pTlI2UVc0d2VKYzY1ZUZUMEc3VHlkWUdfQkI5YXg?oc=5&hl=en-US&gl=US&ceid=US%3Aen,University of Antelope Valley in California Announces Closure - Erudera,Erudera,news_scan,,,,,,,,,,,,,2026-07-15,unreviewed,,,,FALSE,TRUE,out_of_tracker_scope
discovered-616955fa9a385f11,204468,Notre Dame College,Ohio,2024-03-22,2024,campus_closure,AU to serve as a teach-out partner for Notre Dame College students - Ashland University,AU to serve as a teach-out partner for Notre Dame College students - Ashland University,AU to serve as a teach-out partner for Notre Dame College students - Ashland University,https://news.google.com/rss/articles/CBMiiwFBVV95cUxPZS1SWGNtRl9nVWxTZWw2aWZEa1ZVS3lkYWo2dUxtZHJhN0lNOGs0REZ0VTZRbVRFMmRCdUZPLWppNE9SazVwVDBJcTRYUW5DNFdyaWF2SVhRV3JNclhDOG5LaHdDa0pSZUpiNGRjV2F3UG0yN2hYcEY2TFlDLVMwcFgxVzhQSnpOTDhN?oc=5&hl=en-US&gl=US&ceid=US%3Aen,AU to serve as a teach-out partner for Notre Dame College students - Ashland University,Ashland University,news_scan,,,,,,,,,,,,,2026-07-15,unreviewed,,,,FALSE,TRUE,out_of_tracker_scope
discovered-f9e32af3218a52b2,213303,Keystone College,Pennsylvania,2024-04-05,2024,campus_closure,Accrediting agency tells Keystone College to plan to help students in case closure is necessary - WVIA Public Media,Accrediting agency tells Keystone College to plan to help students in case closure is necessary - WVIA Public Media,Accrediting agency tells Keystone College to plan to help students in case closure is necessary - WVIA Public Media,https://news.google.com/rss/articles/CBMib0FVX3lxTE1POUZMcmJZZ0Z3RFFlVTBia3h0dFNkcF9XY0ZEVUFiWjgyMFFCU2N2VXlEQ0lEdGJ2aUZBc0Myc2kzc1lwRTJwbWJwTmlvN1NZbHpiR3ItM196blMwZlFRN29WOXhQakRGQVBTWUFIWQ?oc=5&hl=en-US&gl=US&ceid=US%3Aen,Accrediting agency tells Keystone College to plan to help students in case closure is necessary - WVIA Public Media,WVIA Public Media,news_scan,,,,,,,,,,,,,2026-07-15,unreviewed,,,,FALSE,FALSE,
discovered-28ef9fb5d9b60cfc,228787,University of Texas at Dallas,Texas,2024-04-15,2024,program_suspension,University of Texas at Dallas Eliminates More Than 20 DEI-Related Jobs - Texas Scorecard,University of Texas at Dallas Eliminates More Than 20 DEI-Related Jobs - Texas Scorecard,University of Texas at Dallas Eliminates More Than 20 DEI-Related Jobs - Texas Scorecard,https://news.google.com/rss/articles/CBMipwFBVV95cUxQUVl2Z3hlUTBEZmFMaUVqMzVRUVhBY2pkd3pzQndjRjJyWE5aODByVGNrMFZacXRqcVI5d0QyRGN6NlRGMWYzYVNmenNqU1BKNG1XTm0wLV9keG1RM3R0OVRUZVk1b2FQMnM1M0ozQ3JRRHJqVldmandUNTJCV3NaaGlJaGQ5eFJuTk1UU0JWS0h4UUsxZVUwbThfLXFQSXJJX05IVVhZSQ?oc=5&hl=en-US&gl=US&ceid=US%3Aen,University of Texas at Dallas Eliminates More Than 20 DEI-Related Jobs - Texas Scorecard,Texas Scorecard,news_scan,,,,,,,,,,,,,2026-07-15,unreviewed,,,,FALSE,FALSE,
discovered-4f5edc5d765eeccf,197230,Wells College,New York,2024-04-29,2024,campus_closure,Wells College officials say school closing at semester's end - Spectrum News,Wells College officials say school closing at semester's end - Spectrum News [also: https://news.google.com/rss/articles/CBMioAFBVV95cUxQVWt5Zk8yNWNfc3ZhZ29BajgzczBLZk1LRlpRWVE4ajZSR2w2ZzJhUmt4TmpDajZyRTJyS2c3RlJUMXpnZkwyVVVRQVFJcVh3R1BFMFRnVEtkNDNoWHdJSkJHY0pJejNwUlplVUdLNmFZNFFyMmpYaHpWbWxJSm10UXdhUFMzaVBfSnJXSi1jMFVaRjNzUmI3VThsZFFPNzBO?oc=5&hl=en-US&gl=US&ceid=US%3Aen; https://news.google.com/rss/articles/CBMifEFVX3lxTE1wcWFDc3ZqWUdSWGpjQ2pZMHozWms4RHdvTU9adjdYYWVyZm1wYU9qMW1mU2cwTmlVdFJQdE54S0RyaUN6TG5vaTZtMzBqeHVObl9HLTFDb2NHNG9sMTFFdHgxVUY3X0Y4Z19qX21BWkVYVTRFYlh0QngzZGY?oc=5&hl=en-US&gl=US&ceid=US%3Aen; https://news.google.com/rss/articles/CBMiYEFVX3lxTE5ianZmdW5JRmd4Z2oxdDA4dF9veHhZQWl2RWp5SXk2dDRONmx5Uy0zcEg2dmo3NE11QVIyV1Z3bU1TWHd5WEpNYWtDeHhpS2s0MEtuNU1Jamh4UXprdVlpNQ?oc=5&hl=en-US&gl=US&ceid=US%3Aen; https://news.google.com/rss/articles/CBMixAFBVV95cUxQN0o5VGJ4ZUJIcklBQU95QWFxSDhPNkRiY0MxWjZDN0doMWV3SEh0X1hoODEyN3RrM2tfMktOUnZIR1lXU0lvUlRpdkJhRE12YnlqX2RtSUJZajBSemdLY1JhZnlBRzlvamxTNEpEcm9CV18wTDNSLWpFZFcweWZMellpX1AyZ0RNLUFNMjFSUzc2dkxEM2RXdmlkV2ZES3ZndGNvUGtSUnRSdTVpVVA0TUtXbUd6ZG1kemM0cmtCV3F6Q1lH?oc=5&hl=en-US&gl=US&ceid=US%3Aen],Wells College officials say school closing at semester's end - Spectrum News,https://news.google.com/rss/articles/CBMiogFBVV95cUxOSERjbjNmckRpV1BhRTFyZ25nSjlHNHljTHF4LTk2ZnpOb2hDOTRlV0VDQ2ZOUS1VVXZpT05kaGo2Wm1scnlTdURTYnVhUm5IOTUzcnFNYnZ0RktSMUltcUQzWTNyYnltOURIZnB0RnNzQjJSNGZkRWltZXduaURERUgzVV81OHhBSElCcWFNbmExY0Ftbi1XczI4eGdOcnlXTVE?oc=5&hl=en-US&gl=US&ceid=US%3Aen,Wells College officials say school closing at semester's end - Spectrum News,Spectrum News,news_scan,,,,,,,,,,,,,2026-07-15,unreviewed,,,,FALSE,TRUE,out_of_tracker_scope
discovered-6e538635d8c2762e,153269,Drake University,Iowa,2024-04-29,2024,program_suspension,Drake University to eliminate three academic programs to aid in balancing budget - Iowa Capital Dispatch,Drake University to eliminate three academic programs to aid in balancing budget - Iowa Capital Dispatch,Drake University to eliminate three academic programs to aid in balancing budget - Iowa Capital Dispatch,https://news.google.com/rss/articles/CBMiwgFBVV95cUxNbWtEX1k0RjFjYVk1eEFSTjNWSGc0SWxlSHY4QmlLMGpuSWtJai1ET2xuWmcxM1RhazB5NTdJNUM4OUV1c2lwNW1UMGNkc214T3pudXBFeXdHVVFpX0UtbFphdVdBbjFORFBtdnZXaWdhaUZ5cHJBX0JMQmZMVWJrU3VyS0tlT21oY0o2TTJiWE5UVExNQnVQTFJOVEFza0NPUkNDQjFvV1dQdTZjNXRHS2kzTlFhRjNzRkZyRFZEazNEQQ?oc=5&hl=en-US&gl=US&ceid=US%3Aen,Drake University to eliminate three academic programs to aid in balancing budget - Iowa Capital Dispatch,Iowa Capital Dispatch,news_scan,,,,,,,,,,,,,2026-07-15,unreviewed,,,,FALSE,FALSE,
discovered-99713d34caeef317,197230,Wells College,New York,2024-04-29,2024,institution_closure,"Students, community brace for the future amid Wells College closure - The Ithaca Voice","Students, community brace for the future amid Wells College closure - The Ithaca Voice","Students, community brace for the future amid Wells College closure - The Ithaca Voice",https://news.google.com/rss/articles/CBMioAFBVV95cUxOMUV3YnUzRWZQVFdONHV3dHB0bkdyU1dqV3NtZXNXQlhNenFVelBJODFqLUptT0RjdlJCN1BkMFdaOVltT1JaSlhXckVTbGpPM0V5VG5Eb3lEUFpjR1hSMXhUYm1mRDNQb0JOR005RFBjb3BDMWpzOFhjbFotVm1wdHByS1RWNFgzQzc2U2RsSzlHeF9FOEotcTRXamlRZEhS?oc=5&hl=en-US&gl=US&ceid=US%3Aen,"Students, community brace for the future amid Wells College closure - The Ithaca Voice",The Ithaca Voice,news_scan,,,,,,,,,,,,,2026-07-15,unreviewed,,,,FALSE,TRUE,out_of_tracker_scope
discovered-eaf3242929da7d06,238193,Alverno College,Wisconsin,2024-04-29,2024,staff_layoff,"Alverno College plans layoffs, program changes - BizTimes - Milwaukee Business News","Alverno College plans layoffs, program changes - BizTimes - Milwaukee Business News [also: https://news.google.com/rss/articles/CBMirgFBVV95cUxNMU9JZ1hDc0dpallMM1VLS19YUGtUNHhCQ1ZNak5JMjdObXJIbDZNdzE0ekxQLXpScDFaWXAtQUFWX1ZmTGxNdXZFcmowNmlQN0pFUVFwamo5VGNSTlE2aEtCMU1QbVRULWgzRjdnRF9ya3ozY3VuV2E3dmlWR0hBWHMzWTRudm1Yc3JLSWJnQUxtQVduZFdJYXlyOU9xb3R5WWk3V0I4X3BRNjZ3dUE?oc=5&hl=en-US&gl=US&ceid=US%3Aen]","Alverno College plans layoffs, program changes - BizTimes - Milwaukee Business News",https://news.google.com/rss/articles/CBMidkFVX3lxTE13bE02MW5keWZySHRBY203ZGk4UDNkdE1LczhkTFYyYnU1MzdfZ1ZvWUQ1SW9JdTVnajBJQzcyUUJWVm83aVJNaFVGUnhUWG1oVDlfUjNDZC05SGpBR0tDRUdYY3RoaVZSdDdwSENLd09ZdS1BNUHSAX5BVV95cUxPVGs5UEFjX2x5OUNCT2RmbUs2cTFya3FFNVppaXpPUDZzWVhrVXNHdUstd1pSdmx6NVNGQTVHckw1WUpTUHdYeENHb3FaV2JJMG1Vd0lHaWU3SjhINlRkTnZ1ZXNsOW9saXBSQXFKTWhERjB1TjRWcjVRczRwcFE?oc=5&hl=en-US&gl=US&ceid=US%3Aen,"Alverno College plans layoffs, program changes - BizTimes - Milwaukee Business News",BizTimes - Milwaukee Business News,news_scan,,,,,,,,,,,,,2026-07-15,unreviewed,,,,FALSE,FALSE,
discovered-15d0d4eed7b14d12,213303,Keystone College,Pennsylvania,2024-05-03,2024,campus_closure,"Keystone College in ‘danger of imminent closure,’ accreditor says - Higher Ed Dive","Keystone College in ‘danger of imminent closure,’ accreditor says - Higher Ed Dive","Keystone College in ‘danger of imminent closure,’ accreditor says - Higher Ed Dive",https://news.google.com/rss/articles/CBMioAFBVV95cUxPQllHU0hyQUV2Y0F4cE1lVHBpdF9xMXlqX0pIb2tMdGtUZDQzNGoyN3pCOHdnUnpuUnJiNk9HZFAzR25iVHRSemtfMjdxNXlUdmhqLTZxWUNyODUteGtVTmpYMnc4eXdLcUhDaWVMbWllNElERl9kVUxSbUNONmtYQUJTd0MwN2FMc3h6UnZYWHU0UlF0Uzc0YVY5VmRKZHA1?oc=5&hl=en-US&gl=US&ceid=US%3Aen,"Keystone College in ‘danger of imminent closure,’ accreditor says - Higher Ed Dive",Higher Ed Dive,news_scan,,,,,,,,,,,,,2026-07-15,unreviewed,,,,FALSE,FALSE,
discovered-8763dcc7b9e719eb,196130,Buffalo State University,New York,2024-05-23,2024,hiring_freeze,Program cuts and hiring freeze included in Buffalo State University's financial sustainability plan - WKBW,Program cuts and hiring freeze included in Buffalo State University's financial sustainability plan - WKBW,Program cuts and hiring freeze included in Buffalo State University's financial sustainability plan - WKBW,https://news.google.com/rss/articles/CBMi2wFBVV95cUxOQWNOeFJQUTdGTTVxVnFlaXRpdHU4aldZdE5VRklqVmhTal9JZldTcW9FQS1ONG1tVlptSjZmQl80YndLaGxLUEtnV2JacVdzc2ZwTDBaZVRnSlQ1VnhxZ0paVTRQb0dlSlpYZGNhSXBLbHJxalotMWV1SUVOVjVaNFBzSzBwQjNaSk1wTzlLMl9tRV9XRTBYTEFBMTBmUTJ3Zkh3dWxkZjdSS0gzODE2a3FZV1RITGVJaHRaVUZkVnZ3Ni1FaENfT0Z3U2dkQ2RNaTZRNXpEM3JaUEk?oc=5&hl=en-US&gl=US&ceid=US%3Aen,Program cuts and hiring freeze included in Buffalo State University's financial sustainability plan - WKBW,WKBW,news_scan,,,,,,,,,,,,,2026-07-15,unreviewed,,,,FALSE,FALSE,
discovered-d28e4b29786641e5,197230,Wells College,New York,2024-05-29,2024,campus_closure,Wells College teach-out plan with HWS still pending approval; some other arrangements approved by commission - Fingerlakes1.com,Wells College teach-out plan with HWS still pending approval; some other arrangements approved by commission - Fingerlakes1.com,Wells College teach-out plan with HWS still pending approval; some other arrangements approved by commission - Fingerlakes1.com,https://news.google.com/rss/articles/CBMi4gFBVV95cUxQSTVDSl9OYk5pYW4wUTFvOVRmQjRYYjFfS2cwNy1IVDFWNjJXY3luTnNRT3ZvV1ZzRXBfbHB1bG9NWjljWGl3MWFCUmtPSU9SeVVzei0wcWxtcGJES2tZOTZZMHdVZGtuUERPX21LSU9nMVlaOU5mQWJjS1JkeEoxeDRrVHMxTnlDTmYyVndLbzFHeWRybnVaMmJVcDZpMl9DV2tHVTJoUlVFTzQwNXdrSFh6bDE5d0hzREVfT09sSGZ4Zk42SFIzRktKTmZid0hSRUdYbXAxSl92UmRKY3owdi1B?oc=5&hl=en-US&gl=US&ceid=US%3Aen,Wells College teach-out plan with HWS still pending approval; some other arrangements approved by commission - Fingerlakes1.com,Fingerlakes1.com,news_scan,,,,,,,,,,,,,2026-07-15,unreviewed,,,,FALSE,TRUE,out_of_tracker_scope
discovered-fa5ad6382dae3f9d,165015,Brandeis University,Massachusetts,2024-05-31,2024,staff_layoff,"Facing budget deficit, Brandeis University eliminates 60 positions - The Boston Globe","Facing budget deficit, Brandeis University eliminates 60 positions - The Boston Globe","Facing budget deficit, Brandeis University eliminates 60 positions - The Boston Globe",https://news.google.com/rss/articles/CBMijwFBVV95cUxQU0JTMlMwMjlxSmRfSl9CRU5ERXZ6eEd0SzJTTnU1bXdUY05SSDMwMTVlSzFnR2M3Zy1hTHBfVDZmMS1oQUVvSkdKRFltQlNkU0xsVklsaGt0NUVGU3dVcHNON1Q3TTdheDJrb2cxdWJRa0UwNWxocERIdHVIRFBTZ0M3S0xHSGVZOW9CVjdNQQ?oc=5&hl=en-US&gl=US&ceid=US%3Aen,"Facing budget deficit, Brandeis University eliminates 60 positions - The Boston Globe",The Boston Globe,news_scan,,,,,,,,,,,,,2026-07-15,unreviewed,,,,FALSE,FALSE,
discovered-ae276681a801aa03,215105,University of the Arts,Pennsylvania,2024-06-05,2024,staff_layoff,University of the Arts employees file lawsuit over mass layoffs from sudden closure - 6abc Philadelphia,University of the Arts employees file lawsuit over mass layoffs from sudden closure - 6abc Philadelphia [also: https://news.google.com/rss/articles/CBMikgFBVV95cUxNZS00Tm9ISFl2MG1DLTE5NlRycS1Zd0pETm1hMW8xdHJDQy1KRFZZQnFhdXJaX2ZLbTlqSC1kNVRSdHNYaHF2WHlpZnVRM3N3aTV1TzhPYkhENVB6OFJ5bjhPTW12aTJZYnRGZ1hyNHIwckFsLXlnQ0VuZ0U4Nm1uVEdmVHRUeEZFWDBhMGdZZjZJUdIBlwFBVV95cUxQV3lqUmpaOHZId255dTF5eVhNU2prOEIxeHFUU3NqS3RkRTE0eFQ4b3BWSmNLWHlGbzFxT3VINlpTaGd5OTZlaWgzaXZfT0lva2RmVmhDVzQ3ejRYTk1NNEFVTnBHN0dqU0swa3V0bE9saXlxSi02YU1KLU5YbXktMFU4TTRsZVhJM0hSa0VSSl9wR0ZvSWJv?oc=5&hl=en-US&gl=US&ceid=US%3Aen],University of the Arts employees file lawsuit over mass layoffs from sudden closure - 6abc Philadelphia,https://news.google.com/rss/articles/CBMikwFBVV95cUxNYlBRUHd5dU9hN2VqLTNKNmN0VFVwRkdRTnVwejk3TmVQRVd5c3M0bl9nQWlJR3JqeU5uT3E2dVExbGgxN21STkJXcldLR1R4VF9CVFFCRVdtZlJoVUhlZHZ5REV3empLY0Q3UVV4Sm9IRkZuRjVvT1JDZjBHWEhHS3ZaMDhVYkt5V01KeW14bFVTQ3fSAZgBQVVfeXFMTXlHV2VfWFlITVRiU3VhRW9LYTZDQ29hejdoMURUd0U5WUxlSDNCMDlYMWVELVZsM2tFRXpORDczVzU1NWFZWGI5WmViczJCcy1UMXpyYXd2ZDdRa2JKcGpkcXZKZWdrcjduaXdZVDVpdEVxV0Jpc24xZHhfOGhlSzdXbmIwd1ZFTkU2Qjg5TklteWVNZVd0N2U?oc=5&hl=en-US&gl=US&ceid=US%3Aen,University of the Arts employees file lawsuit over mass layoffs from sudden closure - 6abc Philadelphia,6abc Philadelphia,news_scan,,,,,,,,,,,,,2026-07-15,unreviewed,,,,FALSE,TRUE,out_of_tracker_scope
discovered-ecfd25b771f7e39d,215415,Pittsburgh Technical College,Pennsylvania,2024-06-11,2024,campus_closure,Point Park University announces teach-out plan details for Pittsburgh Technical College students - The Business Journals,Point Park University announces teach-out plan details for Pittsburgh Technical College students - The Business Journals [also: https://news.google.com/rss/articles/CBMiyAFBVV95cUxNcnc2aGZqblVVeEw1c2JFMGVSSXdZSUdMdUdUcGJaNnlQTWZiY3pvdnl2aG8wVVJVSWd2ODBiNktHNzN6ZlRCNmxlZFJ0cVRWaVpGSG9Rck5vRDBfWmNfMU9yTHlTSFZsTlVSOTBGODROYm9yVmMwQWliaVRBc3JFTWtLMWp0TENFSUxNYkt2ZC01YnJTM0hWbzNRNUlHRjF0Nzhnd1V0bVVjTndtQUt0SnRmamZEVG9uSk9kZEpzREhEa2RYaEdGUdIB3AFBVV95cUxPcERSYmJDZjhxeWtDcV9RZUJKbjFqTXNCd2o1TXM2Xzdid0ZRRGVXVEtZejY0b05PYkpIQzRTSVhGNS1qV3gwRi1vZG8ydVJmVDY2clI1NERwWm1QdUZ2bFdmcy1XemdsS1VZNHl6SDBBSmRYdEMxSlRGX0NuTDJxR2ozcEhmd1BGVHRtQVEtU2lJSTYwN1FaZ2l2OExzRTYxdDVrZnE2RFlEQW9OcEhfR3ltRVZrOTRkYzRldG4wcm43SXpCaWhUempBZ3ZuWFVNTnFnSXRtQkxRYWY1?oc=5&hl=en-US&gl=US&ceid=US%3Aen],Point Park University announces teach-out plan details for Pittsburgh Technical College students - The Business Journals,https://news.google.com/rss/articles/CBMikwFBVV95cUxOTE5IQlZvRGNYdzlVb1JJb3RwVEdNaTJqQzFNYnZWZnl5NzRpRmxGTWJWNVVXT29rdWozZWFsdWdGS2V6UmNUeURma2dIRWRjNlZTZDZmQTJoS3kwOXA5N3RYTlNZSmZBMElzNjJmbWlJY3NMNmp4YjRnQ1ZHS2J1X1ZqM0Y2a0g0Wk5ySEZhaG5HdXc?oc=5&hl=en-US&gl=US&ceid=US%3Aen,Point Park University announces teach-out plan details for Pittsburgh Technical College students - The Business Journals,The Business Journals,news_scan,,,,,,,,,,,,,2026-07-15,unreviewed,,,,FALSE,TRUE,out_of_tracker_scope
discovered-d415fa3e7227dc08,165662,Emerson College,Massachusetts,2024-06-19,2024,staff_layoff,"Emerson College says enrollment down significantly after ""negative"" reaction to student protests; layoffs planned - CBS News","Emerson College says enrollment down significantly after ""negative"" reaction to student protests; layoffs planned - CBS News","Emerson College says enrollment down significantly after ""negative"" reaction to student protests; layoffs planned - CBS News",https://news.google.com/rss/articles/CBMihwFBVV95cUxNZUhKVlRvdkVQY1VlZ25IUWF2TXpHVnc3Z3ZmUWZfd0QyX0E5VGx2OTZBSTJwUkowT0pyVjhWVnJtRm44c1hucTFGazhCMl92MEdZaXVXZWIwT0hSOEpfaWhsR0N1SkxKcnEwU3o0YktXdWZHUVUyUzdrX3VTeGhVWkVfLTJ3TVnSAYwBQVVfeXFMTmVZdnJWTXRXcXFCck9GLTZvQVgtY19MU096aGtiZVViMWtBX2JBMTVHdGdncXBnTXRQdmYwaFVTR1hzSEU2NDA3UTN2dFhpWjNpTnBtaFlkS05kYVVXX1dUcWRyYUVvSW9LMEliRXpFRTFuV214c3RmUnFRbjNadGhGVnQ0dVh1bEN1OEQ?oc=5&hl=en-US&gl=US&ceid=US%3Aen,"Emerson College says enrollment down significantly after ""negative"" reaction to student protests; layoffs planned - CBS News",CBS News,news_scan,,,,,,,,,,,,,2026-07-15,unreviewed,,,,FALSE,FALSE,
discovered-42045fd9c49782f6,206279,Union Institute & University,Ohio,2024-06-20,2024,campus_closure,Union Institute & University announces closure - WVXU,Union Institute & University announces closure - WVXU,Union Institute & University announces closure - WVXU,https://news.google.com/rss/articles/CBMigAFBVV95cUxNcE1zZk1ISXNudVhMeTZ4SFVzOFYwSE41TzNXcHhDUEJpejc1ZGJucHhzWm1KUUoxSV9sMkxGZ1UySTYzbExmcko4OEVFZjBaUGhwOUxfZU5EZUZHM2laSW1pQmxLaUdHN0F6TFFFTFNUeFRuYTFpbUxSeGIyRHVkRA?oc=5&hl=en-US&gl=US&ceid=US%3Aen,Union Institute & University announces closure - WVXU,WVXU,news_scan,,,,,,,,,,,,,2026-07-15,unreviewed,,,,FALSE,TRUE,out_of_tracker_scope
discovered-0f17909bae2511ec,201195,Baldwin Wallace University,Ohio,2024-02-02,2024,program_suspension,"Baldwin Wallace University announces layoffs, program cuts amid budget deficit - WKYC","Baldwin Wallace University announces layoffs, program cuts amid budget deficit - WKYC [also: https://news.google.com/rss/articles/CBMiqgFBVV95cUxNUXhYcmo5SWI4Q2l4RHcxWUs3dHFkdkQ4RVpzUDdFRHdBYk45eTk0b3NXOWQxYjdFcUI5YWZNV3J5djJIeEFuYTFud2VJYTZ2UFlKM0hfcDg1RHJpZll4OU1kbm1xVTAyMVhyZzNiUmd5VExobHFrczBIa3hJTnRsOTRGdXBiMUN2MTVjTU5YSjRJN0U4QU1xdWdhRnhOQ1ZROEcxeU54WTB5Zw?oc=5&hl=en-US&gl=US&ceid=US%3Aen]","Baldwin Wallace University announces layoffs, program cuts amid budget deficit - WKYC",https://news.google.com/rss/articles/CBMi5gFBVV95cUxOemt1NjBCbFNENEkyWTJxWnk2Nnh4bFhaZi1DVXp0c1dsMFQ3V2pKeF80TUhNb00xOWFIVG5iTkg2SWhZb0k1YXpENU5odGlEZk9LWFdnTFdiZVRRQ3pTVUd4OXIzeVpVbnBYdGs4eUZhWDJOazU5cEh3MWsyUXFtLUdIYW5yOWZLWVY4QXR5TXRDdC0wOWRCdi1zc0wxc1BWd2thOG1lUlVEMGdwNUladTExbkhrckxRSEZHOEhqSm04RklYYzJVMElIOVg5M1F0azh0S194MnBoRURmdnN6c0Vmb2pqQQ?oc=5&hl=en-US&gl=US&ceid=US%3Aen,"Baldwin Wallace University announces layoffs, program cuts amid budget deficit - WKYC",WKYC,news_scan,,,,,,,,,,,,,2026-07-15,unreviewed,,,,FALSE,FALSE,
discovered-ad5b56ea94f8401d,170976,University of Michigan,Michigan,2024-08-10,2024,staff_layoff,"After being laid off from the Detroit force, she's now University of Michigan's first woman police chief - Face2Face Africa","After being laid off from the Detroit force, she's now University of Michigan's first woman police chief - Face2Face Africa","After being laid off from the Detroit force, she's now University of Michigan's first woman police chief - Face2Face Africa",https://news.google.com/rss/articles/CBMi0wFBVV95cUxOLXktX0ZSazRLMTVYU0E4ekVwRG9SV2lyb0VfX0lVVkhWc0E1TW1DZWJYdlBPWnVLR0ZORTVVRVFlQk5JcHBEbk53cV9abDFXVVZPejlNR0R4aE5IN1BjdHV4MmdHWUpiWWFvOTFTbFctOHhYNEVRcFFlSG1YZ0p4LXVCc3Y4MGgyQUkyUjZKQTg4dHJPa0tNcjhqVVdSbG1acUhUbjNnSWVFN2VhY1lWSXM1RFdyWlFoS2lFaFhlamYzai1uUTgtMkhoc2RDTzN4RWhn?oc=5&hl=en-US&gl=US&ceid=US%3Aen,"After being laid off from the Detroit force, she's now University of Michigan's first woman police chief - Face2Face Africa",Face2Face Africa,news_scan,,,,,,,,,,,,,2026-07-15,unreviewed,,,,FALSE,FALSE,
discovered-3fc829fe6ddc88be,240453,University of Wisconsin,Wisconsin,2024-08-15,2024,staff_layoff,Over 30 tenured faculty face layoffs under University of Wisconsin-Milwaukee plan - Higher Ed Dive,Over 30 tenured faculty face layoffs under University of Wisconsin-Milwaukee plan - Higher Ed Dive,Over 30 tenured faculty face layoffs under University of Wisconsin-Milwaukee plan - Higher Ed Dive,https://news.google.com/rss/articles/CBMiwAFBVV95cUxPWDEwazAzRHhKcWpTY0JKNGQzNEZPY0VfXzNldmZJTlpOcFJfWVVQMkM4VXBRT1czYUx5R0pvSVNSUGpDWlkwNm1MY3BYR2pnQVNVUDA4MVBodWU1OG9sYnVmdVJSbkp0cXdZN0ZRQ3I1UWhjQWlCZDJYd0tzTHBTOEp5MkFTWVl3VmRuLW5qU1NOckl5OWhvWC1peVFHWEQwbWVIU0YwdlUwSXFNcko3bkpEaTB1UHNfb00xdnFNWDk?oc=5&hl=en-US&gl=US&ceid=US%3Aen,Over 30 tenured faculty face layoffs under University of Wisconsin-Milwaukee plan - Higher Ed Dive,Higher Ed Dive,news_scan,,,,,,,,,,,,,2026-07-15,unreviewed,,,,FALSE,FALSE,
discovered-81a1828638a1b933,165015,Brandeis University,Massachusetts,2024-09-17,2024,program_suspension,Brandeis University quietly eliminates the Office of Sustainability - thejustice.org,Brandeis University quietly eliminates the Office of Sustainability - thejustice.org,Brandeis University quietly eliminates the Office of Sustainability - thejustice.org,https://news.google.com/rss/articles/CBMiuwFBVV95cUxQWWQ3cG43VjNlSVptQVphSFY3djBWZ05JZVVGUjJtRzNNR2NlanRmQVB2LTVjSGU1emVIOUtVaFU4T3pIdTloTUVmN1pIV1NnYlFWY3A3Y1BRZzl4aFFvS2RqWjcyZW1tQmVlbzlMMnJMZjhCb3lXb2IyR21yTkVIUlhLb01Fcm9sS3pVZXVmbVlvaWQzeXVBQkd5ZTNJN3czSUlrSk9aenBpbEpOV2VGcXR4X2Yzd1h3NWl3?oc=5&hl=en-US&gl=US&ceid=US%3Aen,Brandeis University quietly eliminates the Office of Sustainability - thejustice.org,thejustice.org,news_scan,,,,,,,,,,,,,2026-07-15,unreviewed,,,,FALSE,FALSE,
discovered-997db5aa6e24c68f,110370,California College of the Arts,California,2024-09-27,2024,staff_layoff,California College of the Arts implements staff layoffs - CCA | California College of the Arts,California College of the Arts implements staff layoffs - CCA | California College of the Arts,California College of the Arts implements staff layoffs - CCA | California College of the Arts,https://news.google.com/rss/articles/CBMijgFBVV95cUxPU0poWHhHQVp5RVdEc3FGSGRDZDNoalpSOFcxSnlPQWJkcGdjSlNMM2ptMUZwWHJ1dWFMdll3Tkc0YUJsdEU0a2hnUWtIcFlwNUc2T1g5LUF3M1o4MUszUElPaldfUi02VGpBVUYxYy1SUDhmWWZDbWFYbS1nTE4wUDVhU1Y1NE5OR2g2V2FR?oc=5&hl=en-US&gl=US&ceid=US%3Aen,California College of the Arts implements staff layoffs - CCA | California College of the Arts,CCA | California College of the Arts,news_scan,,,,,,,,,,,,,2026-07-15,unreviewed,,,,FALSE,FALSE,
discovered-efeee76cafa2a050,201195,Baldwin Wallace University,Ohio,2024-10-02,2024,program_suspension,"Baldwin Wallace University announces layoffs, elimination of academic programs in restructuring - Cleveland 19 News","Baldwin Wallace University announces layoffs, elimination of academic programs in restructuring - Cleveland 19 News","Baldwin Wallace University announces layoffs, elimination of academic programs in restructuring - Cleveland 19 News",https://news.google.com/rss/articles/CBMixwFBVV95cUxONE1JOHdwMGNsbVBwQnhOUWpBT0tHMzJINXZLSEdfWHNURnMxT1Nmb1RiS3MtUFdkdEV2ZTJacTFkdHRJNnYwT3JsWFh0aF85N1V4T3lSSUR2UmxZOE9NeHZxV3IyZnY1V1ZhNWhhbkZMNmZWUExDclZmbEppZG1UMkNFdkpwOVNWNVRXelBXNzhZWlpPZllSQVR0dXlEZXczV3drcVZucFRJaF9Jd3AzN3R5d2lhQkZFNDdoTkw3WXFoZWhJb0Rr0gHbAUFVX3lxTFBjcU10TjJxLXg2em5HZmliTEt4bDVWOUZEdExKQ3c4T0Q2WFV1T3hkb2tIb3JYQy1nMTd3aUdBeHJTYzlVTElnRnN6RUtsekFqTmZNeHY1dzNlUjgxNkJDaTRoMVZPUUdNWFlLYjJjZ2d3dkJ1cVZPOThWdmdMemo3elk0c09PMkVDN3dGX3hDWFVJdnVkT2NuM2ZpTWlQc3dEV25jYXdPaEFNS3RvR2dZT3gyWDV5alVwOEllOHVsQzd1eVlRenViNWxQSVMyOVZjUG55NFZlV0NSTQ?oc=5&hl=en-US&gl=US&ceid=US%3Aen,"Baldwin Wallace University announces layoffs, elimination of academic programs in restructuring - Cleveland 19 News",Cleveland 19 News,news_scan,,,,,,,,,,,,,2026-07-15,unreviewed,,,,FALSE,FALSE,
discovered-79565b828d94ff0b,195234,The College of Saint Rose,New York,2024-10-10,2024,campus_closure,"Months after closure, College of Saint Rose files for bankruptcy - WRGB","Months after closure, College of Saint Rose files for bankruptcy - WRGB","Months after closure, College of Saint Rose files for bankruptcy - WRGB",https://news.google.com/rss/articles/CBMiwwFBVV95cUxOWndIb0ExaHhxa0VRYkpyNXBwcVhHWURuREVtMUlWS2RCb29WUnBPUTdjWWltVFdrb0RMcXlfRDJaX2hFeUgwTU5OaGh6eDYtemdzWjBfdVJGbHJUSG1hM1NDbFJFZE9wRDduYXBteUpjRjdQTURPQ3Eycm1BU1RQckZ3bmlsM092SURqRDBpQmEzQXlNWVdXdWN2MHZ3ZEdCTjRBOURKcVh0WmlNQTk1QmZqUjNuczAyWFNqNFFETEh6Tnc?oc=5&hl=en-US&gl=US&ceid=US%3Aen,"Months after closure, College of Saint Rose files for bankruptcy - WRGB",WRGB,news_scan,,,,,,,,,,,,,2026-07-15,unreviewed,,,,FALSE,FALSE,
discovered-c746921c955758e3,237011,Western Washington University,Washington,2024-10-16,2024,staff_layoff,"Portland State, Western Washington University Face Large-Scale Layoffs - Forbes","Portland State, Western Washington University Face Large-Scale Layoffs - Forbes","Portland State, Western Washington University Face Large-Scale Layoffs - Forbes",https://news.google.com/rss/articles/CBMixAFBVV95cUxQWUFGSG01a2tRNnFFT0F3SVlRUlNXM0RUbTZhTTRpYndGRFMyLWJ1djdTS1NuRWFLX1RjX2l1VFNCdk9qT2xXOHZiNVFlV1dldnV6Unc2eVotVHRZbkV0WFFBWGh0ZWJucTV2a0N1X2xMd3ZtT0xQQnNJbXNxWmhib2tZaExadGswRHg1RzFoNDJxeEYwQWl5cXdta1RJTTZBSlZ1U2VnZzJfUjN4aGRCNmVxUnhUTTl5VjM5WXhjNUJuek1p?oc=5&hl=en-US&gl=US&ceid=US%3Aen,"Portland State, Western Washington University Face Large-Scale Layoffs - Forbes",Forbes,news_scan,,,,,,,,,,,,,2026-07-15,unreviewed,,,,FALSE,FALSE,
discovered-e274dba21f4c2942,209807,Portland State University,Oregon,2024-10-17,2024,staff_layoff,Nearly 90 Portland State University faculty face potential layoffs - Higher Ed Dive,Nearly 90 Portland State University faculty face potential layoffs - Higher Ed Dive [also: https://news.google.com/rss/articles/CBMisgFBVV95cUxOalFWNHFRcktlSjNLbHNodWt2eUkzbURDT0FVeTZqYjcxSnlSYTdYQ0pYWkNtQWhoTzJrX0c1WW1SQTc3cEtNNGw2STBoU0VSdldJTThDU1ZDZWJ2Q2dab0dYRGVfczlyeUw1WUJ3YzlWZDBfZ29jWlpkTWpXd3M4M19tMGRQUm5KMGNzX2VzRVRoWk9JT0xBckNFbjFnT2o5ZVRYWWU1RkRlSDFjX2w4VFRn?oc=5&hl=en-US&gl=US&ceid=US%3Aen],Nearly 90 Portland State University faculty face potential layoffs - Higher Ed Dive,https://news.google.com/rss/articles/CBMinAFBVV95cUxPMnNNRE41MjNvYWEwOUpnam01SHdMSnp0YnZuTEtiUUhwN096TlJSNjMyeXdUZXBVRDZCYnBXVUwwX3VpWUhUdG1DVk05VEdncFQxdFlTWGJ4MU9iczB4Yjl5WEN4RUJ0dy1vV1g2UXI2ZUN4WlcxUklBV0FENVZDQ0VLZXRnaXNZbU9ESGtSbGJ5QmNvNUpkSTRVZUk?oc=5&hl=en-US&gl=US&ceid=US%3Aen,Nearly 90 Portland State University faculty face potential layoffs - Higher Ed Dive,Higher Ed Dive,news_scan,,,,,,,,,,,,,2026-07-15,unreviewed,,,,FALSE,FALSE,
discovered-33ae73f79ffacc99,170976,University of Michigan,Michigan,2024-12-03,2024,staff_layoff,Union raises alarm about looming layoffs and course cuts at University of Michigan-Dearborn - Higher Ed Dive,Union raises alarm about looming layoffs and course cuts at University of Michigan-Dearborn - Higher Ed Dive,Union raises alarm about looming layoffs and course cuts at University of Michigan-Dearborn - Higher Ed Dive,https://news.google.com/rss/articles/CBMiowFBVV95cUxNc003TERZTlhLY19tRWNyWTRDSXNtMzhNREpXRExJeU5LRUgzLV9EbEZuN2VpaDgzWm81ankxb0VpTGxNZjl2RzhhU0R6bHR6SHVZclFkWEVqSmRUUWI5MWRjQmVwVUdsdERqOWZMUjVEUnlhLXhPQ1pEN1F3OTdyQXVTYkhWa2xHdzVEX1BmOUxqZjQ3MU80bEE5dG5kaVY4T0Q0?oc=5&hl=en-US&gl=US&ceid=US%3Aen,Union raises alarm about looming layoffs and course cuts at University of Michigan-Dearborn - Higher Ed Dive,Higher Ed Dive,news_scan,,,,,,,,,,,,,2026-07-15,unreviewed,,,,FALSE,FALSE,
discovered-9741fa907a08eb07,144281,Columbia College Chicago,Illinois,2024-12-18,2024,program_suspension,"‘We want stability’: Columbia College Chicago students and faculty consider options amid program cuts, impending layoffs - Chicago Tribune","‘We want stability’: Columbia College Chicago students and faculty consider options amid program cuts, impending layoffs - Chicago Tribune","‘We want stability’: Columbia College Chicago students and faculty consider options amid program cuts, impending layoffs - Chicago Tribune",https://news.google.com/rss/articles/CBMieEFVX3lxTE9HbVpWdXpKWm0tSWlrRl9aR0xScERCTXBYT1pnbVpaWVVKZWgwM0drR1J6Q3hHTmVXNkNHdnExRVhjVDFfS0RkM0xYR1FwMUR1OG5va21lbVhNNjhYX3BBanRSMTNQNUJYWEFqV2dEMlJGalRkYXhxRw?oc=5&hl=en-US&gl=US&ceid=US%3Aen,"‘We want stability’: Columbia College Chicago students and faculty consider options amid program cuts, impending layoffs - Chicago Tribune",Chicago Tribune,news_scan,,,,,,,,,,,,,2026-07-15,unreviewed,,,,FALSE,FALSE,
discovered-f3971164e8fcbe1b,195173,St. Francis College,New York,2025-01-15,2025,staff_layoff,Latest Layoffs Deepen Worries About Future of St. Francis College - The City Reporter,Latest Layoffs Deepen Worries About Future of St. Francis College - The City Reporter,Latest Layoffs Deepen Worries About Future of St. Francis College - The City Reporter,https://news.google.com/rss/articles/CBMihgFBVV95cUxPS3luOENzQkk4bC1uYTBqTUFuSHFGTzlvcXFrZ1pOMF9YUVUyek1JSTJYbHZMQ3hLdmpIVmpnTTloMEFvS1VScEZsWmFmT2MxdVczVFIyeGRLdlhUVTVUQU1LU3E2aXk1ZFFGc2hUUng0R3ZBNjRRRkxmUVdjZjV1ZVl2S3BZQQ?oc=5&hl=en-US&gl=US&ceid=US%3Aen,Latest Layoffs Deepen Worries About Future of St. Francis College - The City Reporter,The City Reporter,news_scan,,,,,,,,,,,,,2026-07-15,unreviewed,,,,FALSE,FALSE,
discovered-2935b2a48c6a79b5,159939,University of New Orleans,Louisiana,2025-01-16,2025,hiring_freeze,"University of New Orleans to furlough 290 employees, prepare for layoffs amid budget crisis - Louisiana Illuminator","University of New Orleans to furlough 290 employees, prepare for layoffs amid budget crisis - Louisiana Illuminator [also: https://news.google.com/rss/articles/CBMilwFBVV95cUxORk9aak5zYjBLLUQ0a19QbG95U3pnYmh6UzhBRlNwXzRqSk9RaVRLclB0cXFET2hKeG9ubXBBYXNCMWlpZmFKRW5Rd3FMQl9PVFEwdm8xQlJGaXQ1b3pSYW9QLUZLMXg3bWFkM3BDeFhpQ2FlenVvVzA1cmlhaUtYaThvZ3ZoOWVJRVVNX2o3Q19fMXlBNUxn?oc=5&hl=en-US&gl=US&ceid=US%3Aen; https://news.google.com/rss/articles/CBMiwwFBVV95cUxPU3ZGa3R4UU8yLTVFSXRhcWstdUVEeXhsYnFBbTRFbklJMmRCYzFPMWsxYWstRE1oRkNnaVBtVjQ1bm1RRDVXZUZsWU1maEZGT2Z0eWNBZDREazVwRVNteWhtclNxNjZYdzQ4TUFEOWZhLXRxcXJZLUhHME9XanBseW00S3dXQS11MWtqMk5KVm5wckVtU2VZZy1Sb0dWOURfbnBPYnY0Vi1xREtwN3ZOSTRtdVBrc2dwZWNWcnRzd00wd1U?oc=5&hl=en-US&gl=US&ceid=US%3Aen; https://news.google.com/rss/articles/CBMilwFBVV95cUxNRE1DNnQyU0VlVEtQTHlVR2ZGSFl2YmxkWFo1MmF5OFRMUkt2STBOMG9sRHU2ODRNbld6ampFQUNzRVZSaG9GUXlEWVE1MDNnMkp1RFk5bDBHdUt1djVOdmN2WW1SVUFSX0d4Q3dMUEZnMEpiZzhMbjk0Yk1rSGNjMXRnNG9mdjF5NFNDMUpBc2NqNGhiN0ZN?oc=5&hl=en-US&gl=US&ceid=US%3Aen]","University of New Orleans to furlough 290 employees, prepare for layoffs amid budget crisis - Louisiana Illuminator",https://news.google.com/rss/articles/CBMixwFBVV95cUxNdE1EMzBXTG54M19JbmRMWXV5OTBSZ0F5MFpSUGR4cDhWcE95M0V5U0pwd2lLc3lfaXVibEVhelpYLU45RFROMENpUEg0Vms4bzhZZ2k5NjhaNUEzU0lFTWxLenlUWGs4SlZfaGlfRVF5N0FYendJZlNSdS1IWE9VQ1RYZS1ZSTZyaG9PeFZkNkxaVVVnamVGOElxb21qZWpjZ2NGWWxIakN2Tjd6LWg1d0dla1o3alU0Y1B2UU1PZ2U1ZVpHZEVR?oc=5&hl=en-US&gl=US&ceid=US%3Aen,"University of New Orleans to furlough 290 employees, prepare for layoffs amid budget crisis - Louisiana Illuminator",Louisiana Illuminator,news_scan,,,,,,,,,,,,,2026-07-15,unreviewed,,,,FALSE,FALSE,
discovered-2e0ca04df81574f1,167792,Bard College at Simon's Rock,Massachusetts,2025-01-30,2025,campus_closure,Bard College at Simon’s Rock offers scant severance following closure - MassLive,Bard College at Simon’s Rock offers scant severance following closure - MassLive,Bard College at Simon’s Rock offers scant severance following closure - MassLive,https://news.google.com/rss/articles/CBMiugFBVV95cUxQMzhQbWxtcEZZZ3BNLUJNdVBJSnNNamVsVFJhYVBLYWt4czI3THF1cS1LR3Joc1lxbjVMbEQwVm92YXU0V0tVVk05b1cwRHhOYXdyNzlIeHRYRTUtMUFNZDY3RmxKUllKRTVIYnNFNEJHRXBSb0wtLS0taTlkVHppZHU3ZDEtV3JtYzA3MG1uODRYbE1YSzByNUp3WFhfSHVVMmFTVWY2SkVkMDluMDc2LXppbklvakxWbWc?oc=5&hl=en-US&gl=US&ceid=US%3Aen,Bard College at Simon’s Rock offers scant severance following closure - MassLive,MassLive,news_scan,,,,,,,,,,,,,2026-07-15,unreviewed,,,,FALSE,TRUE,out_of_roster
discovered-f007076524f7a0b6,239512,Northland College,Wisconsin,2025-02-20,2025,campus_closure,"""No sustainable path forward"": Northland College closing after 133 years - WTMJ","""No sustainable path forward"": Northland College closing after 133 years - WTMJ [also: https://news.google.com/rss/articles/CBMi1wFBVV95cUxNcWtER0dKRTBGWmgtQmJ5WDdaUEdUUTA3TDdhaU9ZNHpMMU1tQ1d1SFh6MVNoZ0E5Y3Z1OFlpVWdVLVpoT0tjMVpWN29RWmpReTZnNVdFRTA0c1JPQUZvWndNNXhrYkU3S1kxLUE0SjhFTFpiOXhNTW9RczdnMGgtYlJEcjVqWEFEVGlFdHRZQ0dPUFhjWVc3SFE0ZkpLWTlDbE44bXNqWVlEalFBaWotYmdHcVAyWHp1eGlCY1BYUFp4V2o4ZEp1SUxJWGEzdmoxaWN4czVaOA?oc=5&hl=en-US&gl=US&ceid=US%3Aen]","""No sustainable path forward"": Northland College closing after 133 years - WTMJ",https://news.google.com/rss/articles/CBMipgFBVV95cUxQY3RuNUw1eUF0WXdadDA3ZDFxNnoyQ0ZlUDVOUGxfYWxadzYzdW9KNDFpSnZtYi1rcDJ0ZlJ3TlVEMkhWZjNLYkpwaDRGMFJURDFUYml6LUtWU240X0JjN0VMdEhhTjNGSlFIc2pReEk1RmZSck1ORmc4Rlpfa0FVSlFtV3RnYVU2eU1vMmxRb0VtbDB4Tmw0eG93cTNMTnczaDhoQXpn?oc=5&hl=en-US&gl=US&ceid=US%3Aen,"""No sustainable path forward"": Northland College closing after 133 years - WTMJ",WTMJ,news_scan,,,,,,,,,,,,,2026-07-15,unreviewed,,,,FALSE,FALSE,
discovered-887eb5158572a4b2,243744,Stanford University,California,2025-02-27,2025,hiring_freeze,Stanford University announces hiring freeze amid concerns about federal funding cuts - CBS News,Stanford University announces hiring freeze amid concerns about federal funding cuts - CBS News [also: https://news.google.com/rss/articles/CBMi2wFBVV95cUxNTkZ2aW9JeGctQ3hYM1pxVms3Q2wtZTg1ajFjTUJkTWNoYzB0a3h0bnk3TWVrZm15LS1PTXBlMkNUQXAyRjA3c2lVNnhtdDd4TVJlbUxIRVBKNmxwLXpuLWNCQW1aRzk0LXN4NjRxc015S2drdnl3WmtCZUFNdmxZNmRrSGNDN29uNzVEY1JOaUxJcG1sTXNXLXAxQkg0YUVqeWdlbDBtVUJhSUFNZmhTcU1wWmdKbExKNWJJN2FjSE1jNjdvaW9BZ3dUWUlTRWZvbWFzY202RGlXbEnSAeABQVVfeXFMTzAxeG1QUkFiUWMwTGo3bDh6dDczVHl4eDFmV2R1M2pzM094UVIxVWUwR3Q4ZFRFaVVqWlRSZFpqQ2o1UHo1ZzFUVm5QSC0taGlvQi1mdmVlRWU4NGZJa3IyU2ZQTFlyeEFLdUJTeTZoS0p0NkFZejJjbDZUdWF6X0xTN0kya1I3eXJyWEU5WjMxaHFaTjZZbm9lSFVTRWhkMEs4VEloVmg4dURhUXZabWdhMWFnVEFudS1UeDU3d0FfbEhCa29PMXIxemY2THpwNnl6aVJDUFJ1NkVYVEo3WVA?oc=5&hl=en-US&gl=US&ceid=US%3Aen],Stanford University announces hiring freeze amid concerns about federal funding cuts - CBS News,https://news.google.com/rss/articles/CBMixwFBVV95cUxQci0zWVRIUVlrby1Kem9RLWktR3QxVDFxZTg4YXp4Y2F0eG5Rc2JVdEh5S1NBQmpUOFo3OTZ6ZDdGZGk0Q2pYY1JieG1HWndBd2s0c3lfT0ZtNjhwWWhVZWV0LXh0SmxJM0V5TlVFSW9DbXNOUEpNNXE4QUREVVkwWHdYWm10d1QtVF9hYkF5aTRxTDAyWnJ4MVpYOFo0TlV2ZmRUMl90S3Vpc3BzdUhCaWxNZnhmMmZXeDh0WnhaaVh3UDdSZV9v0gHMAUFVX3lxTFBKam1GdTNzU1B1MUt4WnRfMTBBZUNuYU5ZbW5CUWhpUEVCQzJuTEthN21jd0Q3VnBqbFdra1FQZTZ5ZDRSM1gxeEV2Tm1idjY4UzNZNzNFNThmRFluVXBYdm03VG1GNGEzMkJEWEZMczRzT094al9MSVZpdG1WYi1Xa3VZLXNzZEJ6SzNrNzhLQWR0Y1h6SGFKcEVneWxzWWhlVEcwZHNQY2tDSlhILUJuRWdPcUozbWg1bGRFekxSNHNrc0Yyb0FNbWRNdw?oc=5&hl=en-US&gl=US&ceid=US%3Aen,Stanford University announces hiring freeze amid concerns about federal funding cuts - CBS News,CBS News,news_scan,,,,,,,,,,,,,2026-07-15,unreviewed,,,,FALSE,FALSE,
discovered-d86660936385fcce,159939,University of New Orleans,Louisiana,2025-03-03,2025,staff_layoff,"'Here to stay’: After budget deficit and layoffs, is the University of New Orleans ready for a comeback? - NOLA.com","'Here to stay’: After budget deficit and layoffs, is the University of New Orleans ready for a comeback? - NOLA.com","'Here to stay’: After budget deficit and layoffs, is the University of New Orleans ready for a comeback? - NOLA.com",https://news.google.com/rss/articles/CBMiigJBVV95cUxPVFB5TDhWR0RvZlBFSjlyY1JpZ2Y1ZnlnY0JpaFRhR1VicTBMa0ktRGpySl9JS2xmLWdYRllUZEpuXzFMaDYxOUFJeFcxaENyTFY1YlgxT3BLYTk3RkI0NDlMNDd3ZkRXaXZBdmpvT1cydU1DeUU1UG0xVTQ4WlpwRG5Pamp3R2JLVEwtbUlJa2cxUU9oU0tOLWF3aGlvYnhOZDB2UDZNQ3hDVFJQVHZzNklOS25NNmZlVERLOUtPcDdGNFFwRUo1U1RhMHFFLTJ5NENIak9FQlZWaEdQYzlScUFnYTRiSGJxcDNoYjN3R3czdmFBOVlKcFFNU2dfeXF3ZXRfZ0trZU5Qdw?oc=5&hl=en-US&gl=US&ceid=US%3Aen,"'Here to stay’: After budget deficit and layoffs, is the University of New Orleans ready for a comeback? - NOLA.com",NOLA.com,news_scan,,,,,,,,,,,,,2026-07-15,unreviewed,,,,FALSE,FALSE,
discovered-50b7836e732785f3,181464,University of Nebraska-Lincoln,Nebraska,2025-03-05,2025,hiring_freeze,"University of Nebraska-Lincoln to cut $5M from budget, extend hiring freeze - Higher Ed Dive","University of Nebraska-Lincoln to cut $5M from budget, extend hiring freeze - Higher Ed Dive","University of Nebraska-Lincoln to cut $5M from budget, extend hiring freeze - Higher Ed Dive",https://news.google.com/rss/articles/CBMitgFBVV95cUxNWXhaWG5ESGZLcm5yWFNPa2owZGhmZFNvUWpPTnNpMWlBX1J2V21tWm4yZndlWFJ5djVId19sRF9WZzljVTg5R3kyUmhzVXBNVUNPVmVIQm9ZeFVtYW54VHBsTjMxVDF1QkZJX3F3X1Q4UElDZ0pjVU45XzkyR290bG1lZ1FSU1ZKS2FNUjh0YmlwS0M4eUp4bUZ4SmNYTjlKV3NWVmpBbVdFVk1Gb2RyNjZZYkhGUQ?oc=5&hl=en-US&gl=US&ceid=US%3Aen,"University of Nebraska-Lincoln to cut $5M from budget, extend hiring freeze - Higher Ed Dive",Higher Ed Dive,news_scan,,,,,,,,,,,,,2026-07-15,unreviewed,,,,FALSE,FALSE,
discovered-f9a8c95a0c2596d8,139658,Emory University,Georgia,2025-03-05,2025,hiring_freeze,Emory University institutes hiring freeze amid federal funding concerns - Healthbeat,Emory University institutes hiring freeze amid federal funding concerns - Healthbeat [also: https://news.google.com/rss/articles/CBMi4AFBVV95cUxORWFXaW1FNzVfQ1JSVmMtWklSN0hNZERQellCb1FRTUxlSS1sR2RFd0FZeGRzY3k5MUs4OEN3TUY0OVFVa2t2U0ZlT3RPT2VsMzAyaVl5a0NSMXdmRl9Cb3ZwS0JnemM0WE5fMGZ5Q3dCVDVfTG1xa1pFVlhhN19pME9CMy0yeHJDallnaVhfenRzY2dDeVFYMl9JVW9WTEY1Z09nQjNsbEZQRlJBV0VXNmJ4cU9BRjRyQl9JVTVmOXF3Tk9UcUJOTUZOSWk2ZFhBNWRfYkVEWG9WcnZnZmhJRtIB9AFBVV95cUxQZ3B0MkVQM3E5THBPLV9yVFFrUGF1YXVfMXUyYTUxdkY2S0hUU0JrMzRQa2xUY2REbEF4QXVmbVV1MjNYdzJ5S3Nlc3lMWk00NC1CSDItSnpoWUdoX2ZQcWVHRGdZT0E1VUhBcjRJQWJaZFo5NHJuWEpsanRneXJfSXppTFdwUHZhekhTUExNVGxqTEVtbU43Y2d6dWZyMWNtMUtLeXVFQ0oxQ0hPWjNfRE11NTUybjBjZF9NTE9sWmZuaWVZX3dnWVpLQ1RRU0o2YlpaSkxyZDAtTXJkTjRVb0RuSDBBSmxwaHBLQkJNYmJfWE50?oc=5&hl=en-US&gl=US&ceid=US%3Aen; https://news.google.com/rss/articles/CBMipgFBVV95cUxOZHBGZnp1ZzVRX2FLZDloZTN5a3g1TVRmc1pQNm12OW9fblhCYmp3U3lmWS16Tks3M0I0LWtiODc0d2NxNWxCMU55WlRnaTRQVXllQkNZRm9SSUlocTN2cS1mWEU2a0VnYWxxUDZYVVZvN2dENXVoUFRYanVWVU8ySVBvbGFGYmZJOEtTX3VTYWFocmJ1b1VydUVWQWFCdEI4d2x2emFB0gGrAUFVX3lxTFB6SGluTU5UdXdib3ZGdEpzRmNpM1I1eGZRRFZGQ1l3TVJueEtRUG50U2JQNlZrVnZNU0NBUnpOeXk1Q2ZySHkxUU8xeE4wR0tCQnBUUFVtMWVTeU1uWHgxS3duaFFYX0IwR1lnVTUxbms2NER3bkJQZjlRR0ZoV2FvZWV1akJ1Sm55Z1A1WVg5dE9PVDdoN2VmS2ZoMnJtQWJvSW4ySWV1SWtMTQ?oc=5&hl=en-US&gl=US&ceid=US%3Aen; https://news.google.com/rss/articles/CBMi0AFBVV95cUxPWUJ1OE9jWU10dEtXb0E1WXVna0RTUTJLY0hZSTd0YzRxb2RxdV9WcW5odGxuZ1ozOUd2ZzlJV3RCbTVrVmJQUU9RQ0EyQkJoLUZhVFdJejVhY0RKdWVzdnBScWlrV3pYeTVMYzFyVEJiUWFnRFk5OXVHVmxscFRwZnNOdXhfZ0FMZC1Wem04T0lDRDA5SUxIOTRFUkM2ZTF6dXpwNnM0LXpsYW9ZMkx4SG1IczRiWTRkazlIdWdGc3A0ZEFhRDNzWVVPTmUzODFE?oc=5&hl=en-US&gl=US&ceid=US%3Aen],Emory University institutes hiring freeze amid federal funding concerns - Healthbeat,https://news.google.com/rss/articles/CBMioAFBVV95cUxPS3hTTWF3VDVlM0JlMENoNTR2UVgwQ2c2RFNhRFl3YmZpRGJJbk1fVXlFV0RXUTdIY3M5cC1MZ1h3V0Z5TlBtUUxwcXdkYWRqLXB3eTlSQW9TdHJ5cXFFR3F3Z1l3QXpVdFFCMUdsTnN2OFpzWG5DYUpCWTRzM2dRcjJYNzVGeUx5eklZaEJpOGpLRW9TenRhVllxcF9VVFc2?oc=5&hl=en-US&gl=US&ceid=US%3Aen,Emory University institutes hiring freeze amid federal funding concerns - Healthbeat,Healthbeat,news_scan,,,,,,,,,,,,,2026-07-15,unreviewed,,,,FALSE,FALSE,
discovered-e1333c02c64d0af2,239716,St. Norbert College,Wisconsin,2025-03-13,2025,program_suspension,"St. Norbert College laying off 27 faculty members, discontinuing 15 majors - NBC26","St. Norbert College laying off 27 faculty members, discontinuing 15 majors - NBC26 [also: https://news.google.com/rss/articles/CBMinwFBVV95cUxQdGZLbmlYeHZYOXlPZ1QwelBBVzlhS1BsTUZDUHlVSUlvb0VISnh4LU1LUUFLVkc0SlY2dnB2ODh5bjgxLU96SGpxQ1RwYVVqMldmSXZQZXNZVnpSMHJ4ZHBWaGwzU0RGM18zY0N1NVFXendQWFJNeFYwdXRoOHpqN2NOTWpmX2VpUEM0MTE5UjN5Nk96NE1ZenJVMVpHQjg?oc=5&hl=en-US&gl=US&ceid=US%3Aen]","St. Norbert College laying off 27 faculty members, discontinuing 15 majors - NBC26",https://news.google.com/rss/articles/CBMi1gFBVV95cUxNOVpiZTI3X3VWUzZ1Q3hOLVh1VzJwU0NMSGR0cGtaWmRNQ3lMSTR6YVRZOXNQMmN0LVU0R2puNUZ1RVkxUVM0SG5jM0JjUkNTSzlIMVVDcHd4d1JwRFllRlQ4dXZlbkVkT2l0TG5jS283Z1V5V1pDb1pNOW1hbEFEeG95VVNNVFJCd08teThOU2dRZHpINGJqRVowU0R3ZVpVTEtOeXhUdTdwenNLTlhoVFhtSlFDU29QWDBZa0h4Y1RSU0RHLXJRSE5XZXhJUHM4amRXRXpB?oc=5&hl=en-US&gl=US&ceid=US%3Aen,"St. Norbert College laying off 27 faculty members, discontinuing 15 majors - NBC26",NBC26,news_scan,,,,,,,,,,,,,2026-07-15,unreviewed,,,,FALSE,FALSE,
discovered-33e45b6809442957,203517,Kent State University,Ohio,2025-03-19,2025,program_suspension,"Kent State University cutting several majors, eliminating around 30 administrators - Akron Beacon Journal","Kent State University cutting several majors, eliminating around 30 administrators - Akron Beacon Journal","Kent State University cutting several majors, eliminating around 30 administrators - Akron Beacon Journal",https://news.google.com/rss/articles/CBMi1wFBVV95cUxNNEI3dEE5R0g2QlVUbXBhbWotbTVNOWdIUDdXZ2hNTmJ1X2g4NmZkYkZmOUZlVjZnUmd1Z2R6dWwwNG8yWlo0bGlEbTl4NXRPTjJ0M2hnUjdlT25KQklXUGhvRS1Od2hBVl9vN2t6MGtNU1IwdzhCY0dvNnhVS0lHdUJDZFBBYXFKR1VDZUdIZzRzNmtubkRnZkRVSEY4VmZIbVpGdVE1ZV9rWW1kdmlMTm5yQVNLcnhkU1h1b3lrMV9fQnhZSVRkRW5pUi1IR1kzc3k0THRqaw?oc=5&hl=en-US&gl=US&ceid=US%3Aen,"Kent State University cutting several majors, eliminating around 30 administrators - Akron Beacon Journal",Akron Beacon Journal,news_scan,,,,,,,,,,,,,2026-07-15,unreviewed,,,,FALSE,FALSE,
discovered-814438a35e01990c,196413,Syracuse University,New York,2025-03-21,2025,staff_layoff,"Syracuse University not planning mass layoffs amid federal spending cuts, Syverud says - Syracuse.com","Syracuse University not planning mass layoffs amid federal spending cuts, Syverud says - Syracuse.com","Syracuse University not planning mass layoffs amid federal spending cuts, Syverud says - Syracuse.com",https://news.google.com/rss/articles/CBMi3AFBVV95cUxNVnNfbkV6anNQTFByUDdueW1VMkY3QU1QeXBEVjFoZzNEUVVpemNDcW9MM1BCSW15RzFWSHZROU92U2xoYlRHYm5XN3NvMDh4S283ejBoYUM4UThGeFRObHZtSExRU2FPdUlSbHJzYU1YRk5nSDdHREZvdjVIMGJSZ0h6emFYZnViTnlYOURPQXpDYjZDSTlMaVFzVWxvMUZHbXlkdHpCUno2a0NqaUsxalhCc2VOU05kZzZpQ2I0b1RoU1JSTHpyckQ2RXJURkxsbzJJU21XRk92TGt2?oc=5&hl=en-US&gl=US&ceid=US%3Aen,"Syracuse University not planning mass layoffs amid federal spending cuts, Syverud says - Syracuse.com",Syracuse.com,news_scan,,,,,,,,,,,,,2026-07-15,unreviewed,,,,FALSE,FALSE,
discovered-926cebdceeb565cc,163286,University of Maryland,Maryland,2025-03-21,2025,hiring_freeze,University of Maryland begins partial hiring freeze amid budget turmoil - The Baltimore Banner,University of Maryland begins partial hiring freeze amid budget turmoil - The Baltimore Banner,University of Maryland begins partial hiring freeze amid budget turmoil - The Baltimore Banner,https://news.google.com/rss/articles/CBMiwgFBVV95cUxPMW1YcDVDd3BzdDFXajJEMXJ5Z1Z1bElRSHBfN19OWVhvWGVnaC1hMGNLcXQxYXdIZlRMMUhDYUlMUmMzUVVlbUpqaFlXN0k1czVZV2V4T3ZCWVRXSEcxa0sybVlNOFZ0UHNmSGxocTNaQkhHSkEzeTNzT2g5blMyT2NQZlFwN0tzcGtENE5XNkNWMFBOUDh1LVkxN0RxYmJGQXdndHJJV0hIRmQ1UE92N2d2bF9LUFcydEZna3RwQzQ3Zw?oc=5&hl=en-US&gl=US&ceid=US%3Aen,University of Maryland begins partial hiring freeze amid budget turmoil - The Baltimore Banner,The Baltimore Banner,news_scan,,,,,,,,,,,,,2026-07-15,unreviewed,,,,FALSE,FALSE,
discovered-9f20197056a0262b,200800,University of Akron,Ohio,2025-04-09,2025,staff_layoff,"University of Akron faculty, administrators pitch plan to trim budget without layoffs - Ideastream","University of Akron faculty, administrators pitch plan to trim budget without layoffs - Ideastream","University of Akron faculty, administrators pitch plan to trim budget without layoffs - Ideastream",https://news.google.com/rss/articles/CBMizAFBVV95cUxPU3lxQkxReDFyT0NOcDBJWEotSDRhaTF0bzZmMGxLcXpwNE5QRzJKM3I3UkRvajV2Q3lodG8xWk9vRUh3LTJkRkZtNGlJSkVEcWVKUDZUYnFDRDVidXdEdWpQVzEwQ0xrb2pRaGFTazRVaS00d2doandYclR5dW9KTXpoLUVtaXY5bkN0Uk9wLWJIMDh2Z05WN1lreEZadmpFanh2SHVCMWVSZ0ItMm1rbGxUTFc2YzRRWFc1SXZicTJzUVgtMjA5YjNac2E?oc=5&hl=en-US&gl=US&ceid=US%3Aen,"University of Akron faculty, administrators pitch plan to trim budget without layoffs - Ideastream",Ideastream,news_scan,,,,,,,,,,,,,2026-07-15,unreviewed,,,,FALSE,FALSE,
discovered-da5a847e6eebb62b,134945,Jacksonville University,Florida,2025-04-15,2025,program_suspension,"TELL US: How do you feel about Jacksonville University eliminating programs, resulting in layoffs of 40 staff members? - News4JAX","TELL US: How do you feel about Jacksonville University eliminating programs, resulting in layoffs of 40 staff members? - News4JAX","TELL US: How do you feel about Jacksonville University eliminating programs, resulting in layoffs of 40 staff members? - News4JAX",https://news.google.com/rss/articles/CBMi9gFBVV95cUxQSTFIc1poTTl5ZW5XYzhLWWlDa24tYkFZWUY2SFJ3dTJwWXprM3YxOWVpUVoxWmZnWjg3RWxJUmJrOXMyUmFrcUxBa1NTemNadzFHa2FUMXN4X0c3em5KUVdtN21yaU1GX2N1QU1nLW1oLWd4OGNWTDZuSUc2UUM0cUlsYTVaVnNvTkZSakZ6VGFTZldnTlF3T2lmb1NPdVhSa19FbzZUVS1BQ1BDTjdENGhZbDdBZHBObW9zQkVDRV8yMndxblMxZkZ5TTh0c1JFOEtPTkVfWjZyeERhNmFzYjV6V1lNckZZZ09sb1MzUE5JRXdSbkE?oc=5&hl=en-US&gl=US&ceid=US%3Aen,"TELL US: How do you feel about Jacksonville University eliminating programs, resulting in layoffs of 40 staff members? - News4JAX",News4JAX,news_scan,,,,,,,,,,,,,2026-07-15,unreviewed,,,,FALSE,FALSE,
discovered-6c58d41cd66bac3e,230737,Utah Valley University,Utah,2025-04-16,2025,staff_layoff,"Disruptions hit Utah Valley University as it dissolves Center for Intercultural Engagement, eliminates positions - heraldextra.com","Disruptions hit Utah Valley University as it dissolves Center for Intercultural Engagement, eliminates positions - heraldextra.com","Disruptions hit Utah Valley University as it dissolves Center for Intercultural Engagement, eliminates positions - heraldextra.com",https://news.google.com/rss/articles/CBMi9gFBVV95cUxOV3VXLXdYMmE4YUdldmFHYTRxanlxVEV1SHk2MzRqTVNkNUczR0ZVLWxUT21idUJxOFgtbmNxd0ZoZU5ib1lYZWs0RmE2NHVmaVRjaG1VdDRwVWZLd3M1OXIzbzNSR1NoUEZqLU9wMVkwWXRFalE4eVdWTWZ4MFlVWDc1bG1NTWg1OVFFTDJVRUpGNHVoY2ozdzVfQjVURXBxLXRTejRPX00zeWFLX0M0dTdlN0x2cXB6S1RvdDRaQzZEbUVZUGJCX0lvd19GeTRVN0doTzNUZloyNmY0a3VtWmgzcnVOSDhPczI5bHZkRW1hYWw2d2c?oc=5&hl=en-US&gl=US&ceid=US%3Aen,"Disruptions hit Utah Valley University as it dissolves Center for Intercultural Engagement, eliminates positions - heraldextra.com",heraldextra.com,news_scan,,,,,,,,,,,,,2026-07-15,unreviewed,,,,FALSE,TRUE,out_of_roster
discovered-b9e2fd944ad7bd77,199698,St. Andrews University,North Carolina,2025-04-28,2025,campus_closure,St. Andrews University in NC is Closing its Doors - MinistryWatch,St. Andrews University in NC is Closing its Doors - MinistryWatch [also: https://news.google.com/rss/articles/CBMikgFBVV95cUxOU1M3VEkxNTAxdGo0MnhScjNwbGxkNkRxUDlscm90dmdiOUNpVjhvdFBUbUFGSlRIZjRUbnAtRHA2UTdmQUZFMk5PV3ptN1AwVWktQVg3Nmw1NXVCcmRuMVhWLVdDQXpudm96STU2cXVQZWEtdXN4alBfMzV6eTNSMmh2VkpuR2pjOUVwb2hZYXlzUQ?oc=5&hl=en-US&gl=US&ceid=US%3Aen; https://news.google.com/rss/articles/CBMixgFBVV95cUxNVVNkZ2YybExQX3VIOFBkNS0xVXNZWU0wUUgwZHZSb2FBN2lnamdxNlhUMHdhVkhjLV9tTzdmMWxKZk5yZHdydERNMndycDd5TFBxRkdQUlpmZWZNZC1ueTRjY1RZTEphb1k2aVgtWmVwaVhoTVU5RkpxcU4tWHBWTWNDTnRkZEJMUEtMclB2Uk9hbWVlVDlib0dldHFiQ3NrRTdQWDZaR3BfSUN1QldhbTBtZktZbGFrMUY0S05QV1JWck15LVE?oc=5&hl=en-US&gl=US&ceid=US%3Aen],St. Andrews University in NC is Closing its Doors - MinistryWatch,https://news.google.com/rss/articles/CBMigAFBVV95cUxQcUNtQldpWVR2WnRtRDJ4bjRjWTU1OGFtTUNYb1NDU1d4bnFjNWdQbnRucmNMcTlGMk9HZG9uZndMeG9CUktNWHllOFFMaVVzNGxWV0FrSzlaNTZWR0lEa0VrVnUxMjNkNldUZ3I3RXlIcXZvUGttcG05dFkyNkI4dw?oc=5&hl=en-US&gl=US&ceid=US%3Aen,St. Andrews University in NC is Closing its Doors - MinistryWatch,MinistryWatch,news_scan,,,,,,,,,,,,,2026-07-15,unreviewed,,,,FALSE,FALSE,
discovered-81af53103dfde4a2,198419,Duke University,North Carolina,2025-05-01,2025,staff_layoff,Duke University offers buyouts and signals future layoffs as federal cuts hit - Higher Ed Dive,Duke University offers buyouts and signals future layoffs as federal cuts hit - Higher Ed Dive,Duke University offers buyouts and signals future layoffs as federal cuts hit - Higher Ed Dive,https://news.google.com/rss/articles/CBMirwFBVV95cUxQX0p4VGdsaEpUbWVGY1hmeW4zNnVwM19ZMVhnc1pZV3JtZDlhd1dUcUg4TXhMcExXME1KZHAwZHZvcjdKbkUycldaSzB0eVFjWXMxcExuSEptSkZ1SkNjeDBWc1NKQ1U1RzdYbVJJNk5STTdTa091Vno4Tjd2dkVxOVJxTWtELVJEQ0FmQlJubkhMcTVnTEJXTmk4YnQxY2Z5ZmFSaDNHN2g2eGNXM044?oc=5&hl=en-US&gl=US&ceid=US%3Aen,Duke University offers buyouts and signals future layoffs as federal cuts hit - Higher Ed Dive,Higher Ed Dive,news_scan,,,,,,,,,,,,,2026-07-15,unreviewed,,,,FALSE,FALSE,
discovered-56c38f0aad13a8e8,123572,Sonoma State University,California,2025-05-10,2025,program_suspension,"Sonoma State University says it will proceed with plan to address ‘budget crisis’ by eliminating athletics, cutting classes following court ruling - The Press Democrat","Sonoma State University says it will proceed with plan to address ‘budget crisis’ by eliminating athletics, cutting classes following court ruling - The Press Democrat","Sonoma State University says it will proceed with plan to address ‘budget crisis’ by eliminating athletics, cutting classes following court ruling - The Press Democrat",https://news.google.com/rss/articles/CBMingFBVV95cUxNZDNYVFVDYXdJTlRmd2xZWmRtMVNOa2hzeDd4TGU0QWtuTU8zSER4NWlvbDczSUhWZmNodUszNlhIN3BfakoweThhaDVsYTJzZ3VFYmt4THJJZlhaYVZHeDYwTW95NVdKdHZRaFYxQmZodFAzVlJKZWZSYlJHbUc0bURHZ3Ywam1FM1k3cWhIbjJXeTd3bmQ1cjIxWnM2UQ?oc=5&hl=en-US&gl=US&ceid=US%3Aen,"Sonoma State University says it will proceed with plan to address ‘budget crisis’ by eliminating athletics, cutting classes following court ruling - The Press Democrat",The Press Democrat,news_scan,,,,,,,,,,,,,2026-07-15,unreviewed,,,,FALSE,FALSE,
discovered-7181fa6ea0d6e361,165334,Clark University,Massachusetts,2025-06-03,2025,staff_layoff,Clark University announces plans to scale down operations; layoffs coming - Worcester Telegram,Clark University announces plans to scale down operations; layoffs coming - Worcester Telegram [also: https://news.google.com/rss/articles/CBMingFBVV95cUxQQkVWWXd5OUZRR3YzcEJydjJ0Y1JfYk9XR19jTWNTSGtydHYxdzJhaWkzUVdhVUFQYlIzUXk1c1E1UXIwRUFia2dvX2xySzZyamtTMWUyMEh3WGI2Z1N2QlplY3B0X1NHUldaMnl6c3RvdExkWnFWTWJDNUNFMmdHY2NveE9jZUp0SVdJTkVQM2c5dXAtdzR5X0tTUGk5QQ?oc=5&hl=en-US&gl=US&ceid=US%3Aen],Clark University announces plans to scale down operations; layoffs coming - Worcester Telegram,https://news.google.com/rss/articles/CBMiqAFBVV95cUxQYWJLV2xEY0VnclNTR21tcFpxcVVFU0o1MTJKVUcwSkpRbHhUZ2ttY2VnYm1xSVNDM0J4TFktQ1BEQ2RWdXh1T1RlYnM0eUlfeVpvOGU2OG00OGU3S1BPaHdzMUwteFN6ZHFyV0J6UXUwT2JPOUhfejdPZDlRSWx3TC1xS1I2VFhnb2lPY2I4ckw5UERFQ3NXSzJWaVpvakF4V0VmM2tYTEU?oc=5&hl=en-US&gl=US&ceid=US%3Aen,Clark University announces plans to scale down operations; layoffs coming - Worcester Telegram,Worcester Telegram,news_scan,,,,,,,,,,,,,2026-07-15,unreviewed,,,,FALSE,FALSE,
discovered-fa347f49dfc76e0e,218238,Limestone University,South Carolina,2025-06-09,2025,staff_layoff,Former Limestone University employee files class action suit over layoffs - South Carolina Public Radio,Former Limestone University employee files class action suit over layoffs - South Carolina Public Radio,Former Limestone University employee files class action suit over layoffs - South Carolina Public Radio,https://news.google.com/rss/articles/CBMizgFBVV95cUxOV3RFWjVOYTFQNzI1NGtXUDhxTWlRdHZJRjdfMHBfeURTMDcyRjdYSXdha2VZVGZUUGtHRXI5UUNRY2RhZ1lsRExWM3JObThRU2loS183dkVUR1FfUWhWdVl3Rm5FSHZ4azFIVjhJZng2RDdUcnFCOWp2Y2lLdElqdzdBWkVoMkRyemc5a1d6RTVnQ3BFeVEzZi1nRDJhTFpkTkFLZ2xYNUhEUW1YVHZYOG0wTk9ub0NrRXFUQ3FYNUZRSnk3bDNDY19rTEdxZw?oc=5&hl=en-US&gl=US&ceid=US%3Aen,Former Limestone University employee files class action suit over layoffs - South Carolina Public Radio,South Carolina Public Radio,news_scan,,,,,,,,,,,,,2026-07-15,unreviewed,,,,FALSE,FALSE,
discovered-6d1aa10c21b1cdb8,147767,Northwestern University,Illinois,2025-06-10,2025,hiring_freeze,"Northwestern University announces hiring freeze, other cutbacks amid federal funding freeze - CBS News","Northwestern University announces hiring freeze, other cutbacks amid federal funding freeze - CBS News","Northwestern University announces hiring freeze, other cutbacks amid federal funding freeze - CBS News",https://news.google.com/rss/articles/CBMijAFBVV95cUxQSkZhaGJOLTRxZTFXSk1kR2VvZzZROGRfRFN4OUlTRFdKVWdQZVhiUHBBV19LdmN4Tk40OFRaNjVDN3FkRXNOUC1NaE80bmNrMEp6X0UwV2lueFVhUVdJX1cxaElHUmVoSVYzR3A0QVQwT2EyaS1NRzNPMVBhRUxhM2tiTkRDMFhoOWREYdIBkgFBVV95cUxOZENSZ1IwVV9mak8zXzRXY2hsaDhSbWhiM0dvdkUydHBSY25KemdaWVdNTW94ZmxnbTVudzQxTHBNNFhPRXZHNS1rdFQ5cUhkb2JJT2ZCUTczT3QySmNSbjVaeG80M2wzalA4alJxTldPYWJLT2tSZFlsWmQ5VUlZOWl3Q0EzTGFYVXlpZk5mUDI2QQ?oc=5&hl=en-US&gl=US&ceid=US%3Aen,"Northwestern University announces hiring freeze, other cutbacks amid federal funding freeze - CBS News",CBS News,news_scan,,,,,,,,,,,,,2026-07-15,unreviewed,,,,FALSE,FALSE,
discovered-243c1e89b0e34f5b,216339,Temple University,Pennsylvania,2025-06-19,2025,staff_layoff,Temple University faces $60M budget shortfall; layoffs could come after July 1 - 6abc Philadelphia,Temple University faces $60M budget shortfall; layoffs could come after July 1 - 6abc Philadelphia [also: https://news.google.com/rss/articles/CBMingFBVV95cUxOdjdHSDBVaVpxNUdLVElOdUJVZWpzcnZYRnh6ZkkwRmNYMlluRzNMOGhTeV9qX2VVWWNhNUlYWkk2VXlhaXNGT2pIWGY5cC1xMlJtZFd3WEpPMl9nMGRjby1qSzJoZnZmTEVlZWRMbzI3eTVfcDNRbXdxdTZtR2dtSFhOeHF1cTlNc1ZXZjFLUmNXNGQwc2JxWGowcXlDQdIBpgFBVV95cUxNSE1CUTJhYnFqYUlMMWI3WEN5ZGNybWEwakx1M1gxSV9JVC1vOWIyb0ZtT0VDNnVCb2FCRERuUW1WempKSXMtbEZFY1BiaGM0VWhLY1k3VWZQbUVXb1BHNU0tTmFiVjg1bkhBeURKRXRhM2FQMWVXeWdzcHp4Y2U4MXpmOTZQSUhNM0ZBRE93T2JRMm0yMnhOeXl3SEtNd19pYktIbGh3?oc=5&hl=en-US&gl=US&ceid=US%3Aen],Temple University faces $60M budget shortfall; layoffs could come after July 1 - 6abc Philadelphia,https://news.google.com/rss/articles/CBMipAFBVV95cUxOZl9WSzg0bUFrX2w5WDNjaDdrTjlTYjRBQmhFOXhxMTk3ZnlsUm9oZDU0MUJpUE0tdmRFZTBFR2oxeHcyRXFTYWZleGctVTlXVjhjY0JleWhFeHREVHdQakNUbXM2THFnSV96MW5FNDRXUW1XYWUwLWNyTkstWmtjX01CT2pEdlZQV2J2NVZRYXhMcVFUUk1BbTNCWkljUzdDWVNOVdIBqgFBVV95cUxNQTRaTzg5YkNKTm1SR0M1Qjh3bldOOUxtQW04enRZcDF5TGpLazRZNnBNbDNWNnZ3eTNxeUY2Sk51eVlhQm1DZXZabl9zNWNjMFFXdTFvcHVZQ3BSSmlJVl91OU1jYm1rM194V2E2eHdwS1Y3ckF5QTIzQzhEUGN0YUJSZngxQ3pPbDNpaDlweDJwU21VR19hN1YtRlVwNUtqZUlpV2RVbW80dw?oc=5&hl=en-US&gl=US&ceid=US%3Aen,Temple University faces $60M budget shortfall; layoffs could come after July 1 - 6abc Philadelphia,6abc Philadelphia,news_scan,,,,,,,,,,,,,2026-07-15,unreviewed,,,,FALSE,FALSE,
discovered-f4286d3b86f46b16,163286,University of Maryland,Maryland,2025-06-26,2025,staff_layoff,NIH grant cuts prompt layoffs at University of Maryland School of Pharmacy's PATIENTS Program - WBAL-TV,NIH grant cuts prompt layoffs at University of Maryland School of Pharmacy's PATIENTS Program - WBAL-TV,NIH grant cuts prompt layoffs at University of Maryland School of Pharmacy's PATIENTS Program - WBAL-TV,https://news.google.com/rss/articles/CBMioAFBVV95cUxNWkpsOGtoMjJGaDdva3QyRFZpQmdDaUpVTlRYZkpLLTJJMUVlZlJFVk5ITnUwZUFvcFpXUUduRi1MaFZTTkxHSzZXX3hTWXdYa1B0ZnRFam9qMjgxOGhQLTQ1SExmVkwtTklYeHFzOE1fSjhpY1FUODBXeDFWUk11bU94THJRQnlCVkE3amtreVhlRzh6Y0xnN0RVVnpKY2Fl?oc=5&hl=en-US&gl=US&ceid=US%3Aen,NIH grant cuts prompt layoffs at University of Maryland School of Pharmacy's PATIENTS Program - WBAL-TV,WBAL-TV,news_scan,,,,,,,,,,,,,2026-07-15,unreviewed,,,,FALSE,FALSE,
discovered-2c57adc870da85df,243744,Stanford University,California,2025-06-27,2025,staff_layoff,Stanford University expects layoffs in coming year - Higher Ed Dive,Stanford University expects layoffs in coming year - Higher Ed Dive [also: https://news.google.com/rss/articles/CBMihAFBVV95cUxPMWowcThkVkZDbzBIRkExYjlZa3pzTGdmcExBVmNrckN2ZXBjei1oMVB5MTV4WFNUeDc1V0VZa3JkWjNiUWItb1k1b3d4dlRBTVNXR21qRzVyeXRCWUx3RGtLZXAtT1dvSHNCYUo4Tnh3TU5zM0ZianJJbi14SXA0LWVDbzXSAYwBQVVfeXFMTWY5bU5MclMyX1psQ1FhaVlwTHdXSjIzT09XcFdkZmxMeVhzaUxWTzZfb2RWc01jZW5QcXMzNkVidUVzN3g5MGZobjNhUldpVEhrbU9KTXZMdzY1SnFwYjNEeVV0Z1I3M3FMZnVvLXVxSGtncVhBakJBYmtpUE1uT0I3b2l6c0N0YUg1SmM?oc=5&hl=en-US&gl=US&ceid=US%3Aen],Stanford University expects layoffs in coming year - Higher Ed Dive,https://news.google.com/rss/articles/CBMiqgFBVV95cUxNNTBPRmFaMG9PejVQRlR2MHdvSEstQmpMaUVDRmZqQWJWR3Q2OTF6SVA1UkxyUEtTcUhRUHRHWTJya25HZE82dzdPWVFEVDlwaFMxdFhTWG5YeXN0WjZLQWs2QkRfd3dDek1QSTdaM011REx5LTU2QmhDa2tDZDdzcnNIMWpyRGtZUlRQY0lLdUpjS3pYVF9pZmE2NmJpa0VIV3NPdExObWlQZw?oc=5&hl=en-US&gl=US&ceid=US%3Aen,Stanford University expects layoffs in coming year - Higher Ed Dive,Higher Ed Dive,news_scan,,,,,,,,,,,,,2026-07-15,unreviewed,,,,FALSE,FALSE,
discovered-71a8d070e1e1fea4,172264,Siena Heights University,Michigan,2025-06-30,2025,campus_closure,Siena Heights University Closing: Michigan President Responds - Newsweek,Siena Heights University Closing: Michigan President Responds - Newsweek,Siena Heights University Closing: Michigan President Responds - Newsweek,https://news.google.com/rss/articles/CBMiogFBVV95cUxPbUlpc1FQajhPOEhkb3M0WV9ERE9JMURIcE02UVlORHpUTnZJd1Z2eDJENld3Sm9yZXJLR09SdkxVTmNXYnpFQ3EzU0t1Ukt6cFRjc2pQT3dhdkxwMkYwUFpzZndUWnB1NE04ODlnSlVqeTR1ZjVZU2htR2lpRF9LRlBHSWVYeWFkUUloemRKSnpXQjN5SmFJdTFBTmRLT2xySHc?oc=5&hl=en-US&gl=US&ceid=US%3Aen,Siena Heights University Closing: Michigan President Responds - Newsweek,Newsweek,news_scan,,,,,,,,,,,,,2026-07-15,unreviewed,,,,FALSE,FALSE,
discovered-8c64bb76ba770087,171100,Michigan State University,Michigan,2025-07-01,2025,staff_layoff,WKAR announces layoffs in wake of cuts to Michigan State University - Lansing State Journal,WKAR announces layoffs in wake of cuts to Michigan State University - Lansing State Journal,WKAR announces layoffs in wake of cuts to Michigan State University - Lansing State Journal,https://news.google.com/rss/articles/CBMiogFBVV95cUxQTWJxaGpseGVsYzR2RkdibDhJT2hBQ1JaeENsZl8zNlg3RDFUMzRpbHhiejBfeHZ5WDZNN1lyeW02c0JzbW1BM2FUWXNhMGEwNFQ3NFNRbFlqV0t4M3YxcmdKTGpzRUZFbHk5Z2hKODZvQkRkbGFmVGVXSnNPWi15dVBieklyZW5mSXhkakE5OEwtMG1ybXBzYkdrSjdldl9jMXc?oc=5&hl=en-US&gl=US&ceid=US%3Aen,WKAR announces layoffs in wake of cuts to Michigan State University - Lansing State Journal,Lansing State Journal,news_scan,,,,,,,,,,,,,2026-07-15,unreviewed,,,,FALSE,FALSE,
discovered-7ea1ea44d721c15f,131159,American University,District of Columbia,2025-07-04,2025,staff_layoff,American University says it laid off some employees after student news report - WUSA9,American University says it laid off some employees after student news report - WUSA9,American University says it laid off some employees after student news report - WUSA9,https://news.google.com/rss/articles/CBMi0AFBVV95cUxNMVYwYUMycDRIeVNqVUd1Z3R4TWVaOHQwczhoSDFFRkE0bmJvS3QyRVNOMDVnakdFc0lyUVJZb1JFS09HT01PX1NSUWllZlBKbFRZSUJleFN1QlAtMXVIVmpKYm5RWWpwQ29xcERveERuT2tRYjF2Wl9UTzVaU1g5bEhOaTlhVmtMVmxZMk14UXJjQlpmR2o2X2hjMHJvRE5vRU1rdE9QU0tTTDlhXzIyZ0FWSHlYT2VqUVZxR25ybXhaaU1hYVdiQkxBdmh3VGhK?oc=5&hl=en-US&gl=US&ceid=US%3Aen,American University says it laid off some employees after student news report - WUSA9,WUSA9,news_scan,,,,,,,,,,,,,2026-07-15,unreviewed,,,,FALSE,FALSE,
discovered-d6da1b4074591d84,131469,George Washington University,District of Columbia,2025-07-08,2025,hiring_freeze,George Washington University implements hiring freeze & budget cuts as Trump advances war on higher ed - Advocate.com,George Washington University implements hiring freeze & budget cuts as Trump advances war on higher ed - Advocate.com,George Washington University implements hiring freeze & budget cuts as Trump advances war on higher ed - Advocate.com,https://news.google.com/rss/articles/CBMigwFBVV95cUxNNWpDTnN5dzM1ZUNJb2l1cVdKd0xRSndiQVQ0Z0pJYVM4bHVRSTBjUFZlY3lxQjNkQ2ZHM1N1TERFM05TbzZ6UmNVSklEaVRPQmJFWTVJYjU4Vk9OSERtdFgydm8zYlJBQ1RJbnNydnBZR3owcnFNQkdoX0h4Vk5LMk1PVQ?oc=5&hl=en-US&gl=US&ceid=US%3Aen,George Washington University implements hiring freeze & budget cuts as Trump advances war on higher ed - Advocate.com,Advocate.com,news_scan,,,,,,,,,,,,,2026-07-15,unreviewed,,,,FALSE,FALSE,
discovered-06d1d77a309877e9,131469,George Washington University,District of Columbia,2025-07-09,2025,staff_layoff,"George Washington University executing budget cuts, signaling layoffs amid funding challenges - The Business Journals","George Washington University executing budget cuts, signaling layoffs amid funding challenges - The Business Journals [also: https://news.google.com/rss/articles/CBMi0AFBVV95cUxOeFJNRXdabEV6cUlTYmFHTUtlLWlDdDczcFA4QWpQUXhnOWM1RU9UTDk2aU9EcXBiSWlZcVFfMXgzYkhuSTIyNGJZTmVQRVE1S0I0UENNV1hKMTZlZnZTZ2thVEFrcG4yZnFaTUluLTNXTzZpME5vTTFaWTFKSGJxNmNpY09VWVBNQVdhNHZWSU1weEJTSnlqQVFseEFIT0FLZW83alFTSVc4Nk5qRWZ3Y2dxYzJNbUV5RTU5S09mOTBDVHZnckZJOUxlVTNBZE5h?oc=5&hl=en-US&gl=US&ceid=US%3Aen]","George Washington University executing budget cuts, signaling layoffs amid funding challenges - The Business Journals",https://news.google.com/rss/articles/CBMirgFBVV95cUxNQmVjdmZTWDhGUE9Dbi0wWTBUV2dneXRyVVBaZG9uN19IME9KeXBHcFdUTS1MX1FMWWgyM2tPR0N2YXpmWmJONDQ3Ml8xRG8wY01DS1c5dWNxWFVtRDUxbXo4el9lUXMxRmY1cTRwTFJ2ZnlVUl9oNmE4SWtUNGxVYzJfbzBDRzNOSGdQaTVOOXZYekJINHRmRFVJTkROalBqVjhVREkyZzdHQWc3Snc?oc=5&hl=en-US&gl=US&ceid=US%3Aen,"George Washington University executing budget cuts, signaling layoffs amid funding challenges - The Business Journals",The Business Journals,news_scan,,,,,,,,,,,,,2026-07-15,unreviewed,,,,FALSE,FALSE,
discovered-f582dab2bd4b68a4,174066,University of Minnesota-Twin Cities,Minnesota,2025-07-10,2025,program_suspension,University of Minnesota eliminates nutrition outreach program amid federal SNAP cuts - 5 EYEWITNESS NEWS,University of Minnesota eliminates nutrition outreach program amid federal SNAP cuts - 5 EYEWITNESS NEWS,University of Minnesota eliminates nutrition outreach program amid federal SNAP cuts - 5 EYEWITNESS NEWS,https://news.google.com/rss/articles/CBMiwAFBVV95cUxQVmt4bUJTeVRFdm12S0o1QnlYQUJPWW13cjJjSGNaNGdWcjltTjNpZEtXRVVlbk5DNGJrRWpwNW11c3FEaVNIY01jdV9hdkk4a1N3Tjh6dk5CRk13RDhBdUxVZEpvS28zdGMxcU5pZUJmd2dhN3k5YUNoOEFla1N2cG5MOWtkV00ya3RIOExKWVRkQjZ1N3dNNG40OVhibVFVOW5uWFNPUkoyYWdCcDNjQkl4OUJ6dUFRTXhaWXFiZDc?oc=5&hl=en-US&gl=US&ceid=US%3Aen,University of Minnesota eliminates nutrition outreach program amid federal SNAP cuts - 5 EYEWITNESS NEWS,5 EYEWITNESS NEWS,news_scan,,,,,,,,,,,,,2026-07-15,unreviewed,,,,FALSE,FALSE,
discovered-8de18d83818391af,123961,University of Southern California,California,2025-07-16,2025,staff_layoff,University of Southern California signals layoffs amid $200M budget gap - Higher Ed Dive,University of Southern California signals layoffs amid $200M budget gap - Higher Ed Dive,University of Southern California signals layoffs amid $200M budget gap - Higher Ed Dive,https://news.google.com/rss/articles/CBMiqAFBVV95cUxQb3lUWlpuNmRpWnN1RTJaeEpTVmVKc2pQNjVaOFZWdnF1Ti16U3VaOWtNZGlvVmlJemtzY1RJVEdrZVhieHN6RnBnaEJZbEsyd2tIRWtwLWw3dDRETUpHSGVzZlVuanZIVGNvb3BCbHpQLU1rT21MbzVZT0N2RmxyVFlfUjNaQVhMVEdzeG8tb0tpUTJmenNpRFJUckdFRXRUWGlrQl9ZT3c?oc=5&hl=en-US&gl=US&ceid=US%3Aen,University of Southern California signals layoffs amid $200M budget gap - Higher Ed Dive,Higher Ed Dive,news_scan,,,,,,,,,,,,,2026-07-15,unreviewed,,,,FALSE,FALSE,
discovered-f3602ffd4b01ecb2,157793,Sullivan University,Kentucky,2025-07-22,2025,staff_layoff,"Sullivan University announces more layoffs, other changes at Louisville school - The Courier-Journal","Sullivan University announces more layoffs, other changes at Louisville school - The Courier-Journal","Sullivan University announces more layoffs, other changes at Louisville school - The Courier-Journal",https://news.google.com/rss/articles/CBMi5gFBVV95cUxNcnJUcmlQbnQ3dGxGTjZjNTl6RzYybkhvanpQbXVfOUU0VVJGSTk4ZDlqalc5c2lERS0xUmpHU0xlNktrYVYtVkMtalpxSDBQRzBERnpScVQ1d2hUZmFmcDVZOXh2VVhDNmFIQjZ4c0tpUWhyUXB2VHN0MmxaU2lhWHltVmIxVzVBMmNxOHFqS01SWVB1N0R6UXRuOEp2UHluQU1qRFVvU2pnTjRlR1hrNW1FY1ZIcGtmdjhBX0dHUS0yS0pqejZucDdyWWpBLU40R18taFZyaUdZQ0ZieXV2V2VaYnNVQQ?oc=5&hl=en-US&gl=US&ceid=US%3Aen,"Sullivan University announces more layoffs, other changes at Louisville school - The Courier-Journal",The Courier-Journal,news_scan,,,,,,,,,,,,,2026-07-15,unreviewed,,,,FALSE,TRUE,out_of_roster
discovered-2ccac980dfa5795d,408844,University of Florida,Florida,2025-08-04,2025,staff_layoff,"University of Florida shuts down sustainability office, employees laid off - WCJB","University of Florida shuts down sustainability office, employees laid off - WCJB","University of Florida shuts down sustainability office, employees laid off - WCJB",https://news.google.com/rss/articles/CBMipgFBVV95cUxNOFkzOXNyZ1NzQ1lYTjVaVjI5RHVnLVlZRWJPQkNObmRWYkxBTFVOWXB1bnp5WVVZOV9DV21ycTIzNjUzcXFaVmdxaUhSbzdUUmlGVTNUZUozMVFyUnBvWkZfNnp3TU9iOUc5cGNvdUREUTM0UEVvaUsxVlFHRUJqQ0dJSkdIQmZJZGtETkxfVGNPVmJ2eXp4UFN5RDdmZ3pXeVNXX0VB0gG6AUFVX3lxTE40OVZDSlZiZTlHZTJRWTdLT1ZEa0RhcjV5Q0c3UElsbWx0b2lIXzR5TEhKeEU0MUVLTjZJS19LMTM4RXZObmRJVFhCYnJqMC1tWUhlODRJR0RhRm5qZkUzaWt1M2NNdWtQUTNWeE9uYVJQZXVCa3VwdVN4b0F3Y28yelhnQ3BtTnJEWU9sRS16QTJSOWVWd2RJR1ZsLU5LUmhTX2ljZUdZaHNHeVR3aFlBd2IyY0xWVDNnUQ?oc=5&hl=en-US&gl=US&ceid=US%3Aen,"University of Florida shuts down sustainability office, employees laid off - WCJB",WCJB,news_scan,,,,,,,,,,,,,2026-07-15,unreviewed,,,,FALSE,FALSE,
discovered-7aceeb26db20c487,177418,Fontbonne University,Missouri,2025-08-14,2025,campus_closure,"Fontbonne University's president talks transition, school's legacy in exclusive interview before closure - KSDK","Fontbonne University's president talks transition, school's legacy in exclusive interview before closure - KSDK","Fontbonne University's president talks transition, school's legacy in exclusive interview before closure - KSDK",https://news.google.com/rss/articles/CBMihwJBVV95cUxQMXNqTFpvU2kzWmxFSjcyb0xCVnRqQWgyVTI1T2pWRGluSm9tc1NxeG5CaHNiZVQ1T2xSUmlDZVBmdFUzZHI4czJTc0RDOVF4QnA3RGN0NEJKVzc5c0tNeEE4RkdfdlBDcVo0bUVfUkZXNHlBMVVFUnJxU3RER2E4MjRqTFp4VUVzaTRwZFhRT0xhSlNmZ2M5dml5c1hCQlJrRlltazc2cndXRUJadEhIQmJCWGdNN2tMeERZb1BWU1NOVWxWQ3o2TDhyVHJGNWg1c1BPdTlsVkRxNlBVc3I0bEZ1MnhSa1E1X2dVQUZsaDVpMGhYTEpXZ2tjYVFfSVRNRDh1SVpPNA?oc=5&hl=en-US&gl=US&ceid=US%3Aen,"Fontbonne University's president talks transition, school's legacy in exclusive interview before closure - KSDK",KSDK,news_scan,,,,,,,,,,,,,2026-07-15,unreviewed,,,,FALSE,FALSE,
discovered-e7a4db6072192917,168005,Suffolk University,Massachusetts,2025-08-14,2025,staff_layoff,Suffolk University laid off 35 people earlier this summer - Boston.com,Suffolk University laid off 35 people earlier this summer - Boston.com,Suffolk University laid off 35 people earlier this summer - Boston.com,https://news.google.com/rss/articles/CBMipAFBVV95cUxOQU9SYmhfOGktYjFlUkZLakN3ekptSHljaC1RRUVlTlJiSlkwWkx4VTlfZnVXM3JMYWxWRF9RT0tSRDFnOFFuVWFkX2FwUWp5VUsxZHZDZlVEOE10Z1FSVUVNY1pxZHdsU1BabWF6M3V0YXFfVGFKQllfVmNjRFREZUNsN3VCdWVDSkIyUGdkOElpSDRSTHRDcXNwQ3BCNlA4eVdjVw?oc=5&hl=en-US&gl=US&ceid=US%3Aen,Suffolk University laid off 35 people earlier this summer - Boston.com,Boston.com,news_scan,,,,,,,,,,,,,2026-07-15,unreviewed,,,,FALSE,FALSE,
discovered-607453c188ba1e01,209551,University of Oregon,Oregon,2025-08-22,2025,staff_layoff,University of Oregon faculty speak out against looming layoffs next month - Oregon Public Broadcasting - OPB,University of Oregon faculty speak out against looming layoffs next month - Oregon Public Broadcasting - OPB [also: https://news.google.com/rss/articles/CBMi1AFBVV95cUxQRkwtSUVTYU9VTlRPaXUxdzI1cUZmVHc3ekNOTTVUcFdGVzRHaXVxa09hemJfTm13TTRPRkhEY2hEWExXbHktSUYyVjlRSFQydjZtbU1HcEZxNUJGZjk1QjZ2d2c2b2dLbHhYb2NXbjlZYzRSUGJENnE0TFVMUUNFbXBETzVUWmlFZm5VN0FZellzM0Fjc2dIdU5wczhPQ2IyR01Lb3FhSzhkN0l1SHFfa1lrNVpUbjhhX0NfNW1JSkpMLU9hLXV0czg0RnZjekcwdldIdw?oc=5&hl=en-US&gl=US&ceid=US%3Aen],University of Oregon faculty speak out against looming layoffs next month - Oregon Public Broadcasting - OPB,https://news.google.com/rss/articles/CBMikgFBVV95cUxPR2tQNkJBOG5PbHB1dEUzRmIwVlNpYzhLNmYxQ21ESEE5M2NUdnRaRmI4QmZvbVFyczNKSk5neWo0cU1pbFF6QXpiYkJrNUZELXJGV1JqbjctOExIVlk2akxDS1UwWkpOVWJuME02bFEzWVZGNnlXVkFpeUMwVmRQeG1IN2pDNWNMeGRyVTdRU0Jadw?oc=5&hl=en-US&gl=US&ceid=US%3Aen,University of Oregon faculty speak out against looming layoffs next month - Oregon Public Broadcasting - OPB,Oregon Public Broadcasting - OPB,news_scan,,,,,,,,,,,,,2026-07-15,unreviewed,,,,FALSE,FALSE,
discovered-9f417aac10dd90cc,144050,University of Chicago,Illinois,2025-08-28,2025,staff_layoff,Layoffs and budget cuts hit University of Chicago - Crain's Chicago Business,Layoffs and budget cuts hit University of Chicago - Crain's Chicago Business [also: https://news.google.com/rss/articles/CBMi0AFBVV95cUxOeXV0X3dmQTA2U21MeHRXTUNlMHlaeXpjLXFhQXUweEcyZW41WVlnSW9RY1VLY0Z2UWlXN05pNkU0VG1VSC1xSnRnN3lCTGt2VTQwYnVUc0w5V0FjSEdnWFhneDhPeTdKdU1feFptc2dIcWhvQlM3MHN2aXc4Q1hZVkZaaTFwN1NFQXR1SDg0UW1wNzFYdXppamtJOTdUcnluUWFWUTVXd21qVFFCVWNGUFgyX1NfRUlHaDV3ckxISzVNekJvd3FDS0ZDTkI4c0Y40gHWAUFVX3lxTE9hVXJ5N0tKRm5tLWNGNS1SUGd2cE9NWFQ0QmNNT1N1X2tILWhFWElJVmIxS1Utc1lhUTY5c2R6UFZ3ZV9CUE44aXZlOHk0RVlOX3ROckVxdVRGZU1GQ2tyMXp0YkZVTmE5RjRyWE13MXVfXy1IMnphQXZCX2pFd3NSX0IzRkt6VnV6X2tpcWlVYzBDTnhIazA2eUpSVl9uRUE1ZW1xeW5vanhBZW0tT01BSWdDN3RPMWhIaGFvZENXSHg0cXd4Q3ZYTmJNWXVXd2hKVmZrR0E?oc=5&hl=en-US&gl=US&ceid=US%3Aen],Layoffs and budget cuts hit University of Chicago - Crain's Chicago Business,https://news.google.com/rss/articles/CBMiiAFBVV95cUxPTVVqalA4SE96My1DMXRFY1RNRjlDaGU0SmFOM3BqVjlmYzI1cHB1MHpmMEdEVS02Y3dLZVZuY1lzZHRZbWppRmUtSkhwNkltdnJfb1RrUkRRcVVQQjVDQTdUWWt2RG81ang2SHhnSkhGUXd6YUk0OVE1NnFhUVg2MktYMkxUOUNI?oc=5&hl=en-US&gl=US&ceid=US%3Aen,Layoffs and budget cuts hit University of Chicago - Crain's Chicago Business,Crain's Chicago Business,news_scan,,,,,,,,,,,,,2026-07-15,unreviewed,,,,FALSE,FALSE,
discovered-1a7d0ed6b73a52dc,147767,Northwestern University,Illinois,2025-09-04,2025,staff_layoff,"Former UO president resigns from Northwestern University amid layoffs, federal pressure - NPR for Oregonians","Former UO president resigns from Northwestern University amid layoffs, federal pressure - NPR for Oregonians [also: https://news.google.com/rss/articles/CBMiogFBVV95cUxQM1JOUlNLNERwN2ZpRVVkcnRTdlNtS05xc0lreXJFRlloVEc1Vk1sZWNvRWxNZFdKYzhrc1B5S05NcFFmSm95SUl1d0NvY2FiV19mU01NdDBYdXZTZ2t4SWVsZUpyaGJvVEYtZ3Vsem5hc2R1Umh2Y0ROUlIyaEo3OWVmR0pzbUxLejVMbm9XcHhmY3Bubk45ZXZaLU1sMTF4T3c?oc=5&hl=en-US&gl=US&ceid=US%3Aen; https://news.google.com/rss/articles/CBMi1AFBVV95cUxOTF9tdnctaDlmNWdyQVQtX0c1TXBLUXlqWF9DMWdiUmJ4dVJyVFBzV1ptMWZUQ1VDT0RSaUM2TFlfck9kUE1sWmtEcUpCM29HekROWjR1VV82OEFaZnlPN19lY2J3VjloQUZlbHR6LVFFdl8xQVAxZTBYMjdmTWdGRU9pSlczb0x4TzVnVWotcmxoQlNfb1JMTE5JbWZkUFJzMEVzOU50bGROd3JybmxHcDVoUDJEQ1UyLURZOFR5N2xsdm9SMUdQU3JMYmJoNHVmMUs2RA?oc=5&hl=en-US&gl=US&ceid=US%3Aen]","Former UO president resigns from Northwestern University amid layoffs, federal pressure - NPR for Oregonians",https://news.google.com/rss/articles/CBMixwFBVV95cUxQeUd0dGp1ZnowNE44S0ZrenZDbUhyLWttMW1DTWZ5S1JIWnZTMGtUT1U0d1Y4NHpBOFhJREw4cFdwVGt4QlVGcVhpTjFEWVY3YndYSUVORjJvdWx2QTFWRzRzc01LUGVsd2lyeEF1N2VoSkNxcEF5TUJSTGFmZ1hNcFFLOTVpcFRpY3F4dTA0SjJNWnZ2T1BWZURUc3lUZUR6YWJOaDBvR0lQV25rLURoWmpmeHZJeVAwY2hWRGtjeHNTR2tUWXBR?oc=5&hl=en-US&gl=US&ceid=US%3Aen,"Former UO president resigns from Northwestern University amid layoffs, federal pressure - NPR for Oregonians",NPR for Oregonians,news_scan,,,,,,,,,,,,,2026-07-15,unreviewed,,,,FALSE,FALSE,
discovered-ed81c758781e5ea0,230737,Utah Valley University,Utah,2025-09-11,2025,campus_closure,"Campus Closure Until Monday, September 15, 2025 | UVU - Utah Valley University","Campus Closure Until Monday, September 15, 2025 | UVU - Utah Valley University","Campus Closure Until Monday, September 15, 2025 | UVU - Utah Valley University",https://news.google.com/rss/articles/CBMiZEFVX3lxTE5DLTlnT2lrOThjblBEeTV5NThzVTZxSTNPLWgyVHd1MnRWRnh2akVlcTBNekswLUMyaHhMajJfN2U5a3pCalAwWUhHTnZyV2JEdXNaVm1aTFIwOHRkMzhNZ2Rjc18?oc=5&hl=en-US&gl=US&ceid=US%3Aen,"Campus Closure Until Monday, September 15, 2025 | UVU - Utah Valley University",Utah Valley University,news_scan,,,,,,,,,,,,,2026-07-15,unreviewed,,,,FALSE,TRUE,out_of_roster
discovered-9d95e0b24f60c9ee,200280,University of North Dakota,North Dakota,2025-09-25,2025,staff_layoff,From layoffs to ‘Leaders in Action’ - University of North Dakota (UND),From layoffs to ‘Leaders in Action’ - University of North Dakota (UND),From layoffs to ‘Leaders in Action’ - University of North Dakota (UND),https://news.google.com/rss/articles/CBMif0FVX3lxTE85RmUxTE96UUNwUFo0bHpVdjZNY0ZEQ1M3Yl9UN1I2UjRpTVdhOVAtTXE2WG5sbjVLbGg4Wlc0RFJ1cHVBcjRjQ0hqcTl4dUFKbUNVWjRDejhYQ0lsNWFTSm5YWVJyckJ6VU45aGZWZzIxUUxpcEY0R0dhMlZWOGs?oc=5&hl=en-US&gl=US&ceid=US%3Aen,From layoffs to ‘Leaders in Action’ - University of North Dakota (UND),University of North Dakota (UND),news_scan,,,,,,,,,,,,,2026-07-15,unreviewed,,,,FALSE,FALSE,
discovered-511eb4b0ddc7021d,131159,American University,District of Columbia,2025-10-10,2025,staff_layoff,"American University hosts free classes for federal workers impacted by shutdown, layoffs - WJLA","American University hosts free classes for federal workers impacted by shutdown, layoffs - WJLA","American University hosts free classes for federal workers impacted by shutdown, layoffs - WJLA",https://news.google.com/rss/articles/CBMipAJBVV95cUxQNm1ud0Rkb1pIWG1YZXNuRk1EaTRXa0hNQ1B5M3lKSHlHOGMyc2FzLU5fcXNDRnJETlNsQVVNeS1JVlFkYjRuOUtfRmozR1FDbG1lYzZManBMNm8xYng4dHU0ZUx4Q0h2MUZKVnV6NXd5M0pGNlVMaWhFYTVhRlhtY3hrWElXM013NjBVRkdVSFgzOTRvRlRfaHA5ckgtcXRoUC1hbVZMb3hxc0VUSFB0LXlfTlFQbTNBbFdZXzVpV2FTWXVXWWZCSEdYTEU3S2JMRmE1WVhKUmh1a0ZHQ3N6b3pVOG5JbUFTRjgxSVZkS3F2QWNLTmFTdTRBT0I2OGN3d1NZZm5ueUs5dUlVSld3amxrWHpOeWJIbUsxN2VwREZTMksy?oc=5&hl=en-US&gl=US&ceid=US%3Aen,"American University hosts free classes for federal workers impacted by shutdown, layoffs - WJLA",WJLA,news_scan,,,,,,,,,,,,,2026-07-15,unreviewed,,,,FALSE,FALSE,
discovered-baf4d857f33e77b6,193654,The New School,New York,2025-10-10,2025,hiring_freeze,Students fill in as hiring freeze disrupts library service - The New School Free Press,Students fill in as hiring freeze disrupts library service - The New School Free Press,Students fill in as hiring freeze disrupts library service - The New School Free Press,https://news.google.com/rss/articles/CBMiqAFBVV95cUxNNnBHeGxpR3lzWTYzeUEzd3RZUkVKN1hPSFhURmM4dEJGRXpjbDJWQjItVHkzaGdsNTRGUzQ3WVI2UU4xRUllay1aZ29hMVZzZkxWVWhuS0FPc3lpMGlhOTRkRGpka0tuYVFrRTFYR1VmS1RQcjJvc0xhV0k5eHhrX2hXRXZHNXp0YVR0eWQ0eVk5SnRXT2xsWmdoT1lmSnl3dENpSUFCRVY?oc=5&hl=en-US&gl=US&ceid=US%3Aen,Students fill in as hiring freeze disrupts library service - The New School Free Press,The New School Free Press,news_scan,,,,,,,,,,,,,2026-07-15,unreviewed,,,,FALSE,FALSE,
discovered-e58679d1af2c8696,131159,American University,District of Columbia,2025-10-10,2025,hiring_freeze,American University offers free learning day for furloughed federal workers - WTOP,American University offers free learning day for furloughed federal workers - WTOP,American University offers free learning day for furloughed federal workers - WTOP,https://news.google.com/rss/articles/CBMipwFBVV95cUxQblIweW9jSDV1U3hmSVAwaEhhSW9FZnFsNElGelRrWG42amI4RENIZ0Zoa2xJSHNrTDNNMGFwWTZEcnRfbGg0UVNLbWpNcWdwZmRpMEJSMXZfMGhvYk1mY09mYUgtTW5nRzl4Qk9CTERpTmttMjdVT2swb2k4U1poUzVrSEl0ZnM4MGtYSWlTZEhDWXhHX0N2SjVhRlhrZDlFTmFXdFU3VQ?oc=5&hl=en-US&gl=US&ceid=US%3Aen,American University offers free learning day for furloughed federal workers - WTOP,WTOP,news_scan,,,,,,,,,,,,,2026-07-15,unreviewed,,,,FALSE,FALSE,
discovered-1e6209f3c030b343,123961,University of Southern California,California,2025-11-04,2025,staff_layoff,University Of Southern California Layoffs Now Total More Than 900 - Forbes,University Of Southern California Layoffs Now Total More Than 900 - Forbes,University Of Southern California Layoffs Now Total More Than 900 - Forbes,https://news.google.com/rss/articles/CBMivwFBVV95cUxOeEFYSG5vbFRyWnJJOU9VMHBFaFFud0xZZkF5VnVXN3Fvc09qalZtcHppQnRMd0ZwVzR6a050V2R3YXRmZUVlN2NTNnhxcnhldUp5ZkI1Mk5IQWNoU3pEUjAxZWRjcDBheUFpbEUzYkFyaTRsUDdnN0U3YlNOQXNPcXRQM2V4RnA2VkMtcGN3UXMyOElaVGVQOVJodU9EbHNRdDNRZkNpUGVTS2tIMVBYYmFQWk9DVUZRTDNsaVA4RQ?oc=5&hl=en-US&gl=US&ceid=US%3Aen,University Of Southern California Layoffs Now Total More Than 900 - Forbes,Forbes,news_scan,,,,,,,,,,,,,2026-07-15,unreviewed,,,,FALSE,FALSE,
discovered-9a0f4087f184d1ad,162928,Johns Hopkins University,Maryland,2025-11-05,2025,staff_layoff,"Johns Hopkins helps federal employees facing career turmoil from government shutdown, layoffs - Johns Hopkins University","Johns Hopkins helps federal employees facing career turmoil from government shutdown, layoffs - Johns Hopkins University","Johns Hopkins helps federal employees facing career turmoil from government shutdown, layoffs - Johns Hopkins University",https://news.google.com/rss/articles/CBMic0FVX3lxTE95UzFCUnFnNlhNSHpIUXFYcjQtakRJb1hLTzRBRG9yQkFrREJjOXFxOGV1ektxLVhNcVFTRW1BTTNQWmNDdHhNZVF0M2dYQVE5VmdDQWp0SnhZOU1FRTVSVW82QXlVcnVVNXlZZzBkRUhJcmM?oc=5&hl=en-US&gl=US&ceid=US%3Aen,"Johns Hopkins helps federal employees facing career turmoil from government shutdown, layoffs - Johns Hopkins University",Johns Hopkins University,news_scan,,,,,,,,,,,,,2026-07-15,unreviewed,,,,FALSE,FALSE,
discovered-f9aae807d1078cc2,148584,University of St. Francis,Illinois,2025-11-05,2025,staff_layoff,"University of St. Francis' 36 Job Cuts Revealed: These Faculty, Staff Positions Eliminated By New President - Patch","University of St. Francis' 36 Job Cuts Revealed: These Faculty, Staff Positions Eliminated By New President - Patch","University of St. Francis' 36 Job Cuts Revealed: These Faculty, Staff Positions Eliminated By New President - Patch",https://news.google.com/rss/articles/CBMiuAFBVV95cUxNV0hRUVJybThKekVCNlBWaHd4NW1xVVBFdzU3MUlZdzZ5dVd3RjkyMF93UUllT3Y0X081NmMzOXZlMjFTQ3dyNVNpVUJ4czlmdjJXSm4wbVdqbmpIbTZqMTZxZEo5YXhfMWxkSmlXc0NMZVRla2psVkpsNmRXcTNtVExJWVh3WHRJbi1Ma1VoZ1QtdFlYVERfTEhfTW5JV2tvU1hKRENTd2pYb0x5dXhOY2xpYkw2UEtU?oc=5&hl=en-US&gl=US&ceid=US%3Aen,"University of St. Francis' 36 Job Cuts Revealed: These Faculty, Staff Positions Eliminated By New President - Patch",Patch,news_scan,,,,,,,,,,,,,2026-07-15,unreviewed,,,,FALSE,FALSE,
discovered-ead14f05b4742683,149505,Trinity Christian College,Illinois,2025-11-10,2025,campus_closure,"Trinity Christian College closes, teach-out program to offer students a place at Calvin - Calvin University Chimes","Trinity Christian College closes, teach-out program to offer students a place at Calvin - Calvin University Chimes [also: https://news.google.com/rss/articles/CBMixAFBVV95cUxQMjBoTGc4OXpLWVhEOTB4Mld5WXF1ZWNlLWM3TU5zbDJUVERKWWVGQ2U5SHUwMGdhcWMzR1QzVmxrT2l5N1hoclpZU1VHX0x3WUdhcEpGZEdOSktqUTNpUTR3ZUw0dmZDM1RhYlRPcHZuU1BaT2NwSC1FNFB6a2hmUmJGT0J6UVVwQkRtNFE2bVVHZmdKdWJ3Vk1IY0J2NDhJcVlHMXIxNWJCRnNxMkFKMHVIeS04YlhhbVB0NHpxNVBGUnBL?oc=5&hl=en-US&gl=US&ceid=US%3Aen]","Trinity Christian College closes, teach-out program to offer students a place at Calvin - Calvin University Chimes",https://news.google.com/rss/articles/CBMiwAFBVV95cUxONVNMT0Zqb3JOdUxDQW0wRE5KMmdQeXJORWQyYlJxaFhuTUp6QXRocGdPSng1MkkxU18zSG1EbmZNT1lwLVhIQ2kydnZGUFQybjN1a2NmRFliTmF6QzFFWERBb3ljY25RdTQxeWVtWDNILXBCdnZMaVA5ak04NkRFM1RxRUpxSU53YUpSVHlGSmprd3F3Q1BFVTFVSk1BTEFaVWo5LVlSdkJjT3ZmcmFDRjMyUXhzLXBuQU1pbEVTNlY?oc=5&hl=en-US&gl=US&ceid=US%3Aen,"Trinity Christian College closes, teach-out program to offer students a place at Calvin - Calvin University Chimes",Calvin University Chimes,news_scan,,,,,,,,,,,,,2026-07-15,unreviewed,,,,FALSE,FALSE,
discovered-3b6aea895c12c6f8,193654,The New School,New York,2025-11-11,2025,staff_layoff,"University advances restructuring proposals, with cuts, layoffs possible - The New School Free Press","University advances restructuring proposals, with cuts, layoffs possible - The New School Free Press","University advances restructuring proposals, with cuts, layoffs possible - The New School Free Press",https://news.google.com/rss/articles/CBMiuAFBVV95cUxPaEFXZjRjRUxZTDluQk81UjZJb3BvWWxyWGdCbWNpNC1kSVdjQzJQT2lUYkhhamIzQXZSb2lLOW1id1VmcFhhZzFFQ19nRS1pa2VyVWw5U3lKdVNpMFRpQ0JKS0IxWE5SYXNXanZCQXoxWlBpd05fUGtQT2pVX2huX3VjSVloMmhiRUZXdEItUUlWQmI5TXJZYmV6SUxCMzhaWER5eldKS0ZMOWtubWNEN2JLenJRMUdj?oc=5&hl=en-US&gl=US&ceid=US%3Aen,"University advances restructuring proposals, with cuts, layoffs possible - The New School Free Press",The New School Free Press,news_scan,,,,,,,,,,,,,2026-07-15,unreviewed,,,,FALSE,FALSE,
discovered-f3eb5343652ce5f7,186283,Rider University,New Jersey,2025-11-11,2025,campus_closure,Rider University to Fire 25% of Faculty and Cut Everyone’s Pay 14% — Or Face Closure - University Herald,Rider University to Fire 25% of Faculty and Cut Everyone’s Pay 14% — Or Face Closure - University Herald,Rider University to Fire 25% of Faculty and Cut Everyone’s Pay 14% — Or Face Closure - University Herald,https://news.google.com/rss/articles/CBMixgFBVV95cUxNcmpaSjE4WlJSSlZsb1ZjVzhSTFZMRUtjRE8wNmF4dnlNLW9GS3h4TXdCczVBRUJxdllrbDRRcUZ4WUtpZXZlZ3FkWnE3MndwSThLbU1URnFwdmp5c1NCQjMxd2xFc1hGMGVVemRHRWhta24xODY1amJKWTVjRjNjUXNoMjdINU83S0ZxbEk1dkh6RTdkSzFWQXZzcGFnZFktQ2pmYjc3RllYVTd6aUN5empLWHJtOUxOV0pOTjVlOGdNTFVTanc?oc=5&hl=en-US&gl=US&ceid=US%3Aen,Rider University to Fire 25% of Faculty and Cut Everyone’s Pay 14% — Or Face Closure - University Herald,University Herald,news_scan,,,,,,,,,,,,,2026-07-15,unreviewed,,,,FALSE,FALSE,
discovered-af01f6ddc55c7b28,127741,University of Northern Colorado,Colorado,2025-11-26,2025,staff_layoff,University of Northern Colorado completes layoff process - Greeley Tribune,University of Northern Colorado completes layoff process - Greeley Tribune,University of Northern Colorado completes layoff process - Greeley Tribune,https://news.google.com/rss/articles/CBMiigFBVV95cUxNeXJpaHI2RDV6TlhBS1BQSGxVWFlpZ2ZfR2t3eVd3TW5VckRVYWF2X3JIcGdTMTYtSS1BYzZHWEVnM0lWX3JKTlB6YzBGenVTdTlMaE5LRGl2ZFNrSzRkNzBickhoUkVnRVZyM0owb0tMRWdQVUZlY2ZQMWFMX3NVUXZwT29XeENWZXc?oc=5&hl=en-US&gl=US&ceid=US%3Aen,University of Northern Colorado completes layoff process - Greeley Tribune,Greeley Tribune,news_scan,,,,,,,,,,,,,2026-07-15,unreviewed,,,,FALSE,FALSE,
discovered-a3c816759ad828d0,142294,College of Idaho,Idaho,2025-12-04,2025,staff_layoff,College of Idaho’s ‘shift’ of resources comes with layoffs - Idaho Education News,College of Idaho’s ‘shift’ of resources comes with layoffs - Idaho Education News,College of Idaho’s ‘shift’ of resources comes with layoffs - Idaho Education News,https://news.google.com/rss/articles/CBMikwFBVV95cUxQeHVjUkE5QkE5cmEyX2dkRkh3Y0IzeWVEb21LWlo2MHJ0clRoV0dmSjVpUUxDYWFxdjBiQXZnb3Q5ek9uRHFHYjdUcG05SkViaUJuTW82Ul93bVZZNDVCb0NiblFPdkVqcUlCdWxWQzhDbjVxZ3lpSmRGYjI0R1dRcndyelR4c1BIb2FBSTFxZDVZVmc?oc=5&hl=en-US&gl=US&ceid=US%3Aen,College of Idaho’s ‘shift’ of resources comes with layoffs - Idaho Education News,Idaho Education News,news_scan,,,,,,,,,,,,,2026-07-15,unreviewed,,,,FALSE,FALSE,
discovered-59b070e71bff7391,193654,The New School,New York,2025-12-10,2025,staff_layoff,"The New School faces identity crisis amid planned layoffs, reorganization - Gothamist","The New School faces identity crisis amid planned layoffs, reorganization - Gothamist","The New School faces identity crisis amid planned layoffs, reorganization - Gothamist",https://news.google.com/rss/articles/CBMioAFBVV95cUxNcGU3eE44ampDcnlYTHRXbUh1SUtaMzU2VmtEb043Q09rcE82anFpSTBRaGJvMmtSN0ZHaDBPU1I0aC1VQWlpUHk4NUdzZklpbEtBbW4wUU1Zd0FubEp5ZWRNMmYzTGJ3M0hLRHEtOVFYNE9uOXpBQjlzY1VRYXJOTTRMWm91SzVVTVRrZGJNMzJHeldFU1Ztd2kwc2ZJWmtS?oc=5&hl=en-US&gl=US&ceid=US%3Aen,"The New School faces identity crisis amid planned layoffs, reorganization - Gothamist",Gothamist,news_scan,,,,,,,,,,,,,2026-07-15,unreviewed,,,,FALSE,FALSE,
discovered-944a66fb625f91cb,240453,University of Wisconsin,Wisconsin,2025-12-12,2025,staff_layoff,"After Layoffs, University of Wisconsin Law Partners With State Public Defender - Law.com","After Layoffs, University of Wisconsin Law Partners With State Public Defender - Law.com","After Layoffs, University of Wisconsin Law Partners With State Public Defender - Law.com",https://news.google.com/rss/articles/CBMirgFBVV95cUxNQTlyUS1NdEZUOUJrZVFjQ0dZSlN6czVXdlZnbHBhV1dwcHN2ZFlsejVvLVNxeUEzODhPdU5PcnJhWW9qSHlwRlo2WUxmbVQ5VjhNRnkzUTVGU1BjY1VOZ3V0RUU3Sjd3SVg2Y0tobEppSDhDejc0d2ZMUmhYM29ENmpDRDB6OHVqTGM0SXhzY2xid0lxSlc3SXFHeTZNcmhUYUt3Y3lnV0haMEVKWVE?oc=5&hl=en-US&gl=US&ceid=US%3Aen,"After Layoffs, University of Wisconsin Law Partners With State Public Defender - Law.com",Law.com,news_scan,,,,,,,,,,,,,2026-07-15,unreviewed,,,,FALSE,FALSE,
discovered-e6aaa012b35e6f8d,151810,Martin University,Indiana,2025-12-16,2025,staff_layoff,'It's a kick in the teeth' | Martin University employees suddenly laid off amid financial crisis - WTHR,'It's a kick in the teeth' | Martin University employees suddenly laid off amid financial crisis - WTHR,'It's a kick in the teeth' | Martin University employees suddenly laid off amid financial crisis - WTHR,https://news.google.com/rss/articles/CBMilwJBVV95cUxNSmdPdE9fT1kzdzNvYW8wQ2MtR2RNZzlweFgxUUtsVWVfNllPQUpBX0UyekMwWDh0SEFNaEZyenZaWGticFBzMC1sTEJuczVnV3ZXV1hhMUVtVUpBWTlRRjd1UWtZUTNsTFEwcTZrMFdaai1hZVg4b3N3VmVRS05LQXNzamN2a3J6b1hvc0liT25XV09GbWlWUDJ3YUliYjdETjFwTUZIWUpDeTdDWDVfMHdXQ2JDb3BvanhJVmRWVkpPWWVIR3Y3czFlTUJ2a2xPU0hJQXczb0Vaa2hiZFF2alVMWEJHNnVMQjJ3U1hyUml2UDVsT0dMR0dVaHdoX3drVlhfODJrR3ktWW1DNWxRM2xnSjlaYjg?oc=5&hl=en-US&gl=US&ceid=US%3Aen,'It's a kick in the teeth' | Martin University employees suddenly laid off amid financial crisis - WTHR,WTHR,news_scan,,,,,,,,,,,,,2026-07-15,unreviewed,,,,FALSE,FALSE,
discovered-f405905e2158b7c4,149505,Trinity Christian College,Illinois,2025-12-17,2025,campus_closure,Lewis University Offers Teach-Out Agreement To Trinity Christian College Students - Patch,Lewis University Offers Teach-Out Agreement To Trinity Christian College Students - Patch,Lewis University Offers Teach-Out Agreement To Trinity Christian College Students - Patch,https://news.google.com/rss/articles/CBMitwFBVV95cUxQdml5WHFVVjBEQmlNcHJPV2hMQkpET3FMTlFSaWlPZ1dmTEZ1NVh6WDdMWWdFQkVwdVdNY2MyY0pmdnp3QzhESGZLSWxkTkwwcjR5VWRCNnRuQlJ0bFljQ1FDTWRQU1hhYi1Wc0Y5QTk2QW52cWNoeWJ3d3Fxa01feVhzR2JpbnEzWEpjeDctdExJSkVYSFUybnpYODM0TnFvRXIwRkJCdWIwOEliSndENVo4SUxhNkE?oc=5&hl=en-US&gl=US&ceid=US%3Aen,Lewis University Offers Teach-Out Agreement To Trinity Christian College Students - Patch,Patch,news_scan,,,,,,,,,,,,,2026-07-15,unreviewed,,,,FALSE,FALSE,
discovered-cb6119eaddabf4be,198419,Duke University,North Carolina,2025-12-29,2025,campus_closure,"Duke University Cut $299 Million Through Buyouts, Building Closures in Response to Federal Cuts - U.S. News & World Report","Duke University Cut $299 Million Through Buyouts, Building Closures in Response to Federal Cuts - U.S. News & World Report [also: https://news.google.com/rss/articles/CBMivAFBVV95cUxQT2dRLVNNZVFlYl93cWpJeEVrMk9Wb3lYQjdJcF9hVERQYlRzQVRvYlBDOWc4aW5Cb3JYZ0NQWmJ1a0VEel9abk1RQWxXSEpMZ3d1c1lTV3hPNEhXd2JYSWU5eHd5Ymt0bndHcmtmS2RhTDFoYTVLdFFGLUhQX19XbFNqMzA2YWQzdDlEek5kdGNNY0ZBUXptSXA5eFlKbEo1Rng4RU81MDJPdGszV092UVhJYy1SbWQ0NWx4TQ?oc=5&hl=en-US&gl=US&ceid=US%3Aen; https://news.google.com/rss/articles/CBMijwJBVV95cUxPU09SRDdtejQ0LXZmVDJVOFJwdnk0M1YxOU00QzB5YUVFck5uRm5zR2RXaFNWTGxGMGV0R05kbFRRTF9OY0pqVXBUUXNETWNlOUhYMUFRUG1EMGpianBEeWNSeEhTd1Y4bEt2M3hXTnFySlZFSkd6SWc4NzlGWEtsdmFjTzZtb25lajVoRWlTUU9IQ184d09yQkZqWjUtS19wV2lZMS1VYkxmZTk5c3RwMjBzdEpRZE91NXFYLUZnNzkwTzlWZ2dtc1RRa1BBdW5Qa2N4c0hRcjJGcEtGc0U1T0VFVFpfSmhYbFk5ZlVjai1kRGg5M2thRE9XM0RHLUtzRjhkTWpLNlpyYkhzRUM00gGUAkFVX3lxTE9fMk9Qbjdobm1HZGd4a21aeVdvdTdFX3BmcFNLN3pLLXpnbXJTNkdURmQ1QzJmU0hMTHFVU210Rl80cjBkcTRkSnBjR3VZclBLQ3hJd21UVGpCOU0wRDJvcWJ3Z2RVdXd3VUlTOWd1OXNJc3BGZmp2TlFGYnRqaHZHX3VqYmNZRHRjdGNoR2lUbHVfMWQ3S3c5ZHJZTzB1cTl6bzBBZFlLQ0ZCUkNaMGx6MW5GZDNFVV80ZXRiM3V5aFRJUWM3SF80OXc0c3R5WjZmdU1kdkYtNnRlWlFRSEN3RFdMRDNuYUVMbnJtZ3dvVTBzVXNGVGdwMGFpeUhacUZaX2x1ZVhtUFFVdGc1N3BoQWZXRA?oc=5&hl=en-US&gl=US&ceid=US%3Aen]","Duke University Cut $299 Million Through Buyouts, Building Closures in Response to Federal Cuts - U.S. News & World Report",https://news.google.com/rss/articles/CBMi_AFBVV95cUxNVklBZ013UmxDU2NZZWctdDREeUduSEZKZDlrS0FXOE4tbGpNbTMweFJnMXg5cnFIcWFfSG56QWpSOElINnlmUUdUUFdQcnNFLXZnWlhTeU12SkpqcnBlcXlGU3JnZWRLeTBqUnQtRzVVSVM0UXp3MEppUEVRd3dUcEQ2akxCamkxSUJPeFk0MlMtczlZRmgwN0RHcDhoV3VEVVU5Q2FyNjQ2U05mTWI4MDI4Z09OYnFtaVk2UlJyWklUM2JVN05ZeF9UdU54TFdnY3ktVzZzTGRXZTktVG9aS2paYlFvdVBUTVpwdkx5QlQtN050eTN0YU9lOHI?oc=5&hl=en-US&gl=US&ceid=US%3Aen,"Duke University Cut $299 Million Through Buyouts, Building Closures in Response to Federal Cuts - U.S. News & World Report",U.S. News & World Report,news_scan,,,,,,,,,,,,,2026-07-15,unreviewed,,,,FALSE,FALSE,
discovered-d4eef6eed181de15,151810,Martin University,Indiana,2026-01-12,2026,campus_closure,Martin University Trustees Announce the College’s Permanent Closure - The Journal of Blacks in Higher Education,Martin University Trustees Announce the College’s Permanent Closure - The Journal of Blacks in Higher Education,Martin University Trustees Announce the College’s Permanent Closure - The Journal of Blacks in Higher Education,https://news.google.com/rss/articles/CBMilwFBVV95cUxOLTlpdk5LZGM1bGhWUTM4eUVOcWFHYktGUU5OTFNNcWhucmVvWVduejMtenp4Vlp5TGR3bmkwOXJaYVFwYmFJT0RkWmI2b2ExdEQwQy1lLWozbG1PTVp4SWZGRVN4T3RhSXV3QXhqRlhXM1pPdGg0ajRvemxxMXV1czRHNzBVNldyWVlvdXBoUm9UNVdENGQ4?oc=5&hl=en-US&gl=US&ceid=US%3Aen,Martin University Trustees Announce the College’s Permanent Closure - The Journal of Blacks in Higher Education,The Journal of Blacks in Higher Education,news_scan,,,,,,,,,,,,,2026-07-15,unreviewed,,,,FALSE,FALSE,
discovered-8160c85d5cceda74,164988,Boston University,Massachusetts,2026-01-13,2026,campus_closure,Bar on Boston University campus closing after nearly 100 years - The Business Journals,Bar on Boston University campus closing after nearly 100 years - The Business Journals,Bar on Boston University campus closing after nearly 100 years - The Business Journals,https://news.google.com/rss/articles/CBMiogFBVV95cUxOQzFiSUtOX2xyTkJIclhKRXFVRFdzaTM0cjFJT1B0dVlVWE5INVVXaVpfZVFOd2RPQmYtNmRLV29VUE1wSTVRMGthTFdsanNUMndhMGNKNWV2d00tR3FBRWh4Umk2MU1jeEFmV1ZJT044Y1dWNTQ2RHh4WGp0Z25maXJZZzBTS1VsMzBuS2RJd21DSlZaV3BBQ1h2OVQxQm1adEE?oc=5&hl=en-US&gl=US&ceid=US%3Aen,Bar on Boston University campus closing after nearly 100 years - The Business Journals,The Business Journals,news_scan,,,,,,,,,,,,,2026-07-15,unreviewed,,,,FALSE,FALSE,
discovered-b31e1c793f367281,110370,California College of the Arts,California,2026-01-21,2026,staff_layoff,California College of the Arts begins staff layoffs after Vanderbilt deal - San Francisco Chronicle,California College of the Arts begins staff layoffs after Vanderbilt deal - San Francisco Chronicle,California College of the Arts begins staff layoffs after Vanderbilt deal - San Francisco Chronicle,https://news.google.com/rss/articles/CBMimgFBVV95cUxNLTl5ZmhFMmE4S0w5NWkyMXl3SDZhbzBPMGstbnhTaFR6NHVFRkNGU1RUN215YUJ5bUZfMUpJTXEyWVcyd0UwbVNVemQ0RHpkRTdXNmQtcFppUjl3QnZQdnVzNkJSZXoxdlhCZFVlX25Wc3VTNk5tZzFpalVuanE5blJIS0pzWDJZYlhWckE4Y3VmNTFFVE8xRGVn?oc=5&hl=en-US&gl=US&ceid=US%3Aen,California College of the Arts begins staff layoffs after Vanderbilt deal - San Francisco Chronicle,San Francisco Chronicle,news_scan,,,,,,,,,,,,,2026-07-15,unreviewed,,,,FALSE,FALSE,
discovered-3917710d09ca2083,149505,Trinity Christian College,Illinois,2026-02-06,2026,institution_closure,Students remain uncertain about next steps 3 months before Trinity Christian College closure - Chicago Tribune,Students remain uncertain about next steps 3 months before Trinity Christian College closure - Chicago Tribune,Students remain uncertain about next steps 3 months before Trinity Christian College closure - Chicago Tribune,https://news.google.com/rss/articles/CBMi0AFBVV95cUxOUVpjMTdqRkpDS2NYbWsyTHdSMmlua2tTWVNJdXFUdUxKSGhIVmJMWmlxWjNvb0FqR255SlJhWktDQWZGNDVCWFZDRGdvajlBUHl4WlZZaF9lNjZjQktWMjhzSkwwOUVUWGNaR2l2eVBZNjBuNHRENkRrZEFXMUd3TUFKNHlDQWg5a3F6Y3Vvb0hQZzZ1UURQV1I5VU1WelVwdFlkSlYyYWl4VlZKT1pDWmFPOXdYVnhNb0U0OExCcll0WUpQU25tUVQtTTRNaTRk?oc=5&hl=en-US&gl=US&ceid=US%3Aen,Students remain uncertain about next steps 3 months before Trinity Christian College closure - Chicago Tribune,Chicago Tribune,news_scan,,,,,,,,,,,,,2026-07-15,unreviewed,,,,FALSE,FALSE,
discovered-d70566b285ba17b3,122977,Santa Monica College,California,2026-02-09,2026,staff_layoff,Santa Monica College approves dozens of layoffs to target shortfalls - Higher Ed Dive,Santa Monica College approves dozens of layoffs to target shortfalls - Higher Ed Dive,Santa Monica College approves dozens of layoffs to target shortfalls - Higher Ed Dive,https://news.google.com/rss/articles/CBMihAFBVV95cUxPN3Z4OUdwZzJLdVpHdzcwWmQ3Mmgwb3F0QXQwZXpNT3hjTFFVYUQ3N0x1VkRiMGNnNXdpT1hzSG9ISWt0a19kSzF0Y3Vxd2xIUk01bTJ3Uy1ObWVXZ3p0MHE4RkphWlFDWTgzOTlmajNncVJIaXc3ZnV5NWxyTzh0SzVuQUU?oc=5&hl=en-US&gl=US&ceid=US%3Aen,Santa Monica College approves dozens of layoffs to target shortfalls - Higher Ed Dive,Higher Ed Dive,news_scan,,,,,,,,,,,,,2026-07-15,unreviewed,,,,FALSE,TRUE,out_of_roster
discovered-d4f87366f5115a1b,203757,Lourdes University,Ohio,2026-02-11,2026,staff_layoff,Lourdes University WARN notice shows 387 workers will be laid off once it closes - WTVG,Lourdes University WARN notice shows 387 workers will be laid off once it closes - WTVG,Lourdes University WARN notice shows 387 workers will be laid off once it closes - WTVG,https://news.google.com/rss/articles/CBMijgFBVV95cUxPbGVpQ0xLZTJ0M0ZWN2tUOUhTbzJKOWhOZzh3ZmczanNEVndWbEVQWUxnX2ZCQ0h4S01penduUWp4dzBfRC0tV3M0OV9lc1U0UzNMZUIxTXVHaW1GLVJvTWJMeDVweEx0QnZ3MVo0d2dvTnZsb09TNkZESHU5SUtXcDFiS19acDNEMTNQZW530gGiAUFVX3lxTFBrejZqNTRiY1NpN2xjbnZHNURDODZZMGtiXzY2TTliYmx4LUd0MkMwNjB6eTdoNXZwenRVX2h3MFN2bElmNGp2MWtaYWE2bEg0NDJXMVFKb0FWT21CanpwcnRUR3lWajlQN2N5YXN0a2ZnRTlza3BZeGNtOWZiUEhycVFiUEdJQ21xa0NHVXZ0TlFGSnVOZ1hIeVBzelV3M3N6QQ?oc=5&hl=en-US&gl=US&ceid=US%3Aen,Lourdes University WARN notice shows 387 workers will be laid off once it closes - WTVG,WTVG,news_scan,,,,,,,,,,,,,2026-07-15,unreviewed,,,,FALSE,FALSE,
discovered-eacdcee95b9eff27,203757,Lourdes University,Ohio,2026-02-12,2026,campus_closure,"Financial, enrollment strains to force closure of Lourdes University near Toledo - Cleveland.com","Financial, enrollment strains to force closure of Lourdes University near Toledo - Cleveland.com","Financial, enrollment strains to force closure of Lourdes University near Toledo - Cleveland.com",https://news.google.com/rss/articles/CBMixwFBVV95cUxQSkpDS3lxcHpYU3FYY01aZ210SXA1MHh6WHBNd09ZLUo1R1dMUV95TnFjenJya01VRTAwRGFYMVlpNk5UZ0RVQy1XYXREeVd5VFZUWUlXbDVaZTQzcUVPVjZ5ekRJYzN0TXBLU1NzMmx5d09jU1VSV2NKZHRBbmlDMkEtNTlLeHItMlRFaHlwWWFCYU1TLUJFLS0tTmJockZKam03LTZFbWlQS0hoZDV6bF9mdVplV3hPQUZNSUR3VGJLRVExdXhV?oc=5&hl=en-US&gl=US&ceid=US%3Aen,"Financial, enrollment strains to force closure of Lourdes University near Toledo - Cleveland.com",Cleveland.com,news_scan,,,,,,,,,,,,,2026-07-15,unreviewed,,,,FALSE,FALSE,
discovered-12bcd01bb6020a5f,185129,New Jersey City University,New Jersey,2026-03-15,2026,staff_layoff,New Jersey City University–Kean Merger Triggers 151 Layoffs & Buyouts - TAPinto,New Jersey City University–Kean Merger Triggers 151 Layoffs & Buyouts - TAPinto,New Jersey City University–Kean Merger Triggers 151 Layoffs & Buyouts - TAPinto,https://news.google.com/rss/articles/CBMi8AFBVV95cUxNQ1dGTmJmNVlvdndhcHlYRGxIaTNpRlNRYkptOHY3NkxodWF4dkUxU0h1LTdRS21zR3F4SGtzRGRBSHlROGFTeUtvWkRCeTJPM0ZBc05DNV82bWRpZkRJM0xFZEdPeXV1TmxCYjhoN29SdGoyVmZXZldZUmQ5ZV9haTdQZW1RZmt4bzI3eEhJS0NrMlBTekFpWjE1d3g5MmRYTFB5d1RSTjFGZGtnNHdLZzlvcV9XcVRRa3gtVVh3WFFCY3hmX0VVcm9ZaXRJNzYwRmNUU2M1aHk1aWxXdHZwZ0h1SUNoaFlFdXhTYk1hal8?oc=5&hl=en-US&gl=US&ceid=US%3Aen,New Jersey City University–Kean Merger Triggers 151 Layoffs & Buyouts - TAPinto,TAPinto,news_scan,,,,,,,,,,,,,2026-07-15,unreviewed,,,,FALSE,FALSE,
discovered-34153e6ca513be24,193654,The New School,New York,2026-03-18,2026,staff_layoff,The New School turns to layoffs to help cut another 15% of employees - Higher Ed Dive,The New School turns to layoffs to help cut another 15% of employees - Higher Ed Dive,The New School turns to layoffs to help cut another 15% of employees - Higher Ed Dive,https://news.google.com/rss/articles/CBMimwFBVV95cUxNXzVrZGZINHd2dkNLVkluVEtCeURjUTcxRDBLOU5kc3V4QmZJV1J2ejFUYnN5UWJxZTcwLWR3U0ttZEhjcTZJQWZOcHlPRHoxR0hkc1NlWWVxNzJfSGxNdjh4UDV3bUNiRGZDSFFsMWxVbThSR0xTcUZtdWI1Y3RvOFJQYmRJd1NiNmZoTXZKemtBSjZSczJjOFVJYw?oc=5&hl=en-US&gl=US&ceid=US%3Aen,The New School turns to layoffs to help cut another 15% of employees - Higher Ed Dive,Higher Ed Dive,news_scan,,,,,,,,,,,,,2026-07-15,unreviewed,,,,FALSE,FALSE,
discovered-cb9451a53bf7bd16,203757,Lourdes University,Ohio,2026-03-18,2026,campus_closure,Lourdes University to lay off nearly 400 employees as part of closure - Spectrum News,Lourdes University to lay off nearly 400 employees as part of closure - Spectrum News,Lourdes University to lay off nearly 400 employees as part of closure - Spectrum News,https://news.google.com/rss/articles/CBMihwFBVV95cUxPYVRacDJHcW1kd0ZrTllBLVp5OEdSZU1mWVBXTGNsOXBKb1FJajBVRGRSWW5IRlBtd3pfYTRPMjBkcDVHLUN4bGszZks4cDJ3TEs3a3VGNFV2bVJJYmZxWDIzeTZrZFFkajZQMXROektIVGY1ZXplTmwxWGdrTXZ2N3l4SUZGeGM?oc=5&hl=en-US&gl=US&ceid=US%3Aen,Lourdes University to lay off nearly 400 employees as part of closure - Spectrum News,Spectrum News,news_scan,,,,,,,,,,,,,2026-07-15,unreviewed,,,,FALSE,FALSE,
discovered-57e816613005f195,209038,Lane Community College,Oregon,2026-03-23,2026,program_suspension,Lane Community College asks to cut 20.5 FTE and suspend programs - The Register-Guard,Lane Community College asks to cut 20.5 FTE and suspend programs - The Register-Guard,Lane Community College asks to cut 20.5 FTE and suspend programs - The Register-Guard,https://news.google.com/rss/articles/CBMizAFBVV95cUxOeGw2dmY1SG9DcERlblFydFVtcU1FejJXUUFjSkN2VWpZU3lLRXQ2b19WYmpTY0loYV85cXRzXzVfMlpRLWpFYnFSdl83WFRhYUk5VXhFelh3LTgyc01rLTZ6ci11a2dKc1c1OFlnbTg5ZFJRYTRMTjN5NXpzal9xeDdwT2hQVGFsc3FnTmFVWjh0NFZLcWJUXzhUT0FwN0lzQXFfazZ3NlJpeWxlTTFkbFB1VUt6MjNmMHpjWjBjOThDLWliZjVMV0h0Rkw?oc=5&hl=en-US&gl=US&ceid=US%3Aen,Lane Community College asks to cut 20.5 FTE and suspend programs - The Register-Guard,The Register-Guard,news_scan,,,,,,,,,,,,,2026-07-15,unreviewed,,,,FALSE,TRUE,out_of_roster
discovered-9b080ed12e5d53e0,149505,Trinity Christian College,Illinois,2026-03-26,2026,staff_layoff,Trinity Christian College announces layoffs ahead of closure - The Roys Report,Trinity Christian College announces layoffs ahead of closure - The Roys Report,Trinity Christian College announces layoffs ahead of closure - The Roys Report,https://news.google.com/rss/articles/CBMijAFBVV95cUxNX0RTU283bXEzaGxnRW8zRmEtVnF2M2Y4X3AyT3YyMDBSaTJ2SWpuNGlaVDBBclBIQXRDNnVDeDcwWlpRcXlZcjlIbmdCMi1xODRlMUYteFBScENHcHBKa3RnbzU3Q0UtZl9SUHJvaUVVcE51Z2RJbVliT3pRS05wUC1Tb3ZvTnAzMXlJZg?oc=5&hl=en-US&gl=US&ceid=US%3Aen,Trinity Christian College announces layoffs ahead of closure - The Roys Report,The Roys Report,news_scan,,,,,,,,,,,,,2026-07-15,unreviewed,,,,FALSE,FALSE,
discovered-32672a042c22118f,209807,Portland State University,Oregon,2026-04-04,2026,program_suspension,"Portland State University eliminates dance programming, faces uncertain future amid budget cuts - Oregon ArtsWatch","Portland State University eliminates dance programming, faces uncertain future amid budget cuts - Oregon ArtsWatch","Portland State University eliminates dance programming, faces uncertain future amid budget cuts - Oregon ArtsWatch",https://news.google.com/rss/articles/CBMiwAFBVV95cUxOX1dtck9sR0F4ckFUUkF5Nnd1NGJoRlU3RkhIMDNGWW5OLUxDT3VUME9aLVJQb09qbTJZd1FVTldOekhtSG84UUJkdVV0Y29vN3RUVlZSVUxVVEtBSnZ2N2tiUzBxRjVfc1p0U3NmeHJFXzY0bTFMZlBoZ0h2YndMcl8xOGNlLWR5R3FjZUJpLWU5ZkFWSWtyaHBaWXpFODhRUDRjWXZwM2ptTk5tTXhlXzZFQ3JkalExZjVuNVU3dU8?oc=5&hl=en-US&gl=US&ceid=US%3Aen,"Portland State University eliminates dance programming, faces uncertain future amid budget cuts - Oregon ArtsWatch",Oregon ArtsWatch,news_scan,,,,,,,,,,,,,2026-07-15,unreviewed,,,,FALSE,FALSE,
discovered-b692b6826cc1b824,166018,Hampshire College,Massachusetts,2026-04-15,2026,campus_closure,MCLA Named Teach-Out Partner for Closing Hampshire College - iBerkshires.com,MCLA Named Teach-Out Partner for Closing Hampshire College - iBerkshires.com,MCLA Named Teach-Out Partner for Closing Hampshire College - iBerkshires.com,https://news.google.com/rss/articles/CBMipgFBVV95cUxPWVBoSktDYXE4SGs4anA3Rm5BTE9VMkRtSWEwV0Vua2xybnd0dzU2a0xTM2tqRzFnbHdzd0JfVVJ2QUtHSFBqWWtOZ2ZtNVhtQmhWUkozSjZfc1dFRVVPZ2F6ZE9rTHJhcWJKOFJJcDg0cU05TjgycVZJWkk4am1DOUJkTXBHU1A1b1ZiMnNRandQNkh4T3pyX2JQSDBRUTNyZkZoUjNn?oc=5&hl=en-US&gl=US&ceid=US%3Aen,MCLA Named Teach-Out Partner for Closing Hampshire College - iBerkshires.com,iBerkshires.com,news_scan,,,,,,,,,,,,,2026-07-15,unreviewed,,,,FALSE,FALSE,
discovered-d4132a234f06a891,193654,The New School,New York,2026-04-27,2026,staff_layoff,Part-time job listing at The New School sparks concern amid restructuring efforts and full-time faculty buyouts and layoffs - The New School Free Press,Part-time job listing at The New School sparks concern amid restructuring efforts and full-time faculty buyouts and layoffs - The New School Free Press,Part-time job listing at The New School sparks concern amid restructuring efforts and full-time faculty buyouts and layoffs - The New School Free Press,https://news.google.com/rss/articles/CBMi_wFBVV95cUxNYjhOT2l5VmM0M0hNS09LOUpwcllYcnQ0YjJ5SkM5bkVrQ0E5eEdzc1BBMVJjOG1yQzZJTGlQNUhfbVNjUjlDYl9lbWFsSTdRZml5Q2E5bGFKTUl3UzJ6T29oLXpYUldoYWdPRUJjY3ZRRGR6MHFtT2JjMVpmYVlEZGEwajNGaDZBYnlkQ1dDVDNRLVYtcE83YTVpSHU2d3VaUjhtQ0ZYZmdFcWRVVTFPRmROMlpSeWg1dXRTMUpma1g5dW95WlpqdlNRUUJqYThNRmEzdlF1SW5Mc1AyeW1Cb2lRS2dvSXhMZWhnMkEtNTFlcksxRmtvb2xhbkR3aVE?oc=5&hl=en-US&gl=US&ceid=US%3Aen,Part-time job listing at The New School sparks concern amid restructuring efforts and full-time faculty buyouts and layoffs - The New School Free Press,The New School Free Press,news_scan,,,,,,,,,,,,,2026-07-15,unreviewed,,,,FALSE,FALSE,
discovered-56fb28b67f40f7bb,185129,New Jersey City University,New Jersey,2026-04-29,2026,staff_layoff,New Jersey City University continues layoffs ahead of merger with Kean University - The Jersey Vindicator,New Jersey City University continues layoffs ahead of merger with Kean University - The Jersey Vindicator,New Jersey City University continues layoffs ahead of merger with Kean University - The Jersey Vindicator,https://news.google.com/rss/articles/CBMivwFBVV95cUxNS0tYQXlSbWpVenFrcmFyRWVVeTdOQWJGWjVKRnlkeHdjYjU3WTRqODJXRHBaOHNFRjdCTkxQb29UNnllTENNVXUtNzJQcjlZRXl5VnNGVllySEJGczJPb2txdjU3WVpmMlotanJQNHFIc0pBZnExMlZwR21ZUzNQOFZINndvU0d4bnl5dFJldlR3Q1picnY3WU5OcDhXVi15OEljVG5JQ3plclFFYzREWE9xRVBSS1dUX1pfVmFtNA?oc=5&hl=en-US&gl=US&ceid=US%3Aen,New Jersey City University continues layoffs ahead of merger with Kean University - The Jersey Vindicator,The Jersey Vindicator,news_scan,,,,,,,,,,,,,2026-07-15,unreviewed,,,,FALSE,FALSE,
discovered-6505970994f8b76e,236258,Peninsula College,Washington,2026-04-30,2026,hiring_freeze,"Peninsula College considers program cuts, furloughs, other reductions - Sequim Gazette","Peninsula College considers program cuts, furloughs, other reductions - Sequim Gazette","Peninsula College considers program cuts, furloughs, other reductions - Sequim Gazette",https://news.google.com/rss/articles/CBMirgFBVV95cUxQYXpNRS0yMnJ1NzNiczkwc0hRRnh6MFk5QWx4cjBTQm5sRTdOaWs2ZndoQUt1Mzd6OS16ZUlTZ1dmRGhCNEFOTlVaUkRVaDFvYnRSNWdfS0t4NDlWZFpYNmw0UFNzeV8wY3VXUmx2U2NndUFUVHN2dlZWUUZ4UUxDZ2VnTkpYNDhTZC1sM2VYXzNyOWNLTHo2RjF0OF82ak1NYjhhb1Z5QkRiczhqYXc?oc=5&hl=en-US&gl=US&ceid=US%3Aen,"Peninsula College considers program cuts, furloughs, other reductions - Sequim Gazette",Sequim Gazette,news_scan,,,,,,,,,,,,,2026-07-15,unreviewed,,,,FALSE,TRUE,out_of_roster
discovered-a4e26fc2912c4345,163286,University of Maryland,Maryland,2026-04-30,2026,hiring_freeze,University of Maryland to cut over 100 positions and enacts hiring freeze - WBAL News Radio,University of Maryland to cut over 100 positions and enacts hiring freeze - WBAL News Radio,University of Maryland to cut over 100 positions and enacts hiring freeze - WBAL News Radio,https://news.google.com/rss/articles/CBMinwFBVV95cUxQVVRfdWFBZ1FTSGY3cWwxa3BGdVJFNTJTUklYbkxyTmZnR1pxYm1tZ21WZTkyTThvUGF1U0I4bkRpN3Y2QnNEU0dXQWF3RmJvTXY3ckVveW9JbUpKeVF3eUsyOTZTNE00NXEwRGxTdHdBV1VpUWFqNEFzb3RDdnNFOWlDeFVRUzZaNzN5cUNXZjJNMWFjOThJTGlNMEFmUEE?oc=5&hl=en-US&gl=US&ceid=US%3Aen,University of Maryland to cut over 100 positions and enacts hiring freeze - WBAL News Radio,WBAL News Radio,news_scan,,,,,,,,,,,,,2026-07-15,unreviewed,,,,FALSE,FALSE,
discovered-5706d7d3a1f7d388,165334,Clark University,Massachusetts,2026-05-06,2026,program_suspension,"Clark University's enrollment rebounds following layoffs, program cuts - MassLive","Clark University's enrollment rebounds following layoffs, program cuts - MassLive","Clark University's enrollment rebounds following layoffs, program cuts - MassLive",https://news.google.com/rss/articles/CBMizwFBVV95cUxQbTNmU0o4S0ZvZnEwdmc3WmczWmlqejJic05aVU0wTTYwOUp5eHhDcEJiQklzUGl6anFVTjA4bmxBMFpUblN6dnJKeGdXel9TLU1rNjNMOUozeHAtalhTaFh3VWctQm1RbnZ0R1FSb2loaENfVklzbjBRTjF4cDAyZTdpdjZQUkRaaEVKUUVvbTZ5QzZaNDNZRU9MNFlxUXhzZlJ2MExxd2JSbFFiQXJsM1FDVDJ6UkFpU2R2OEhSWVpNTlhIaUFEMFd1c3FDRGs?oc=5&hl=en-US&gl=US&ceid=US%3Aen,"Clark University's enrollment rebounds following layoffs, program cuts - MassLive",MassLive,news_scan,,,,,,,,,,,,,2026-07-15,unreviewed,,,,FALSE,FALSE,
discovered-12c21250779c7ba0,209807,Portland State University,Oregon,2026-05-14,2026,staff_layoff,Portland State University weighs eliminating 52 positions amid budget deficits - KGW,Portland State University weighs eliminating 52 positions amid budget deficits - KGW [also: https://news.google.com/rss/articles/CBMikgFBVV95cUxOOWtINjFaWC1iSHpWZk9aeDNhR255QXpCMmdLQlRndFgyQ0dpQllPVS14bDdKM0gwSklpQWFpQ1FWTzkzX1o3eXJJRVhVbFhRaUlKRXFXX0hMY1BMWUpmLXZObXdTS29xY3VnY1ZsRVloYXRfbVdMMkFrLWp0Y1VIVlVmZkVsaHhCaFdDS20xOHROdw?oc=5&hl=en-US&gl=US&ceid=US%3Aen],Portland State University weighs eliminating 52 positions amid budget deficits - KGW,https://news.google.com/rss/articles/CBMi8gFBVV95cUxNazFMZXlXM0NpS05tTzVxc2J2UHd1emNnY3EyS0t3SURvcW9UZ0MxbnVaTG91TFFSWUgxME5Ybm5FRUpxOFFXdEtmcjBDUUNtR3BTaDdxZnBRVHpqSWRVZ1E5MVlaaWxzRVlzWHFibjZGVWFsRldHZjM0cFhGUkRBOEpPUEd1VkRiR3p0S2VFY0pUVjZ0aDYta0EteVVQdkNBZUY1TVY2YjBvS21GbnUwVVVwWE5ZUTFJVzUxTDYyTFBrZzlBaHFsUy1fX0hxYl90LXhtZGltR0hIYkVzR2RFM0FqQUJGMUdUS2c0T0t6cmZRZw?oc=5&hl=en-US&gl=US&ceid=US%3Aen,Portland State University weighs eliminating 52 positions amid budget deficits - KGW,KGW,news_scan,,,,,,,,,,,,,2026-07-15,unreviewed,,,,FALSE,FALSE,
discovered-6561844c16c0eb1f,209551,University of Oregon,Oregon,2026-05-14,2026,hiring_freeze,University of Oregon announces new $65M deficit and hiring freeze - The Register-Guard,University of Oregon announces new $65M deficit and hiring freeze - The Register-Guard,University of Oregon announces new $65M deficit and hiring freeze - The Register-Guard,https://news.google.com/rss/articles/CBMixwFBVV95cUxQdkJWZGRaalJGZVc0bjR1YnBELXZxY0RrZl9PSWx5Y0V3cVV5NmRkclRwUGYzX2VSbGJzLV9ZUVl6N3VHNE1fWnVpSi00eTFtSzVlVDBOSllVM3RrSDdZLVl0anJSdTMtbnljcjVRQjcyUmsxeWRQWkpoeG5yYlNIRWdCbHBpaDhhdGJXQ2NzdWpfd0Q4NEt6d3ZOTnI3QW9FVDBXU1JrbFV3Q1drc0pFanlFa0h4QTdHbnlWMFkxZ2F4UE1WcWI4?oc=5&hl=en-US&gl=US&ceid=US%3Aen,University of Oregon announces new $65M deficit and hiring freeze - The Register-Guard,The Register-Guard,news_scan,,,,,,,,,,,,,2026-07-15,unreviewed,,,,FALSE,FALSE,
discovered-dbb1a9cf976b72e7,193654,The New School,New York,2026-05-14,2026,staff_layoff,Mass layoffs to hit New York City’s New School next month - World Socialist Web Site,Mass layoffs to hit New York City’s New School next month - World Socialist Web Site [also: https://news.google.com/rss/articles/CBMiswFBVV95cUxQTTNDZlhkZmZRT2tfNlBnelFoRDBSSU90SHZhN29JaDBvX1RJTjBzdlFuTUhmR1hXLURPRnlvcDA0Q2dDbkM3UzQ0WWpjMU9Lc3F6V2w5eTZveEZZQWttSWUwRS1La3ZCUXlSRkxkN3ktYl9hVmdZVnpfNHpiWk01bG1XQ1dPSmlicVBPNjh0bGdpV3RBNEZvbjRYZmRlS1l4NGRTR1hqNnJJR3l5bzVVYWg5Yw?oc=5&hl=en-US&gl=US&ceid=US%3Aen],Mass layoffs to hit New York City’s New School next month - World Socialist Web Site,https://news.google.com/rss/articles/CBMiaEFVX3lxTE1xTWQ5NGE3UzhjdTdUVjkxcGNWOVJaR3JhTklmVUJOWXNfcGpyWlhDRkcyUjJ4ZGxSN2laemVvSmM5ajFtemRWbm9RdmhlcExMVlhXNXJyQzJ0NjFiSV9XMmpWZFdOWXRs?oc=5&hl=en-US&gl=US&ceid=US%3Aen,Mass layoffs to hit New York City’s New School next month - World Socialist Web Site,World Socialist Web Site,news_scan,,,,,,,,,,,,,2026-07-15,unreviewed,,,,FALSE,FALSE,
discovered-a5dca4ba6687936a,152099,Oakland City University,Indiana,2026-05-19,2026,staff_layoff,"Oakland City University announces layoffs, Temporary suspension of undergraduate programs - WBIW","Oakland City University announces layoffs, Temporary suspension of undergraduate programs - WBIW [also: https://news.google.com/rss/articles/CBMijgFBVV95cUxOOEdYbkVydmtKN1RZV0paWDR6c2NRczAzOU5nQXdaZ3lvZXRsQ19oV1VOQjJSLVdOWlRlZm1JOGplXzVDRnBYSDZhZ1A1dEl6LXBFZWpYaEU0bzhEM1hicG9Ka0xiQk4zVlN1dzRzN0dRc3J3b3k1MGZqWVB2LWRZRVpaMmRLcHN0a0hhUUNR?oc=5&hl=en-US&gl=US&ceid=US%3Aen]","Oakland City University announces layoffs, Temporary suspension of undergraduate programs - WBIW",https://news.google.com/rss/articles/CBMivgFBVV95cUxPTjR1YWNiTDU5MWZuZUNfeFNBNm9MVUplWk1XeW5hbE1LU0JDaFVual9uZUhNMERrdFZSU1Q3VWR3YXo2cTBocENJdF9KYVpzeTZKYkF4RHotdDl2SjNnMzY0elExTndwR1EtWEN5X2U4ZEZ3UGRRRUhZS3RtQ1dYUjd0UTBIOWxwZTduQlBjNXhRdm5Sd0tfeW1RTmxtTE1jdV9JR1NmcTNTTl94VU9ySzBnVzA0YU16Y3dVWmxR?oc=5&hl=en-US&gl=US&ceid=US%3Aen,"Oakland City University announces layoffs, Temporary suspension of undergraduate programs - WBIW",WBIW,news_scan,,,,,,,,,,,,,2026-07-15,unreviewed,,,,FALSE,FALSE,
discovered-bc3b6c423d6dac82,152099,Oakland City University,Indiana,2026-05-19,2026,program_suspension,"Oakland City University to suspend undergraduate programs, conduct layoffs - Inside INdiana Business","Oakland City University to suspend undergraduate programs, conduct layoffs - Inside INdiana Business [also: https://news.google.com/rss/articles/CBMivAFBVV95cUxPaFFwbnVwdFp1d3hDWVdsUGVnNThyaFI5NGl3UEo1UzNFYzJoeWxsa2swT1VZZVppcGdlSWg3QXpCdGJNZzVsU0w5X05fd0ItdVpyM1ByMVZ4OWM4OXZBeXgtSFEtRWlfcWFnTjJrYXp3WlZna1ZUSWdPVEZvUWVVd2tCaGo1VW5xTlNVcFlOM2dCLWNVRGRUNVFvVzAxNnBzMjZLUTJOd1EyTTFDRmdTNFNWY3FuRjR3QVNaZA?oc=5&hl=en-US&gl=US&ceid=US%3Aen; https://news.google.com/rss/articles/CBMi7wFBVV95cUxQOFhCdUNEbnZrY2ZNU2ttdHR3SS1rcEN2dGhjVlF6cHBuU3ZweWpLMDdRQ01XTlFOUmZ0TE1xcGcxeGVidEJXX3h3VlR6WDNtbTg3MWNRVndvQS1mZ0VVb3hmYTVZaHA2OVZRalRuTTl0SzVMZ1I3MjFnWkNqcGJqcTNva2xFRGZ3eDItbGZiWmxTakJOX3BrWmdoQk9nd21rdGoyelBSZUxLdlBPTkNNR2ZIUUhPVGZac0ZZSUZ1LS1jUEtDRkJQWXBXLVJ4Y3ZRZjEySjJ5ODhySkpwcGl5Qk1BSUNpQTl6bEVlNWZ6VQ?oc=5&hl=en-US&gl=US&ceid=US%3Aen; https://news.google.com/rss/articles/CBMi1gFBVV95cUxNODdrd3ZOUjV6cVVSWFBxTFFBa3U2N0RiR3ZkNFM3aGJuTWo1eml0YzVweG0xU3dDT3FyRnJtSDZTRVVfRzd2WDVoMGVvcDBabVhUd1NCMDR0QWNrNjJPVUF5dk0ta1QxX0FEbUQ5aEFLdlFTbzZwUGZpcVE1bUFtRkZlOGNiUGFJV0pNa0FNQS00QVVYa1VOUEV5V3lsLWp1dnVONlQwWExoaEhEREc3UkMwUkZKSmgtblEyakJ2eEF5aVkyOEE0b0czMklWN3l2YV9kUkpB?oc=5&hl=en-US&gl=US&ceid=US%3Aen; https://news.google.com/rss/articles/CBMiswFBVV95cUxQcnFYZEJtUDJEeWFKTzdlTERHRWVGSnBVSmtfMWpudjV5Mmx6dTU0N25md1p6cWFYWVQzYzdCWFJoSlFQc1VuYXQyTWw2aFJJbGI0WjliYjQ3a2ZKS2loZU92YVhMeG9ENkg1SF9fZ2JUSEN4WU9MWlhETFRYQUlKa3lGQ3RKYTB6QzVTSDlpNlFsdDB6S3VOMVZsdlBFYmJIVkxSNE14Rjc1eHBObTFDbDBqQQ?oc=5&hl=en-US&gl=US&ceid=US%3Aen]","Oakland City University to suspend undergraduate programs, conduct layoffs - Inside INdiana Business",https://news.google.com/rss/articles/CBMiugFBVV95cUxQVWlWZ1lHTWxGQnNvR2Q0Qi1YU3FLSFNaWjRkNUxpMWdqTXdGOG54dFMzZGJoM3lUdUpHbnBzcHlwYnlLdnh2OHFMVk9ocW94azFSaGpoeE1tc011eHhqOEVoY241YW9ISTV4WXlpTWRsNWpWZDZwNmNyek82WEg5eUhxU3ZPZEQ3VFAyTXNYVXVTUHlEWkI5MTBIelhGXzhrN2d0UnQtckxRdEZVRmFiUFpLeXJEckpBeWc?oc=5&hl=en-US&gl=US&ceid=US%3Aen,"Oakland City University to suspend undergraduate programs, conduct layoffs - Inside INdiana Business",Inside INdiana Business,news_scan,,,,,,,,,,,,,2026-07-15,unreviewed,,,,FALSE,FALSE,
discovered-aca7b0d77f5ee139,164492,Anna Maria College,Massachusetts,2026-05-20,2026,campus_closure,Paxton forms committee to assess Anna Maria College campus after abrupt closure - The Business Journals,Paxton forms committee to assess Anna Maria College campus after abrupt closure - The Business Journals,Paxton forms committee to assess Anna Maria College campus after abrupt closure - The Business Journals,https://news.google.com/rss/articles/CBMiiAFBVV95cUxON2J3ZmxGQTcxdmhvODhJUHpNQXpqc3JIMmZYSHZRNzhTbTZ2TEhmNFlDemtGMy1lRVVhNHpWLTNkZjBlSDc0aTh3RFZqMExvaF9CU0xoWUlFRE5zX3QxaVFzcHVOMVlzMEJKZy1MU2JEa2FRRThDNGZSMFVubEVRNE5Kbl9jb0pm?oc=5&hl=en-US&gl=US&ceid=US%3Aen,Paxton forms committee to assess Anna Maria College campus after abrupt closure - The Business Journals,The Business Journals,news_scan,,,,,,,,,,,,,2026-07-15,unreviewed,,,,FALSE,FALSE,
discovered-6e13d7d81e7603fb,157058,Kentucky State University,Kentucky,2026-05-28,2026,campus_closure,Kentucky State University lifts campus closure after safety threat all clear issued - WTVQ,Kentucky State University lifts campus closure after safety threat all clear issued - WTVQ,Kentucky State University lifts campus closure after safety threat all clear issued - WTVQ,https://news.google.com/rss/articles/CBMirgFBVV95cUxPWkc3MG42elJZUmU0VkpQMFdod2doYjU2TV9qYU1HTktRT3BlYnYxTS1MeEN6Vldya1hkODRtWGY3dldrVnRhcm1hcElqVkppSVpVWHFfZzZ2YnVRUTVLcFgxRnRZVmp3SldZMXNzV09GUXI0NmE0bTBqZzRyR2FlVmhrQXYtWUM5bllaZFV0dl9SRDFjMVpYVHBPMkU0bkl2Z3UzOUhQMGVXbVp6ckE?oc=5&hl=en-US&gl=US&ceid=US%3Aen,Kentucky State University lifts campus closure after safety threat all clear issued - WTVQ,WTVQ,news_scan,,,,,,,,,,,,,2026-07-15,unreviewed,,,,FALSE,FALSE,
discovered-d4fa01c9ec0d367b,163046,Loyola University Maryland,Maryland,2026-05-28,2026,program_suspension,Loyola University Maryland eliminates 66 jobs amid $20 million deficit - The Baltimore Banner,Loyola University Maryland eliminates 66 jobs amid $20 million deficit - The Baltimore Banner,Loyola University Maryland eliminates 66 jobs amid $20 million deficit - The Baltimore Banner,https://news.google.com/rss/articles/CBMitgFBVV95cUxNSExDUHFYMXhOS3BwbU9weWJOb3NiRFRWdURNelpDcE4ydXg1YTVQUUZJTlNNTTVTdmlubjV1VGtITkY5cVNDcENUdGc0Y0xkOVJfejR5LUVDc0lBUUJWTFVBeW5ZUTc0T3VreGdNVVcySjVXaVFsZ0duN0ZxRmN5VTlyRUJiX2g3SWduMWt2TEVnb3pITDlxZnlzd2tGU1A0T1JTSTRaSjREZ0pVaXZLVmlPUVNEUQ?oc=5&hl=en-US&gl=US&ceid=US%3Aen,Loyola University Maryland eliminates 66 jobs amid $20 million deficit - The Baltimore Banner,The Baltimore Banner,news_scan,,,,,,,,,,,,,2026-07-15,unreviewed,,,,FALSE,FALSE,
discovered-89dbc89b67ee4c90,166018,Hampshire College,Massachusetts,2026-06-01,2026,campus_closure,Hampshire College may be closing sooner than expected - Western Mass News,Hampshire College may be closing sooner than expected - Western Mass News [also: https://news.google.com/rss/articles/CBMiuwFBVV95cUxNSlNUUXBFU29fcVM3ZXVOdWJwN2FBN2lpZEFDZ1Z4ZElLeWlVaHRDRHlkbkVYcDgxQ1lRTGFEelR2U096TWdQTWYwT0xUeTBpYUNfMkoxQk9acDNENFVMeEJ1QVVrdUgxZHI5T2JvWjlxWEhhWGl5eVEySnRTaDV2N2pwRHUwajByTEIzYUpiMlNQVmJTcDhIVzQzWEwzLXVmY1Eyb3lLSGtDbFVBRU1WTHBKYXVUV19Gb0kw?oc=5&hl=en-US&gl=US&ceid=US%3Aen; https://news.google.com/rss/articles/CBMiqgFBVV95cUxORU1xa2hMS2ZKSklRbTQ2SVNwRWlfMllCRG00dFBMMkVBd2tiR2otNkx2a2V6ZGZUVE1mX055RjRZX1hMcHFlaTBadGV2X2l4bVF0WVlySEtuSXVNZV9uTUViNFlqdDhqLUU5M1BwaHVJV2l6T2ZPcmZSSVBVSmxLQzFxTUlVaUtZdmFmUF9WWWVWd21rSm1ocHBHWmdsS2pNS1dFWlV4d3RUUQ?oc=5&hl=en-US&gl=US&ceid=US%3Aen; https://news.google.com/rss/articles/CBMiswFBVV95cUxPVzRrZ3dxd3JqeGtYUVdKcm1JVjJsM05wZVhEQ1pIR2w0dnpwMGRsbk1HaUlUM2tsQ3pQd0xXeVo1aFJNd25TY1BjaUxsdlpsRTU2Z21wUzNIWFZkcXJTY3VwUng1WERUU283dVowUFRIalppMGFNel9CUl93MTdBaGtKZW9wQUQ0MGhGM044ZkF0NlVOV2xJMHU1VzMwZ3g5UGxEYlE2ekEzaWNhNkRkUnRZNA?oc=5&hl=en-US&gl=US&ceid=US%3Aen; https://news.google.com/rss/articles/CBMidEFVX3lxTE9MckU2YWdVVzVuUlhic2dWa1RwS3JRTVJFU2dYSlIyNUU5Zklia0s4WlRsT2VoUHdfSmtKRWlTaGdKUDM1VDZLVVg1Z29WRVk4WVY1eDZocnVNT0x1eW1yY0xjZXRFa2JGVk0wZFZaOXltUExk?oc=5&hl=en-US&gl=US&ceid=US%3Aen],Hampshire College may be closing sooner than expected - Western Mass News,https://news.google.com/rss/articles/CBMingFBVV95cUxQa09sR3QyQndCdGQ4Qm5HcmozQUV1VU5iRG4wOExFbklhWkd6QnJGc3I2WGUyakNubkEwZi1ocG5OaDk2NnZPVWRtR3FjbDBvd2xYNVZxZmJHUW8zVk54VDRHcXE0Ujc2WnRZamE5Njc3WHQwQm81b0tzeXN3bDNlT3FlaE4zNmc1OVU1UGRReXlnSFdkSG4xYW1zR3FEZ9IBsgFBVV95cUxPcHhxQ21wZXF6SHJ4UThMV2UxbXRWRjd0RmYyb1hSSk1iejhZVGNHRW1LRnRaVHFJVjVFLWhWRjg2cnFXcU5UallKeGxaeHhQcW1qNVc4MHprU0hiSVhZdFpnVi0ybHBDMWJuYUlFLS01MUtfN0tucHpmcW1JWTVaSmVocHh5QjhQV0dmUnVRVFR1ZjV0MzlKak5xa19nZUFjSF9sSDNNZmNFRGhLT01JRVNR?oc=5&hl=en-US&gl=US&ceid=US%3Aen,Hampshire College may be closing sooner than expected - Western Mass News,Western Mass News,news_scan,,,,,,,,,,,,,2026-07-15,unreviewed,,,,FALSE,FALSE,
discovered-26c5c968b9c51357,209807,Portland State University,Oregon,2026-06-03,2026,staff_layoff,Portland State University faculty rally to stop dozens of potential layoffs - KPTV,Portland State University faculty rally to stop dozens of potential layoffs - KPTV [also: https://news.google.com/rss/articles/CBMipAFBVV95cUxNek5DaUJKMnhKS1ZoN0diYjdjREtsajJIUFQ0ZVlPMERwMXZWNmgweEpqLTlYYXAxdkkxWnBZcUNQUEIwZFFBVWhJdWVFekhjVXJGTmRwdEdMRTRHdXhkZTRxSDdKbnc2M3RIX1A4Qm5YWl9Eb2V2eEloQ2FNdWtHbElwMGwyR2g4NjBIckJ6d3dNQzRPQzdVSFlHM0JqbFFYRFd3a9IBuAFBVV95cUxPS0FvYUFqdVkzelVEYklMd0ZoZU1qaUpla0d1bmtXSGNqclpwd1F4M2dKNEYxRHNNVk9pcDI0Y19aSFl3NVhtdE9Ob3JZUGt3dlVCd2FfaG5IdU44UWFieDBzc083M1JHOGN5bkhDc1VzUDJGLV95Qi1LVFBiWjNXemVMQ2c0eEJhV0F0T0dOOGw2WU5TMkFyMzBNaXp6MVZtS2dWMGxIZ0k3VGdBYmVMT0xQOC1uMTY4?oc=5&hl=en-US&gl=US&ceid=US%3Aen; https://news.google.com/rss/articles/CBMiygFBVV95cUxNNW5XYVZISnBDUkpOWTBGZkhQRWYyZ2lnZHI3a0VoRlZrVXh3Q3dicGphdHFNTFdjVHQ3cnh3bGtfalJ2XzhrLXVYd0lpWHhvSk9DYzUzd2U3aExVczI4UUtEdHd3YUgxelJzU1dPWFBWM242amN3eDRURXNKbjdCOGNZQXFRbHZnenRiYndRMTEyYWFuMlAxeVZTZFJwNnVPNHgyY3oyendMR2hicDRRV2xzc2t0cjNsOWRRS3hBaUQ0emJzZEc3MEZ3?oc=5&hl=en-US&gl=US&ceid=US%3Aen; https://news.google.com/rss/articles/CBMioAFBVV95cUxNX2NRMjd4TjhGNkFpcGp6SUJFbE96Qnh2YVVCNjkxMy0tRlBBTTVlUDZhdVBaSmJCOFoxc09wbkJSN21TeExxcURyMldrMml5VVhjbGlobW9MQTNXRFRhOUVTY19yZFROUEdZaFdxOTlDVnNIUGZxOGozVUpZZ3d2LXZZWV83aHVvRGhGQk5nQUJZSW9adERqZzZTclRiUjFR?oc=5&hl=en-US&gl=US&ceid=US%3Aen; https://news.google.com/rss/articles/CBMi_wFBVV95cUxQZUNLNWpQUVdVdDBXQ3p4WldBU0tydWNDd0dnZmx3bkk1RWhaTEtmYVlOUWtBQXcxcElwMmJVaC11VEx2aTM5NlM2emt5VHZnRmppUmNKNDRlUUhlemtNX09ocENIZXl3OGotekNabHFGRlVoQjlmMDVValJGV2xOMUF6eTRpbFRwOVhrZGFPc2NPaEZJRXI4UktLQUoxMmNDLU9UWUJOWHdFVDhZbUJYeDBuLVZWcUI5cE1VZk9mWnNFUEFRczYxcVpyS2htRnlMOWtqRHUzd05CSEgxRjlPbXJqNTVjdG51VzZaQ0pZbjc3b1VEV0FvY01LTHhmQVk?oc=5&hl=en-US&gl=US&ceid=US%3Aen],Portland State University faculty rally to stop dozens of potential layoffs - KPTV,https://news.google.com/rss/articles/CBMirAFBVV95cUxPdEZxSmQweFFHbVlvVFZrbHhBV3Q1SDh6VHBwUVNROFBfWW9qYkNHSlgwRUE1RHdDRkFUREdpY3VJOGR4Y2VZOUlsZXA1TFR2Z0xLalNGaGpjVGVNZ0RJOWQ1eThhU0h2SWJmRXpNMWx6UFNsSlZndmpkZndWejlxOWgxVld3Nnc0SFNFbUxadXVvbEZDV3JMZGMzMUs2eUxTeW03Mk1Tb1hmeEZ0?oc=5&hl=en-US&gl=US&ceid=US%3Aen,Portland State University faculty rally to stop dozens of potential layoffs - KPTV,KPTV,news_scan,,,,,,,,,,,,,2026-07-15,unreviewed,,,,FALSE,FALSE,
discovered-ccc4af860a457603,209807,Portland State University,Oregon,2026-06-04,2026,department_closure,"Portland State University protests target proposed layoffs, with 52 jobs cut across departments - KATU","Portland State University protests target proposed layoffs, with 52 jobs cut across departments - KATU [also: https://news.google.com/rss/articles/CBMi-wFBVV95cUxQdFRzTHRYbzlpa2R1WFJiU0labW5sV3ZPNy1VWFo3YUIyRkRTSE5tWS1xaUxmX3N0enNpVXlNdVIyRlk2TWw2dWNOZE4xQjd0RzEweENJS3VWMk51a2xzN3ozY3FONlBodzA5YmxEUUxxT1JIZlhIVUMxc0cyaG5nb25PdUlnNmJ5RGVRdHZWZ0M3Z3VVUUhjNzVqdThJbWJHTDRTaU42dE5YZEV5WEZMTE9iWEcxeEJuajVwblRiUUJDdUE3NFpSeGF4ZHRucjhZRUhsTmloWmVMNW1fRVhGUXVVN1U1QmxIcEFyNWlaNWJSbXYtOUJZRnZYRQ?oc=5&hl=en-US&gl=US&ceid=US%3Aen]","Portland State University protests target proposed layoffs, with 52 jobs cut across departments - KATU",https://news.google.com/rss/articles/CBMihgJBVV95cUxQZTJxV25LZm9zRE5TYTg3dkZzOWsydmNmUEk0UnhIWkttOUloS3pSTW9jZlVtdWtsSmZkaUNHZHc3Q00yNlNRWFBibElmUXNJcmRkbUNQRGZfRTluZmZkeWt5SDZuQ09ZU191bHdiZTVGOEFrcmxkdTdYRkljT1B3OGF1djhlM3hJVGRVbmZHbFhEZmY0ZS15RW1KNWlWTFJUS1lKWWVKem5sajBqMFlSODVEc3p2RmMwc1pCbm5DSlp1WmxvdkFlNHJGaVREYTNrcTlBWkRUSUo2T01wSHR5V3VtUmxabERoNWlNal9uT09weXJiZFJZTVozTGUxVTdoY0JrdEhn?oc=5&hl=en-US&gl=US&ceid=US%3Aen,"Portland State University protests target proposed layoffs, with 52 jobs cut across departments - KATU",KATU,news_scan,,,,,,,,,,,,,2026-07-15,unreviewed,,,,FALSE,FALSE,
